source,date,apiURL,url,sku,name,brand,price,stock,previousPrice,onSale,saleText,colour,size,UPC,EAN,cat,subcat1,subcat2,subcat3,subcat4,subcat5,warranty,image1,image2,image3,image4,image5,desc,shortDesc,reviewCount,reviewRating,videoURL,isSellingFast,isRestockingSoon,isPromotion,isOutletPrice,lowestPriceText,lowestPriceValue,attributeType1,attributeTitle1,attributeValue1,attributeType2,attributeTitle2,attributeValue2,attributeType3,attributeTitle3,attributeValue3,attributeType4,attributeTitle4,attributeValue4,attributeType5,attributeTitle5,attributeValue5,attributeType6,attributeTitle6,attributeValue6,attributeType7,attributeTitle7,attributeValue7,attributeType8,attributeTitle8,attributeValue8,attributeType9,attributeTitle9,attributeValue9,attributeType10,attributeTitle10,attributeValue10,attributeType11,attributeTitle11,attributeValue11,attributeType12,attributeTitle12,attributeValue12,attributeType13,attributeTitle13,attributeValue13,attributeType14,attributeTitle14,attributeValue14,attributeType15,attributeTitle15,attributeValue15,attributeType16,attributeTitle16,attributeValue16,attributeType17,attributeTitle17,attributeValue17,attributeType18,attributeTitle18,attributeValue18,attributeType19,attributeTitle19,attributeValue19,attributeType20,attributeTitle20,attributeValue20
maplin,2025-11-04,,https://www.maplin.co.uk/products/praktica-np-45-rechargeable-battery-pack-for-wp240-z250-z212-fuji-cameras?variant=43401323544797,5055189024533,PRAKTICA NP-45 Rechargeable Battery Pack for WP240 Z250 Z212 & Fuji Cameras,Praktica,12.99,Y,,,,,Default Title,,,Camera Batteries,All Batteries,Specialist Batteries,[Internal] Blue Light 10%,[Internal] Private Label 15%,[Internal] 30% off Maplin Extra Long Life High Performance Alkaline AA / AAA Batteries when you purchase any of these products,,https://cdn.shopify.com/s/files/1/0633/2396/3613/products/b19ab19a608d4046d06c84e610abcc8b97264405e029_PRA158_BR_0.jpg?v=1720523343,https://cdn.shopify.com/s/files/1/0633/2396/3613/products/3a813a81db4b3d16de0ebc31be19dd39afa2d3cd4281_PRA158_CU_0.jpg?v=1720523346,https://cdn.shopify.com/s/files/1/0633/2396/3613/products/d2c9d2c9f6f6e957b0c864f3abe3a95a6f2d31163984_PRA158_FR_0.jpg?v=1720523349,https://cdn.shopify.com/s/files/1/0633/2396/3613/products/6d266d2648c6f3557a8244e7001975cf41ac2b3bc105_PRA158_BS_0.jpg?v=1720523356,https://cdn.shopify.com/s/files/1/0633/2396/3613/products/4b7d4b7d3913b431af4c0ba668e5df75a33b6b5b6cb4_PRA158_FL_0.jpg?v=1720523360,"The PRAKTICA NP-45 Rechargeable Battery Pack for WP240 Z250 Z212 & Fuji Cameras is compatible with the Luxmedia camera series WP240, Z250, and Z212 cameras - This battery is manufactured by Fuji Electronics and is compatible with selected Fuji compact cameras as well.",,2,4.5,,,,,,,,filter,Battery Capacity,700 mAh,filter,Number Of Batteries,1,filter,published_online_store,yes,filter,Rechargeable?,Yes,,,,,,,,,,,,,,,,,,,,,,,,,,,,,,,,,,,,,,,,,,,,,,,,
maplin,2025-11-04,,https://www.maplin.co.uk/products/energizer-cr2016-3v-lithium-coin-cell-battery-pack-of-2?variant=43401323643101,7638900248340,Energizer CR2016 3V Lithium Coin Cell Battery - Pack of 2,Energizer,2.99,Y,,,,,Default Title,,,All Batteries,Specialist Batteries,Coin Cell Batteries,All Products,[Internal] Key Worker,[Internal] Totum,,https://cdn.shopify.com/s/files/1/0633/2396/3613/products/4e974e97a5d6865834057ccc33ce80cb44a9c3f52032_ENE047_FS_0.jpg?v=1720523370,https://cdn.shopify.com/s/files/1/0633/2396/3613/products/072de9fd-ec11-4f50-9ed0-b22d50583adc.jpg?v=1720523373,,,,"The Energizer CR2016 3V Lithium Coin Cell Battery works in watches, doorbells, cameras, remote controls & more - They are commonly used for: Watches: Coin cell batteries are widely used in wristwatches, providing long-lasting and compact power - Calculators: Many small electronic calculators use coin cell batteries due to their compact size and low power requirements - Hearing Aids: Some hearing aids use coin cell batteries for their small size and reliable power - Remote Controls: Small remote controls, such as those for car key fobs or some TV remotes, often use coin cell batteries - Medical Devices: Devices like glucose meters and digital thermometers frequently use coin cell batteries for their compact and lightweight design - Specifications Battery size: CR2016Battery chemistry: LithiumBattery voltage: 3VPack size: 2",,0,0.0,,,,,,,,filter,Battery Chemistry,Lithium,filter,Battery Size,CR2016,filter,Number Of Batteries,2,filter,published_online_store,yes,,,,,,,,,,,,,,,,,,,,,,,,,,,,,,,,,,,,,,,,,,,,,,,,
maplin,2025-11-04,,https://www.maplin.co.uk/products/energizer-universal-charger-for-aa-aaa-c-d-9v-rechargeable-batteries?variant=43401329344733,7638900423709,Energizer Universal Charger for AA / AAA / C / D / 9V Rechargeable Batteries,Energizer,24.99,Y,,,,,Default Title,,,All Batteries,Battery Accessories,Battery Chargers,[Internal] 30% off Maplin Extra Long Life High Performance Alkaline AA / AAA Batteries when you purchase any of these products,All Products,[Internal] Key Worker,,https://cdn.shopify.com/s/files/1/0633/2396/3613/products/05fd05fd8a600d07ef6416c1fb2908fd8429d8afa313_ENE052_FS_0_31a63226-ca34-4136-8bd8-af5c196950c6.jpg?v=1720523397,,,,,"The Energizer Universal Charger for AA / AAA / C / D / 9V Rechargeable Batteries is the ideal, versatile battery charger for all the family - It charges the five most popular battery sizes, so everyone always has the power they need - Charges AA, AAA, C, D and 9V rechargeable batteries.Charges AA, AAA, C, D and 9V rechargeable batteriesFast, safe charging to AA or AAA batteries from 3 to 5 hoursLCD panel indicating charging statusBad battery detection and reverse polarity protectionSafety timer to prevent over charge",,4,4.5,,,,,,,,filter,published_online_store,yes,,,,,,,,,,,,,,,,,,,,,,,,,,,,,,,,,,,,,,,,,,,,,,,,,,,,,,,,,
maplin,2025-11-04,,https://www.maplin.co.uk/products/maplin-65w-4-port-usb-c-pd-usb-a-qc-3-usb-a-gan-technology-power-charger-black-1-2m?variant=43401333080285,5055189035898,Maplin 4 Port (1 x USB-C PD / 3 x USB-A 3.0 QC) 65W GaN USB Laptop Charger with 1.2m Cable,Maplin,29.0,Y,,,,Black,Default Title,,,All PC & Mobile Accessories,Chargers,USB Chargers,[Internal] Blue Light 10%,[Internal] Private Label 15%,Learn more about Maplin,,https://cdn.shopify.com/s/files/1/0633/2396/3613/files/MAP552Image1.jpg?v=1720523521,https://cdn.shopify.com/s/files/1/0633/2396/3613/files/MAP552Image2.jpg?v=1720523525,https://cdn.shopify.com/s/files/1/0633/2396/3613/files/MAP552Image3.jpg?v=1720523531,https://cdn.shopify.com/s/files/1/0633/2396/3613/files/MAP313Image7_a7122f67-bd83-4685-98f2-0676b7529e43.jpg?v=1720523534,https://cdn.shopify.com/s/files/1/0633/2396/3613/files/MAP552Image5.jpg?v=1720523543,"This Maplin 4 Port (1 x USB-C PD / 3 x USB-A 3.0 QC) 65W GaN USB Laptop Charger with 1.2m Cable is powered by GaN Technology and features Power Delivery and Qualcomm 3.0 Quick Charge technology - Much smaller than other chargers, it's compact enough to accompany you wherever you go - Capable of fully charging a Mac Book Pro in only 2 hours - Specifications Plastic enclosure material: Polycarbonate resin AC input: IEC socket (2 pins) with 1.2m UK plug input cord Outputs: 1 x USB-C PD 3.0 / 1 x USB-A QC 3.0 / 2 x USB-A Dimensions: 82 x 82 x 32mm (L x W x H) Weight: 240g (not including AC power cord) Primary voltage and frequency: 100-240V AC 50-60Hz, 1.5A max - Secondary voltage: USB-C = 5V/9V/12V/15V DC 3A; 20V DC 3.25A 65W max - - QC 3.0 = 5V DC 3A; 9V DC 2A; 12V DC 1.5A 18W max - - USB-A = 5V DC 2.4A shared, 12W max - (each port 2.4A max.) Total output is 65W max - Protection: Overload protection / Short circuit protection Ripple: 270mV P-P max - Efficiency: Level VI Temperature: -10oC to 55oC (storage temperature) / 0oC to 35oC (working temperature) Humidity: 5 to 95% (storage humidity) / 10 to 90% (working humidity) Worldwide use - Universal voltageQuadruple outputs, charges 4 devices simultaneously Compatible with: IPhone 14/ 14 Plus/ 14 Pro/ 14 Pro Max/iPhone 13/ 13 Mini/ 13 Pro/ 13 Pro Max/ iPhone 12/ 12 Pro/ 12 Pro Max/ 12 Mini/ iPhone SE/ iPhone 11/ 11 Pro/ 11 Pro Max/ iPhone XS/ XS Max/ XR/ X/ 8 Plus/ 8/ 7/ 7 Plus/ 6; Samsung Galaxy S21/ S20/ Note 20/ S10/ S10e/ S10+/ S9/ S9+/ S8/ S8+/ Note 9/ Note 8/ Huawei P10/ Mate 9/ Mate 20X/ Mate 20 Pro LG G7 / V30+; iPad Pro 2021/ iPad Pro 12.9/ iPad Pro 10.5/ iPad Pro 11/ iPad mini/ iPad Air; AirPods/ AirPods Pro/ MagSafe / Google Pixel/ Pixel 3a/ XL/ 3/ 2XL/ 2, Nexus 5X / 6P, Kindles Laptops: Apple MacBook Air/ MacBook Pro 13/ MacBook and moreSmartphones: iPhone 12 Pro, 12 Pro Max, 12 mini, 12, 11 Pro, 11 Pro Max, 11, XS Max, XS, XR, X, 8 Plus, 8, SE, Samsung Galaxy S21, S21+, S21 Ultra, S20, S20+, S20 Ultra, S10, S10+, S10e, S9, S9+, Note 20 Ultra, Note 20, Note 10, Note 10+, Z Fold2, Z Flip, A72, A71, A52, A51, A42, A32, LG K22, K42, K61, K51S, K41S, Q60, V50, G8S ThinQ, Sony Xperia 5 II, Xperia 5, Xperia 1 II, Xperia 1, Xperia 10 II, Xperia 10, Xperia XZ3, Nokia 8.3, Nokia 5.4, Nokia 3.4, OnePlus 9 Pro, OnePlus 9, OnePlus 8T, HTC Desire 20 pro, U12 life, U12+, U11 life, U11+, Xiaomi Mi 11, Mi 10T Lite, Mi 10T, Redmi Note 9T, Redmi Note 9, Redmi Note 9 Pro, Microsoft Lumia 950, 950XL and moreTablets: iPad Pro, iPad Air, iPad mini, Samsung Galaxy Tab S7/S6 and moreGame Consoles: Nintendo Switch and more LED power indicatorMultiple safety protection, such as Short circuit protection (SCP), Over Current protection (OCP) & Overload protection (OLP)",,1,5.0,,,,,,,,filter,Colour,Black,filter,Connectivity,USB-C,filter,Features,Power Delivery (PD),filter,published_online_store,yes,filter,Wattage Rating,65 Watts,,,,,,,,,,,,,,,,,,,,,,,,,,,,,,,,,,,,,,,,,,,,,
maplin,2025-11-04,,https://www.maplin.co.uk/products/maplin-extra-long-life-high-performance-alkaline-aa-aaa-batteries-10x-aa-10x-aaa?variant=43401263317213,5055189035850,Maplin 10x AA LR6 / 10x AAA LR03 7 Years Shelf Life 1.5V High Performance Alkaline Batteries,Maplin,8.99,Y,,,,,Default Title,,,All Batteries,Alkaline Batteries,Alkaline AA Batteries,Alkaline AAA Batteries,[Internal] Blue Light 10%,[Internal] Private Label 15%,,https://cdn.shopify.com/s/files/1/0633/2396/3613/files/MAP545Image1.jpg?v=1720523192,https://cdn.shopify.com/s/files/1/0633/2396/3613/files/Image2.jpg?v=1720523195,https://cdn.shopify.com/s/files/1/0633/2396/3613/files/Image3.jpg?v=1720523198,https://cdn.shopify.com/s/files/1/0633/2396/3613/files/Image4.jpg?v=1720523201,https://cdn.shopify.com/s/files/1/0633/2396/3613/files/Image5.jpg?v=1720523204,"Alkaline AA and AAA batteries are some of the most popular and versatile types of battery - If you are short on power, then Maplin has the answer with our quality AA batteries - Maplin 10x AA LR6 / 10x AAA LR03 7 Years Shelf Life 1.5V High Performance Alkaline Batteries are great for a multitude of uses from the TV remote controls to remote-controlled toys and also for cameras, MP3 players, torches, pocket TVs and games machines.. - in fact pretty much any small, portable electronic and electrical device - These batteries have been specially designed for high drain and digital applications, and also offer superb leak-proof technology - They also offers excellent value, giving 20% more capacity than standard alkaline batteries - You can use these great batteries straight out of the pack - They are commonly used for: Remote Controls: AA and AAA batteries are widely used in remote controls for televisions, DVD players, streaming devices, and other home entertainment systems - Their reliability and long battery life make them ideal for these frequently used devices - Toys: Many children's toys, including electronic games, interactive dolls, and remote-controlled cars, rely on AA and AAA batteries for power - These batteries provide a convenient and easily replaceable power source for toys that require moderate energy consumption - Flashlights: Handheld flashlights and portable lanterns often use AA batteries due to their compact size and ability to provide a steady power output - AA batteries are ideal for emergency kits and outdoor activities, ensuring that you have a reliable light source when needed - Wireless Mouse and Keyboard: Many wireless computer accessories, such as mice and keyboards, use AA batteries - These batteries offer a convenient power solution that can be quickly replaced, ensuring that your devices remain functional without the need for frequent recharging - Game Controllers: Some gaming controllers, such as those for Xbox, are designed to use AA batteries - This allows gamers to easily swap out batteries during extended play sessions, providing uninterrupted gaming experiences without waiting for a recharge - Clocks: Wall clocks, alarm clocks, and other battery-operated timekeeping devices frequently use AAA batteries - These batteries provide a long-lasting power source, ensuring that clocks run accurately without frequent battery changes - Wireless Earbuds and Headphones: Some models of wireless earbuds and headphones use AAA batteries - These batteries offer a convenient and easily replaceable power source, allowing users to quickly swap out batteries and continue listening without interruption - Specifications AA Battery chemistry: AlkalineNominal voltage: 1.5VWeight per battery: 23.8gBattery capacity: 2900 mAhLoad resistance: 43 OhmsLeak-proof technology AAA Battery chemistry: AlkalineNominal voltage: 1.5VWeight per battery: 11.6gBattery capacity: 1300 mAhLoad resistance: 75 OhmsLeak-proof technology",,5,4.8,,,,,,,,filter,Battery Chemistry,Alkaline,filter,Battery Size,AAA,filter,Number Of Batteries,20,filter,published_online_store,yes,,,,,,,,,,,,,,,,,,,,,,,,,,,,,,,,,,,,,,,,,,,,,,,,
maplin,2025-11-04,,https://www.maplin.co.uk/products/energizer-cr2032-3v-lithium-coin-cell-battery-pack-of-2?variant=43401323774173,7638900248357,Energizer CR2032 3V Lithium Coin Cell Battery - Pack of 2,Energizer,1.59,Y,,,,,Default Title,,,All Batteries,Specialist Batteries,Coin Cell Batteries,All Products,[Internal] Key Worker,[Internal] Totum,,https://cdn.shopify.com/s/files/1/0633/2396/3613/products/1cce1cce79cce5cb9d1e060169a3f82169e0127c3f8e_ENE046_FS_0.jpg?v=1720523379,https://cdn.shopify.com/s/files/1/0633/2396/3613/products/3829bc19-8c48-4483-8c54-a7be7a28b80a.jpg?v=1720523381,,,,"The Energizer CR2032 3V Lithium Coin Cell Battery work in watches, doorbells, cameras, remote controls & more - They are commonly used for: Watches: Coin cell batteries are widely used in wristwatches, providing long-lasting and compact power - Calculators: Many small electronic calculators use coin cell batteries due to their compact size and low power requirements - Hearing Aids: Some hearing aids use coin cell batteries for their small size and reliable power - Remote Controls: Small remote controls, such as those for car key fobs or some TV remotes, often use coin cell batteries - Medical Devices: Devices like glucose meters and digital thermometers frequently use coin cell batteries for their compact and lightweight design - Specifications Battery size: CR2032Battery chemistry: LithiumBattery voltage: 3VPack size: 2",,5,4.8,,,,,,,,filter,Battery Chemistry,Lithium,filter,Battery Size,CR2032,filter,Number Of Batteries,2,filter,published_online_store,yes,,,,,,,,,,,,,,,,,,,,,,,,,,,,,,,,,,,,,,,,,,,,,,,,
maplin,2025-11-04,,https://www.maplin.co.uk/products/nikkai-usb-c-to-usb-a-3-1-hdmi-usb-c-multiport-adapter-white?variant=43401367945437,5026686000559,Nikkai USB-C Multiport Hub to USB-A 3.1 Gen 1 / HDMI 4K 30Hz / USB-C PD 100W - White,Nikkai,18.99,Y,,,,White,Default Title,,,All PC & Mobile Accessories,USB Hubs,USB-C Hubs,[Internal] Blue Light 10%,[Internal] Private Label 15%,Learn more about Nikkai,,https://cdn.shopify.com/s/files/1/0633/2396/3613/files/MAP283Image1.jpg?v=1720523717,https://cdn.shopify.com/s/files/1/0633/2396/3613/files/MAP283Image2.jpg?v=1720523721,https://cdn.shopify.com/s/files/1/0633/2396/3613/files/MAP283Image4.jpg?v=1720523725,https://cdn.shopify.com/s/files/1/0633/2396/3613/files/MAP283Image5.jpg?v=1720523728,https://cdn.shopify.com/s/files/1/0633/2396/3613/files/MAP283Image6.jpg?v=1720523736,"Increase your USB-C smartphone, tablet or laptops capabilities with the Nikkai USB-C Multiport Hub to USB-A 3.1 Gen 1 / HDMI 4K 30Hz / USB-C PD 100W - Providing the latest fast charge and transfer speeds on the market, connect your device to the additional HDMI, USB-A or USB-C ports for high-quality display and data transfer functions.HDMI portPerfect for movie lovers mirror your smartphone, tablet or laptop to your TV with up to 4K resolution - Supporting both video and audio output, this multi-port adapter will deliver a clean, crisp picture to render your videos, photos and games - HDMI cable sold separately.USB-A 3.1 portConnect your flash device, external hard drive, wireless mouse, camera and more to your USB-C device for a high-speed connection and data transfer - USB cable sold separately.USB-C portSupports Power Delivery (PD) fast charging and data transfer.",,5,3.4,,,,,,,,filter,Colour,White,filter,Connectivity,USB-C,filter,Features,Power Delivery (PD),filter,published_online_store,yes,,,,,,,,,,,,,,,,,,,,,,,,,,,,,,,,,,,,,,,,,,,,,,,,
maplin,2025-11-04,,https://www.maplin.co.uk/products/prosound-usb-omnidirectional-electret-condenser-lavalier-microphone-with-3-5mm-audio-socket?variant=43401064448221,5026686003215,ProSound Lavalier USB-A Microphone Omnidirectional Electret Condenser with 3.5mm Audio Socket,ProSound,19.99,Y,,,,Black,Default Title,,,All Audio,Microphones,Lavalier Microphones,[Internal] Blue Light 10%,[Internal] Private Label 15%,Learn more about ProSound,,https://cdn.shopify.com/s/files/1/0633/2396/3613/products/0b600b60dd2097fddac2f7e343b9fdfed505decb1c54_MAP475_FS_0.jpg?v=1720525486,https://cdn.shopify.com/s/files/1/0633/2396/3613/products/0ef50ef51ab70418456998f84ebd2cdb53f355b82843_MAP475_LS_2.jpg?v=1720525489,https://cdn.shopify.com/s/files/1/0633/2396/3613/products/e10ce10cf923a497203201faf85bb8b1bf9f3a8668ab_MAP475_LS_1.jpg?v=1720525491,https://cdn.shopify.com/s/files/1/0633/2396/3613/products/b011b01159245d2135d0ebb72b8ec4f855208762838c_MAP475_LS_0.jpg?v=1720525493,https://cdn.shopify.com/s/files/1/0633/2396/3613/products/9ea19ea178ffd77a3e18bf4412cb87d34a32f94ae054_MAP475_LS_3.jpg?v=1720525496,"Speak naturally and sound professional with the ProSound USB-A Omnidirectional Electret Condenser Lavalier Microphone with 3.5mm Audio Socket - Blending in with your clothing, this hands free lapel microphone is small and unobtrusive with a quick clip on attachment perfect for any interview.Built with a Realtek sound card, an omnidirectional pickup pattern and noise cancellation chip, you can ensure your recording is clear and accurate in all environments.Perfect for almost all audio and video recording needs, the plug and play USB jack allows you to connect to all major PC and Mac computers/laptops and a 3.5mm jack output for connectivity to your headphones, headset, speakers - Includes an extended 2m cable cord for increased working flexibility.Ideal for the following applications:- Conference calls on Zoom, Teams, Google Hangouts, Skype, Facetime, WhatsApp and more- Interviews and general video recordings broadcast on YouTube, Facebook, Instagram and more- Other uses include teaching, speeches, events planning and singing performances.Features Sensitivity: -30dB +/-3dB Polar pattern: omnidirectional Impedance: 1K Ohm +/-30%@1kHz Sensitivity range: within -3dB at 1V Operating voltage: 5V Frequency response: 50Hz-18KHz Signal/noise ratio: 74dB Cable length: 2m Sampling rate supported: 48KHz,16bit Connector: Standard USB (Plug-and-play for PC and Macbook)",,0,0.0,,,,,,,,filter,Colour,Black,filter,Connectivity,USB-A 2.0,filter,published_online_store,yes,,,,,,,,,,,,,,,,,,,,,,,,,,,,,,,,,,,,,,,,,,,,,,,,,,,
maplin,2025-11-04,,https://www.maplin.co.uk/products/maono-xlr-cardioid-professional-vocal-studio-microphone-with-boom-arm?variant=43400899199197,6972237680253,Maono XLR Cardioid Professional Vocal Studio Microphone with Boom Arm Kit,Maono,59.99,Y,,,,,Default Title,,,All Audio,Microphones,Boom Microphones,[Internal] Blue Light 10%,[Internal] Private Label 15%,[Internal] 30% off Maplin Extra Long Life High Performance Alkaline AA / AAA Batteries when you purchase any of these products,,https://cdn.shopify.com/s/files/1/0633/2396/3613/files/bde8bde819df1ec414e80ea856c4d4f18d2f426fcaa0_1.jpg?v=1720525227,https://cdn.shopify.com/s/files/1/0633/2396/3613/files/615GubFjw3L._AC_SL1000.jpg?v=1720525230,https://cdn.shopify.com/s/files/1/0633/2396/3613/files/b165b16544d1a40414d9f204a05d59970217cc852c1d_2.jpg?v=1720525233,https://cdn.shopify.com/s/files/1/0633/2396/3613/files/22d522d58738f26e58bfdc9a3c1bc07e22af3a3d7579_3.jpg?v=1720525236,https://cdn.shopify.com/s/files/1/0633/2396/3613/files/c2dbc2dbf2cea92c3715e91d7c8ca892bacde21a1b52_4.jpg?v=1720525239,"The Maono XLR Cardioid Vocal Studio Microphone with Boom Arm Kit has a built-in large 16mm condenser capsule, a custom-engineered low-mass diaphragm providing extended frequency response and superior transient response - High-SPL handling and wide dynamic range make wide versatility - This high-quality XLR microphone is ideal for recording sounds and suitable for podcasting, recording, streaming, gaming, and online chatting.With higher standard microphone craftsmanship, this microphone uses high-quality materials to protect the microphone from being damaged - The adjustable arm bracket has a durable aluminium alloy structure and is foldable, so easy to carry.The XLR microphone output uses a 3 Pin male to the female XLR cable connection, and the Pro-grade microphone cord is designed specifically for microphones - Cardioid pointing can reduce the pickup of surrounding noise and bring you an immersive recording experience - The shock absorber can reduce the noise caused by vibration - Pop filter and windscreen cap can lower wind and saliva interference and make your voice clearer.Due to the professionalism of XLR microphones, they must be driven by an additional 48V phantom power supply or audio interface, so you must connect an additional power supply.The microphone kit includes: 1x microphone, 1x boom arm, 1x metal shock mount, 1x pop filter, 1x windscreen, 1x XLR to XLR cable and User manual - Specifications Polar pattern: CardioidFrequency response: 20 - 20,000HzSensitivity: -34dB ± 3dBImpedance: 200 Ohms ±30%Max - input sound level: 140dB SPL, 1kHz at 1% T.H.D.Signal to noise ratio: 76dBPhantom power requirements: 48V DC, 3mA typicalOutput connector: 3-pin XLR",,1,5.0,,,,,,,,filter,Connectivity,XLR,filter,published_online_store,yes,,,,,,,,,,,,,,,,,,,,,,,,,,,,,,,,,,,,,,,,,,,,,,,,,,,,,,
maplin,2025-11-04,,https://www.maplin.co.uk/products/energizer-lr20-max-power-alkaline-d-batteries-pack-of-2?variant=43401299722461,7638900297331,Energizer LR20 Max Power Alkaline D Batteries - Pack of 2,Energizer,3.99,Y,,,,,Default Title,,,All Batteries,Alkaline Batteries,Alkaline D Batteries,All Products,[Internal] Key Worker,[Internal] Totum,,https://cdn.shopify.com/s/files/1/0633/2396/3613/products/c10cc10c798a08ec86d7005da71d582cc8621ddcea19_ENE008_FS_0.jpg?v=1720523298,,,,,"The Energizer brand expertise at an affordable price - They give lasting power for your basic energy needs - Energizer LR20 Max Power Alkaline D Batteries have great resistance to leakage compared to Carbon Zinc batteries.This will work in your: Large Torch, MP3 Player, Wireless Gaming Control, Bluetooth Headset, Camera, Torch, Remote, Portable Gaming, Walkie Talkie, GPS, Toy Car, Big Toy, Clock, Baby Monitor, Personal Organiser - They are commonly used for: Flashlights: Larger, high-powered flashlights often use D batteries to provide strong and long-lasting illumination - Portable Radios: Many larger portable radios and boomboxes use D batteries for extended playtime - Toys: Some larger or more power-intensive toys, such as certain remote-controlled cars or motorized toys, require D batteries - Camping Equipment: Devices like heavy-duty lanterns and some portable camping stoves and heaters often use D batteries - Emergency Equipment: D batteries are commonly used in emergency equipment like weather radios, large flashlights, and portable sirens, ensuring they are ready for use in critical situations - Specifications Size: DVoltage: 1.5VChemistry: Alkaline",,2,5.0,,,,,,,,filter,Battery Chemistry,Alkaline,filter,Battery Size,LR20,filter,Number Of Batteries,2,filter,published_online_store,yes,,,,,,,,,,,,,,,,,,,,,,,,,,,,,,,,,,,,,,,,,,,,,,,,
maplin,2025-11-04,,https://www.maplin.co.uk/products/maplin-scart-to-hdmi-adapter-black?variant=43401383870685,5026686001648,Maplin SCART to HDMI Adapter - Black,Maplin,12.99,Y,,,,Black,Default Title,,,All PC & Mobile Accessories,Adapters,HDMI Adapters,SCART Adapters,[Internal] Blue Light 10%,[Internal] Private Label 15%,,https://cdn.shopify.com/s/files/1/0633/2396/3613/files/MAP322_FR_0_1.jpg?v=1751621489,https://cdn.shopify.com/s/files/1/0633/2396/3613/files/MAP322_L_0.jpg?v=1751621489,https://cdn.shopify.com/s/files/1/0633/2396/3613/files/MAP322_R_0.jpg?v=1751621489,https://cdn.shopify.com/s/files/1/0633/2396/3613/files/MAP322_B_0.jpg?v=1751621489,https://cdn.shopify.com/s/files/1/0633/2396/3613/files/MAP322_T_0.jpg?v=1751621489,"As a universal converter for SCART input to HDMI output, this Maplin SCART to HDMI Adapter converts composite video signal and the FL/FR stereo audio signal to a digital HDMI video and audio signal - Use it for converting a set-top box, DVD player or other devices with a SCART port to play on a TV with an HDMI port - Suitable for Full HD visuals, the small and portable design of the adapter makes it an ideal addition to any AV setup.Please note: Requires AC adapter",,5,4.0,,,,,,,,filter,Colour,Black,filter,Connectivity,SCART,filter,published_online_store,yes,filter,Resolution,1920 x 1080p (Full HD),,,,,,,,,,,,,,,,,,,,,,,,,,,,,,,,,,,,,,,,,,,,,,,,
maplin,2025-11-04,,https://www.maplin.co.uk/products/nikkai-usb-c-to-hdmi-usb-a-3-0-x3-usb-c-rj45-vga-sd-microsd-docking-station-silver?variant=43401368764637,5026686002379,Nikkai USB-C Multiport Hub to 3x USB-A 3.0 / HDMI 4K / Gigabit RJ45 / VGA / USB-C PD / 3.5mm Audio / SD Card Reader - Silver,Nikkai,29.99,Y,,,,Silver,Default Title,,,All PC & Mobile Accessories,USB Hubs,USB-C Hubs,[Internal] Blue Light 10%,[Internal] Private Label 15%,Learn more about Nikkai,,https://cdn.shopify.com/s/files/1/0633/2396/3613/files/MAP389Image1.jpg?v=1720523901,https://cdn.shopify.com/s/files/1/0633/2396/3613/files/MAP389Image2.jpg?v=1720523909,https://cdn.shopify.com/s/files/1/0633/2396/3613/files/MAP389Image3.jpg?v=1720523914,https://cdn.shopify.com/s/files/1/0633/2396/3613/files/MAP389Image4.jpg?v=1720523918,https://cdn.shopify.com/s/files/1/0633/2396/3613/files/MAP389Image6.jpg?v=1720523922,"Expand the connectivity of your MacBook Pro, Chromebook or other USB-C enabled laptop - The Nikkai USB-C Multiport Hub to 3x USB-A 3.0 / HDMI 4K / Gigabit RJ45 / VGA / USB-C PD / 3.5mm Audio / SD Card Reader lets you use a 4K Ultra HD HDMI video output, three USB 3.0 Type-A ports, a Gigabit Ethernet port, a Full HD VGA port, a PD charging USB-C port plus a SD and a MicroSD card reader slot through your laptop’s USB-C port.Using the 4K HDMI port, you can easily connect a high-resolution monitor and gain access to more screen space - You can also use the VGA port to connect to an extra monitor - It is 1080P compatible at 60Hz - The adapter supports Mirror, Extend and Split mode on monitors - Both SST (Single Stream Transport Mode) and MST (Multi-Stream Transport) modes are supported so multiple monitors can be used, as extra display space or to show the same view on an additional screen.The Gigabit Ethernet port ensures reliable wired network access, which is ideal for areas with limited Wi-Fi - With three additional USB 3.0 ports (USB Type-A) you can connect existing peripheral devices, like your mouse or flash drive - They deliver up to 5 Gbps data speeds - The adapter also has an SD and a MicroSD card reader slot so you can access all of your multimedia content - Both can work simultaneously - It also features a USB-C port that supports USB Power Delivery 3.0 (USB PD 3.0) to use your laptop’s USB-C power adapter to power your laptop - It supports 60W max output charging  - Additionally, use this adapter to mirror the screen of your USB-C device (including iPAD, iMAC, PC laptop) to display apps, presentations, websites, slideshows on your HDMI-equipped TV, display, projector or other compatible display - HDMI cable required for this, sold separately.The versatile multiport adapter is compact and lightweight, so it's easy to tuck into your laptop bag - It consolidates multiple ports into a single adapter, which means you don’t need to bring along multiple single-function adapters.",,5,4.4,,,,,,,,filter,Colour,Silver,filter,Connectivity,VGA,filter,Features,Power Delivery (PD),filter,published_online_store,yes,filter,Resolution,3840 x 2160p (4K Ultra HD),,,,,,,,,,,,,,,,,,,,,,,,,,,,,,,,,,,,,,,,,,,,,
maplin,2025-11-04,,https://www.maplin.co.uk/products/prosound-usb-a-stereo-headset-with-electet-condenser-boom-microphone-1-2m-cable?variant=43400933736669,5026686002942,ProSound USB-A Stereo Headset with Electret Condenser Boom Microphone & 1.2m Cable,ProSound,16.99,Y,,,,Black,Default Title,,,All Audio,Headsets,Computer Headsets,[Internal] Blue Light 10%,[Internal] Private Label 15%,Learn more about ProSound,,https://cdn.shopify.com/s/files/1/0633/2396/3613/files/MAP469Image1.jpg?v=1720525453,https://cdn.shopify.com/s/files/1/0633/2396/3613/files/MAP469Image2.jpg?v=1720525456,https://cdn.shopify.com/s/files/1/0633/2396/3613/files/MAP469Image3.jpg?v=1720525461,https://cdn.shopify.com/s/files/1/0633/2396/3613/files/MAP469Image4.jpg?v=1720525464,https://cdn.shopify.com/s/files/1/0633/2396/3613/files/MAP469Image5.jpg?v=1720525472,"Join colleagues on a Zoom call or listen to music through your PC with this ProSound USB-A Stereo Headset with Electret Condenser Boom Microphone & 1.2m Cable - Built with an overhead headband and boom microphone, this headset is comfortable to wear and perfect for travel.Volume and mute controls ensure you will be able to make calls in comfort with clear and professional sound, even in open office spaces.The boom microphone has a sensitivity of -38+/-4 dB at 1 KHz (0 dB=1V/Pa) - Headphone sensitivity is 101+/-3dB and a frequency range of 30~16,000Hz.Microphone Technical SpecificationsSensitivity: -38+/-4 dB at 1 KHz (0 dB=1V/Pa)Impedance: 2.2kFrequency Response: 30~16,000Hz.Headphone Technical SpecificationsImpedance: 32 ohms+/-15% Frequency Range: 20Hz-20kHzSensitivity: 101+/-3dB At 1KHz Maximum Input power: 100 mW.(1.78V.R.M.S)Connector: USB-A plug",,2,4.5,,,,,,,,filter,Colour,Black,filter,Connectivity,USB-A 2.0,filter,published_online_store,yes,,,,,,,,,,,,,,,,,,,,,,,,,,,,,,,,,,,,,,,,,,,,,,,,,,,
maplin,2025-11-04,,https://www.maplin.co.uk/products/energizer-alkaline-aaaa-batteries-pack-of-2?variant=43401296543965,7638900202410,Energizer Alkaline AAAA Batteries - Pack of 2,Energizer,4.99,Y,,,,,Default Title,,,All Batteries,Specialist Batteries,Other Household Batteries,[Internal] 30% off Maplin Extra Long Life High Performance Alkaline AA / AAA Batteries when you purchase any of these products,All Products,[Internal] Key Worker,,https://cdn.shopify.com/s/files/1/0633/2396/3613/products/ec5fec5f0c1ad1bba3064e14c5975ffb584fb2dee96b_ENE043_FS_0.jpg?v=1720523286,https://cdn.shopify.com/s/files/1/0633/2396/3613/products/d079d079d4a7acf70fa037e3042fdadfc5a3ff1c10c6_ENE043_AL_0.jpg?v=1720523292,https://cdn.shopify.com/s/files/1/0633/2396/3613/products/8e7d4072-622d-45c6-b96a-addf1fc69568.jpg?v=1720523295,,,"The Energizer Alkaline AAAA Batteries provide long-lasting power for everyday devices - A long shelf life means these alkaline batteries will be ready when you need them - They are designed for your everyday electronic devices e.g - Glucose meters, keyless entry, headsets, Bluetooth devices, LED penlights and many more.Long lasting 1.5V alkaline battery batteries for everyday use - Wide operating temperature range -18C to 55C - They are commonly used for: Stylus Pens: Many active stylus pens for tablets and touchscreen devices use AAAA batteries for their slim design and long-lasting power - Small Flashlights: Certain compact flashlights and penlights, especially those designed for medical or technical use, use AAAA batteries - Laser Pointers: Some laser pointers, especially those that are pen-sized, rely on AAAA batteries for their slim form factor - Medical Devices: Devices such as glucose meters and some digital thermometers often use AAAA batteries due to their small size - Remote Controls: Small remote controls, particularly those for media players or other handheld devices, sometimes use AAAA batteries for their compact power source - Specifications Battery size: AAAABattery chemistry: AlkalineBattery voltage: 1.5VPack size: 2",,0,0.0,,,,,,,,filter,Battery Chemistry,Alkaline,filter,Battery Size,AAAA,filter,Number Of Batteries,2,filter,published_online_store,yes,,,,,,,,,,,,,,,,,,,,,,,,,,,,,,,,,,,,,,,,,,,,,,,,
maplin,2025-11-04,,https://www.maplin.co.uk/products/prosound-shotgun-super-cardioid-condenser-on-camera-video-microphone?variant=43401099903197,5026686002997,ProSound Shotgun Microphone Super Cardioid Electret Condenser 3.5mm Jack Cold Shoe Mount,ProSound,34.99,Y,,,,Black,Default Title,,,All Audio,Microphones,Video Microphones,[Internal] Blue Light 10%,[Internal] Private Label 15%,Learn more about ProSound,,https://cdn.shopify.com/s/files/1/0633/2396/3613/files/MAP477_FL_0.jpg?v=1738848735,https://cdn.shopify.com/s/files/1/0633/2396/3613/files/MAP477_FR_0.jpg?v=1738848735,https://cdn.shopify.com/s/files/1/0633/2396/3613/files/MAP477_FL_1.jpg?v=1738848735,https://cdn.shopify.com/s/files/1/0633/2396/3613/files/MAP477_FS_0.jpg?v=1738848735,https://cdn.shopify.com/s/files/1/0633/2396/3613/files/MAP477_AL_0.jpg?v=1738848732,"The ProSound Shotgun Microphone Super Cardioid Electret Condenser 3.5mm Jack Cold Shoe Mount is a compact shotgun mic built for cameras with a lighting shoe mount and an external mic input.Designed with a highly directional super-cardioid polar pattern and smooth off-axis response, ensuring great sound quality and maximum side noise rejection - Weighing just 68g, this lightweight 203mm mic is far easier to handle on set than other shotgun mics and its conformal coating ensures superior performance in adverse weather conditions.Ideal for Vloggers, YouTubers and Street-interviewers that are looking for a more portable and lightweight rig that delivers great audio in all applications - Specifications Connectivity: 3.5mm jackPolar pattern: UnidirectionalFrequency response: 20Hz - 12kHzWeight: 68g",,0,0.0,,,,,,,,filter,Colour,Black,filter,Connectivity,3.5mm Jack,filter,published_online_store,yes,,,,,,,,,,,,,,,,,,,,,,,,,,,,,,,,,,,,,,,,,,,,,,,,,,,
maplin,2025-11-04,,https://www.maplin.co.uk/products/maplin-mercury-universal-analogue-battery-tester-for-aa-aaa-c-d-9v-pp3-coin-button-cells?variant=43401330589917,5015972150849,"Maplin Universal Analogue Battery Tester for AA, AAA, C, D, 9V PP3 & Coin Button Cells",Maplin,7.49,Y,,,,Black,Default Title,,,All Batteries,Battery Accessories,[Internal] Blue Light 10%,[Internal] Private Label 15%,Learn more about Maplin,Battery Testers,,https://cdn.shopify.com/s/files/1/0633/2396/3613/products/9ae09ae058cb83dccfa45c5eec10b2b580968034f460_MAP208_FS_0.jpg?v=1720523459,https://cdn.shopify.com/s/files/1/0633/2396/3613/products/6a596a59570252f9a10a959694ead9a12bbf8d50da11_MAP208_BR_0.jpg?v=1751631998,https://cdn.shopify.com/s/files/1/0633/2396/3613/products/98859885d334530fc54c1e75bf0330c498447c6767fb_MAP208_T_0.jpg?v=1751631998,https://cdn.shopify.com/s/files/1/0633/2396/3613/products/5dd65dd60dc1f720a744862124602357bc3e314764f3_MAP208_CU_0.jpg?v=1751631998,https://cdn.shopify.com/s/files/1/0633/2396/3613/products/0660066043d6dc6ebf1efe396f9656c99aa9e69c9597_MAP208_LS_0.jpg?v=1751631998,"Maplin Universal Analogue Battery Tester for AA, AAA, C, D, 9V PP3 & Coin Button CellsHandy, compact battery tester with an easy-to-read analogue display - Suitable for testing most household batteries and button cells.Measures the batteries under load to accurately indicate charge statusSuitable for testing AA, AAA, C, D and 9V PP3 batteries and button cellsEasy to read analog display needle indicates ""good"" (green), ""low"" (yellow), and ""replace/recharge"" (red)",,5,5.0,,,,,,,,filter,Colour,Black,filter,published_online_store,yes,,,,,,,,,,,,,,,,,,,,,,,,,,,,,,,,,,,,,,,,,,,,,,,,,,,,,,
maplin,2025-11-04,,https://www.maplin.co.uk/products/nikkai-usb-c-to-hdmi-displayport-multiport-adapter-silver?variant=43401368699101,5026686002317,Nikkai USB-C Multiport Hub to HDMI 4K / DisplayPort - Silver,Nikkai,26.99,Y,,,,Silver,Default Title,,,All PC & Mobile Accessories,USB Hubs,USB-C Hubs,[Internal] Blue Light 10%,[Internal] Private Label 15%,Learn more about Nikkai,,https://cdn.shopify.com/s/files/1/0633/2396/3613/files/MAP384Image1.jpg?v=1720523887,https://cdn.shopify.com/s/files/1/0633/2396/3613/files/MAP384Image2.jpg?v=1720523890,https://cdn.shopify.com/s/files/1/0633/2396/3613/files/MAP384Image3.jpg?v=1720523895,https://cdn.shopify.com/s/files/1/0633/2396/3613/files/MAP384Image4.jpg?v=1720523898,,"Expand the connectivity of your MacBook Pro, Chromebook or other USB-C enabled laptop - The Nikkai USB-C Multiport Hub to HDMI 4K / DisplayPort lets you add 4K Ultra HD HDMI video output and connect to a DisplayPort through your laptop’s USB-C port.Supports USB-C input and HDMI and DisplayPort output - DisplayPort resolution up to 4k x 2k@60Hz, HDMI resolution up to 4k x 2k@30Hz - When HDMI and Displayport output work at the same time, the max resolution is 4k x 2k@30Hz - Supports HDCP1.3, DP1.2a - HDMI works rate up to 3.2Gbps - Supports Mirror, Extend and Split mode on monitors - Both SST (Single Stream Transport Mode) and MST (Multi-Stream Transport) modes are supported so multiple monitors can be used, as extra display space or to show the same view on an additional screen - Additionally, use this adapter to mirror the screen of your USB-C device (including iPAD, iMAC, PC laptop) to display apps, presentations, websites, slideshows on your HDMI-equipped TV, display, projector or other compatible display - HDMI cable required for this, sold separately.Hot-swap between multiple USB-C interfaces, plug and play - Internal chip, no need for external power supply - Beautiful and compact design, easy to use and carry.",,1,4.0,,,,,,,,filter,Colour,Silver,filter,Connectivity,USB-C,filter,published_online_store,yes,filter,Resolution,3840 x 2160p (4K Ultra HD),,,,,,,,,,,,,,,,,,,,,,,,,,,,,,,,,,,,,,,,,,,,,,,,
maplin,2025-11-04,,https://www.maplin.co.uk/products/energizer-power-alkaline-9v-battery?variant=43401300869341,7638900297409,Energizer Power Alkaline 9V Battery,Energizer,2.49,Y,,,,,Default Title,,,All Batteries,Alkaline Batteries,Alkaline 9V Batteries,All Products,[Internal] Key Worker,[Internal] Totum,,https://cdn.shopify.com/s/files/1/0633/2396/3613/products/8bda8bda618a261ae7a76cf8edcbc7e149a7b6b96d41_ENE009_FS_0.jpg?v=1720523302,https://cdn.shopify.com/s/files/1/0633/2396/3613/products/456bec2b-5019-4e60-b294-b1f7c1710a3c.jpg?v=1720523304,,,,"The Energizer brand expertise at an affordable price - They give lasting power for your basic energy needs - The Energizer Power Alkaline 9V Battery has great resistance to leakage compared to Carbon Zinc batteries.This will work in your: Large Torch, MP3 Player, Wireless Gaming Control, Bluetooth Headset, Camera, Torch, Remote, Portable Gaming, Walkie Talkie, GPS, Toy Car, Big Toy, Clock, Baby Monitor, Personal Organiser - They are commonly used for: Smoke Detectors: 9V batteries are widely used in smoke detectors, providing reliable power to ensure they function properly in case of a fire - Carbon Monoxide Detectors: Similar to smoke detectors, many carbon monoxide detectors rely on 9V batteries for continuous operation - Radios: Some portable radios, especially older models, use 9V batteries for power - Electronic Toys: Certain electronic toys and gadgets, especially those requiring higher voltage, use 9V batteries - Multimeters: Many digital multimeters and other small electronic testing devices use 9V batteries to power their displays and measurement functions - Specifications Voltage: 9 VoltChemistry: AlkalineWeight: 45.6g",,5,5.0,,,,,,,,filter,Battery Chemistry,Alkaline,filter,Battery Size,9v,filter,Number Of Batteries,1,filter,published_online_store,yes,,,,,,,,,,,,,,,,,,,,,,,,,,,,,,,,,,,,,,,,,,,,,,,,
maplin,2025-11-04,,https://www.maplin.co.uk/products/energizer-extreme-rechargeable-ni-mh-aaa-batteries-pack-of-4?variant=43401304047837,7638900416879,Energizer Recharge Extreme 800mAh Ni-MH AAA Rechargeable Batteries - Pack of 4,Energizer,12.99,Y,,,,,Default Title,,,All Batteries,Rechargeable Batteries,Rechargeable AAA Batteries,[Internal] 30% off Maplin Extra Long Life High Performance Alkaline AA / AAA Batteries when you purchase any of these products,All Products,Everyday Essentials,,https://cdn.shopify.com/s/files/1/0633/2396/3613/products/a921a92162fc8ba5feb7519bd6544ee0a81cdbc0b6c4_ENE015_FS_0.jpg?v=1720523310,,,,,"Introducing the world's first AA/AAA rechargeable battery made with 4% recycled batteries.The same innovation brought to Energizer EcoAdvanced, they now bring to Energizer Recharge Extreme 800mAh Ni-MH AAA Rechargeable Batteries - Now you can save money and have less impact on the planet by reducing the number of disposed of batteries, creating less waste - They are commonly used for: Cordless Phones: Many home cordless phones rely on rechargeable AAA batteries to maintain functionality, as these phones require batteries that can be recharged frequently - Remote Controls: Remote controls for various electronic devices like TVs, DVD players, and stereo systems often use AAA batteries, making rechargeable ones a practical choice for regular use - Personal Care Items: Devices such as electric toothbrushes, beard trimmers, and other grooming devices commonly use rechargeable AAA batteries because they need to be powered reliably over and over - Wireless Computer Accessories: Wireless mice, keyboards, and other computer accessories often utilize AAA batteries - Rechargeable types are preferred for their ability to be used repeatedly, reducing waste and cost - LED Flashlights: Small LED flashlights benefit from using rechargeable AAA batteries, especially in situations like camping or emergencies where recharging capabilities are advantageous - Features Recycled battery innovation comes to Energizer Recharge batteries Long-lasting power for digital cameras Up to 5-year battery life of total usable life under typical usage patterns Can be charged hundreds of times Charge lasts up to 12 months in storage World's number 1 recharge brand, according to market survey data Batteries come pre-charged Specifications Battery size: AAABattery chemistry: NiMHBattery capacity: 800mAhPack size: 4",,5,5.0,,,,,,,,filter,Battery Capacity,800 mAh,filter,Battery Chemistry,Ni-MH,filter,Battery Size,AAA,filter,Number Of Batteries,4,filter,published_online_store,yes,filter,Rechargeable?,Yes,,,,,,,,,,,,,,,,,,,,,,,,,,,,,,,,,,,,,,,,,,
maplin,2025-11-04,,https://www.maplin.co.uk/products/nikkai-usb-c-to-vga-hdmi-3-5mm-jack-multiport-adapter-silver?variant=43401368797405,5026686002492,"Nikkai USB-C Multiport Hub to HDMI 4K / VGA / 3.5mm Audio (Supports Mirror, Extended and SST Mode) - Silver",Nikkai,16.99,Y,,,,Silver,Default Title,,,All PC & Mobile Accessories,USB Hubs,USB-C Hubs,[Internal] Blue Light 10%,[Internal] Private Label 15%,Learn more about Nikkai,,https://cdn.shopify.com/s/files/1/0633/2396/3613/files/MAP413_Image_1_a313d2a4-3b77-4e34-8eab-8a5534b9e5f4.jpg?v=1736857739,https://cdn.shopify.com/s/files/1/0633/2396/3613/files/MAP413_Image_2.jpg?v=1736857739,https://cdn.shopify.com/s/files/1/0633/2396/3613/files/MAP413_Image_3_71dc7c58-9bc7-433f-a2f7-a5f85c9f37fc.jpg?v=1736857739,https://cdn.shopify.com/s/files/1/0633/2396/3613/files/MAP413_Image_4_6c042661-c692-4e46-85a2-9a717b8cdc82.jpg?v=1736857739,https://cdn.shopify.com/s/files/1/0633/2396/3613/files/MAP413_Image_5.jpg?v=1736857739,"Expand the connectivity of your MacBook Pro, Chromebook or other USB-C enabled laptop - Lets you add a 4K Ultra HD HDMI video output and connect to a VGA port through your laptop’s USB-C port - The Nikkai USB-C Multiport Hub to HDMI 4K / VGA / 3.5mm Audio also includes a 3.5mm Analogue Audio Output.A plug-and-play solution for connecting your notebook to an external display with your choice of HDMI, VGA or Audio outputs - Supports Mirror mode on monitors - SST (Single Stream Transport) mode supported so an external monitor can be used, as extra display space or to show the same view on an additional screen - The 3.5mm Analogue Audio Output means you can also connect your headphones through the adapter.Replaces the need for multiple adapters - Supports plug and play without a driver - Beautiful and compact design, easy to use and carry.Note: Extended Mode on a Mac will only be support on one additional monitor (see explanation image)",,1,5.0,,,,,,,,filter,Colour,Silver,filter,Connectivity,VGA,filter,published_online_store,yes,filter,Resolution,3840 x 2160p (4K Ultra HD),,,,,,,,,,,,,,,,,,,,,,,,,,,,,,,,,,,,,,,,,,,,,,,,
maplin,2025-11-04,,https://www.maplin.co.uk/products/nikkai-usb-c-to-hdmi-usb-a-3-0-x2-sd-card-docking-station-silver?variant=43401368273117,5026686002393,Nikkai USB-C Multiport Hub to 2x USB-A 3.0 / HDMI 4K / SD Card Reader - Silver,Nikkai,18.99,Y,,,,Silver,Default Title,,,All PC & Mobile Accessories,USB Hubs,USB-C Hubs,[Internal] Blue Light 10%,[Internal] Private Label 15%,Learn more about Nikkai,,https://cdn.shopify.com/s/files/1/0633/2396/3613/files/MAP391Image1.jpg?v=1720523839,https://cdn.shopify.com/s/files/1/0633/2396/3613/files/MAP391Image2.jpg?v=1720523843,https://cdn.shopify.com/s/files/1/0633/2396/3613/files/MAP391Image3.jpg?v=1720523847,https://cdn.shopify.com/s/files/1/0633/2396/3613/files/MAP391Image4.jpg?v=1720523851,https://cdn.shopify.com/s/files/1/0633/2396/3613/files/MAP391Image5.jpg?v=1720523855,"Expand the connectivity of your MacBook Pro, Chromebook or other USB-C enabled laptop - The Nikkai USB-C Multiport Hub to 2x USB-A 3.0 / HDMI 4K / SD Card Reader lets you use a 4K Ultra HD HDMI video output, two USB 3.0 Type-A ports and both a SD and a MicroSD card reader slot through your laptop’s USB-C port - Using the 4K HDMI port, you can easily connect a high-resolution monitor and gain access to more screen space - With two additional USB 3.0 ports (USB Type-A) you can connect existing peripheral devices, like your mouse or flash drive - They deliver up to 5 Gbps data speeds - The adapter also has an SD and a MicroSD card reader slot so you can access all of your multimedia content - Both can work simultaneously - Additionally, use this adapter to mirror the screen of your USB-C device (including iPAD, iMAC, PC laptop) to display apps, presentations, websites, slideshows on your HDMI-equipped TV, display, projector or other compatible display - HDMI cable required for this, sold separately.The versatile multiport adapter is compact and lightweight, so it's easy to tuck into your laptop bag - It consolidates multiple ports into a single adapter, which means you don’t need to bring along multiple single-function adapters.",,5,5.0,,,,,,,,filter,Colour,Silver,filter,Connectivity,USB-C,filter,published_online_store,yes,,,,,,,,,,,,,,,,,,,,,,,,,,,,,,,,,,,,,,,,,,,,,,,,,,,
maplin,2025-11-04,,https://www.maplin.co.uk/products/prosound-single-ear-mono-usb-a-headset-boom-microphone-noise-cancellation?variant=43400933638365,5026686003161,ProSound Single Ear Mono USB-A Headset Boom Microphone Noise Cancellation,ProSound,10.99,Y,,,,Black,Default Title,,,All Audio,Headsets,Computer Headsets,[Internal] Blue Light 10%,[Internal] Private Label 15%,Learn more about ProSound,,https://cdn.shopify.com/s/files/1/0633/2396/3613/files/2489f6dc36659b3f03eca2d250715466c8c48dc3_MAP489_Image_1_234738f3-1519-4d31-86a2-fb70700f7b06.jpg?v=1739544120,https://cdn.shopify.com/s/files/1/0633/2396/3613/files/3f9cec052d8860ff09e4213f89861be6ce2e340c_MAP489_Image_2_3babf429-78bc-4aac-ac00-be4181d3e973.jpg?v=1739544120,https://cdn.shopify.com/s/files/1/0633/2396/3613/files/05102a53541a60adfebbe766db789d1edf5ad523_MAP489_Image_3_cf45e466-b2b3-41bf-a378-cc61dfb193a4.jpg?v=1739544120,https://cdn.shopify.com/s/files/1/0633/2396/3613/files/5edd1d6699d3298b35bd366fc69beade89ed4c41_MAP489_Image_4_b9e04ff0-04b8-4632-85c6-72df6514b46b.jpg?v=1739544120,https://cdn.shopify.com/s/files/1/0633/2396/3613/files/9f8e823672781490f8b174195609f6f1b7ff2c6b_MAP489_Image_5_a50d7034-69af-4bb3-a154-46308e09a4ff.jpg?v=1739544120,"Join colleagues on a Zoom call or listen to music through your PC with this ProSound Single Ear Mono USB-A Cabled Headset  - Equipped with a flexible boom microphone for interchangeable ear positioning and volume call control, this compact headset is versatile and perfect for travel.The padded single ear cushion ensures you are able to clearly and comfortably listen to your call audio, whilst maintaining an awareness of the sound in the room around you.Specification30 mm Diameter Driver20-20kHz frequency rangeSensitivity: 105dBImpedance: 32ohm-42+/-2dB at 1KHz (0 dB=1V/Pa at 1KHz).",,2,5.0,,,,,,,,filter,Colour,Black,filter,Connectivity,USB-A 2.0,filter,published_online_store,yes,,,,,,,,,,,,,,,,,,,,,,,,,,,,,,,,,,,,,,,,,,,,,,,,,,,
maplin,2025-11-04,,https://www.maplin.co.uk/products/nikkai-usb-c-to-hdmi-adapter-white-0-12m?variant=43401383837917,5026686000993,"Maplin USB-C to HDMI V3.1 Adapter (Supports 4K Ultra HD @30Hz) - Grey, 0.12m",Maplin,8.99,Y,,,,Grey,Default Title,,,All PC & Mobile Accessories,Adapters,USB Adapters,HDMI Adapters,[Internal] Blue Light 10%,[Internal] Private Label 15%,,https://cdn.shopify.com/s/files/1/0633/2396/3613/files/MAP177_image_1.jpg?v=1724146344,https://cdn.shopify.com/s/files/1/0633/2396/3613/files/MAP177_image_2.jpg?v=1724146343,https://cdn.shopify.com/s/files/1/0633/2396/3613/files/MAP177_Image_3.jpg?v=1724146344,https://cdn.shopify.com/s/files/1/0633/2396/3613/files/MAP177_Image_4.jpg?v=1724146343,,"Use the Maplin USB-C to HDMI V3.1 Adapter (Supports 4K Ultra HD @30Hz) to connect a smartphone, PC, notebook or tablet to an HDMI compatible monitor, TV or projector - HDMI cable sold separately - No Power or external driver needed",,5,5.0,,,,,,,,filter,Colour,Grey,filter,Connectivity,USB-C,filter,published_online_store,yes,filter,Resolution,3840 x 2160p (4K Ultra HD),,,,,,,,,,,,,,,,,,,,,,,,,,,,,,,,,,,,,,,,,,,,,,,,
maplin,2025-11-04,,https://www.maplin.co.uk/products/nikkai-usb-c-to-3-5mm-headphone-jack-plus-usb-c-jack-white?variant=43401376006365,5026686002294,"Nikkai USB-C to 3.5mm Headphone Jack / USB-C PD Charging Port Adapter - Black, 10cm",Nikkai,10.99,Y,,,,Black,Default Title,,,All PC & Mobile Accessories,Adapters,USB Adapters,Audio Adapters,[Internal] Blue Light 10%,[Internal] Private Label 15%,,https://cdn.shopify.com/s/files/1/0633/2396/3613/files/MAP395_image_1.jpg?v=1746698578,https://cdn.shopify.com/s/files/1/0633/2396/3613/files/MAP395_image_2.jpg?v=1746698578,https://cdn.shopify.com/s/files/1/0633/2396/3613/files/MAP395_Image_3.jpg?v=1746698578,https://cdn.shopify.com/s/files/1/0633/2396/3613/files/MAP395_Image_4.jpg?v=1746698577,,"Use the Nikkai USB-C to 3.5mm Headphone Jack / USB-C PD Charging Port Adapter to plug your existing headphones with 3.5mm jack into your USB-C device - The 3.5mm jack is for Audio only but there is also a USB-C Qualcomm 3.0 Power Delivery 18W Charging Port to Charge and sync your device at the same time - Works with all devices that have a USB-C connector including iPhone or Android smartphone - Small, and discreet size.",,2,3.0,,,,,,,,filter,Colour,Black,filter,Connectivity,USB-C,filter,published_online_store,yes,,,,,,,,,,,,,,,,,,,,,,,,,,,,,,,,,,,,,,,,,,,,,,,,,,,
maplin,2025-11-04,,https://www.maplin.co.uk/products/maplin-lightning-to-headphone-3-5mm-audio-jack-lightning-charging-port-adapter?variant=43401376760029,5055189036192,"Maplin Lightning to 3.5mm Headphone Audio Jack / Lightning Charging Port Adapter - White, 10cm",Maplin,9.99,Y,,,,Silver,Default Title,,,All PC & Mobile Accessories,Adapters,Lightning Adapters,Audio Adapters,[Internal] Blue Light 10%,[Internal] Private Label 15%,,https://cdn.shopify.com/s/files/1/0633/2396/3613/files/MAP558Image1.jpg?v=1720524046,https://cdn.shopify.com/s/files/1/0633/2396/3613/files/MAP558Image2.jpg?v=1720524050,https://cdn.shopify.com/s/files/1/0633/2396/3613/files/MAP558Image3.jpg?v=1720524054,https://cdn.shopify.com/s/files/1/0633/2396/3613/files/MAP558Image4.jpg?v=1720524058,,"Use the Maplin Lightning to 3.5mm Headphone Audio Jack / Lightning Charging Port Adapter to connect your headphones with 3.5mm jack to your iOS device - The 3.5mm jack is for Audio only and does not support telephone calling but there is also a Lightning Charging Port to Charge and sync your Apple lightning device at the same time.Works with all devices that have a Lightning connector including iPad and iPhone, supports iOS 10 or later - Small, and discreet size.",,4,2.0,,,,,,,,filter,Colour,Silver,filter,Connectivity,Lightning,filter,published_online_store,yes,,,,,,,,,,,,,,,,,,,,,,,,,,,,,,,,,,,,,,,,,,,,,,,,,,,
maplin,2025-11-04,,https://www.maplin.co.uk/products/prosound-single-ear-mono-usb-c-headset-boom-microphone-noise-cancellation?variant=43400933703901,5026686003178,ProSound Single Ear Mono USB-C Headset Boom Microphone Noise Cancellation,ProSound,10.99,Y,,,,,Default Title,,,All Audio,Headsets,Computer Headsets,[Internal] Blue Light 10%,[Internal] Private Label 15%,Learn more about ProSound,,https://cdn.shopify.com/s/files/1/0633/2396/3613/files/MAP490Image1.jpg?v=1720525416,https://cdn.shopify.com/s/files/1/0633/2396/3613/files/MAP490Image2.jpg?v=1720525421,https://cdn.shopify.com/s/files/1/0633/2396/3613/files/MAP490Image3.jpg?v=1720525429,https://cdn.shopify.com/s/files/1/0633/2396/3613/files/MAP490Image4.jpg?v=1720525434,https://cdn.shopify.com/s/files/1/0633/2396/3613/files/MAP490Image5.jpg?v=1720525438,"Join colleagues on a Zoom call or listen to music through your PC with this ProSound Single Ear Mono USB-C Cabled Headset - Equipped with a flexible boom microphone for interchangeable ear positioning and volume call control, this compact headset is versatile and perfect for travel.The padded single ear cushion ensures you are able to clearly and comfortably listen to your call audio, whilst maintaining an awareness of the sound in the room around you.Specification30 mm Diameter Driver20-20kHz frequency rangeSensitivity: 105dBImpedance: 32ohm-42+/-dB at 1KHz (0 dB=1V/Pa at 1KHz).",,1,5.0,,,,,,,,filter,Connectivity,USB-C,filter,published_online_store,yes,,,,,,,,,,,,,,,,,,,,,,,,,,,,,,,,,,,,,,,,,,,,,,,,,,,,,,
maplin,2025-11-04,,https://www.maplin.co.uk/products/fujifilm-np-w126s-rechargeable-camera-battery-pack?variant=43401323741405,4547410334128,Fujifilm NP-W126S Rechargeable Camera Battery Pack,Fujifilm,64.99,Y,,,,,Default Title,,,Camera Batteries,All Batteries,Specialist Batteries,[Internal] 30% off Maplin Extra Long Life High Performance Alkaline AA / AAA Batteries when you purchase any of these products,All Products,Fujifilm,,https://cdn.shopify.com/s/files/1/0633/2396/3613/products/Fuji1.jpg?v=1751549175,,,,,The Fujifilm NP-W126S Rechargeable Camera Battery Pack is a high-performance lithium-ion rechargeable battery that gives long term use with repeated charges - Recommended for X-T2 in conjunction with the Vertical Power Booster Grip to allow 30min of 4K movie recording.,,5,4.8,,,,,,,,filter,Battery Capacity,1200 mAh,filter,Number Of Batteries,1,filter,published_online_store,yes,filter,Rechargeable?,Yes,,,,,,,,,,,,,,,,,,,,,,,,,,,,,,,,,,,,,,,,,,,,,,,,
maplin,2025-11-04,,https://www.maplin.co.uk/products/maplin-usb-c-to-micro-usb-b-adapter-black?variant=43401376039133,5026686000962,Maplin USB-C to Micro USB-B Female Adapter - Black,Maplin,4.99,Y,,,,Black,Default Title,,,All PC & Mobile Accessories,Adapters,USB Adapters,[Internal] Blue Light 10%,[Internal] Private Label 15%,Learn more about Maplin,,https://cdn.shopify.com/s/files/1/0633/2396/3613/files/5026686000962.jpg?v=1737474122,https://cdn.shopify.com/s/files/1/0633/2396/3613/products/d364d3640090de5ca9aa1607635f3ca7dce506477170_MAP174_FL_0.jpg?v=1737474122,https://cdn.shopify.com/s/files/1/0633/2396/3613/products/343434349d4870288aac57d09bca2e3eec28ed8b673c_MAP174_FS_0.jpg?v=1737474122,,,"The Maplin USB-C to Micro USB-B Female Adapter allows you to connect older peripherals to a USB-C laptop or mobile device.Compatible with USB-C devices including the iPad Pro 2018, MacBook Air, 2018/2017/2016 MBP, 2017 iMac, 2017/2016/2015 MacBook, Surface Book 2, Samsung Galaxy S8/S9/Note 8/Note 9, Huawei Mate 10/P10/Mate 20/P20, Dell XPS 15 / XPS 13, Chromebook Pixel and more.",,0,0.0,,,,,,,,filter,Colour,Black,filter,Connectivity,USB-C,filter,published_online_store,yes,,,,,,,,,,,,,,,,,,,,,,,,,,,,,,,,,,,,,,,,,,,,,,,,,,,
maplin,2025-11-04,,https://www.maplin.co.uk/products/maplin-extra-long-life-high-performance-alkaline-aa-aaa-batteries-pack-of-12-x-aa-6-x-aaa?variant=43401263644893,5026686000474,Maplin 12x AA LR6 / 6x AAA LR03 7 Years Shelf Life 1.5V High Performance Alkaline Batteries,Maplin,6.99,Y,,,,,Default Title,,,All Batteries,Alkaline Batteries,Alkaline AA Batteries,Alkaline AAA Batteries,[Internal] Blue Light 10%,[Internal] Private Label 15%,,https://cdn.shopify.com/s/files/1/0633/2396/3613/files/MAP202Image1.jpg?v=1720523264,https://cdn.shopify.com/s/files/1/0633/2396/3613/files/Image2_0c1e144a-5a04-4817-8743-b9202a7c3ac3.jpg?v=1720523267,https://cdn.shopify.com/s/files/1/0633/2396/3613/files/Image3_a5fd2eec-3697-4634-9d19-e40d9be95ebb.jpg?v=1720523269,https://cdn.shopify.com/s/files/1/0633/2396/3613/files/Image4_0dd58dc0-1f8a-4e31-8d15-07475fc4fc6b.jpg?v=1720523272,https://cdn.shopify.com/s/files/1/0633/2396/3613/files/Image5_91578030-d43c-4de2-b3b7-944da7d97263.jpg?v=1720523275,"Alkaline AA and AAA batteries are some of the most popular and versatile types of battery - If you are short on power, then Maplin has the answer with our quality AA and AAA batteries - The Maplin 12x AA LR6 / 6x AAA LR03 7 Years Shelf Life 1.5V High Performance Alkaline Batteries are great for a multitude of uses from the TV remote controls to remote-controlled toys and also for cameras, MP3 players, torches, pocket TVs and games machines, in fact pretty much any small, portable electronic and electrical device - This pack is perfect when you have many electronic devices requiring both types of batteries, saving you multiple trips - These batteries have been specially designed for high drain and digital applications, and also offer superb leak-proof technology - They also offers excellent value, giving 20% more capacity than standard alkaline batteries - You can use these great batteries straight out of the pack - They are commonly used for: Remote Controls: AA and AAA batteries are widely used in remote controls for televisions, DVD players, streaming devices, and other home entertainment systems - Their reliability and long battery life make them ideal for these frequently used devices - Toys: Many children's toys, including electronic games, interactive dolls, and remote-controlled cars, rely on AA and AAA batteries for power - These batteries provide a convenient and easily replaceable power source for toys that require moderate energy consumption - Flashlights: Handheld flashlights and portable lanterns often use AA batteries due to their compact size and ability to provide a steady power output - AA batteries are ideal for emergency kits and outdoor activities, ensuring that you have a reliable light source when needed - Wireless Mouse and Keyboard: Many wireless computer accessories, such as mice and keyboards, use AA batteries - These batteries offer a convenient power solution that can be quickly replaced, ensuring that your devices remain functional without the need for frequent recharging - Game Controllers: Some gaming controllers, such as those for Xbox, are designed to use AA batteries - This allows gamers to easily swap out batteries during extended play sessions, providing uninterrupted gaming experiences without waiting for a recharge - Clocks: Wall clocks, alarm clocks, and other battery-operated timekeeping devices frequently use AAA batteries - These batteries provide a long-lasting power source, ensuring that clocks run accurately without frequent battery changes - Wireless Earbuds and Headphones: Some models of wireless earbuds and headphones use AAA batteries - These batteries offer a convenient and easily replaceable power source, allowing users to quickly swap out batteries and continue listening without interruption - Specifications AABattery chemistry: AlkalineNominal voltage: 1.5VWeight per battery: 23.8gBattery capacity: 2900 mAhLoad resistance: 43 OhmsLeak-proof technologyAAABattery chemistry: AlkalineNominal voltage: 1.5VWeight per battery: 11.6gBattery capacity: 1300 mAhLoad resistance: 75 OhmsLeak-proof technology",,5,5.0,,,,,,,,filter,Battery Chemistry,Alkaline,filter,Battery Size,AAA,filter,Number Of Batteries,18,filter,published_online_store,yes,,,,,,,,,,,,,,,,,,,,,,,,,,,,,,,,,,,,,,,,,,,,,,,,
maplin,2025-11-04,,https://www.maplin.co.uk/products/nikkai-usb-a-to-4-port-usb-a-3-1-super-speed-portable-hub?variant=43401373188317,5026686002874,Nikkai USB-A Multiport Hub to 4x USB-A 3.0 Super Speed with 16cm Cable,Nikkai,8.99,Y,,,,Black,Default Title,,,All PC & Mobile Accessories,USB Hubs,USB-A Hubs,[Internal] Blue Light 10%,[Internal] Private Label 15%,Learn more about Nikkai,,https://cdn.shopify.com/s/files/1/0633/2396/3613/files/MAP470Image1.jpg?v=1720523967,https://cdn.shopify.com/s/files/1/0633/2396/3613/files/MAP470Image2.jpg?v=1720523970,https://cdn.shopify.com/s/files/1/0633/2396/3613/files/MAP470Image3.jpg?v=1720523974,https://cdn.shopify.com/s/files/1/0633/2396/3613/files/MAP470Image4.jpg?v=1720523979,https://cdn.shopify.com/s/files/1/0633/2396/3613/files/MAP470Image5.jpg?v=1720523983,"Increase your PC or laptop’s connectivity with the Nikkai USB-A Multiport Hub to 4x USB-A 3.0 Super Speed with 16cm Cable - Connect your flash device, external hard drive, wireless mouse, camera and more to your PC or laptop for a high-speed connection and data transfer - Enables you to use more USB devices like keyboard, flash drive, external hard drive, USB headphone, webcam.Supports USB 3.0 BandwidthUSB cable sold separately.",,4,4.0,,,,,,,,filter,Colour,Black,filter,Connectivity,USB-A 3.1,filter,published_online_store,yes,,,,,,,,,,,,,,,,,,,,,,,,,,,,,,,,,,,,,,,,,,,,,,,,,,,
maplin,2025-11-04,,https://www.maplin.co.uk/products/lifos-12ah-lithium-phosphate-battery?variant=43401318891741,5060043535841,Lifos Go 12V 12Ah Lithium Iron Phosphate LiFePO4 Battery,Lifos,99.99,Y,,,,,Default Title,,,All Batteries,Specialist Batteries,Lithium LiFePO4 Batteries,[Internal] 30% off Maplin Extra Long Life High Performance Alkaline AA / AAA Batteries when you purchase any of these products,All Products,[Internal] Key Worker,,https://cdn.shopify.com/s/files/1/0633/2396/3613/files/5060043535841.jpg?v=1737475882,https://cdn.shopify.com/s/files/1/0633/2396/3613/products/cdb7cdb713e20889e13ae9acb8999a96fff2a9b8ed89_9bc2ab77ffa8483b98e34e6a35a2bd19.jpg?v=1737475882,https://cdn.shopify.com/s/files/1/0633/2396/3613/products/827c827cd326cc094c3462a1cd28f07baa9302f5a170_b5978ee5d57d47b0a618981482f2f4ee.jpg?v=1737475882,https://cdn.shopify.com/s/files/1/0633/2396/3613/products/368a5cd1-838d-44a7-8e44-6ea84439ca67.jpg?v=1737475882,,"The Lifos Go 12V 12Ah Lithium Iron Phosphate LiFePO4 Battery is ideal for mobility scooters, golf carts, alarm systems and any application that requires a high cycling battery where savings can be made by reducing the number of service visits required to change a shorter life cycle lead acid battery - Lifos 12 provides a super long 2000 operating cycles at 70% depth of discharge (DOD) rising to an impressive 3000 cycles if discharged to 50% (that more than eight years of trouble free performance) - At 70% DOD, the Lifos 12 provides a usable power of 8.4Ah, which means it gives the same usable power as a 17Ah lead acid battery but in a compact size, around one and half times smaller - Weight too is much reduced - Lifos 12 is 1.5kgs compared to 5kgs for a lead acid equivalent - Two batteries can be connected together in series or parallel - Lifos 12 comes with a two year warranty.",,0,0.0,,,,,,,,filter,Battery Capacity,12000 mAh,filter,Battery Chemistry,Lithium Iron Phosphate,filter,Number Of Batteries,1,filter,published_online_store,yes,,,,,,,,,,,,,,,,,,,,,,,,,,,,,,,,,,,,,,,,,,,,,,,,
maplin,2025-11-04,,https://www.maplin.co.uk/products/maplin-hdmi-to-scart-adapter-black?variant=43401383936221,5026686001631,Maplin HDMI to SCART Adapter - Black,Maplin,9.99,Y,,,,Black,Default Title,,,All PC & Mobile Accessories,Adapters,HDMI Adapters,SCART Adapters,[Internal] Blue Light 10%,[Internal] Private Label 15%,,https://cdn.shopify.com/s/files/1/0633/2396/3613/files/MAP321_FR_0.jpg?v=1737478403,https://cdn.shopify.com/s/files/1/0633/2396/3613/files/MAP321_L_0.jpg?v=1737478403,https://cdn.shopify.com/s/files/1/0633/2396/3613/files/MAP321_R_0.jpg?v=1737478403,https://cdn.shopify.com/s/files/1/0633/2396/3613/files/MAP321_T_0.jpg?v=1737478403,https://cdn.shopify.com/s/files/1/0633/2396/3613/files/MAP321_B_0.jpg?v=1737478403,"The Maplin HDMI to SCART Adapter is an HDMI to SCART Video Converter for HDMI 1080p 60Hz to SCART composite output signal - Use it for connecting a Set-Top Box, DVD player or any other device with an HDMI port to play on a TV with a SCART port.Box Contents:HDMI to SCART AdapterUSB A 5V DC Power CablePlease note: Requires standard AC adapter",,5,4.2,,,,,,,,filter,Colour,Black,filter,Connectivity,SCART,filter,published_online_store,yes,filter,Resolution,1920 x 1080p (Full HD),,,,,,,,,,,,,,,,,,,,,,,,,,,,,,,,,,,,,,,,,,,,,,,,
maplin,2025-11-04,,https://www.maplin.co.uk/products/maplin-usb-c-male-to-usb-a-3-1-female-adapter-cable-black-0-14m?variant=43401375318237,5055189040748,"Maplin USB-C to USB-A 3.1 Gen 1 Female Adapter - Black, 14cm",Maplin,5.99,Y,,,,Black,Default Title,,,All PC & Mobile Accessories,Adapters,USB Adapters,[Internal] Blue Light 10%,[Internal] Private Label 15%,Learn more about Maplin,,https://cdn.shopify.com/s/files/1/0633/2396/3613/files/5055189040748.jpg?v=1737474035,https://cdn.shopify.com/s/files/1/0633/2396/3613/products/7afb7afbc55e96f13c75b68ca39033f01d1513462bb2_MAP311_FS_0.jpg?v=1737474035,https://cdn.shopify.com/s/files/1/0633/2396/3613/products/d235d235217d47ad15e18970dabdbd2c4c009632f177_MAP311_BR_0.jpg?v=1737474035,https://cdn.shopify.com/s/files/1/0633/2396/3613/products/e56ae56afef32dea0c482b985d4ee2bab96d3ba9ea8e_MAP311_AL_1.jpg?v=1737474035,https://cdn.shopify.com/s/files/1/0633/2396/3613/products/c5f0c5f0d8a9c7eeab02fc8ec00b3c4279f8074f5d04_MAP311_AL_0.jpg?v=1737474035,"Connect your smartphone to your laptop or tablet with the Maplin USB-C to USB-A 3.1 Gen 1 Female Adapter - Supporting the latest 3.1 transfer speeds, this adaptor acts as the perfect accessory when connecting your traditional USB-A cables to any new USB-C device.",,2,3.0,,,,,,,,filter,Colour,Black,filter,Connectivity,USB-C,filter,published_online_store,yes,,,,,,,,,,,,,,,,,,,,,,,,,,,,,,,,,,,,,,,,,,,,,,,,,,,
maplin,2025-11-04,,https://www.maplin.co.uk/products/maplin-extra-long-life-high-performance-alkaline-aa-batteries-x80-with-free-universal-battery-tester?variant=43401329443037,5055189035041,Maplin 80x AA LR6 7 Year Shelf Life 1.5V High Performance Alkaline Batteries with Universal Battery Tester,Maplin,21.99,Y,,,,,Default Title,,,All Batteries,Alkaline Batteries,Alkaline AA Batteries,Battery Accessories,[Internal] Blue Light 10%,[Internal] Private Label 15%,,https://cdn.shopify.com/s/files/1/0633/2396/3613/files/MAP517Image2.jpg?v=1720523401,https://cdn.shopify.com/s/files/1/0633/2396/3613/files/MAP517Image1.jpg?v=1720523405,https://cdn.shopify.com/s/files/1/0633/2396/3613/files/Image2_04ace9a0-e28d-462f-8cbd-1ba32c2871e0.jpg?v=1720523408,https://cdn.shopify.com/s/files/1/0633/2396/3613/files/Image3_a3df1f8a-6995-42b6-9198-d0f1461b468e.jpg?v=1720523411,https://cdn.shopify.com/s/files/1/0633/2396/3613/files/Image4_6dc75b52-2630-4cf1-bca4-bf45eb89b7af.jpg?v=1720523415,"Alkaline AA batteries are one of the most popular and versatile types of battery - If you are short on power, then Maplin has the answer with our quality AA batteries - Great for a multitude of uses from TV remote controls to remote-controlled toys and also for cameras, MP3 players, torches, pocket TVs and games machines.. - in fact pretty much any small, portable electronic and electrical device - These Maplin 80x AA LR6 7 Year Shelf Life 1.5V High Performance Alkaline Batteries are perfect when you have many electronic devices requiring batteries, saving you multiple trips - They have been specially designed for high drain and digital applications, and also offer superb leak-proof technology - They also offer excellent value, giving 20% more capacity than standard alkaline batteries - You can use these great batteries straight out of the pack - AA batteries are commonly used for: Remote Controls: AA batteries are widely used in remote controls for televisions, DVD players, streaming devices, and other home entertainment systems - Their reliability and long battery life make them ideal for these frequently used devices - Toys: Many children's toys, including electronic games, interactive dolls, and remote-controlled cars, rely on AA batteries for power - These batteries provide a convenient and easily replaceable power source for toys that require moderate energy consumption - Flashlights: Handheld flashlights and portable lanterns often use AA batteries due to their compact size and ability to provide a steady power output - AA batteries are ideal for emergency kits and outdoor activities, ensuring that you have a reliable light source when needed - Wireless Mouse and Keyboard: Many wireless computer accessories, such as mice and keyboards, use AA batteries - These batteries offer a convenient power solution that can be quickly replaced, ensuring that your devices remain functional without the need for frequent recharging - Game Controllers: Some gaming controllers, such as those for Xbox, are designed to use AA batteries - This allows gamers to easily swap out batteries during extended play sessions, providing uninterrupted gaming experiences without waiting for a recharge - Maplin Universal Analogue Battery Tester for AA, AAA, C, D, 9V PP3 & Coin Button CellsHandy, compact battery tester with an easy-to-read analogue display - Suitable for testing most household batteries and button cells.Measures the batteries under load to accurately indicate charge statusSuitable for testing AA, AAA, C, D and 9V PP3 batteries and button cellsEasy to read analog display needle indicates ""good"" (green), ""low"" (yellow), and ""replace/recharge"" (red) Specifications Battery chemistry: AlkalineNominal voltage: 1.5VWeight per battery: 23.8gBattery capacity: 2900 mAhLoad resistance: 43 OhmsLeak-proof technology",,5,5.0,,,,,,,,filter,Battery Chemistry,Alkaline,filter,Battery Size,AA,filter,Number Of Batteries,80,filter,published_online_store,yes,,,,,,,,,,,,,,,,,,,,,,,,,,,,,,,,,,,,,,,,,,,,,,,,
maplin,2025-11-04,,https://www.maplin.co.uk/products/energizer-power-plus-rechargeable-ni-mh-aa-batteries-pack-of-4?variant=43401303195869,7638900417012,Energizer Power Plus 2000mAh Ni-MH AA Rechargeable Batteries - Pack of 4,Energizer,11.99,Y,,,,,Default Title,,,All Batteries,Rechargeable AA Batteries,Rechargeable Batteries,[Internal] 30% off Maplin Extra Long Life High Performance Alkaline AA / AAA Batteries when you purchase any of these products,All Products,[Internal] Key Worker,,https://cdn.shopify.com/s/files/1/0633/2396/3613/products/a364a364f53879fffde32e043412a4c2bd0a4a73152f_ENE014_FS_0.jpg?v=1720523307,,,,,"Introducing the world's first AA/AAA rechargeable battery made with 4% recycled batteries.The same innovation brought to Energizer EcoAdvanced, they now bring to Energizer Power Plus 2000mAh Ni-MH AA Rechargeable Batteries - Now you can save money and have less impact on the planet by reducing the number of disposed of batteries, creating less waste - By using Energizer Recharge batteries for digital cameras, handheld GPS devices, wireless gaming systems, toys, you name it - They are commonly used for: Digital Cameras: Many digital cameras use rechargeable AA batteries, as they can provide high power for longer durations, which is essential for photography - Toys and Gaming Controllers: Rechargeable AA batteries are ideal for children's toys and video game controllers, providing a reliable power source that can be easily replaced and recharged - Portable Audio Devices: Devices such as portable radios and some Bluetooth speakers use AA batteries for their ability to deliver long-lasting power, making them perfect for outdoor or on-the-go use - Household Tools: Many household tools like cordless screwdrivers, flashlights, and hand-held vacuum cleaners use rechargeable AA batteries because they frequently require high power for short bursts - Emergency Supplies: In emergency kits, rechargeable AA batteries are a common inclusion because they can be recharged and reused multiple times, ensuring functionality of essential devices like radios and flashlights during power outages - Specifications Battery size: AABattery chemistry: NiMHBattery capacity: 2000mAhPack size: 4",,4,4.75,,,,,,,,filter,Battery Capacity,2000 mAh,filter,Battery Chemistry,Ni-MH,filter,Battery Size,AA,filter,Number Of Batteries,4,filter,published_online_store,yes,filter,Rechargeable?,Yes,,,,,,,,,,,,,,,,,,,,,,,,,,,,,,,,,,,,,,,,,,
maplin,2025-11-04,,https://www.maplin.co.uk/products/nikkai-usb-c-to-4-port-usb-a-3-0-high-speed-portable-hub-black?variant=43401368109277,5026686002485,Nikkai USB-C Multiport Hub to 4x USB-A 3.1 Super Speed with 13cm Cable,Nikkai,8.99,Y,,,,Black,Default Title,,,All PC & Mobile Accessories,USB Hubs,USB-C Hubs,[Internal] Blue Light 10%,[Internal] Private Label 15%,Learn more about Nikkai,,https://cdn.shopify.com/s/files/1/0633/2396/3613/files/MAP412Image1.jpg?v=1720523809,https://cdn.shopify.com/s/files/1/0633/2396/3613/files/MAP412Image2.jpg?v=1720523812,https://cdn.shopify.com/s/files/1/0633/2396/3613/files/MAP412Image3.jpg?v=1720523819,https://cdn.shopify.com/s/files/1/0633/2396/3613/files/MAP412Image4.jpg?v=1720523824,https://cdn.shopify.com/s/files/1/0633/2396/3613/files/MAP412Image5.jpg?v=1720523828,"Increase your USB-C smartphone, tablet or laptop’s capabilities with the Nikkai USB-C Multiport Hub to 4x USB-A 3.1 Super Speed with 13cm Cable - Connect your flash device, external hard drive, wireless mouse, camera and more to your USB-C device for a high-speed connection and data transfer - Enables you to use more USB devices like keyboard, flash drive, external hard drive, USB headphone, webcam - Supports USB 3.0 BandwidthUSB-C compatible devices include MacBook Pro 2017 2016, Dell XPS15/13, Huawei P30/P20, HP Spectre X360/Envy13, Lenovo Yoga 920/910/720/ThinkPad X1, Google Pixelbook, Samsung Galaxy Book 12""/Galaxy S9/S8/S8+/Note 8 and more.",,5,4.2,,,,,,,,filter,Colour,Black,filter,Connectivity,USB-C,filter,published_online_store,yes,,,,,,,,,,,,,,,,,,,,,,,,,,,,,,,,,,,,,,,,,,,,,,,,,,,
maplin,2025-11-04,,https://www.maplin.co.uk/products/maplin-112w-usb-c-laptop-charger-power-supply-with-1x-usb-a-port?variant=43401335800029,5055189035904,Maplin 112W USB-C Laptop Charger Power Supply with 1x USB-A 2.4A PD Port,Maplin,32.99,Y,54.99,Y,,Black,Default Title,,,All PC & Mobile Accessories,Chargers,USB Chargers,[Internal] Blue Light 10%,[Internal] Private Label 15%,Learn more about Maplin,,https://cdn.shopify.com/s/files/1/0633/2396/3613/files/MAP553Image1.jpg?v=1720523659,https://cdn.shopify.com/s/files/1/0633/2396/3613/files/MAP553Image2.jpg?v=1720523663,https://cdn.shopify.com/s/files/1/0633/2396/3613/files/MAP553Image4.jpg?v=1720523673,https://cdn.shopify.com/s/files/1/0633/2396/3613/files/MAP553Image5.jpg?v=1720523677,https://cdn.shopify.com/s/files/1/0633/2396/3613/files/MAP553Image6.jpg?v=1720523681,"This Maplin 112W USB-C Laptop Charger Power Supply with 1x USB-A 2.4A PD Port is specially designed for your USB Type-C enabled devices which require DC input voltage (5.0V/9.0V/12.0V/15.0V DC3.0A, 20.0V DC 5A) - 112W Max - Compatible with the most popular brands of laptops, tablets, smartphones, earphone, camera, GPS & game consoles - It also equipped with USB-A port (5.0V DC 2.4A).SpecificationsPlastic enclosure material: Polycarbonate resinAC input: IEC socket (2 pins) with 1.2m UK plug power cordOutput cord: 1.15m DC cable with USB-C plugDimensions: 150 x 67 x 26mm (L x W x H)Weight: 404.5g (not including AC power cord)Primary voltage and frequency: 100-240V AC 50/60Hz, 1.8AOutput:USB-C = 5V / 9V / 12V / 15V DC 3A; 20V DC 5A 100W max.USB-A = 5V DC 2.4A 12W max.Total power: 112W max.Protection: Overload protection / Short circuit protectionRipple: 250mV p-p max.Efficiency: Level VITemperature: -10oC to 55oC (storage temperature) / 0oC to 35oC (working temperature)Humidity: 5 to 95% (storage humidity) / 10 to 90% (working humidity)Worldwide use: Universal voltage 100-240V AC, 50-60Hz - Equipped with 1x USB-C PD output cable and USB-A output port - Charge up to 2 devices simultaneously - Compatible with the most popular brands of laptops, tablets, smartphones, earphone, camera, GPS & game consoles such as:Laptops: Apple MacBook Air, MacBook, MacBook Pro (13”/15”/16”), Asus Zenbook, HP Spectre, Lenovo ThinkPad, etc.Smartphones: Samsung Galaxy S21 Ultra/ S21+/ S21/ S20 Ultra/ S20+/ S20/ S10+/ S10e/ S10/ S9 / S9+ / Note 20 / Galaxy Z Fold3/2 / Galazy Z Flip, etc - HUAWEI Mate 40 Pro+/ 40 Xs/ 30 Pro/ 20 lite/ 20 X, HUAWEI P40 Pro+/ P30 Pro, etc - Google Pixel 5XL/ 4XL/ 3XL/ 2, Sony 5/ 10/ 10 Plus/ L3/ XZ3, OnePlus 8/ 8 Pro, OnePlus 9/ 9R/ 9 Pro, Xiaomi 11 Ultra/ 11 Pro/ 11/ 10S, etc - Apple iPhone 12/ 12 Mini/12 Pro/12 Pro Max / 11 / 11 Pro / 11 Pro max / XS / XS Max / XR / X / 8 Plus / 8 (via an Apple USB-A to Lightning cable) and moreTablets: Apple iPad Pro, iPad Air, iPad mini, Samsung Galaxy Tab S7/S6, Microsoft Surface Pro 7 and moreEarphones: Galaxy Buds2, Galaxy Buds Pro, Galaxy Buds Live and more.Game Consoles: Nintendo Switch and more.High efficiency & low energy consumptionStabilized output & low rippleShort circuit & overload protection",,1,5.0,,,,,,,,filter,Colour,Black,filter,Connectivity,USB-C,filter,Features,Power Delivery (PD),filter,published_online_store,yes,filter,Wattage Rating,112 Watts,,,,,,,,,,,,,,,,,,,,,,,,,,,,,,,,,,,,,,,,,,,,,
maplin,2025-11-04,,https://www.maplin.co.uk/products/olympus-blh-1-rechargeable-lithium-ion-battery?variant=43401322660061,4545350051020,Olympus BLH-1 Rechargeable Lithium-Ion Battery,Olympus,69.99,Y,79.99,Y,,,Default Title,,,Camera Batteries,All Batteries,Specialist Batteries,Deals,Specials,Clearance,,https://cdn.shopify.com/s/files/1/0633/2396/3613/products/168716872ec6543329d8884d20ff76258edf24e6be2f_OLY1589_FR_0.jpg?v=1720523338,https://cdn.shopify.com/s/files/1/0633/2396/3613/products/e7144812-a423-45d2-8aac-288ede9b03ab.jpg?v=1720523340,,,,"The Olympus BLH-1 Rechargeable Lithium-Ion Battery is a high capacity battery with an improved battery performance, resulting in an increased number of shots - With an additional BLH‑1 you will never miss a shot caused by an empty battery - Perfect for longer shootings or while travelling without a possibility of recharging.",,0,0.0,,,,,,,,filter,Battery Capacity,1720 mAh,filter,Battery Chemistry,Li-Ion,filter,Number Of Batteries,1,filter,published_online_store,yes,filter,Rechargeable?,Yes,,,,,,,,,,,,,,,,,,,,,,,,,,,,,,,,,,,,,,,,,,,,,
maplin,2025-11-04,,https://www.maplin.co.uk/products/nikkai-usb-c-to-usb-a-3-0-hdmi-rj45-usb-c-docking-station-silver?variant=43401368043741,5026686002348,Nikkai USB-C Multiport Hub to USB-A 3.0 / HDMI 4K / Gigabit RJ45 / USB-C PD - Silver,Nikkai,21.99,Y,,,,Silver,Default Title,,,All PC & Mobile Accessories,USB Hubs,USB-C Hubs,[Internal] Blue Light 10%,[Internal] Private Label 15%,Learn more about Nikkai,,https://cdn.shopify.com/s/files/1/0633/2396/3613/files/MAP386Image1.jpg?v=1720523740,https://cdn.shopify.com/s/files/1/0633/2396/3613/files/MAP3866x4LifestyleImage.jpg?v=1720523743,https://cdn.shopify.com/s/files/1/0633/2396/3613/files/MAP386Image2.jpg?v=1720523747,https://cdn.shopify.com/s/files/1/0633/2396/3613/files/MAP386Image3.jpg?v=1720523751,https://cdn.shopify.com/s/files/1/0633/2396/3613/files/MAP386Image4.jpg?v=1720523755,"Expand the connectivity of your MacBook Pro, Chromebook or other USB-C enabled laptop - The Nikkai USB-C Multiport Hub to USB-A 3.0 / HDMI 4K / Gigabit RJ45 / USB-C PD lets you add a USB 3.0 Type-A port, 4K Ultra HD HDMI video output, Gigabit Ethernet port and a PD charging USB-C port through your laptop’s USB-C port.With the additional USB 3.0 port (USB Type-A) you can connect existing peripheral devices, like your mouse or flash drive - It delivers up to 5 Gbps data speeds - Using the 4K HDMI port (with audio), you can easily connect a high-resolution monitor and gain access to more screen space - The Gigabit Ethernet port ensures reliable wired network access, which is ideal for areas with limited Wi-Fi - It also features a USB-C port that supports USB Power Delivery 3.0 (USB PD 3.0) to use your laptop’s USB-C power adapter to power both your laptop and the multiport adapter.Additionally, use this adapter to mirror the screen of your USB-C device (including iPAD, iMAC, PC laptop) to display apps, presentations, websites, slideshows on your HDMI-equipped TV, display, projector or other compatible display - HDMI cable required for this, sold separately.The versatile multiport adapter is compact and lightweight, so it's easy to tuck into your laptop bag - It consolidates multiple ports into a single adapter, which means you don’t need to bring along multiple single-function adapters.",,1,4.0,,,,,,,,filter,Colour,Silver,filter,Connectivity,USB-C,filter,Features,Power Delivery (PD),filter,published_online_store,yes,,,,,,,,,,,,,,,,,,,,,,,,,,,,,,,,,,,,,,,,,,,,,,,,
maplin,2025-11-04,,https://www.maplin.co.uk/products/maono-usb-cardioid-professional-microphone-with-boom-arm?variant=43400899002589,6972237680130,Maono USB Professional Cardioid Microphone with Boom Arm,Maono,69.99,Y,,,,,Default Title,,,All Audio,Microphones,Boom Microphones,[Internal] Blue Light 10%,[Internal] Private Label 15%,[Internal] 30% off Maplin Extra Long Life High Performance Alkaline AA / AAA Batteries when you purchase any of these products,,https://cdn.shopify.com/s/files/1/0633/2396/3613/products/c9eac9eadf61ac0c10b957085796106a48175aa2c350_MAO026_FS_0.jpg?v=1720525203,https://cdn.shopify.com/s/files/1/0633/2396/3613/files/61YCTv3xZxL._AC_SL1000.jpg?v=1720525206,https://cdn.shopify.com/s/files/1/0633/2396/3613/files/61UteXRtpbL._AC_SL1000.jpg?v=1720525209,https://cdn.shopify.com/s/files/1/0633/2396/3613/files/61QmCNBHoEL._AC_SL1000.jpg?v=1720525215,https://cdn.shopify.com/s/files/1/0633/2396/3613/files/615GtGCPUML._AC_SL1000.jpg?v=1720525218,"This Maono USB Professional Cardioid Microphone with Boom Arm was designed with a professional sound chipset and 16mm electret condenser transducer, which lets the USB condenser microphone hold a high-resolution sampling rate of up to 192KHz/24bit - It provides you with excellent sound quality - The flat frequency response of 20Hz-20kHz is perfect for project/home-studio, podcasting, gaming, online chatting - It perfectly reproduces your sound.The microphone has a cardioid polar pattern designed to reduce pickup of sounds from the sides, improving the isolation of desired sound source for a clearer and more realistic sound - Included is a 3.5mm headphone jack to monitor the microphone input in real time - Its perfect for live streaming, music/video recording, YouTube, google voice search and desktop recording.One-touch mute/unmute your microphone with built-in LED Indicator lights to tell you the working status - The microphone gain adjusts knob will help you quickly adjust the sensitivity of mic to reach a perfect voice.The microphone has a USB data port, easy to connect with computers - No need extra driver software, and no need for an external sound card - Simply select USB mic as default input in your software settings - Double shielding USB cable reduces interference - Compatible with Windows and Mac OS.The arms stand and shock mount made of aluminium alloy to fully protect the microphone - Pop filter and windscreen cap can lower wind and saliva interference and make your voice clearer.The USB microphone kit includes: 1x condenser microphone, 1x adjustable sturdy arm, 1x desk mount clamp, 1x metal shock mount, 1x pop filter, 1x windscreen cap, 1x USB cable, and 1x manual instruction - Specifications Polar pattern: CardioidFrequency response: 20 - 20,000HzSensitivity: -35.6dBFS~-6.9dBFS ± 3dBFS (94dB SPL @ 1kHz)Power requirements: USB (5V DC)S/N ratio: 74dBMaximum SPL: 125dBMute control: Touch panelMicrophone gain: KnobHeadphone jack: 3.5mm (1/8"") TRS (stereo)USB cable: USB A to USB B cable Video",,0,0.0,,,,,,,,filter,Connectivity,USB-A 2.0,filter,published_online_store,yes,,,,,,,,,,,,,,,,,,,,,,,,,,,,,,,,,,,,,,,,,,,,,,,,,,,,,,
maplin,2025-11-04,,https://www.maplin.co.uk/products/maplin-adjustable-angle-hdmi-male-to-hdmi-female-adapter?variant=43401384263901,5026686198553,Maplin Adjustable Angle HDMI Male to HDMI Female Adapter - Black,Maplin,4.99,Y,,,,Black,Default Title,,,All PC & Mobile Accessories,Adapters,HDMI Adapters,[Internal] Blue Light 10%,[Internal] Private Label 15%,Learn more about Maplin,,https://cdn.shopify.com/s/files/1/0633/2396/3613/products/65cb58c2-6173-4d58-b9a4-2409c65e334f.jpg?v=1720524151,https://cdn.shopify.com/s/files/1/0633/2396/3613/files/5026686198553.jpg?v=1740567728,https://cdn.shopify.com/s/files/1/0633/2396/3613/products/567156710bdabeb4a882c046d0fa5af9d4263ef6018e_MAP452_FS_1.jpg?v=1740567728,https://cdn.shopify.com/s/files/1/0633/2396/3613/products/af53af534d9cd72f2e6006bc0d228958a69deb6b0169_MAP452_FS_0.jpg?v=1740567728,https://cdn.shopify.com/s/files/1/0633/2396/3613/products/5ded5ded0bbbeaaffac4b268763d4e78134c50aa46a7_MAP452_T_0.jpg?v=1740567728,This Maplin Adjustable Angle HDMI Male to HDMI Female Adapter is commonly used to extend existing HDMI plug connections or cables - This is an HDMI Male to HDMI Female Adapter - It can also be used to convert a Male plug into a Female socket.,,0,0.0,,,,,,,,filter,Colour,Black,filter,Connectivity,HDMI,filter,published_online_store,yes,,,,,,,,,,,,,,,,,,,,,,,,,,,,,,,,,,,,,,,,,,,,,,,,,,,
maplin,2025-11-04,,https://www.maplin.co.uk/products/ricoh-theta-sc2-for-business-360-camera-grey?variant=43401558458589,0026649564154,Ricoh Theta SC2 for Business 360 Camera - Grey,Ricoh,349.0,Y,,,,Grey,Default Title,,,All Photo & Video,Photo,360 Cameras,[Internal] Blue Light 10%,[Internal] 30% off Maplin Extra Long Life High Performance Alkaline AA / AAA Batteries when you purchase any of these products,All Products,,https://cdn.shopify.com/s/files/1/0633/2396/3613/products/7c0703fa-eba8-4a7c-8203-22f171764e73.jpg?v=1720526190,https://cdn.shopify.com/s/files/1/0633/2396/3613/products/fc75fc752a8c8202f24891bea0d27683c7ddde1a11b3_RIC201_BS_0.jpg?v=1720526195,https://cdn.shopify.com/s/files/1/0633/2396/3613/products/575757573903b650b9cf38f8378f888daec4d1e3a4c4_RIC201_L_0.jpg?v=1720526200,https://cdn.shopify.com/s/files/1/0633/2396/3613/products/f518f518e083210f5809607e98ba7fe1ed3cb48143fa_RIC201_T_0.jpg?v=1720526203,https://cdn.shopify.com/s/files/1/0633/2396/3613/products/3dbf3dbfd0fe0e37cc6ad7cfc8d9bce417d3a07786ee_RIC201_FS_0.jpg?v=1720526208,"The Ricoh Theta SC2 for Business 360 Camera is specially designed for business use and perfect for shooting real estate or car interiors with a tripod.Easy to use, the THETA SC2 for Business allows any beginners to capture high-quality 360-degree images.Specially created for business activities, THETA SC2 for Business is the tool which will help you to immerse your collaborators and customers into your projects.Aside from the unlimited possibility it gives to viewers and content creators; it encourages engagement and, through this, has over 3 times the conversion rate of traditional video content and a 30% higher repeated view rate - The RICOH THETA SC2 for Business snaps photos at approximately 14 megapixels with smooth, immersive 360° spherical video at 30 fps (frames per second) in 4K (3840 x 1920 pixels).Entry-level model of the professional lineup, designed with an easy-to-use preset mode for shooting in business environments and an exclusive business service pack.The ""Room"" preset is the default mode with HDR settings suitable for indoor or car shooting - The time-shift function allows shooting with the front and rear lens - No need for special photography knowledge or expensive image-editing software.OLED display: allows at-a-glance checking of a range of information such as setting modes, and battery power remaining - Time shift shooting mode: allows shooting with the front and rear lens - Bluetooth and wireless LAN: we have implemented the Bluetooth and wireless technologies for you to be more efficient on your daily work - Connect your THETA SC2 for Business and share easily the content you’ve just produce with your team or your customers - Specifications ﻿Resolution: 5376 x 2688p (still pictures)Internal memory: Approx - 14GBBattery life: Approx - 260 images",,0,0.0,,,,,,,,filter,Colour,Grey,filter,Megapixels,14 MP,filter,published_online_store,yes,filter,Resolution,3840 x 2160p (4K Ultra HD),filter,Wireless,Bluetooth,,,,,,,,,,,,,,,,,,,,,,,,,,,,,,,,,,,,,,,,,,,,,
maplin,2025-11-04,,https://www.maplin.co.uk/products/fujifilm-instax-mini-instant-photo-film-monochrome?variant=43401598435549,4547410337556,Fujifilm Instax Mini Instant Photo Film - Monochrome,Fujifilm,12.99,Y,,,,,Pack of 10,,,All Photo & Video,Imaging Accessories,Instant Camera Film,Instax by Fujifilm,[Internal] 30% off Maplin Extra Long Life High Performance Alkaline AA / AAA Batteries when you purchase any of these products,All Products,,https://cdn.shopify.com/s/files/1/0633/2396/3613/products/7643764352bfe86da61c25bfd95a4d069ad2c20fe342_FUJ1645_FS_0.jpg?v=1720528802,https://cdn.shopify.com/s/files/1/0633/2396/3613/products/d2ded2deb559e3a4e55558588cdb10023340cd9f9a41_FUJ1645_LS_0.jpg?v=1720528806,https://cdn.shopify.com/s/files/1/0633/2396/3613/products/efbcefbca52dfd4517cb8b7ec0ceaa7dd01f5cf1b87a_FUJ1645_AL_0.jpg?v=1720528809,https://cdn.shopify.com/s/files/1/0633/2396/3613/products/b1aab1aa8347b4810e21a389fac290425ee02e76a3f4_FUJ1645_LS_1.jpg?v=1720528817,https://cdn.shopify.com/s/files/1/0633/2396/3613/products/9e5c9e5c028567c1abe12cc6cf55121e30db96c75bb3_FUJ1831_FS_0.jpg?v=1720528822,"Black and white instant film for all Instax mini cameras and SHARE printers - The Fujifilm Instax Mini Instant Photo Film enables photographers to expand their artistic potential - Like the standard colour Instax mini film, the monochrome version ensures sharp and clear images, but by producing a black and white image, the photographer is given the freedom to accentuate the tone, texture and emotion in their images - Instax Mini Picture Format Instant Film from Fuji - This is an incredibly sharp, credit card-sized, daylight-balanced ISO 800 film made for use in Instax Mini Series Cameras - Recognised for its excellent colour reproduction, the film has a glossy finish and is an excellent choice for general use, portraiture or even with electronic flash - Its also a fun film to use - easy to load, shoot and best of all - no wasted time at the lab wondering how your images came out - Due to its ""mini"" size, it is easier to carry, file and store when compared to larger, more traditional film formats - Even in low light scenarios, due to its high-speed rating, Instax Mini Film will produce amazingly sharp images - Another user benefit is that it has been improved to lessen the developing time before you see your print - a real benefit when you are photographing young children who are notorious for wanting everything ""yesterday"" - Instax Mini Film has also been enhanced to maintain its stability over the years making it a good choice for archival storage - Those pictures you shot when your kid was 4 - or during that trip to Disneyland will still be around long after he's out of high school - Fuji has also extended the working temperature range of this film to include 40 - 104F so you need not worry about using it year-round - Sharp GrainIt produces very fine grain yet with all the high-speed advantages of an ISO 800 film Vibrant Colour ReproductionNo colour mixing between film layers - skin tones will be neutral Faster Image FormationThe enhanced developing process produces a more rapid image - less waiting time for complete development Long-Term StabilityResulting from improved emulsion, development accelerators and development control technology it will keep your images colour-true for years Extended Temperature RangeWorking range is 5 - 40C (41 - 104F)",,3,5.0,,,,,,,,filter,published_online_store,yes,,,,,,,,,,,,,,,,,,,,,,,,,,,,,,,,,,,,,,,,,,,,,,,,,,,,,,,,,
maplin,2025-11-04,,https://www.maplin.co.uk/products/fujifilm-instax-mini-instant-photo-film-monochrome?variant=43401598304477,5055189029361,Fujifilm Instax Mini Instant Photo Film - Monochrome,Fujifilm,33.99,Y,,,,,Pack of 30,,,All Photo & Video,Imaging Accessories,Instant Camera Film,Instax by Fujifilm,[Internal] 30% off Maplin Extra Long Life High Performance Alkaline AA / AAA Batteries when you purchase any of these products,All Products,,https://cdn.shopify.com/s/files/1/0633/2396/3613/products/7643764352bfe86da61c25bfd95a4d069ad2c20fe342_FUJ1645_FS_0.jpg?v=1720528802,https://cdn.shopify.com/s/files/1/0633/2396/3613/products/d2ded2deb559e3a4e55558588cdb10023340cd9f9a41_FUJ1645_LS_0.jpg?v=1720528806,https://cdn.shopify.com/s/files/1/0633/2396/3613/products/efbcefbca52dfd4517cb8b7ec0ceaa7dd01f5cf1b87a_FUJ1645_AL_0.jpg?v=1720528809,https://cdn.shopify.com/s/files/1/0633/2396/3613/products/b1aab1aa8347b4810e21a389fac290425ee02e76a3f4_FUJ1645_LS_1.jpg?v=1720528817,https://cdn.shopify.com/s/files/1/0633/2396/3613/products/9e5c9e5c028567c1abe12cc6cf55121e30db96c75bb3_FUJ1831_FS_0.jpg?v=1720528822,"Black and white instant film for all Instax mini cameras and SHARE printers - The Fujifilm Instax Mini Instant Photo Film enables photographers to expand their artistic potential - Like the standard colour Instax mini film, the monochrome version ensures sharp and clear images, but by producing a black and white image, the photographer is given the freedom to accentuate the tone, texture and emotion in their images - Instax Mini Picture Format Instant Film from Fuji - This is an incredibly sharp, credit card-sized, daylight-balanced ISO 800 film made for use in Instax Mini Series Cameras - Recognised for its excellent colour reproduction, the film has a glossy finish and is an excellent choice for general use, portraiture or even with electronic flash - Its also a fun film to use - easy to load, shoot and best of all - no wasted time at the lab wondering how your images came out - Due to its ""mini"" size, it is easier to carry, file and store when compared to larger, more traditional film formats - Even in low light scenarios, due to its high-speed rating, Instax Mini Film will produce amazingly sharp images - Another user benefit is that it has been improved to lessen the developing time before you see your print - a real benefit when you are photographing young children who are notorious for wanting everything ""yesterday"" - Instax Mini Film has also been enhanced to maintain its stability over the years making it a good choice for archival storage - Those pictures you shot when your kid was 4 - or during that trip to Disneyland will still be around long after he's out of high school - Fuji has also extended the working temperature range of this film to include 40 - 104F so you need not worry about using it year-round - Sharp GrainIt produces very fine grain yet with all the high-speed advantages of an ISO 800 film Vibrant Colour ReproductionNo colour mixing between film layers - skin tones will be neutral Faster Image FormationThe enhanced developing process produces a more rapid image - less waiting time for complete development Long-Term StabilityResulting from improved emulsion, development accelerators and development control technology it will keep your images colour-true for years Extended Temperature RangeWorking range is 5 - 40C (41 - 104F)",,3,5.0,,,,,,,,filter,published_online_store,yes,,,,,,,,,,,,,,,,,,,,,,,,,,,,,,,,,,,,,,,,,,,,,,,,,,,,,,,,,
maplin,2025-11-04,,https://www.maplin.co.uk/products/fujifilm-instax-mini-instant-photo-film-monochrome?variant=43401598370013,5055189029460,Fujifilm Instax Mini Instant Photo Film - Monochrome,Fujifilm,50.49,Y,,,,,Pack of 50,,,All Photo & Video,Imaging Accessories,Instant Camera Film,Instax by Fujifilm,[Internal] 30% off Maplin Extra Long Life High Performance Alkaline AA / AAA Batteries when you purchase any of these products,All Products,,https://cdn.shopify.com/s/files/1/0633/2396/3613/products/7643764352bfe86da61c25bfd95a4d069ad2c20fe342_FUJ1645_FS_0.jpg?v=1720528802,https://cdn.shopify.com/s/files/1/0633/2396/3613/products/d2ded2deb559e3a4e55558588cdb10023340cd9f9a41_FUJ1645_LS_0.jpg?v=1720528806,https://cdn.shopify.com/s/files/1/0633/2396/3613/products/efbcefbca52dfd4517cb8b7ec0ceaa7dd01f5cf1b87a_FUJ1645_AL_0.jpg?v=1720528809,https://cdn.shopify.com/s/files/1/0633/2396/3613/products/b1aab1aa8347b4810e21a389fac290425ee02e76a3f4_FUJ1645_LS_1.jpg?v=1720528817,https://cdn.shopify.com/s/files/1/0633/2396/3613/products/9e5c9e5c028567c1abe12cc6cf55121e30db96c75bb3_FUJ1831_FS_0.jpg?v=1720528822,"Black and white instant film for all Instax mini cameras and SHARE printers - The Fujifilm Instax Mini Instant Photo Film enables photographers to expand their artistic potential - Like the standard colour Instax mini film, the monochrome version ensures sharp and clear images, but by producing a black and white image, the photographer is given the freedom to accentuate the tone, texture and emotion in their images - Instax Mini Picture Format Instant Film from Fuji - This is an incredibly sharp, credit card-sized, daylight-balanced ISO 800 film made for use in Instax Mini Series Cameras - Recognised for its excellent colour reproduction, the film has a glossy finish and is an excellent choice for general use, portraiture or even with electronic flash - Its also a fun film to use - easy to load, shoot and best of all - no wasted time at the lab wondering how your images came out - Due to its ""mini"" size, it is easier to carry, file and store when compared to larger, more traditional film formats - Even in low light scenarios, due to its high-speed rating, Instax Mini Film will produce amazingly sharp images - Another user benefit is that it has been improved to lessen the developing time before you see your print - a real benefit when you are photographing young children who are notorious for wanting everything ""yesterday"" - Instax Mini Film has also been enhanced to maintain its stability over the years making it a good choice for archival storage - Those pictures you shot when your kid was 4 - or during that trip to Disneyland will still be around long after he's out of high school - Fuji has also extended the working temperature range of this film to include 40 - 104F so you need not worry about using it year-round - Sharp GrainIt produces very fine grain yet with all the high-speed advantages of an ISO 800 film Vibrant Colour ReproductionNo colour mixing between film layers - skin tones will be neutral Faster Image FormationThe enhanced developing process produces a more rapid image - less waiting time for complete development Long-Term StabilityResulting from improved emulsion, development accelerators and development control technology it will keep your images colour-true for years Extended Temperature RangeWorking range is 5 - 40C (41 - 104F)",,3,5.0,,,,,,,,filter,published_online_store,yes,,,,,,,,,,,,,,,,,,,,,,,,,,,,,,,,,,,,,,,,,,,,,,,,,,,,,,,,,
maplin,2025-11-04,,https://www.maplin.co.uk/products/ricoh-td-1-theta-stand?variant=43401570222301,0026649564512,Ricoh TD-1 Theta Stand,Ricoh,249.0,Y,,,,Black,Default Title,,,All Photo & Video,Imaging Accessories,[Internal] Blue Light 10%,Tripods & Mounts,[Internal] 30% off Maplin Extra Long Life High Performance Alkaline AA / AAA Batteries when you purchase any of these products,All Products,,https://cdn.shopify.com/s/files/1/0633/2396/3613/products/235223529af5d4b4bafee0649faa1bbf4e7389880bfd_RIC206_LS_3.jpg?v=1720527815,https://cdn.shopify.com/s/files/1/0633/2396/3613/products/d54ad54a84a5dcfcef5768746cdae8fb06e1caa0ee63_RIC206_LS_1.jpg?v=1720527821,https://cdn.shopify.com/s/files/1/0633/2396/3613/products/984298421591e0653e212f5f7643f3fff0058d1155f0_RIC206_LS_2.jpg?v=1720527830,https://cdn.shopify.com/s/files/1/0633/2396/3613/products/f327f3275c80cf853dc6600f9fb8ebba2e309f3f0ad8_RIC206_LS_0.jpg?v=1720527836,https://cdn.shopify.com/s/files/1/0633/2396/3613/products/92169216596da05fa04f76cd8ce9ce55becf8a9bddc2_RIC206_CU_0.jpg?v=1720527842,"The Ricoh TD-1 Theta Stand is the perfect tripod for the Theta range of cameras - It features a design to reduce the portion of the camera platform and leg appearing in images - The camera platform has a quick-release system that eliminates the need to repeatedly turn the tripod screw when attaching and removing the camera - The highly-stable tripod design that is safe for use even with THETA Z1 - Made of aluminium - Stowed length of about 56cm, extendable up to 152cm with a single touch of a button - Specifications Material: MetalMin - height: 56cmMax - height: 152cmWeight: 765g",,0,0.0,,,,,,,,filter,Colour,Black,filter,published_online_store,yes,,,,,,,,,,,,,,,,,,,,,,,,,,,,,,,,,,,,,,,,,,,,,,,,,,,,,,
maplin,2025-11-04,,https://www.maplin.co.uk/products/transcend-usb-docking-station-for-drivepro-body-20-52?variant=43401580183773,0760557836131,Transcend USB Docking Station for DrivePro Body 20/52,Transcend,189.99,Y,209.0,Y,,,Default Title,,,All Photo & Video,Video,Body Cams,Deals,Specials,Clearance,,https://cdn.shopify.com/s/files/1/0633/2396/3613/files/TRA096_FR_0.jpg?v=1737561005,https://cdn.shopify.com/s/files/1/0633/2396/3613/files/TRA096_T_0.jpg?v=1737561005,https://cdn.shopify.com/s/files/1/0633/2396/3613/files/TRA096_BS_0.jpg?v=1737561005,https://cdn.shopify.com/s/files/1/0633/2396/3613/files/TRA096_FS_0.jpg?v=1737561005,,"Exclusively designed for the DrivePro Body 20 and DrivePro Body 52 body cameras, Transcend's 6-port docking station is equipped with six charging and data upload ports, and can be daisy-chained with up to two additional docking stations to allow up to eighteen DrivePro Body series body cameras to charge and upload data at the same time - The USB Docking Station for DrivePro Body 20/52 is also equipped with an auto backup function that works while recharging is taking place - Specifications ﻿Power: 12VDimensions: 105 x 423 x 52mm (H x W x D)Weight: 952g",,0,0.0,,,,,,,,filter,published_online_store,yes,,,,,,,,,,,,,,,,,,,,,,,,,,,,,,,,,,,,,,,,,,,,,,,,,,,,,,,,,
maplin,2025-11-04,,https://www.maplin.co.uk/products/fujifilm-instax-mini-instant-photo-film-white?variant=43401596666077,4547410364866,Fujifilm Instax Mini Instant Photo Film - White,Fujifilm,18.99,Y,,,,White,Pack of 20,,,All Photo & Video,Imaging Accessories,Instant Camera Film,Instax by Fujifilm,[Internal] 30% off Maplin Extra Long Life High Performance Alkaline AA / AAA Batteries when you purchase any of these products,All Products,,https://cdn.shopify.com/s/files/1/0633/2396/3613/products/200b200bd327cec3bf2dd71d02e9c90db3f401dd4a7b_FUJ1685_FS_0.jpg?v=1720528047,https://cdn.shopify.com/s/files/1/0633/2396/3613/products/a075a0753bd1a8f289e85ed51544492d17924b1b902f_FUJ1685_FR_0.jpg?v=1720528051,https://cdn.shopify.com/s/files/1/0633/2396/3613/products/153a153a1e7c5e2a8a7033732eb3c536d3db5fc21def_FUJ1685_R_0.jpg?v=1720528055,https://cdn.shopify.com/s/files/1/0633/2396/3613/files/e60fe60fdfe70c601a66910b1211716aad2fe31a5dd3_FUJ1685_LS_0.jpg?v=1741778222,https://cdn.shopify.com/s/files/1/0633/2396/3613/products/47e447e4f121ea89f35856561486180b40782d271499_FUJ1685_AL_0.jpg?v=1741778222,"The Fujifilm Instax Mini Instant Photo Film is an incredibly sharp, credit card-sized, daylight-balanced ISO 800 film made for use in Instax Mini Series Cameras - Recognised for its excellent colour reproduction, the film has a glossy finish and is an excellent choice for general use, portraiture or even with electronic flash - It's also a fun film to use - easy to load, shoot and best of all - no wasted time at the lab wondering how your images came out - Due to its ""mini"" size, it is easier to carry, file and store when compared to larger, more traditional film formats - Even in low light scenarios, due to its high-speed rating, the Instax Mini Film will produce amazingly sharp images - Another user benefit is that it has been improved to lessen the developing time before you see your print - a real benefit when you're photographing young children who are notorious for wanting everything ""yesterday"" - instax mini Film has also been enhanced to maintain its stability over the years making it a good choice for archival storage - Those pictures you shot when your kid was 4 - or during that trip to Disneyland will still be around long after he's out of high school - Fujifilm has also extended the working temperature range of this film to include 40 - 104F so you need not worry about using it year-round - Sharp GrainIt produces very fine grain yet with all the high-speed advantages of an ISO 800 film Vibrant Colour ReproductionNo colour mixing between film layers - skin tones will be neutral Faster Image FormationThe enhanced developing process produces a more rapid image - less waiting time for complete development Long-Term StabilityResulting from improved emulsion, development accelerators and development control technology it will keep your images colour-true for years",,5,4.2,,,,,,,,filter,Colour,White,filter,published_online_store,yes,,,,,,,,,,,,,,,,,,,,,,,,,,,,,,,,,,,,,,,,,,,,,,,,,,,,,,
maplin,2025-11-04,,https://www.maplin.co.uk/products/fujifilm-instax-mini-instant-photo-film-white?variant=43401596731613,5055189027916,Fujifilm Instax Mini Instant Photo Film - White,Fujifilm,34.99,Y,,,,White,Pack of 40,,,All Photo & Video,Imaging Accessories,Instant Camera Film,Instax by Fujifilm,[Internal] 30% off Maplin Extra Long Life High Performance Alkaline AA / AAA Batteries when you purchase any of these products,All Products,,https://cdn.shopify.com/s/files/1/0633/2396/3613/products/200b200bd327cec3bf2dd71d02e9c90db3f401dd4a7b_FUJ1685_FS_0.jpg?v=1720528047,https://cdn.shopify.com/s/files/1/0633/2396/3613/products/a075a0753bd1a8f289e85ed51544492d17924b1b902f_FUJ1685_FR_0.jpg?v=1720528051,https://cdn.shopify.com/s/files/1/0633/2396/3613/products/153a153a1e7c5e2a8a7033732eb3c536d3db5fc21def_FUJ1685_R_0.jpg?v=1720528055,https://cdn.shopify.com/s/files/1/0633/2396/3613/files/e60fe60fdfe70c601a66910b1211716aad2fe31a5dd3_FUJ1685_LS_0.jpg?v=1741778222,https://cdn.shopify.com/s/files/1/0633/2396/3613/products/47e447e4f121ea89f35856561486180b40782d271499_FUJ1685_AL_0.jpg?v=1741778222,"The Fujifilm Instax Mini Instant Photo Film is an incredibly sharp, credit card-sized, daylight-balanced ISO 800 film made for use in Instax Mini Series Cameras - Recognised for its excellent colour reproduction, the film has a glossy finish and is an excellent choice for general use, portraiture or even with electronic flash - It's also a fun film to use - easy to load, shoot and best of all - no wasted time at the lab wondering how your images came out - Due to its ""mini"" size, it is easier to carry, file and store when compared to larger, more traditional film formats - Even in low light scenarios, due to its high-speed rating, the Instax Mini Film will produce amazingly sharp images - Another user benefit is that it has been improved to lessen the developing time before you see your print - a real benefit when you're photographing young children who are notorious for wanting everything ""yesterday"" - instax mini Film has also been enhanced to maintain its stability over the years making it a good choice for archival storage - Those pictures you shot when your kid was 4 - or during that trip to Disneyland will still be around long after he's out of high school - Fujifilm has also extended the working temperature range of this film to include 40 - 104F so you need not worry about using it year-round - Sharp GrainIt produces very fine grain yet with all the high-speed advantages of an ISO 800 film Vibrant Colour ReproductionNo colour mixing between film layers - skin tones will be neutral Faster Image FormationThe enhanced developing process produces a more rapid image - less waiting time for complete development Long-Term StabilityResulting from improved emulsion, development accelerators and development control technology it will keep your images colour-true for years",,5,4.2,,,,,,,,filter,Colour,White,filter,published_online_store,yes,,,,,,,,,,,,,,,,,,,,,,,,,,,,,,,,,,,,,,,,,,,,,,,,,,,,,,
maplin,2025-11-04,,https://www.maplin.co.uk/products/fujifilm-instax-mini-instant-photo-film-white?variant=43401596698845,5055189027923,Fujifilm Instax Mini Instant Photo Film - White,Fujifilm,52.99,Y,,,,White,Pack of 60,,,All Photo & Video,Imaging Accessories,Instant Camera Film,Instax by Fujifilm,[Internal] 30% off Maplin Extra Long Life High Performance Alkaline AA / AAA Batteries when you purchase any of these products,All Products,,https://cdn.shopify.com/s/files/1/0633/2396/3613/products/200b200bd327cec3bf2dd71d02e9c90db3f401dd4a7b_FUJ1685_FS_0.jpg?v=1720528047,https://cdn.shopify.com/s/files/1/0633/2396/3613/products/a075a0753bd1a8f289e85ed51544492d17924b1b902f_FUJ1685_FR_0.jpg?v=1720528051,https://cdn.shopify.com/s/files/1/0633/2396/3613/products/153a153a1e7c5e2a8a7033732eb3c536d3db5fc21def_FUJ1685_R_0.jpg?v=1720528055,https://cdn.shopify.com/s/files/1/0633/2396/3613/files/e60fe60fdfe70c601a66910b1211716aad2fe31a5dd3_FUJ1685_LS_0.jpg?v=1741778222,https://cdn.shopify.com/s/files/1/0633/2396/3613/products/47e447e4f121ea89f35856561486180b40782d271499_FUJ1685_AL_0.jpg?v=1741778222,"The Fujifilm Instax Mini Instant Photo Film is an incredibly sharp, credit card-sized, daylight-balanced ISO 800 film made for use in Instax Mini Series Cameras - Recognised for its excellent colour reproduction, the film has a glossy finish and is an excellent choice for general use, portraiture or even with electronic flash - It's also a fun film to use - easy to load, shoot and best of all - no wasted time at the lab wondering how your images came out - Due to its ""mini"" size, it is easier to carry, file and store when compared to larger, more traditional film formats - Even in low light scenarios, due to its high-speed rating, the Instax Mini Film will produce amazingly sharp images - Another user benefit is that it has been improved to lessen the developing time before you see your print - a real benefit when you're photographing young children who are notorious for wanting everything ""yesterday"" - instax mini Film has also been enhanced to maintain its stability over the years making it a good choice for archival storage - Those pictures you shot when your kid was 4 - or during that trip to Disneyland will still be around long after he's out of high school - Fujifilm has also extended the working temperature range of this film to include 40 - 104F so you need not worry about using it year-round - Sharp GrainIt produces very fine grain yet with all the high-speed advantages of an ISO 800 film Vibrant Colour ReproductionNo colour mixing between film layers - skin tones will be neutral Faster Image FormationThe enhanced developing process produces a more rapid image - less waiting time for complete development Long-Term StabilityResulting from improved emulsion, development accelerators and development control technology it will keep your images colour-true for years",,5,4.2,,,,,,,,filter,Colour,White,filter,published_online_store,yes,,,,,,,,,,,,,,,,,,,,,,,,,,,,,,,,,,,,,,,,,,,,,,,,,,,,,,
maplin,2025-11-04,,https://www.maplin.co.uk/products/fujifilm-instax-mini-instant-photo-film-black?variant=43401597026525,4547410341300,Fujifilm Instax Mini Instant Photo Film - Black,Fujifilm,9.99,Y,,,,Black,Pack of 10,,,All Photo & Video,Imaging Accessories,Instant Camera Film,Instax by Fujifilm,[Internal] 30% off Maplin Extra Long Life High Performance Alkaline AA / AAA Batteries when you purchase any of these products,All Products,,https://cdn.shopify.com/s/files/1/0633/2396/3613/products/f205f205e4a300b4f0183a0d416ca648a5bc583f6095_FUJ1832_FS_0.jpg?v=1720528123,https://cdn.shopify.com/s/files/1/0633/2396/3613/products/3c5b3c5be9e1f8add3088810b85fb3b81a2c5a8c9d56_FUJ1832_LS_0.jpg?v=1720528126,https://cdn.shopify.com/s/files/1/0633/2396/3613/products/5e035e035c3eff565f596533b4bd66bf9bf99bcaf1ec_FUJ1832_AL_0.jpg?v=1720528128,https://cdn.shopify.com/s/files/1/0633/2396/3613/products/a987a987eafe3b95314333f861c248c01e2b1102d848_FUJ1833_FS_0.jpg?v=1720528132,,A refill pack with a difference - make your instant photos even more fun with this decorative film for the use with Fujifilm Instax Mini Instant Photo Film - Each pack contains 10 sheets for taking credit card size photos - Now you can choose from a huge range of coloured and patterned borders for your photos.,,2,5.0,,,,,,,,filter,Colour,Black,filter,published_online_store,yes,,,,,,,,,,,,,,,,,,,,,,,,,,,,,,,,,,,,,,,,,,,,,,,,,,,,,,
maplin,2025-11-04,,https://www.maplin.co.uk/products/fujifilm-instax-mini-instant-photo-film-black?variant=43401597059293,5055189029477,Fujifilm Instax Mini Instant Photo Film - Black,Fujifilm,29.99,Y,,,,Black,Pack of 30,,,All Photo & Video,Imaging Accessories,Instant Camera Film,Instax by Fujifilm,[Internal] 30% off Maplin Extra Long Life High Performance Alkaline AA / AAA Batteries when you purchase any of these products,All Products,,https://cdn.shopify.com/s/files/1/0633/2396/3613/products/f205f205e4a300b4f0183a0d416ca648a5bc583f6095_FUJ1832_FS_0.jpg?v=1720528123,https://cdn.shopify.com/s/files/1/0633/2396/3613/products/3c5b3c5be9e1f8add3088810b85fb3b81a2c5a8c9d56_FUJ1832_LS_0.jpg?v=1720528126,https://cdn.shopify.com/s/files/1/0633/2396/3613/products/5e035e035c3eff565f596533b4bd66bf9bf99bcaf1ec_FUJ1832_AL_0.jpg?v=1720528128,https://cdn.shopify.com/s/files/1/0633/2396/3613/products/a987a987eafe3b95314333f861c248c01e2b1102d848_FUJ1833_FS_0.jpg?v=1720528132,,A refill pack with a difference - make your instant photos even more fun with this decorative film for the use with Fujifilm Instax Mini Instant Photo Film - Each pack contains 10 sheets for taking credit card size photos - Now you can choose from a huge range of coloured and patterned borders for your photos.,,2,5.0,,,,,,,,filter,Colour,Black,filter,published_online_store,yes,,,,,,,,,,,,,,,,,,,,,,,,,,,,,,,,,,,,,,,,,,,,,,,,,,,,,,
maplin,2025-11-04,,https://www.maplin.co.uk/products/nikkai-rca-composite-to-hdmi-converter-adapter-1080p-60hz-up-scaler?variant=43401383968989,5026686002263,Maplin RCA to HDMI Converter 1080p 60HZ Upscaler,Maplin,12.99,Y,,,,,Default Title,,,All PC & Mobile Accessories,Adapters,HDMI Adapters,RCA Monitor Cables & Adapters,RCA Cables & Adapters,[Internal] Blue Light 10%,,https://cdn.shopify.com/s/files/1/0633/2396/3613/files/MAP383_FR_0_1.jpg?v=1751629270,https://cdn.shopify.com/s/files/1/0633/2396/3613/files/MAP383_AL_0.jpg?v=1751629270,https://cdn.shopify.com/s/files/1/0633/2396/3613/files/MAP383_BR_0.jpg?v=1751629270,https://cdn.shopify.com/s/files/1/0633/2396/3613/files/MAP383_FS_0_1.jpg?v=1751629270,https://cdn.shopify.com/s/files/1/0633/2396/3613/files/MAP383_T_0.jpg?v=1751629270,"This Maplin RCA to HDMI Converter 1080p Upscaler is a universal converter for analogue composite input to HDMI 720p or 1080p (60Hz) output - If you want to use your VCR, camcorder, or retro games console on your HDTV or HDMI monitor, simply plug standard composite AV cables (yellow, red, and white) into the input port of the converter, and then connect an HDMI cable from the converter to your TV - Both video and audio are integrated into the HDMI output, providing an all-digital signal to maximise the fidelity of the audio and video.",,5,4.2,,,,,,,,filter,Connectivity,RCA,filter,published_online_store,yes,filter,Resolution,1920 x 1080p (Full HD),,,,,,,,,,,,,,,,,,,,,,,,,,,,,,,,,,,,,,,,,,,,,,,,,,,
maplin,2025-11-04,,https://www.maplin.co.uk/products/maplin-usb-c-male-to-vga-female-adapter-white?variant=43401389605085,5055189035881,"Maplin USB-C to VGA Female Connector Full HD @60Hz Adapter - Silver, 16cm",Maplin,7.99,Y,,,,White,Default Title,,,All PC & Mobile Accessories,Adapters,USB Adapters,VGA Adapters,[Internal] Blue Light 10%,[Internal] Private Label 15%,,https://cdn.shopify.com/s/files/1/0633/2396/3613/files/MAP551_image_1.jpg?v=1744886352,https://cdn.shopify.com/s/files/1/0633/2396/3613/files/MAP551_image_2.jpg?v=1744886378,https://cdn.shopify.com/s/files/1/0633/2396/3613/files/MAP551_image_3.jpg?v=1744886378,https://cdn.shopify.com/s/files/1/0633/2396/3613/files/MAP551_image_4.jpg?v=1744886378,https://cdn.shopify.com/s/files/1/0633/2396/3613/files/MAP551_Image_5.jpg?v=1744886378,The Maplin USB-C to VGA Female Connector Full HD @60Hz Adapter is a compact USB-C to VGA adaptor; easily connect a monitor or projector and display multimedia content directly from a smartphone or laptop.Supports video resolutions up to 1920x1080 Full HD (60Hz)Plug and play operationReversible USB-C connector for hassle-free connectionDurable metal connectors with PVC strain reliefs16cm cable,,1,5.0,,,,,,,,filter,Colour,White,filter,Connectivity,VGA,filter,published_online_store,yes,filter,Resolution,1920 x 1080p (Full HD),,,,,,,,,,,,,,,,,,,,,,,,,,,,,,,,,,,,,,,,,,,,,,,,
maplin,2025-11-04,,https://www.maplin.co.uk/products/maplin-scart-to-s-video-or-triple-rca-adapter?variant=43401395077341,5026686200096,Maplin SCART to S-Video or Triple RCA Adapter,Maplin,7.99,Y,,,,Black,Default Title,,,All PC & Mobile Accessories,Adapters,SCART Adapters,RCA Monitor Cables & Adapters,RCA Cables & Adapters,[Internal] Blue Light 10%,,https://cdn.shopify.com/s/files/1/0633/2396/3613/files/5026686200096-2.jpg?v=1740648764,https://cdn.shopify.com/s/files/1/0633/2396/3613/files/5026686200096.jpg?v=1740648764,https://cdn.shopify.com/s/files/1/0633/2396/3613/files/71h4aOHqDUL._AC_SL1500.jpg?v=1740648764,https://cdn.shopify.com/s/files/1/0633/2396/3613/files/71yEeSy1ETL._AC_SL1500.jpg?v=1740648764,https://cdn.shopify.com/s/files/1/0633/2396/3613/files/71jdiSlodzL._AC_SL1500.jpg?v=1740648764,"The Maplin SCART to S-Video or Triple RCA Adapter allows an in-line s-video or triple phono (RCA) connection to a SCART socket on a television or DVD Player, switchable to an input or an output - The SCART throughput allows a separate SCART device to be connected simultaneously, only one input device should be switched on at any one time.",,3,5.0,,,,,,,,filter,Colour,Black,filter,Connectivity,SCART,filter,published_online_store,yes,,,,,,,,,,,,,,,,,,,,,,,,,,,,,,,,,,,,,,,,,,,,,,,,,,,
maplin,2025-11-04,,https://www.maplin.co.uk/products/nikkai-hdmi-to-rca-composite-converter?variant=43401384493277,5026686002737,Maplin HDMI to RCA Converter 1080p 60HZ Upscaler,Maplin,12.99,Y,,,,White,Default Title,,,All PC & Mobile Accessories,Adapters,HDMI Adapters,RCA Monitor Cables & Adapters,RCA Cables & Adapters,[Internal] Blue Light 10%,,https://cdn.shopify.com/s/files/1/0633/2396/3613/files/5026686002737.jpg?v=1740568763,https://cdn.shopify.com/s/files/1/0633/2396/3613/files/5026686002737-2.jpg?v=1740568763,https://cdn.shopify.com/s/files/1/0633/2396/3613/products/d00bd00b37254457abd88e7086f5f5631c490d83eacb_MAP437_R_0.jpg?v=1740568763,https://cdn.shopify.com/s/files/1/0633/2396/3613/products/ac86ac86e70d14523fbbbc08d8e613d2f16ed6f26bb2_MAP437_AL_0.jpg?v=1740568763,https://cdn.shopify.com/s/files/1/0633/2396/3613/products/702370231a711bc14a01f0b0168c94ffe4cf4ea65a93_MAP437_T_0.jpg?v=1740568763,"This Maplin HDMI to RCA Composite Converter 1080p 60HZ Upscaler is a universal converter for HDMI 720p or 1080p (60Hz) input to analog composite output - If you want to use HDMI device on an older TV or have run out of HDMI connections, simply plug an HDMI cable into the input port of the converter, and then connect standard composite AV cables (yellow, red, and white) from the converter to your TV - Both video and audio are integrated into the RCA output, to maximise the fidelity of the audio and video.",,5,3.6,,,,,,,,filter,Colour,White,filter,Connectivity,RCA,filter,published_online_store,yes,filter,Resolution,1920 x 1080p (Full HD),,,,,,,,,,,,,,,,,,,,,,,,,,,,,,,,,,,,,,,,,,,,,,,,
maplin,2025-11-04,,https://www.maplin.co.uk/products/fujifilm-instax-mini-instant-photo-film-rainbow?variant=43401596797149,4547410225754,Fujifilm Instax Mini Instant Photo Film - Rainbow,Fujifilm,9.99,Y,,,,,Pack of 10,,,All Photo & Video,Imaging Accessories,Instant Camera Film,Instax by Fujifilm,[Internal] 30% off Maplin Extra Long Life High Performance Alkaline AA / AAA Batteries when you purchase any of these products,All Products,,https://cdn.shopify.com/s/files/1/0633/2396/3613/products/deacdeaccc5a14de7ff897667d5ebd3b656beb4d0a5b_FUJ1817_FS_0.jpg?v=1720528071,https://cdn.shopify.com/s/files/1/0633/2396/3613/products/a0b6a0b6bec0ad3f374a4c96f42e54134df6487e59da_FUJ1817_LS_0.jpg?v=1720528074,https://cdn.shopify.com/s/files/1/0633/2396/3613/products/a90aa90ae17b99223b1c18ed2510594d6f5cdfd13ba0_FUJ1817_AL_0.jpg?v=1720528080,https://cdn.shopify.com/s/files/1/0633/2396/3613/products/c2e5c2e5371a0fe08dab7544c063d0ba6d1b522a9768_FUJ1817_LS_1.jpg?v=1720528083,https://cdn.shopify.com/s/files/1/0633/2396/3613/products/e007e00711c0c111c1cba1d2a274ef7c4c6deabba09c_FUJ1823_FS_0.jpg?v=1720528086,A refill pack with a difference - make your instant photos even more fun with this decorative film for the use with Fujifilm Instax Mini Instant Photo Film.Each pack contains 10 sheets for taking credit card size photos - Now you can choose from a huge range of coloured and patterned borders for your photos.,,5,5.0,,,,,,,,filter,published_online_store,yes,,,,,,,,,,,,,,,,,,,,,,,,,,,,,,,,,,,,,,,,,,,,,,,,,,,,,,,,,
maplin,2025-11-04,,https://www.maplin.co.uk/products/fujifilm-instax-mini-instant-photo-film-rainbow?variant=43401596764381,5055189029392,Fujifilm Instax Mini Instant Photo Film - Rainbow,Fujifilm,29.99,Y,,,,,Pack of 30,,,All Photo & Video,Imaging Accessories,Instant Camera Film,Instax by Fujifilm,[Internal] 30% off Maplin Extra Long Life High Performance Alkaline AA / AAA Batteries when you purchase any of these products,All Products,,https://cdn.shopify.com/s/files/1/0633/2396/3613/products/deacdeaccc5a14de7ff897667d5ebd3b656beb4d0a5b_FUJ1817_FS_0.jpg?v=1720528071,https://cdn.shopify.com/s/files/1/0633/2396/3613/products/a0b6a0b6bec0ad3f374a4c96f42e54134df6487e59da_FUJ1817_LS_0.jpg?v=1720528074,https://cdn.shopify.com/s/files/1/0633/2396/3613/products/a90aa90ae17b99223b1c18ed2510594d6f5cdfd13ba0_FUJ1817_AL_0.jpg?v=1720528080,https://cdn.shopify.com/s/files/1/0633/2396/3613/products/c2e5c2e5371a0fe08dab7544c063d0ba6d1b522a9768_FUJ1817_LS_1.jpg?v=1720528083,https://cdn.shopify.com/s/files/1/0633/2396/3613/products/e007e00711c0c111c1cba1d2a274ef7c4c6deabba09c_FUJ1823_FS_0.jpg?v=1720528086,A refill pack with a difference - make your instant photos even more fun with this decorative film for the use with Fujifilm Instax Mini Instant Photo Film.Each pack contains 10 sheets for taking credit card size photos - Now you can choose from a huge range of coloured and patterned borders for your photos.,,5,5.0,,,,,,,,filter,published_online_store,yes,,,,,,,,,,,,,,,,,,,,,,,,,,,,,,,,,,,,,,,,,,,,,,,,,,,,,,,,,
maplin,2025-11-04,,https://www.maplin.co.uk/products/maplin-triple-rca-to-3-x-rca-phono-coupler-female-to-female-extender-connector-adapter?variant=43401396093149,5026686199536,Maplin 3-Way RCA Phono Coupler Adapter Red/White/Yellow Sockets - Black,Maplin,4.99,Y,,,,Black,Default Title,,,All PC & Mobile Accessories,Adapters,RCA Monitor Cables & Adapters,RCA Cables & Adapters,[Internal] Blue Light 10%,[Internal] Private Label 15%,,https://cdn.shopify.com/s/files/1/0633/2396/3613/files/5026686199536.jpg?v=1740652075,https://cdn.shopify.com/s/files/1/0633/2396/3613/files/5026686199536-2.jpg?v=1740652075,https://cdn.shopify.com/s/files/1/0633/2396/3613/files/5026686199536-3.jpg?v=1740652075,,,The Maplin 3-Way RCA Phono Coupler Adapter Red/White/Yellow Sockets will connect two triple phono cables to extend a connection using existing cabling to run AV signal over greater distances.,,1,5.0,,,,,,,,filter,Colour,Black,filter,Connectivity,RCA Phono,filter,published_online_store,yes,,,,,,,,,,,,,,,,,,,,,,,,,,,,,,,,,,,,,,,,,,,,,,,,,,,
maplin,2025-11-04,,https://www.maplin.co.uk/products/maplin-displayport-to-vga-adapter-black-0-23m?variant=43401387606237,5055189035669,"Maplin DisplayPort to VGA Female Adapter - Black, 23cm",Maplin,11.99,Y,,,,Black,Default Title,,,All PC & Mobile Accessories,Adapters,DisplayPort Adapters,VGA Adapters,[Internal] Blue Light 10%,[Internal] Private Label 15%,,https://cdn.shopify.com/s/files/1/0633/2396/3613/files/MAP528_image_1_42658b8f-9f5b-488f-a061-97caa4847362.jpg?v=1736251357,https://cdn.shopify.com/s/files/1/0633/2396/3613/files/MAP528_image_2.jpg?v=1736251357,https://cdn.shopify.com/s/files/1/0633/2396/3613/files/MAP528_Image_3_8c13deef-ba05-432c-a589-1194714e91bd.jpg?v=1736251357,https://cdn.shopify.com/s/files/1/0633/2396/3613/files/MAP528_Image_4_caef8ab4-f731-4f9b-b0f3-6b0d3bef0c58.jpg?v=1736251357,https://cdn.shopify.com/s/files/1/0633/2396/3613/files/MAP528_Image_5_a2799588-7f89-4551-b6d6-43344b6b7951.jpg?v=1736251357,"The Maplin DisplayPort to VGA Female Adapter lets you connect your DisplayPort-equipped desktop or laptop computer to a VGA TV monitor or projector, eliminating the expense of upgrading to a DisplayPort display.The adapter supports resolutions up to 1920x1200 including 1080p ensuring you can convert your DisplayPort video source to work with your VGA projector or display without sacrificing video quality.For a hassle-free setup, the DisplayPort adapter allows for plug-and-play installation with no software or drivers required - It has a 23cm cable.",,2,2.5,,,,,,,,filter,Colour,Black,filter,Connectivity,VGA,filter,published_online_store,yes,filter,Resolution,1920 x 1080p (Full HD),,,,,,,,,,,,,,,,,,,,,,,,,,,,,,,,,,,,,,,,,,,,,,,,
maplin,2025-11-04,,https://www.maplin.co.uk/products/maplin-hdmi-switch-3-ports-in-1-port-out-4k-60hz-resolution-with-remote-control-black?variant=43401435087069,5055189034501,Maplin HDMI Switch 3 Ports In 1 Port Out 4K Ultra HD @60Hz with Remote Control - Black,Maplin,19.99,Y,,,,Black,Default Title,,,All PC & Mobile Accessories,HDMI Splitters & Switches,[Internal] Blue Light 10%,[Internal] Private Label 15%,Learn more about Maplin,[Internal] 30% off Maplin Extra Long Life High Performance Alkaline AA / AAA Batteries when you purchase any of these products,,https://cdn.shopify.com/s/files/1/0633/2396/3613/files/MAP507_Image_1.jpg?v=1720525990,https://cdn.shopify.com/s/files/1/0633/2396/3613/files/MAP507_Image_2.jpg?v=1743686565,https://cdn.shopify.com/s/files/1/0633/2396/3613/files/MAP507_Image_3.jpg?v=1743686565,https://cdn.shopify.com/s/files/1/0633/2396/3613/files/MAP507_Image_4.jpg?v=1720526002,https://cdn.shopify.com/s/files/1/0633/2396/3613/files/MAP507_Image_5.jpg?v=1720526009,"Use the Maplin HDMI Switch 3 Ports In 1 Port Out Ultra HD 4K@60Hz with Remote Control to connect multiple devices with one screen (TV, projector or LED monitor) - This switch with 3 input ports can connect 3 devices at the same time which can avoid frequent disconnection and reconnection - Saving you time and money.4K resolution supported so you can enjoy high-quality viewing at home or at work - Powered by USB, 1m Micro USB cable included.HDMI Input Devices:DVD Players, Blue-Ray Players, Camcorders, SAT Receivers, Digital cameras, PCs, MAC Notebooks, XBOX 360, PS3, PS4, Nintendo Wii U, Laptop, PC, TiVo, Vizio, Sony and many more.HDMI Output Devices:LCD TV, Plasma TV, TFT, Projector, HD-Ready or FULL HD TV - It is suitable for all HDMI devices - Backward compatible with older HDMI devices and gadgets.USB-A power cable included.Infra red port and receiver suppliedMax HDMI cable length that will work with the unit is 10m.Remote Control requires 2 X AAA Alkaline batteries not included.USB Charger not included.",,5,5.0,,,,,,,,filter,Colour,Black,filter,Connectivity,HDMI,filter,HDMI Version,2.0,filter,published_online_store,yes,filter,Resolution,3840 x 2160p (4K Ultra HD),,,,,,,,,,,,,,,,,,,,,,,,,,,,,,,,,,,,,,,,,,,,,
maplin,2025-11-04,,https://www.maplin.co.uk/products/fujifilm-instax-mini-instant-photo-film-pink-lemonade?variant=43401596993757,4547410374094,Fujifilm Instax Mini Instant Photo Film - Pink Lemonade,Fujifilm,9.99,Y,,,,Pink,Pack of 10,,,All Photo & Video,Imaging Accessories,Instant Camera Film,Instax by Fujifilm,[Internal] 30% off Maplin Extra Long Life High Performance Alkaline AA / AAA Batteries when you purchase any of these products,All Products,,https://cdn.shopify.com/s/files/1/0633/2396/3613/products/ad4aad4ad187f98f35276d6a0dc0c3abd64cdf713c99_FUJ1828_FS_0.jpg?v=1720528107,https://cdn.shopify.com/s/files/1/0633/2396/3613/products/ea22ea2242b855675eab1198976f3212e971105257ea_FUJ1828_LS_0.jpg?v=1720528110,https://cdn.shopify.com/s/files/1/0633/2396/3613/products/d1b0d1b0712623ce572c51443ec92b775a05ddd68245_FUJ1828_AL_0.jpg?v=1720528116,https://cdn.shopify.com/s/files/1/0633/2396/3613/products/887e887ebea8f5030123aa548702522f04a8a8411233_FUJ1829_FS_0.jpg?v=1720528120,,A refill pack with a difference - make your instant photos even more fun with this decorative film for the use with Fujifilm Instax Mini Instant Photo Film - Each pack contains 10 sheets for taking credit card size photos - Now you can choose from a huge range of coloured and patterned borders for your photos.,,2,5.0,,,,,,,,filter,Colour,Pink,filter,published_online_store,yes,,,,,,,,,,,,,,,,,,,,,,,,,,,,,,,,,,,,,,,,,,,,,,,,,,,,,,
maplin,2025-11-04,,https://www.maplin.co.uk/products/fujifilm-instax-mini-instant-photo-film-pink-lemonade?variant=43401596960989,5055189029422,Fujifilm Instax Mini Instant Photo Film - Pink Lemonade,Fujifilm,29.99,Y,,,,Pink,Pack of 30,,,All Photo & Video,Imaging Accessories,Instant Camera Film,Instax by Fujifilm,[Internal] 30% off Maplin Extra Long Life High Performance Alkaline AA / AAA Batteries when you purchase any of these products,All Products,,https://cdn.shopify.com/s/files/1/0633/2396/3613/products/ad4aad4ad187f98f35276d6a0dc0c3abd64cdf713c99_FUJ1828_FS_0.jpg?v=1720528107,https://cdn.shopify.com/s/files/1/0633/2396/3613/products/ea22ea2242b855675eab1198976f3212e971105257ea_FUJ1828_LS_0.jpg?v=1720528110,https://cdn.shopify.com/s/files/1/0633/2396/3613/products/d1b0d1b0712623ce572c51443ec92b775a05ddd68245_FUJ1828_AL_0.jpg?v=1720528116,https://cdn.shopify.com/s/files/1/0633/2396/3613/products/887e887ebea8f5030123aa548702522f04a8a8411233_FUJ1829_FS_0.jpg?v=1720528120,,A refill pack with a difference - make your instant photos even more fun with this decorative film for the use with Fujifilm Instax Mini Instant Photo Film - Each pack contains 10 sheets for taking credit card size photos - Now you can choose from a huge range of coloured and patterned borders for your photos.,,2,5.0,,,,,,,,filter,Colour,Pink,filter,published_online_store,yes,,,,,,,,,,,,,,,,,,,,,,,,,,,,,,,,,,,,,,,,,,,,,,,,,,,,,,
maplin,2025-11-04,,https://www.maplin.co.uk/products/fujifilm-instax-mini-border-instant-photo-film-sky-blue?variant=43401598533853,4547410341317,Fujifilm Instax Mini Border Instant Photo Film - Sky Blue,Fujifilm,9.99,Y,,,,,Pack of 10,,,All Photo & Video,Imaging Accessories,Instant Camera Film,Instax by Fujifilm,[Internal] 30% off Maplin Extra Long Life High Performance Alkaline AA / AAA Batteries when you purchase any of these products,All Products,,https://cdn.shopify.com/s/files/1/0633/2396/3613/products/f818f818962221b8f5652115e61ad9be3535e6c2ca7a_FUJ1827_FS_0.jpg?v=1720528830,https://cdn.shopify.com/s/files/1/0633/2396/3613/products/efa7efa721d97414f2af190a9ffd6e250ede87cd4ecf_FUJ1827_LS_0.jpg?v=1720528833,https://cdn.shopify.com/s/files/1/0633/2396/3613/products/08f308f3198141d6daf0f52b77381964b0c155dd36b5_FUJ1827_AL_0.jpg?v=1720528837,https://cdn.shopify.com/s/files/1/0633/2396/3613/products/fd34fd349a014cdc9309bcebc2172a19f2b2165b8795_FUJ1830_FS_0.jpg?v=1720528840,,A refill pack with a difference - make your instant photos even more fun with this decorative film for the use with Fujifilm Instax Mini Border Instant Photo Film - Each pack contains 10 sheets for taking credit card size photos - Now you can choose from a huge range of coloured and patterned borders for your photos.,,0,0.0,,,,,,,,filter,published_online_store,yes,,,,,,,,,,,,,,,,,,,,,,,,,,,,,,,,,,,,,,,,,,,,,,,,,,,,,,,,,
maplin,2025-11-04,,https://www.maplin.co.uk/products/fujifilm-instax-mini-border-instant-photo-film-sky-blue?variant=43401598501085,5055189029439,Fujifilm Instax Mini Border Instant Photo Film - Sky Blue,Fujifilm,29.99,Y,,,,,Pack of 30,,,All Photo & Video,Imaging Accessories,Instant Camera Film,Instax by Fujifilm,[Internal] 30% off Maplin Extra Long Life High Performance Alkaline AA / AAA Batteries when you purchase any of these products,All Products,,https://cdn.shopify.com/s/files/1/0633/2396/3613/products/f818f818962221b8f5652115e61ad9be3535e6c2ca7a_FUJ1827_FS_0.jpg?v=1720528830,https://cdn.shopify.com/s/files/1/0633/2396/3613/products/efa7efa721d97414f2af190a9ffd6e250ede87cd4ecf_FUJ1827_LS_0.jpg?v=1720528833,https://cdn.shopify.com/s/files/1/0633/2396/3613/products/08f308f3198141d6daf0f52b77381964b0c155dd36b5_FUJ1827_AL_0.jpg?v=1720528837,https://cdn.shopify.com/s/files/1/0633/2396/3613/products/fd34fd349a014cdc9309bcebc2172a19f2b2165b8795_FUJ1830_FS_0.jpg?v=1720528840,,A refill pack with a difference - make your instant photos even more fun with this decorative film for the use with Fujifilm Instax Mini Border Instant Photo Film - Each pack contains 10 sheets for taking credit card size photos - Now you can choose from a huge range of coloured and patterned borders for your photos.,,0,0.0,,,,,,,,filter,published_online_store,yes,,,,,,,,,,,,,,,,,,,,,,,,,,,,,,,,,,,,,,,,,,,,,,,,,,,,,,,,,
maplin,2025-11-04,,https://www.maplin.co.uk/products/fujifilm-instax-wide-picture-format-instant-photo-film-white?variant=43401597845725,4547410546705,Fujifilm Instax Wide Picture Format Instant Photo Film - White,Fujifilm,19.99,Y,,,,White,Pack of 20,,,All Photo & Video,Imaging Accessories,Instant Camera Film,Instax by Fujifilm,[Internal] 30% off Maplin Extra Long Life High Performance Alkaline AA / AAA Batteries when you purchase any of these products,All Products,,https://cdn.shopify.com/s/files/1/0633/2396/3613/products/94379437ee5bde787a019e78079a1c4edaae8ad2608b_FUJ912_FS_0.jpg?v=1720528767,https://cdn.shopify.com/s/files/1/0633/2396/3613/products/aea8aea86552131c8f516bb385a06b68b6008c829b70_FUJ912_LS_0.jpg?v=1720528771,https://cdn.shopify.com/s/files/1/0633/2396/3613/products/ebb2ebb259f02048d9ac7844415f5c426ecc5e94e4cb_FUJ912_AL_0.jpg?v=1720528778,https://cdn.shopify.com/s/files/1/0633/2396/3613/products/244024404da33b2a223fa40bb3c1409f1c7f3168f9d1_FUJ1713_FS_0.jpg?v=1720528782,https://cdn.shopify.com/s/files/1/0633/2396/3613/products/15d615d64f5ea40111d22b3982da331a83853b420829_FUJ1714_FS_0.jpg?v=1720528785,"The easy-load cartridge that slots into the Instax Wide Format cameras deliver superb quality instant images in a new landscape (oblong) format that is a refreshing change from the square picture shape long associated with instants.Based on the same instant film technology that has long benefited the work of demanding professionals, the Fujifilm Instax Wide Picture Format Instant Photo Film achieves a level of image quality and colour accuracy that was hitherto thought impossible from these kinds of films - bringing brilliant instant pictures within everybody's grasp.Film size: 108 (W) x 86 (H) mmPicture size: 99 (W) x 62 (H) mm",,0,0.0,,,,,,,,filter,Colour,White,filter,published_online_store,yes,,,,,,,,,,,,,,,,,,,,,,,,,,,,,,,,,,,,,,,,,,,,,,,,,,,,,,
maplin,2025-11-04,,https://www.maplin.co.uk/products/fujifilm-instax-wide-picture-format-instant-photo-film-white?variant=43401597944029,5055189027961,Fujifilm Instax Wide Picture Format Instant Photo Film - White,Fujifilm,37.99,Y,,,,White,Pack of 40,,,All Photo & Video,Imaging Accessories,Instant Camera Film,Instax by Fujifilm,[Internal] 30% off Maplin Extra Long Life High Performance Alkaline AA / AAA Batteries when you purchase any of these products,All Products,,https://cdn.shopify.com/s/files/1/0633/2396/3613/products/94379437ee5bde787a019e78079a1c4edaae8ad2608b_FUJ912_FS_0.jpg?v=1720528767,https://cdn.shopify.com/s/files/1/0633/2396/3613/products/aea8aea86552131c8f516bb385a06b68b6008c829b70_FUJ912_LS_0.jpg?v=1720528771,https://cdn.shopify.com/s/files/1/0633/2396/3613/products/ebb2ebb259f02048d9ac7844415f5c426ecc5e94e4cb_FUJ912_AL_0.jpg?v=1720528778,https://cdn.shopify.com/s/files/1/0633/2396/3613/products/244024404da33b2a223fa40bb3c1409f1c7f3168f9d1_FUJ1713_FS_0.jpg?v=1720528782,https://cdn.shopify.com/s/files/1/0633/2396/3613/products/15d615d64f5ea40111d22b3982da331a83853b420829_FUJ1714_FS_0.jpg?v=1720528785,"The easy-load cartridge that slots into the Instax Wide Format cameras deliver superb quality instant images in a new landscape (oblong) format that is a refreshing change from the square picture shape long associated with instants.Based on the same instant film technology that has long benefited the work of demanding professionals, the Fujifilm Instax Wide Picture Format Instant Photo Film achieves a level of image quality and colour accuracy that was hitherto thought impossible from these kinds of films - bringing brilliant instant pictures within everybody's grasp.Film size: 108 (W) x 86 (H) mmPicture size: 99 (W) x 62 (H) mm",,0,0.0,,,,,,,,filter,Colour,White,filter,published_online_store,yes,,,,,,,,,,,,,,,,,,,,,,,,,,,,,,,,,,,,,,,,,,,,,,,,,,,,,,
maplin,2025-11-04,,https://www.maplin.co.uk/products/fujifilm-instax-wide-picture-format-instant-photo-film-white?variant=43401597911261,5055189027954,Fujifilm Instax Wide Picture Format Instant Photo Film - White,Fujifilm,56.5,Y,,,,White,Pack of 60,,,All Photo & Video,Imaging Accessories,Instant Camera Film,Instax by Fujifilm,[Internal] 30% off Maplin Extra Long Life High Performance Alkaline AA / AAA Batteries when you purchase any of these products,All Products,,https://cdn.shopify.com/s/files/1/0633/2396/3613/products/94379437ee5bde787a019e78079a1c4edaae8ad2608b_FUJ912_FS_0.jpg?v=1720528767,https://cdn.shopify.com/s/files/1/0633/2396/3613/products/aea8aea86552131c8f516bb385a06b68b6008c829b70_FUJ912_LS_0.jpg?v=1720528771,https://cdn.shopify.com/s/files/1/0633/2396/3613/products/ebb2ebb259f02048d9ac7844415f5c426ecc5e94e4cb_FUJ912_AL_0.jpg?v=1720528778,https://cdn.shopify.com/s/files/1/0633/2396/3613/products/244024404da33b2a223fa40bb3c1409f1c7f3168f9d1_FUJ1713_FS_0.jpg?v=1720528782,https://cdn.shopify.com/s/files/1/0633/2396/3613/products/15d615d64f5ea40111d22b3982da331a83853b420829_FUJ1714_FS_0.jpg?v=1720528785,"The easy-load cartridge that slots into the Instax Wide Format cameras deliver superb quality instant images in a new landscape (oblong) format that is a refreshing change from the square picture shape long associated with instants.Based on the same instant film technology that has long benefited the work of demanding professionals, the Fujifilm Instax Wide Picture Format Instant Photo Film achieves a level of image quality and colour accuracy that was hitherto thought impossible from these kinds of films - bringing brilliant instant pictures within everybody's grasp.Film size: 108 (W) x 86 (H) mmPicture size: 99 (W) x 62 (H) mm",,0,0.0,,,,,,,,filter,Colour,White,filter,published_online_store,yes,,,,,,,,,,,,,,,,,,,,,,,,,,,,,,,,,,,,,,,,,,,,,,,,,,,,,,
maplin,2025-11-04,,https://www.maplin.co.uk/products/nikkai-hdmi-splitter-1port-in-2-port-out-1080p-60hz-black?variant=43401434759389,5026686002102,Maplin HDMI Splitter 1 Port In 2 Ports Out 4K Ultra HD @30Hz 10.2Gbps,Maplin,19.99,Y,,,,Black,Default Title,,,All PC & Mobile Accessories,HDMI Splitters & Switches,[Internal] Blue Light 10%,[Internal] Private Label 15%,Learn more about Maplin,[Internal] 30% off Maplin Extra Long Life High Performance Alkaline AA / AAA Batteries when you purchase any of these products,,https://cdn.shopify.com/s/files/1/0633/2396/3613/files/MAP265_APLUS_HDMI_SPLITTER_1.jpg?v=1754985289,https://cdn.shopify.com/s/files/1/0633/2396/3613/files/MAP265_FL_1.jpg?v=1754985289,https://cdn.shopify.com/s/files/1/0633/2396/3613/files/MAP265_APLUS_HDMI_SPLITTER_2.jpg?v=1754985289,https://cdn.shopify.com/s/files/1/0633/2396/3613/files/MAP265_APLUS_HDMI_SPLITTER_3.jpg?v=1754985289,https://cdn.shopify.com/s/files/1/0633/2396/3613/files/MAP265_APLUS_HDMI_SPLITTER_4.jpg?v=1754985289,Use the Maplin HDMI Splitter 1 Port In 2 Ports Out 4K Ultra HD @30Hz 10.2Gbps for amplifying and splitting the HDMI signal to 2 monitors displays or televisions at the same time without video quality distortion - Supporting HDMI Resolution up to 4K@30fs and supports 3D HDMI Bandwidth Rate 10.2 Gbps Specifications Dimensions: 180 x 100 x 22mmWeight: 184g,,4,5.0,,,,,,,,filter,Colour,Black,filter,Connectivity,HDMI,filter,published_online_store,yes,filter,Resolution,3840 x 2160p (4K Ultra HD),,,,,,,,,,,,,,,,,,,,,,,,,,,,,,,,,,,,,,,,,,,,,,,,
maplin,2025-11-04,,https://www.maplin.co.uk/products/maplin-hdmi-switch-3-port-in-1-port-out-4k-30hz-resolution-with-remote-control-black?variant=43401435676893,5026686002072,Maplin HDMI Switch 3 Ports In 1 Port Out 4K Ultra HD @30Hz with Remote Control - Black,Maplin,15.99,Y,,,,Black,Default Title,,,All PC & Mobile Accessories,HDMI Splitters & Switches,[Internal] Blue Light 10%,[Internal] Private Label 15%,Learn more about Maplin,[Internal] 30% off Maplin Extra Long Life High Performance Alkaline AA / AAA Batteries when you purchase any of these products,,https://cdn.shopify.com/s/files/1/0633/2396/3613/files/MAP262_Image_1.jpg?v=1720526026,https://cdn.shopify.com/s/files/1/0633/2396/3613/files/MAP262_BR_0.jpg?v=1743686605,https://cdn.shopify.com/s/files/1/0633/2396/3613/files/MAP262_Image_2.jpg?v=1743686605,https://cdn.shopify.com/s/files/1/0633/2396/3613/files/MAP262_Image_3.jpg?v=1743686605,https://cdn.shopify.com/s/files/1/0633/2396/3613/files/MAP262_Image_4.jpg?v=1743686605,"Use the Maplin HDMI Switch 3 Ports In 1 Port Out 4K Ultra HD @30Hz with Remote Control connects multiple devices such as a gaming console, set top box and computer with one screen such as a television or monitor - This switch with 3 input ports can connect 3 devices at the same time which can avoid frequent disconnection and reconnection - Selection of device can be made with the remote control - 4K resolution supported at 30Hz, so you can enjoy high-quality Ultra HD viewing at home or at work - HDMI Input Devices:DVD Players, Blue-Ray Players, Camcorders, SAT Receivers, Digital cameras, PCs, MAC Notebooks, XBOX 360, PS3, PS4, Nintendo Wii U, Laptop, PC, TiVo, Vizio, Sony and many more.HDMI Output Devices:LCD TV, Plasma TV, TFT, Projector, HD-Ready or FULL HD TV - It is suitable for all HDMI devices - Backward compatible with older HDMI devices and gadgets - Max HDMI cable length that will work with the unit is 10m - Specifications Dimensions: 5.5 x 16.9 x 12cmWeight: 315g",,5,4.2,,,,,,,,filter,Colour,Black,filter,Connectivity,HDMI,filter,HDMI Version,2.0,filter,published_online_store,yes,filter,Resolution,3840 x 2160p (4K Ultra HD),,,,,,,,,,,,,,,,,,,,,,,,,,,,,,,,,,,,,,,,,,,,,
maplin,2025-11-04,,https://www.maplin.co.uk/products/ricoh-tr-1-bluetooth-remote-control-for-theta-series?variant=43401567600861,0026649107696,Ricoh TR-1 Bluetooth Remote Control for Theta Series,Ricoh,34.99,Y,,,,Black,Default Title,,,All Photo & Video,Photo,360 Cameras,[Internal] Blue Light 10%,[Internal] 30% off Maplin Extra Long Life High Performance Alkaline AA / AAA Batteries when you purchase any of these products,All Products,,https://cdn.shopify.com/s/files/1/0633/2396/3613/products/537a537a807999bb8bf71154380e9f637a2ae3912adb_RIC207_FS_1.jpg?v=1720527798,https://cdn.shopify.com/s/files/1/0633/2396/3613/products/05f4b616-2886-4b3c-bc99-180605485f63.jpg?v=1720527801,https://cdn.shopify.com/s/files/1/0633/2396/3613/products/32c232c2fac9b04916eb70abe16284924ee50a3cc605_RIC207_LS_1.jpg?v=1720527803,https://cdn.shopify.com/s/files/1/0633/2396/3613/products/6b886b88e01a039eb7c16d8e4bc2c0a0bc13b546db3f_RIC207_LS_0.jpg?v=1720527807,https://cdn.shopify.com/s/files/1/0633/2396/3613/products/ee91ee91380ada63679983ffc131fd176efce816d5c8_RIC207_FS_0.jpg?v=1720527810,The Ricoh TR-1 Bluetooth Remote Control for Theta Series allows you to easily operate your Theta camera remotely by just pressing the shutter button - The power saving design uses Bluetooth Low Energy - It features a splash-proof construction with a thin body of just 12mm thickness - Its powered by a coin cell lithium battery CR2032 and an attachment for selfie stick (TM-2/TM-3) - Specifications ﻿Connectivity: BluetoothMax - range: 10mWeight: 50g,,0,0.0,,,,,,,,filter,Colour,Black,filter,published_online_store,yes,filter,Wireless,Bluetooth,,,,,,,,,,,,,,,,,,,,,,,,,,,,,,,,,,,,,,,,,,,,,,,,,,,
maplin,2025-11-04,,https://www.maplin.co.uk/products/ricoh-theta-z1-51gb-spherical-4k-ultra-hd-360-23mp-camera-black?variant=43401567469789,0026649564185,Ricoh Theta Z1 51GB Spherical 4K Ultra HD 360 23MP Camera - Black,Ricoh,1149.0,Y,,,,Black,Default Title,,,All Photo & Video,Photo,360 Cameras,[Internal] Blue Light 10%,[Internal] 30% off Maplin Extra Long Life High Performance Alkaline AA / AAA Batteries when you purchase any of these products,All Products,,https://cdn.shopify.com/s/files/1/0633/2396/3613/products/027f027f2b99b63ca9e2ab3d205c46d44ae237ca610b_RIC182_FS_0.jpg?v=1720526237,https://cdn.shopify.com/s/files/1/0633/2396/3613/products/f65ff65fee1045714348d5b0d219c810782a5f0e5359_RIC182_FS_1.jpg?v=1720526242,https://cdn.shopify.com/s/files/1/0633/2396/3613/products/3fbe3fbeef28d333cdd69a986a0031147e09edc3d5f6_RIC182_FR_0.jpg?v=1720526247,https://cdn.shopify.com/s/files/1/0633/2396/3613/products/35973597e39037189b30eff999e58da45443e7a7e517_RIC182_FL_1.jpg?v=1720526253,https://cdn.shopify.com/s/files/1/0633/2396/3613/products/d36ad36a6fcd89cd7d9ad29f84b4d9943c6ae94c330f_RIC182_R_0.jpg?v=1720526257,"Striving for ease-of-use with amazing high performance, the Ricoh Theta Z1 Spherical 4K Ultra HD 360 Camera records natural 23MP resolution 360-degree still images using a large sensor and a new type of lens unit - A new image processing algorithm and shooting modes can be used to suit the scene - You can also record high-quality 4K 360-degree videos using the latest image stabilization technology - Records natural 360° images using 7K (6720 x 3360, approx - 23MP) still image shooting and highly accurate image stitching.Demonstrates superior noise reduction performance even when shooting at night or indoors with low light due to the equipped 1.0-inch type back illuminated CMOS image sensor.Using a newly developed lens unit reduces ghosting, flare and fringing - Aperture mechanism improves perceived resolution and reduces blown out highlights.Supports various shooting scenarios using a variety of shooting modes.Produces incredibly realistic spherical video by 4K (3840 x 1920, 29.97fps) quality.It is possible to save in RAW (DNG) format for the first time in THETA series - (Can also save in JPEG at the same time.)Supports 360° live streaming in 4K - Transmits excellent quality real-looking image to the world.Equipped with a 4-channel microphone - 4 microphones are built into the camera to independently record sound from 4 different directions when shooting video.Uses Qualcomm’s Snapdragon - Transfer speed for both still images and videos has been dramatically improved.A magnesium alloy that combines a high-grade feel with robustness is used for the camera body.While being equipped with a large image sensor, the internal construction of the camera has been optimized to produce unprecedented high performance and high quality at this size.Equipped with a display panel to enable you to check information such as the battery level, number of recordable still images and the shooting mode.Records 4K video with 360° spatial audio for a more realistic VR world - Specifications Still resolution: 23 megapixelsSensor size: 1-inchMaximum shutter speed: 60 seconds4K Ultra HD 360-degree videoContinuous shooting speed: 30 fpsISO range: 80 - 6400Max - focal length: 7mmMin - focal length: 2.6mmDimensions: 13.3 x 4.8 x 3cmWeight: 182g",,0,0.0,,,,,,,,filter,Colour,Black,filter,Megapixels,23 MP,filter,published_online_store,yes,filter,Resolution,3840 x 2160p (4K Ultra HD),,,,,,,,,,,,,,,,,,,,,,,,,,,,,,,,,,,,,,,,,,,,,,,,
maplin,2025-11-04,,https://www.maplin.co.uk/products/fujifilm-instax-mini-liplay-hybrid-instant-camera-blush-gold?variant=43401494233309,4547410413267,Fujifilm Instax Mini LiPlay Hybrid Instant Camera - Blush Gold,Fujifilm,149.99,Y,,,,Gold,Camera Only,,,All Photo & Video,Photo,Instant Cameras,Instax by Fujifilm,[Internal] 30% off Maplin Extra Long Life High Performance Alkaline AA / AAA Batteries when you purchase any of these products,All Products,,https://cdn.shopify.com/s/files/1/0633/2396/3613/files/c4ae6821093a2bcd9070c760b4fefda28fdc2658_FUJ1885_FL_0_b36e4c01-417d-4867-a0c2-50a846171a81.jpg?v=1740415787,https://cdn.shopify.com/s/files/1/0633/2396/3613/files/7758999c435fd5822a1515796847b203ac401b85_FUJ1882_AL_0_3b7e65a8-3abc-4207-a562-7dd377a4bd8c.jpg?v=1740415787,https://cdn.shopify.com/s/files/1/0633/2396/3613/files/6dcc2f6f77a12b99f852c8c3de964438311e9c95_FUJ1882_BS_0_0143f341-66c8-4656-8eed-d03a90e98882.jpg?v=1740415787,https://cdn.shopify.com/s/files/1/0633/2396/3613/files/dea805b2a5d0abf309a31df0618168b6cce2b12f_FUJ1882_CO_0_a66fe5b8-3969-45c3-be3e-a9f8a653defb.jpg?v=1740415787,https://cdn.shopify.com/s/files/1/0633/2396/3613/files/8fb43b5f11bcf739004eb23e646e967d64979cec_FUJ1938_FS_0_da9e6619-9c2a-4901-9f64-7e32d616b49e.jpg?v=1740415787,"The Fujifilm Instax Mini LiPlay Hybrid Instant Camera may be the smallest instax ever but this all-new 2-in-1 hybrid instant camera is no pussycat - When it comes to having fun, LiPlay throws an almighty punch.First, there's a whole lot to love - For starters this isn't just an instant camera - Its also a smart little printer, so you can print straight from your Smartphone instantly too.Then there's the LCD screen, selfie mirror, the sound recording setting, the ability to control the camera directly from your Smartphone via the app, and finally some eye-catching frames and filters.Design FocusedThe stylish 2-in-1 LiPlay is the smallest and lightest instax model ever perfect for the tiniest of bags (or even pockets) - Yet we've still managed to include new in-camera charging and space for your Micro SD card - So you're always ready to go.Available in Elegant Black, Blush Gold and Stone White the LiPlay really is a bit of a stunner.Change Up Your LookWings, anyone? How about a crown or even a moustache? Perhaps the odd speech bubble or maybe even a photo within a photo?With 30 smart and quirky frames and filters to pick from, plus a flash you can turn on or off, you really can play with your snaps until your hearts content - All before hitting print.Now Were TalkingLets hear it for LiPlay - When the new ""record and convert to QR"" mode is selected, a short sound clip is recorded with every shot.This sound clip is then printed onto your picture as a QR code, ready for your Smartphone to read and transport you right back to that awesome moment.Remote ControlNot one to shy away from a photo op, LiPlay lets you get into the shot every time - Working with your Smartphone, you can control this clever little instax camera remotely via Bluetooth.Simply set up, get into the shot and watch the magic all come together.Get To The Point, FastThere's nothing wrong with a bit of favouritism - That's why LiPlay has three shortcut buttons located handily on the side of the camera - Pick your favourite design frames, program them in and they're ready when you are.After all, this is a 2-in-1 instant camera so you should be able to print your memories, with your favourite design, fast.",,0,0.0,,,,,,,,filter,Colour,Gold,filter,Features,Selfie mirror,filter,published_online_store,yes,filter,Wireless,Bluetooth,,,,,,,,,,,,,,,,,,,,,,,,,,,,,,,,,,,,,,,,,,,,,,,,
maplin,2025-11-04,,https://www.maplin.co.uk/products/fujifilm-instax-mini-liplay-hybrid-instant-camera-blush-gold?variant=43401494167773,5055189032231,Fujifilm Instax Mini LiPlay Hybrid Instant Camera - Blush Gold,Fujifilm,149.99,Y,,,,Gold,Camera + Pouch + Strap,,,All Photo & Video,Photo,Instant Cameras,Instax by Fujifilm,[Internal] 30% off Maplin Extra Long Life High Performance Alkaline AA / AAA Batteries when you purchase any of these products,All Products,,https://cdn.shopify.com/s/files/1/0633/2396/3613/files/c4ae6821093a2bcd9070c760b4fefda28fdc2658_FUJ1885_FL_0_b36e4c01-417d-4867-a0c2-50a846171a81.jpg?v=1740415787,https://cdn.shopify.com/s/files/1/0633/2396/3613/files/7758999c435fd5822a1515796847b203ac401b85_FUJ1882_AL_0_3b7e65a8-3abc-4207-a562-7dd377a4bd8c.jpg?v=1740415787,https://cdn.shopify.com/s/files/1/0633/2396/3613/files/6dcc2f6f77a12b99f852c8c3de964438311e9c95_FUJ1882_BS_0_0143f341-66c8-4656-8eed-d03a90e98882.jpg?v=1740415787,https://cdn.shopify.com/s/files/1/0633/2396/3613/files/dea805b2a5d0abf309a31df0618168b6cce2b12f_FUJ1882_CO_0_a66fe5b8-3969-45c3-be3e-a9f8a653defb.jpg?v=1740415787,https://cdn.shopify.com/s/files/1/0633/2396/3613/files/8fb43b5f11bcf739004eb23e646e967d64979cec_FUJ1938_FS_0_da9e6619-9c2a-4901-9f64-7e32d616b49e.jpg?v=1740415787,"The Fujifilm Instax Mini LiPlay Hybrid Instant Camera may be the smallest instax ever but this all-new 2-in-1 hybrid instant camera is no pussycat - When it comes to having fun, LiPlay throws an almighty punch.First, there's a whole lot to love - For starters this isn't just an instant camera - Its also a smart little printer, so you can print straight from your Smartphone instantly too.Then there's the LCD screen, selfie mirror, the sound recording setting, the ability to control the camera directly from your Smartphone via the app, and finally some eye-catching frames and filters.Design FocusedThe stylish 2-in-1 LiPlay is the smallest and lightest instax model ever perfect for the tiniest of bags (or even pockets) - Yet we've still managed to include new in-camera charging and space for your Micro SD card - So you're always ready to go.Available in Elegant Black, Blush Gold and Stone White the LiPlay really is a bit of a stunner.Change Up Your LookWings, anyone? How about a crown or even a moustache? Perhaps the odd speech bubble or maybe even a photo within a photo?With 30 smart and quirky frames and filters to pick from, plus a flash you can turn on or off, you really can play with your snaps until your hearts content - All before hitting print.Now Were TalkingLets hear it for LiPlay - When the new ""record and convert to QR"" mode is selected, a short sound clip is recorded with every shot.This sound clip is then printed onto your picture as a QR code, ready for your Smartphone to read and transport you right back to that awesome moment.Remote ControlNot one to shy away from a photo op, LiPlay lets you get into the shot every time - Working with your Smartphone, you can control this clever little instax camera remotely via Bluetooth.Simply set up, get into the shot and watch the magic all come together.Get To The Point, FastThere's nothing wrong with a bit of favouritism - That's why LiPlay has three shortcut buttons located handily on the side of the camera - Pick your favourite design frames, program them in and they're ready when you are.After all, this is a 2-in-1 instant camera so you should be able to print your memories, with your favourite design, fast.",,0,0.0,,,,,,,,filter,Colour,Gold,filter,Features,Selfie mirror,filter,published_online_store,yes,filter,Wireless,Bluetooth,,,,,,,,,,,,,,,,,,,,,,,,,,,,,,,,,,,,,,,,,,,,,,,,
maplin,2025-11-04,,https://www.maplin.co.uk/products/fujifilm-instax-mini-liplay-hybrid-instant-camera-blush-gold?variant=43401494200541,5055189031234,Fujifilm Instax Mini LiPlay Hybrid Instant Camera - Blush Gold,Fujifilm,164.99,Y,,,,Gold,Camera + 20 Shot Pack,,,All Photo & Video,Photo,Instant Cameras,Instax by Fujifilm,[Internal] 30% off Maplin Extra Long Life High Performance Alkaline AA / AAA Batteries when you purchase any of these products,All Products,,https://cdn.shopify.com/s/files/1/0633/2396/3613/files/c4ae6821093a2bcd9070c760b4fefda28fdc2658_FUJ1885_FL_0_b36e4c01-417d-4867-a0c2-50a846171a81.jpg?v=1740415787,https://cdn.shopify.com/s/files/1/0633/2396/3613/files/7758999c435fd5822a1515796847b203ac401b85_FUJ1882_AL_0_3b7e65a8-3abc-4207-a562-7dd377a4bd8c.jpg?v=1740415787,https://cdn.shopify.com/s/files/1/0633/2396/3613/files/6dcc2f6f77a12b99f852c8c3de964438311e9c95_FUJ1882_BS_0_0143f341-66c8-4656-8eed-d03a90e98882.jpg?v=1740415787,https://cdn.shopify.com/s/files/1/0633/2396/3613/files/dea805b2a5d0abf309a31df0618168b6cce2b12f_FUJ1882_CO_0_a66fe5b8-3969-45c3-be3e-a9f8a653defb.jpg?v=1740415787,https://cdn.shopify.com/s/files/1/0633/2396/3613/files/8fb43b5f11bcf739004eb23e646e967d64979cec_FUJ1938_FS_0_da9e6619-9c2a-4901-9f64-7e32d616b49e.jpg?v=1740415787,"The Fujifilm Instax Mini LiPlay Hybrid Instant Camera may be the smallest instax ever but this all-new 2-in-1 hybrid instant camera is no pussycat - When it comes to having fun, LiPlay throws an almighty punch.First, there's a whole lot to love - For starters this isn't just an instant camera - Its also a smart little printer, so you can print straight from your Smartphone instantly too.Then there's the LCD screen, selfie mirror, the sound recording setting, the ability to control the camera directly from your Smartphone via the app, and finally some eye-catching frames and filters.Design FocusedThe stylish 2-in-1 LiPlay is the smallest and lightest instax model ever perfect for the tiniest of bags (or even pockets) - Yet we've still managed to include new in-camera charging and space for your Micro SD card - So you're always ready to go.Available in Elegant Black, Blush Gold and Stone White the LiPlay really is a bit of a stunner.Change Up Your LookWings, anyone? How about a crown or even a moustache? Perhaps the odd speech bubble or maybe even a photo within a photo?With 30 smart and quirky frames and filters to pick from, plus a flash you can turn on or off, you really can play with your snaps until your hearts content - All before hitting print.Now Were TalkingLets hear it for LiPlay - When the new ""record and convert to QR"" mode is selected, a short sound clip is recorded with every shot.This sound clip is then printed onto your picture as a QR code, ready for your Smartphone to read and transport you right back to that awesome moment.Remote ControlNot one to shy away from a photo op, LiPlay lets you get into the shot every time - Working with your Smartphone, you can control this clever little instax camera remotely via Bluetooth.Simply set up, get into the shot and watch the magic all come together.Get To The Point, FastThere's nothing wrong with a bit of favouritism - That's why LiPlay has three shortcut buttons located handily on the side of the camera - Pick your favourite design frames, program them in and they're ready when you are.After all, this is a 2-in-1 instant camera so you should be able to print your memories, with your favourite design, fast.",,0,0.0,,,,,,,,filter,Colour,Gold,filter,Features,Selfie mirror,filter,published_online_store,yes,filter,Wireless,Bluetooth,,,,,,,,,,,,,,,,,,,,,,,,,,,,,,,,,,,,,,,,,,,,,,,,
maplin,2025-11-04,,https://www.maplin.co.uk/products/nikkai-usb-c-to-ethernet-rj45-gigabit-network-lan-adapter-black-0-25m?variant=43401397960925,5026686002478,"Maplin USB-C to Gigabit RJ45 Ethernet Network LAN Adapter - Black, 0.25m",Maplin,9.99,Y,,,,Black,Default Title,,,All PC & Mobile Accessories,Adapters,USB Adapters,Ethernet Adapters,[Internal] Blue Light 10%,[Internal] Private Label 15%,,https://cdn.shopify.com/s/files/1/0633/2396/3613/files/MAP411Image1.jpg?v=1720525802,https://cdn.shopify.com/s/files/1/0633/2396/3613/files/MAP411Image2.jpg?v=1720525807,https://cdn.shopify.com/s/files/1/0633/2396/3613/files/MAP411Image3.jpg?v=1720525810,https://cdn.shopify.com/s/files/1/0633/2396/3613/files/MAP411Image4.jpg?v=1720525814,https://cdn.shopify.com/s/files/1/0633/2396/3613/files/MAP411Image5.jpg?v=1720525819,"The Maplin USB-C to Gigabit RJ45 Ethernet Network LAN Adapter enables Ethernet on devices which do not have a Ethernet RJ-45 port - Providing a high speed Gigabit Ethernet solution via a USB-C 3.0 port, you can connect your laptop, notebook or tablet to your company VPN at the office or away on a trip - Designed for convenience, this adapter is the perfect size for any computer case or travel bag so you can easily take it with you anywhere.",,5,3.4,,,,,,,,filter,Colour,Black,filter,Connectivity,USB-C,filter,published_online_store,yes,,,,,,,,,,,,,,,,,,,,,,,,,,,,,,,,,,,,,,,,,,,,,,,,,,,
maplin,2025-11-04,,https://www.maplin.co.uk/products/fujifilm-instax-mini-mermaid-tail-photo-film?variant=43401598337245,4547410426663,Fujifilm Instax Mini Instant Photo Film - Mermaid Tail,Fujifilm,11.99,Y,,,,,Pack of 10,,,All Photo & Video,Imaging Accessories,Instant Camera Film,Instax by Fujifilm,[Internal] 30% off Maplin Extra Long Life High Performance Alkaline AA / AAA Batteries when you purchase any of these products,All Products,,https://cdn.shopify.com/s/files/1/0633/2396/3613/products/70ad70ad8ea4fcd6ee66daf853ea4f6a6e88c95781ce_FUJ2072_FS_0__1.jpg?v=1720528789,https://cdn.shopify.com/s/files/1/0633/2396/3613/products/62ad62add1760c40f3046fa2d3088e4118ddca8b5176_FUJ2072_LS_0__1.jpg?v=1720528792,https://cdn.shopify.com/s/files/1/0633/2396/3613/products/cfdccfdc35b84b5206658c31b52072df6b09efb722b0_FUJ2072_AL_0__1.jpg?v=1720528795,https://cdn.shopify.com/s/files/1/0633/2396/3613/products/6ff66ff6f04a76b69b50b5c764b23df01181dddd33ed_FUJ2075_FS_0__1.jpg?v=1720528799,,"Make a splash with the Fujifilm Instax Mini Mermaid Tail Photo Film! The film features a continuous metallic multi-coloured pattern on its border that shimmers under light, just as a mermaid's tail would - The effect has to be seen to be believed! INSTAX Mini Mermaid Tail Instant Film comes in a box of 10 sheets and is compatible with all FUJIFILM INSTAX Instant Mini Cameras and Mini Smartphone Printers - Develops instantly – Press the shutter, capture the moment and watch the photo develop in front of your eyes! Hi-Speed ISO 800 with superb grain quality, INSTAX Mermaid Tail Film ensures vibrant colours and natural skin tones - Credit-card size – 5.4 cm x 8.6 cm (film size) - The unique credit-card sized film is easy to carry in your purse or wallet and has white borders to frame your images - Leave them blank or personalize with a fun message - Easy-to-Load Cartridge designed and labelled for easy loading and filled with film for 10 credit-card sized instant prints - Highly Stable - The film emulsion performs at temperatures as low as 5°C and as high as 40°C - For use with all INSTAX Mini Instant Cameras and Smartphone Printers.",,0,0.0,,,,,,,,filter,published_online_store,yes,,,,,,,,,,,,,,,,,,,,,,,,,,,,,,,,,,,,,,,,,,,,,,,,,,,,,,,,,
maplin,2025-11-04,,https://www.maplin.co.uk/products/fujifilm-instax-mini-mermaid-tail-photo-film?variant=43401598271709,5055189037137,Fujifilm Instax Mini Instant Photo Film - Mermaid Tail,Fujifilm,31.5,Y,,,,,Pack of 30,,,All Photo & Video,Imaging Accessories,Instant Camera Film,Instax by Fujifilm,[Internal] 30% off Maplin Extra Long Life High Performance Alkaline AA / AAA Batteries when you purchase any of these products,All Products,,https://cdn.shopify.com/s/files/1/0633/2396/3613/products/70ad70ad8ea4fcd6ee66daf853ea4f6a6e88c95781ce_FUJ2072_FS_0__1.jpg?v=1720528789,https://cdn.shopify.com/s/files/1/0633/2396/3613/products/62ad62add1760c40f3046fa2d3088e4118ddca8b5176_FUJ2072_LS_0__1.jpg?v=1720528792,https://cdn.shopify.com/s/files/1/0633/2396/3613/products/cfdccfdc35b84b5206658c31b52072df6b09efb722b0_FUJ2072_AL_0__1.jpg?v=1720528795,https://cdn.shopify.com/s/files/1/0633/2396/3613/products/6ff66ff6f04a76b69b50b5c764b23df01181dddd33ed_FUJ2075_FS_0__1.jpg?v=1720528799,,"Make a splash with the Fujifilm Instax Mini Mermaid Tail Photo Film! The film features a continuous metallic multi-coloured pattern on its border that shimmers under light, just as a mermaid's tail would - The effect has to be seen to be believed! INSTAX Mini Mermaid Tail Instant Film comes in a box of 10 sheets and is compatible with all FUJIFILM INSTAX Instant Mini Cameras and Mini Smartphone Printers - Develops instantly – Press the shutter, capture the moment and watch the photo develop in front of your eyes! Hi-Speed ISO 800 with superb grain quality, INSTAX Mermaid Tail Film ensures vibrant colours and natural skin tones - Credit-card size – 5.4 cm x 8.6 cm (film size) - The unique credit-card sized film is easy to carry in your purse or wallet and has white borders to frame your images - Leave them blank or personalize with a fun message - Easy-to-Load Cartridge designed and labelled for easy loading and filled with film for 10 credit-card sized instant prints - Highly Stable - The film emulsion performs at temperatures as low as 5°C and as high as 40°C - For use with all INSTAX Mini Instant Cameras and Smartphone Printers.",,0,0.0,,,,,,,,filter,published_online_store,yes,,,,,,,,,,,,,,,,,,,,,,,,,,,,,,,,,,,,,,,,,,,,,,,,,,,,,,,,,
maplin,2025-11-04,,https://www.maplin.co.uk/products/maplin-premium-mini-displayport-to-vga-adapter-converter-white?variant=43401389965533,5026686197679,"Maplin Mini DisplayPort to VGA Female Adapter - White, 23cm",Maplin,7.99,Y,,,,White,Default Title,,,All PC & Mobile Accessories,Adapters,DisplayPort Adapters,VGA Adapters,[Internal] Blue Light 10%,[Internal] Private Label 15%,,https://cdn.shopify.com/s/files/1/0633/2396/3613/files/MAP022_image_1.jpg?v=1734692704,https://cdn.shopify.com/s/files/1/0633/2396/3613/files/MAP022_image_2.jpg?v=1734692704,https://cdn.shopify.com/s/files/1/0633/2396/3613/files/MAP022_Image_3.jpg?v=1734692704,https://cdn.shopify.com/s/files/1/0633/2396/3613/files/MAP022_Image_4.jpg?v=1734692704,https://cdn.shopify.com/s/files/1/0633/2396/3613/files/MAP022_Image_5.jpg?v=1734692704,"This Maplin Mini DisplayPort to VGA Female Adapter enables video output from a PC tower unit or laptop to a VGA enabled TV or monitor - Note that this adapter will not support audio output - Mini-DisplayPort is most commonly found on Apple computers, and many laptops and motherboards now accept this display standard.",,1,5.0,,,,,,,,filter,Colour,White,filter,Connectivity,VGA,filter,published_online_store,yes,filter,Resolution,1920 x 1080p (Full HD),,,,,,,,,,,,,,,,,,,,,,,,,,,,,,,,,,,,,,,,,,,,,,,,
maplin,2025-11-04,,https://www.maplin.co.uk/products/maplin-premium-displayport-to-hdmi-adapter-black?variant=43401387442397,5026686197723,"Maplin DisplayPort to HDMI Female Adapter - Black, 23cm",Maplin,8.99,Y,,,,Black,Default Title,,,All PC & Mobile Accessories,Adapters,HDMI Adapters,DisplayPort Adapters,[Internal] Blue Light 10%,[Internal] Private Label 15%,,https://cdn.shopify.com/s/files/1/0633/2396/3613/files/MAP030_image_1_a7560079-eb00-4bdf-ac93-9e7d0d74f060.jpg?v=1736959998,https://cdn.shopify.com/s/files/1/0633/2396/3613/files/MAP030_image_2_7f82e43a-6a97-44b0-abf6-cf43ead1427f.jpg?v=1736959998,https://cdn.shopify.com/s/files/1/0633/2396/3613/files/MAP030_Image_3.jpg?v=1736959998,https://cdn.shopify.com/s/files/1/0633/2396/3613/files/MAP030_Image_4_3031072e-d386-46c7-9813-e23de73cdb93.jpg?v=1736959998,https://cdn.shopify.com/s/files/1/0633/2396/3613/files/MAP030_Image_5_d297e55a-49f5-49e8-a427-177acb9a92ac.jpg?v=1736959998,"The Maplin DisplayPort to HDMI Female Adapter lets you connect an HDMI-enabled display or projector to a DisplayPort out port from a computer (desktop or laptop), eliminating the expense of having to upgrade your display for DisplayPort compatibility - The adapter supports display resolutions of up to 1920x1200, allowing you to take full advantage of HDMI video capability - DP2HDMI2 is a passive adapter cable that requires a DP++ port (DisplayPort++), meaning that DVI and HDMI signals can also be passed through the port.",,5,3.0,,,,,,,,filter,Colour,Black,filter,Connectivity,HDMI,filter,published_online_store,yes,filter,Resolution,1920 x 1080p (Full HD),,,,,,,,,,,,,,,,,,,,,,,,,,,,,,,,,,,,,,,,,,,,,,,,
maplin,2025-11-04,,https://www.maplin.co.uk/products/transcend-drivepro-60-body-camera-with-separate-camera-64gb-black?variant=43401580347613,0760557840688,"Transcend DrivePro 60 Body Camera with Separate Camera - 64GB, Black",Transcend,239.99,Y,259.99,Y,,Black,Default Title,,,All Photo & Video,Video,Body Cams,Deals,Specials,Clearance,,https://cdn.shopify.com/s/files/1/0633/2396/3613/products/526e526eb4f2b5bf61e93f91875cfa664d64bf3ad4f9_TRA090_FR_1.jpg?v=1720527984,https://cdn.shopify.com/s/files/1/0633/2396/3613/products/27332733b2ac70d3b6aa9607b62821bb3a42518b6985_TRA090_FS_0.jpg?v=1720527987,https://cdn.shopify.com/s/files/1/0633/2396/3613/products/ebc6ebc60667b121324988e93b22a5a3012c551fb488_TRA090_FL_1.jpg?v=1720527990,https://cdn.shopify.com/s/files/1/0633/2396/3613/products/07e107e114fdabf8fc9bec07b36105f0853cdd8545a7_TRA090_FR_0.jpg?v=1720527994,https://cdn.shopify.com/s/files/1/0633/2396/3613/products/31e331e3078aca39f78c618665aa3500dd0472efb192_TRA090_FL_0.jpg?v=1720527997,"The Transcend DrivePro 60 Body Camera with Separate Camera has Built-in memory, Splashproof, Dustproof, Wi-Fi features a compact camera unit tethered to a control unit, allowing for a wide variety of attachment options - Tailor-made for public safety professionals, the rugged and highly responsive DrivePro Body 60 allows high-definition evidence collection and wireless data previews and transfers - Specifications Field of view: 130-degreeScreen: 3"" screenConnectivity: WiFi / BluetoothDimensions: 9.6 x 5.2 x 2.5cmWeight: 167g Video",,0,0.0,,,,,,,,filter,Colour,Black,filter,published_online_store,yes,filter,Wireless,Built-in WiFi,,,,,,,,,,,,,,,,,,,,,,,,,,,,,,,,,,,,,,,,,,,,,,,,,,,
maplin,2025-11-04,,https://www.maplin.co.uk/products/maplin-usb-c-usb-a-3-0-sd-microsd-card-reader-silver?variant=43401424568541,5055189033191,Maplin USB-C & USB-A 3.0 SD Card Reader for SDXC / SDHC / MicroSDXC / MicroSDHC / UHS-I,Maplin,7.99,Y,,,,Silver,Default Title,,,All PC & Mobile Accessories,Card Readers,[Internal] Blue Light 10%,[Internal] Private Label 15%,Learn more about Maplin,[Internal] 30% off Maplin Extra Long Life High Performance Alkaline AA / AAA Batteries when you purchase any of these products,,https://cdn.shopify.com/s/files/1/0633/2396/3613/files/MAP447Image1.jpg?v=1720525897,https://cdn.shopify.com/s/files/1/0633/2396/3613/files/MAP447Image2.jpg?v=1720525902,https://cdn.shopify.com/s/files/1/0633/2396/3613/files/MAP447Image3.jpg?v=1720525905,https://cdn.shopify.com/s/files/1/0633/2396/3613/files/MAP447Image4.jpg?v=1720525910,https://cdn.shopify.com/s/files/1/0633/2396/3613/files/MAP447Lifestyle.jpg?v=1720525920,"Expand the connectivity of your MacBook Pro, Chromebook or other USB-C enabled laptop - The Maplin USB-C & USB-A 3.0 SD Card Reader lets you read camera and other multimedia memory cards through your laptop’s USB-C port or standard USB-A 3.0 port.The Card Reader has SD and MicroSD card slots so you can access all of your multimedia content - SD and MicroSD cards can be read simultaneously.This versatile adapter is compact and lightweight, so it's easy to tuck into your laptop bag - Its all in one design, with no cable simple plugs into your computer or laptop - It means you don’t need to bring along multiple cables or devices to access your memory cards.",,3,5.0,,,,,,,,filter,Colour,Silver,filter,Connectivity,USB-C,filter,published_online_store,yes,,,,,,,,,,,,,,,,,,,,,,,,,,,,,,,,,,,,,,,,,,,,,,,,,,,
maplin,2025-11-04,,https://www.maplin.co.uk/products/maplin-toslink-optical-jack-to-3-5mm-toslink-mini-jack-plug-adapter-converter?variant=43401418539229,5026686199833,Maplin Optical Audio TOSlink to Mini TOSlink Adapter - Black,Maplin,4.99,Y,,,,Black,Default Title,,,All PC & Mobile Accessories,Adapters,Audio Adapters,[Internal] Blue Light 10%,[Internal] Private Label 15%,Learn more about Maplin,,https://cdn.shopify.com/s/files/1/0633/2396/3613/files/MAP127_FL_0.jpg?v=1744116484,https://cdn.shopify.com/s/files/1/0633/2396/3613/files/MAP127_T_0.jpg?v=1744116483,,,,The Maplin Optical Audio TOSlink to Mini TOSlink Adapter allows a Digital Audio Optical Cable to connect to a 3.5mm mini-plug optical socket which is commonly used on laptops and digital music equipment..,,1,4.0,,,,,,,,filter,Colour,Black,filter,Connectivity,TOSlink,filter,published_online_store,yes,,,,,,,,,,,,,,,,,,,,,,,,,,,,,,,,,,,,,,,,,,,,,,,,,,,
maplin,2025-11-04,,https://www.maplin.co.uk/products/maplin-mini-hdmi-to-vga-3-5mm-jack-adapter-black?variant=43401389670621,5026686001983,"Maplin Mini HDMI Male to VGA Female / 3.5mm Audio Port Adapter - Black, 15cm",Maplin,10.99,Y,,,,Black,Default Title,,,All PC & Mobile Accessories,Adapters,HDMI Adapters,VGA Adapters,Audio Adapters,[Internal] Blue Light 10%,,https://cdn.shopify.com/s/files/1/0633/2396/3613/files/5026686001983.jpg?v=1740568445,https://cdn.shopify.com/s/files/1/0633/2396/3613/files/5026686001983-2.jpg?v=1740568445,https://cdn.shopify.com/s/files/1/0633/2396/3613/products/a572a572748d357a07c234d7334249f6f82757adaa15_MAP370_CU_0.jpg?v=1740568445,https://cdn.shopify.com/s/files/1/0633/2396/3613/products/849084907bee9da85f786ae228d673701bc733e18514_MAP370_CU_1.jpg?v=1740568445,https://cdn.shopify.com/s/files/1/0633/2396/3613/products/2fa98a2e-5306-4289-8576-fec3168bce0b.jpg?v=1740568445,"This kind of Maplin Mini HDMI Male to VGA Female / 3.5mm Audio Port Adapter converts digital HDMI signal to analogue VGA video - When you watch movies or play games on traditional VGA monitors or projectors, this DAC (digital to analogue converter) product can not only allow you to enjoy their high definition image but also the high-quality sound.",,0,0.0,,,,,,,,filter,Colour,Black,filter,Connectivity,VGA,filter,published_online_store,yes,filter,Resolution,1920 x 1080p (Full HD),,,,,,,,,,,,,,,,,,,,,,,,,,,,,,,,,,,,,,,,,,,,,,,,
maplin,2025-11-04,,https://www.maplin.co.uk/products/maplin-displayport-to-female-dvi-adapter-black?variant=43401387409629,5026686197716,"Maplin DisplayPort to DVI-I Female 24 + 5 Pin Adapter - Black, 23cm",Maplin,7.99,Y,,,,Black,Default Title,,,All PC & Mobile Accessories,Adapters,DisplayPort Adapters,DVI Adapters,[Internal] Blue Light 10%,[Internal] Private Label 15%,,https://cdn.shopify.com/s/files/1/0633/2396/3613/files/5026686197716.jpg?v=1736420274,https://cdn.shopify.com/s/files/1/0633/2396/3613/products/e9a7e9a70acbc6507d418f70b9f9388ee9b464396655_MAP456_FL_0.jpg?v=1736420274,https://cdn.shopify.com/s/files/1/0633/2396/3613/products/41264126ea7f155289183b450899dad1218db62dfddb_MAP456_FS_0.jpg?v=1736420274,,,"The Maplin DisplayPort to DVI-I Female 24 + 5 Pin Adapter enables video output from a Mac, PC tower unit or a laptop with Displayport connection to a DVI-D enabled TV or monitor - A DVI cable is needed (sold separately).",,1,5.0,,,,,,,,filter,Colour,Black,filter,Connectivity,DVI-D,filter,published_online_store,yes,filter,Resolution,1920 x 1080p (Full HD),,,,,,,,,,,,,,,,,,,,,,,,,,,,,,,,,,,,,,,,,,,,,,,,
maplin,2025-11-04,,https://www.maplin.co.uk/products/maplin-right-angle-hdmi-male-to-hdmi-female-adapter?variant=43401384526045,5026686198560,Maplin 90 Degree Fixed Angle HDMI Male to HDMI Female Adapter - Black,Maplin,4.49,Y,,,,Black,Default Title,,,All PC & Mobile Accessories,Adapters,HDMI Adapters,[Internal] Blue Light 10%,[Internal] Private Label 15%,Learn more about Maplin,,https://cdn.shopify.com/s/files/1/0633/2396/3613/files/MAP453_FL_0.jpg?v=1756223800,https://cdn.shopify.com/s/files/1/0633/2396/3613/files/MAP453_FS_0_1.jpg?v=1756223800,https://cdn.shopify.com/s/files/1/0633/2396/3613/files/MAP453_FS_1_1.jpg?v=1756223800,https://cdn.shopify.com/s/files/1/0633/2396/3613/files/MAP453_L_0_1_106c723c-fccc-4deb-a88b-c06243261f56.jpg?v=1756223800,https://cdn.shopify.com/s/files/1/0633/2396/3613/files/MAP453_BL_0_1.jpg?v=1756223800,This Maplin 90 Degree Fixed Angle HDMI Male to HDMI Female Adapter is commonly used to extend existing HDMI plug connections or cables - This is an HDMI Male to HDMI Female Adapter - It can also be used to convert a Male plug into a Female socket.,,2,5.0,,,,,,,,filter,Colour,Black,filter,Connectivity,HDMI,filter,published_online_store,yes,,,,,,,,,,,,,,,,,,,,,,,,,,,,,,,,,,,,,,,,,,,,,,,,,,,
maplin,2025-11-04,,https://www.maplin.co.uk/products/maplin-hdmi-switch-5-port-in-1-port-out-4k-60hz-resolution-with-remote-control-black?variant=43401434955997,5055189034495,Maplin HDMI Switch 5 Ports In 1 Port Out 4K Ultra HD @60Hz with Remote Control - Black,Maplin,27.99,Y,,,,Black,Default Title,,,All PC & Mobile Accessories,HDMI Splitters & Switches,[Internal] Blue Light 10%,[Internal] Private Label 15%,Learn more about Maplin,[Internal] 30% off Maplin Extra Long Life High Performance Alkaline AA / AAA Batteries when you purchase any of these products,,https://cdn.shopify.com/s/files/1/0633/2396/3613/files/MAP506_Image_1.jpg?v=1720525955,https://cdn.shopify.com/s/files/1/0633/2396/3613/files/MAP506_Image_2.jpg?v=1720525959,https://cdn.shopify.com/s/files/1/0633/2396/3613/files/MAP506_Image_3.jpg?v=1720525966,https://cdn.shopify.com/s/files/1/0633/2396/3613/files/MAP506_Image_4.jpg?v=1720525970,https://cdn.shopify.com/s/files/1/0633/2396/3613/files/MAP506_Image_5.jpg?v=1720525973,"Use the Maplin HDMI Switch 5 Ports In 1 Port Out Ultra HD 4K@60Hz with Remote Control to connect multiple devices to one screen (TV, projector or LED monitor) - This switch with 5 input ports can connect 5 devices at the same time which can avoid frequent disconnection and reconnection - Save your time and money.4K resolution supported, so you can enjoy high-quality viewing at home or at work.HDMI Input Devices:DVD Players, Blue-Ray Players, Camcorders, SAT Receivers, Digital cameras, PCs, MAC Notebooks, XBOX 360, PS3, PS4, Nintendo Wii U, Laptop, PC, TiVo, Vizio, Sony and many more.HDMI Output Devices:LCD TV, Plasma TV, TFT, Projector, HD-Ready or FULL HD TV - It is suitable for all HDMI devices / Backward compatible with older HDMI devices and gadgets.USB-A power cable included.Infra red port and receiver suppliedMax HDMI cable length that will work with the unit is 10m.Remote Control requires 2 X AAA Alkaline batteries not included.USB Charger not included.",,4,4.0,,,,,,,,filter,Colour,Black,filter,Connectivity,HDMI,filter,HDMI Version,2.0,filter,published_online_store,yes,filter,Resolution,3840 x 2160p (4K Ultra HD),,,,,,,,,,,,,,,,,,,,,,,,,,,,,,,,,,,,,,,,,,,,,
maplin,2025-11-04,,https://www.maplin.co.uk/products/fujifilm-instax-mini-macaron-photo-film?variant=43401596862685,4547410346329,Fujifilm Instax Mini Instant Photo Film - Macaron,Fujifilm,11.99,Y,,,,,Pack of 10,,,All Photo & Video,Imaging Accessories,Instant Camera Film,Instax by Fujifilm,[Internal] 30% off Maplin Extra Long Life High Performance Alkaline AA / AAA Batteries when you purchase any of these products,All Products,,https://cdn.shopify.com/s/files/1/0633/2396/3613/products/d563d5630842ba942ab1a65ce3d720da9d57b3ec4b80_FUJ2070_FS_0__1.jpg?v=1720528090,https://cdn.shopify.com/s/files/1/0633/2396/3613/products/75827582773d7c0ff19b006b113351c19c860e861a3e_FUJ2070_LS_0__1.jpg?v=1720528093,https://cdn.shopify.com/s/files/1/0633/2396/3613/products/f5f8f5f83d99d6248f4ffe59ca3b9c3035d3a4db2f9f_FUJ2070_AL_0__1.jpg?v=1720528097,https://cdn.shopify.com/s/files/1/0633/2396/3613/products/9d449d44ea200de4aabfb52c20e518cdc2b8132e3ba4_FUJ2070_LS_1__1.jpg?v=1720528101,https://cdn.shopify.com/s/files/1/0633/2396/3613/products/59b759b76973dfc5ca6dc3e2c9aa9990506bda06b1a1_FUJ2073_FS_0__1.jpg?v=1720528105,"Fujifilm Instax Mini Macaron Photo Film features credit card size instant photos with unique colour borders that you can leave blank or write a personal, fun message - INSTAX Mini Macaron Film ensures sharp, clear reproduction, vivid colours and natural skin tones - INSTAX Mini Macaron Film comes in a box of 10 sheets and is compatible with all FUJIFILM INSTAX Instant Mini Cameras and Mini Smartphone Printers - Develops instantly – Press the shutter, capture the moment and watch the photo develop in front of your eyes! Hi-Speed ISO 800 with superb grain quality, INSTAX Mini Macaron Film ensures vibrant colours and natural skin tones - Credit-card size – 5.4 cm x 8.6 cm (film size) - The unique credit-card sized film is easy to carry in your purse or wallet and has white borders to frame your images - Leave them blank or personalize with a fun message - Easy-to-Load Cartridge designed and labelled for easy loading and filled with film for 10 credit-card sized instant prints - Highly Stable - The film emulsion performs at temperatures as low as 5°C and as high as 40°C - For use with all INSTAX Mini Instant Cameras and Smartphone Printers.",,0,0.0,,,,,,,,filter,published_online_store,yes,,,,,,,,,,,,,,,,,,,,,,,,,,,,,,,,,,,,,,,,,,,,,,,,,,,,,,,,,
maplin,2025-11-04,,https://www.maplin.co.uk/products/fujifilm-instax-mini-macaron-photo-film?variant=43401596829917,5055189037113,Fujifilm Instax Mini Instant Photo Film - Macaron,Fujifilm,31.5,Y,,,,,Pack of 30,,,All Photo & Video,Imaging Accessories,Instant Camera Film,Instax by Fujifilm,[Internal] 30% off Maplin Extra Long Life High Performance Alkaline AA / AAA Batteries when you purchase any of these products,All Products,,https://cdn.shopify.com/s/files/1/0633/2396/3613/products/d563d5630842ba942ab1a65ce3d720da9d57b3ec4b80_FUJ2070_FS_0__1.jpg?v=1720528090,https://cdn.shopify.com/s/files/1/0633/2396/3613/products/75827582773d7c0ff19b006b113351c19c860e861a3e_FUJ2070_LS_0__1.jpg?v=1720528093,https://cdn.shopify.com/s/files/1/0633/2396/3613/products/f5f8f5f83d99d6248f4ffe59ca3b9c3035d3a4db2f9f_FUJ2070_AL_0__1.jpg?v=1720528097,https://cdn.shopify.com/s/files/1/0633/2396/3613/products/9d449d44ea200de4aabfb52c20e518cdc2b8132e3ba4_FUJ2070_LS_1__1.jpg?v=1720528101,https://cdn.shopify.com/s/files/1/0633/2396/3613/products/59b759b76973dfc5ca6dc3e2c9aa9990506bda06b1a1_FUJ2073_FS_0__1.jpg?v=1720528105,"Fujifilm Instax Mini Macaron Photo Film features credit card size instant photos with unique colour borders that you can leave blank or write a personal, fun message - INSTAX Mini Macaron Film ensures sharp, clear reproduction, vivid colours and natural skin tones - INSTAX Mini Macaron Film comes in a box of 10 sheets and is compatible with all FUJIFILM INSTAX Instant Mini Cameras and Mini Smartphone Printers - Develops instantly – Press the shutter, capture the moment and watch the photo develop in front of your eyes! Hi-Speed ISO 800 with superb grain quality, INSTAX Mini Macaron Film ensures vibrant colours and natural skin tones - Credit-card size – 5.4 cm x 8.6 cm (film size) - The unique credit-card sized film is easy to carry in your purse or wallet and has white borders to frame your images - Leave them blank or personalize with a fun message - Easy-to-Load Cartridge designed and labelled for easy loading and filled with film for 10 credit-card sized instant prints - Highly Stable - The film emulsion performs at temperatures as low as 5°C and as high as 40°C - For use with all INSTAX Mini Instant Cameras and Smartphone Printers.",,0,0.0,,,,,,,,filter,published_online_store,yes,,,,,,,,,,,,,,,,,,,,,,,,,,,,,,,,,,,,,,,,,,,,,,,,,,,,,,,,,
maplin,2025-11-04,,https://www.maplin.co.uk/products/agfa-photo-realishot-dc8200-compact-digital-camera?variant=43401534177501,3760265541621,Agfa Photo Realishot DC8200 Compact Digital Camera,Agfa,94.99,Y,,,,Black,Black,,,All Photo & Video,Photo,Compact Cameras,[Internal] 30% off Maplin Extra Long Life High Performance Alkaline AA / AAA Batteries when you purchase any of these products,All Products,[Internal] Key Worker,,https://cdn.shopify.com/s/files/1/0633/2396/3613/files/AGF015_FS_0.jpg?v=1737546471,https://cdn.shopify.com/s/files/1/0633/2396/3613/files/AGF015_FL_1.jpg?v=1737546471,https://cdn.shopify.com/s/files/1/0633/2396/3613/files/AGF015_FR_0.jpg?v=1737546471,https://cdn.shopify.com/s/files/1/0633/2396/3613/files/AGF015_FS_1.jpg?v=1737546471,https://cdn.shopify.com/s/files/1/0633/2396/3613/files/AGF015_BL_0.jpg?v=1737546471,"With its compact design, the Agfa Photo Realishot DC8200 Compact Digital Camera will seduce you with its simplicity of use - Its 18MP CMOS sensor shoots high quality photos and Full HD video - The 2.7"" LCD screen allows you to frame your shots and view stored pictures with ease - It is equipped with an 8x optical zoom and photos are stored on an SD card (a 16GB SD card is included to get you started straight away) - Powered by a Lithium battery, the compact camera also features a built-in flash and electronic anti-shake to keep your photos clear and detailed.A bag and 16GB SD Card are included - Specifications Resolution: 18 megapixelsZoom: 8x digital zoom / 8x optical zoomScreen: 2.7"" LCDContinuous shooting up to 30 frames per second and up to 30 frames per second high speed burstFace detection up to 1 facesImage stabilisationRed eye reductionPictBridge compatibleMaximum ISO: 1600Intelligent scene modeSelf timerBuilt-in flash720p high definition video capture and playback with soundMemory card: Includes 16GB SD cardDimensions: 25 x 60 x 25mmWeight: 89g",,0,0.0,,,,,,,,filter,Colour,Black,filter,Megapixels,18 MP,filter,published_online_store,yes,filter,Rechargeable?,Yes,filter,Resolution,1920 x 1080p (Full HD),,,,,,,,,,,,,,,,,,,,,,,,,,,,,,,,,,,,,,,,,,,,,
maplin,2025-11-04,,https://www.maplin.co.uk/products/fujifilm-x-s10-mirrorless-camera-black?variant=43401521627357,4547410440348,Fujifilm X-S10 Mirrorless Camera - Black,Fujifilm,949.0,Y,,,,Black,Camera Only,,,All Photo & Video,Photo,Mirrorless Cameras,[Internal] 30% off Maplin Extra Long Life High Performance Alkaline AA / AAA Batteries when you purchase any of these products,All Products,Fujifilm,,https://cdn.shopify.com/s/files/1/0633/2396/3613/files/FUJ2001_FS_0.jpg?v=1737546646,https://cdn.shopify.com/s/files/1/0633/2396/3613/files/FUJ2001_BS_0.jpg?v=1741605084,https://cdn.shopify.com/s/files/1/0633/2396/3613/files/FUJ2001_T_0.jpg?v=1741605084,https://cdn.shopify.com/s/files/1/0633/2396/3613/files/FUJ2001_B_0.jpg?v=1741605084,https://cdn.shopify.com/s/files/1/0633/2396/3613/files/FUJ2001_L_0.jpg?v=1741605084,"The Fujifilm X-S10 Mirrorless Camera is a compact mirrorless camera body that’s packed with cutting-edge technologies to bring out your best as a photographer - The portability and power of this camera will let you connect with your subjects like never before - The FUJIFILM X-S10 helps unleash your creativity to its fullest extent.Perfect Colour to Define Your Photographic StyleA legacy in colour science is at the root of any image you set out to create - Developed from knowledge and technologies accumulated over 85 years, Fujifilm’s Film Simulations produce superb depth, saturation, and tonality that need little-to-no enhancement.Creative FiltersIn addition to using Film Simulations, X-S10 also has 13 Filter options for you to add creative looks - Choose from Toy Camera, High Key, Dynamic Tone and many more to help your photography stand apart from the crowdLightweight BodyX-S10’s small, compact frame is designed to lighten the load on both your mind and your body, letting you explore your surroundings more freely and allowing you to, literally, take your photography further - It may weigh just 465g (16.4oz), but it doesn’t compromise on build quality or high-end features - The lighter load simply leaves you with more energy to make one more photo, or have more space to carry another lens, giving you a chance to take your photography to new places.Dependable AutofocusWith lightning-fast, accurate, and tenacious low-light autofocus, even the most fleeting of subjects are yours to photograph, so there’s nothing to get in the way of your creativity - Able to acquire focus in just 0.02 sec, advanced Face and Eye Detection AF means your portraits come in crystal clear and fast-moving subjects are easy to keep sharp consistently with Tracking AF - Even in dimly lit interiors or night-time scenes, there’s no stopping you.Uncompromising Image QualityWithin its compact body, X-S10 is equipped with a high-performance, five-axis In-Body Image Stabilization (IBIS) unit, which provides vibration reduction for those times you need it most - This high-performance gyroscope and accelerometer help to steady camera shake, allowing for sharper images - This means you can hand-hold the camera at shutter speeds up to six times slower than normal for still images or use it to help create smooth footage in video - Additionally, X-S10’s IBIS also synchronizes with Optical Image Stabilization (OIS) system lenses to deliver powerful and reliable image stabilization performance.Customize it to Suit Your NeedsOffering full customization and adapting flawlessly to your style of photography, X-S10 lets you work faster, smarter, and more instinctively - Dedicated Function Settings let you recall frequently used menu items with a single push - You can also store your favourite settings to one of the mode dial’s four custom positions, allowing you to instantly switch between the most appropriate setup for the subject in your frame.High-Speed Continuous FramingWith fast-moving subjects, keeping up with the action is totally possible between X-S10’s 8 frames per second mechanical shutter or its Electronic Shutter (ES) which can make images at approximately 20 frames per second - For those moments that simply cannot be missed, ES can achieve up to 30 frames per second with a slight crop to the view.Turn Everyday Life into Dramatic MoviesWith its high-resolution 4K output that is oversampled from pure 6K data, easy to use recording modes, and intuitive controls, FUJIFILM X-S10 lets you record beautifully detailed and natural-looking footage to create high-quality, professional movies - You can even switch to Full HD mode and record at 240fps, to achieve a 10x slow-motion effect for those times where every part of the action needs to be seen.Enjoy X Mount LensesAs an X Mount camera, X-S10 is backed up by a broad family of lenses to expand your image making possibilities - Fujifilm’s X Mount lens range features more than 35 different optics covering focal lengths from 8mm to 800mm* - Every lens is designed to combine incredible optical performance with a priority on optimizing for a size and weight that’s easy to manage whether you’re making stills or recording video.*35mm equivalent of 12mm to 1200mm - 1200mm achievable when using XF2X TC WR Teleconverter.Instantly Share Your StoriesConnect with Bluetooth or Wi-Fi to easily send images to your smartphone and upload your favourite photos directly to social networking sites or instantly print and share your best images by linking up with a compatible instax printer - Specifications Model name FUJIFILM X-S10 Number of effective pixels 26.1 millions pixels Image sensor 23.5mm x 15.6mm (APS-C) X-Trans CMOS 4 with primary color filter - Sensor Cleaning system Ultra Sonic Vibration Storage media SD memory card ( - 2GB) / SDHC memory card ( - 32GB) / SDXC memory card ( - 2TB) UHS-I File format of still image JPEG: Exif Ver.2.3 *1RAW: 14bit RAW (RAF original format) Number of recorded pixels [L]<3:2> 6240 x 4160 <16:9> 6240 x 3512 <1:1> 4160 x 4160 [M]<3:2> 4416 x 2944 <16:9> 4416 x 2488 <1:1> 2944 x 2944 [S]<3:2> 3120 x 2080 <16:9> 3120 x 1760 <1:1> 2080 x 2080 Lens mount FUJIFILM X mount Sensitivity Standard output AUTO1 / AUTO2 / AUTO3 (up to ISO12800) / ISO160 - 12800 (1/3 step) Extended output ISO80 / 100 / 125 / 25600 / 51200 Exposure control TTL 256-zone metering, Multi / Spot / Average / Center Weighted Exposure mode P (Program AE) / A (Aperture Priority AE) / S (Shutter Speed Priority AE) / M (Manual Exposure) Exposure compensation -5.0EV - +5.0EV 1/3EV step (Movie: -2.0EV - +2.0EV) Image stabilizer Mechanism Image sensor shift mechanism with 5-axis compensation Compensation Effect Maximum 6.0 stops (based on CIPA standard - Pitch/yaw shake only - Digital Image Stabilization Yes (movie mode only) IS MODE BOOST Yes (movie mode only) Shutter type Focal Plane Shutter Shutter speed Mechanical Shutter P mode: 4sec - to 1/4000sec - A mode: 30sec - to 1/4000sec - S/M mode: 15min - to 1/4000sec - Bulb mode: up to 60min - Electronic Shutter *2 P mode: 4sec - to 1/32000sec - A mode: 30sec - to 1/32000sec - S/M mode: 15min - to 1/32000sec - Bulb mode: 1sec - Fixed Mechanical +Electronic shutter P mode: 4sec - to 1/32000sec - A mode: 30sec - to 1/32000sec - S/M mode: 15min - to 1/32000sec - Bulb mode: up to 60min - Movie 1/4000sec - - 1/24sec - （depends on the frame rate） Synchronized shutter speed for flash 1/180sec - or slower Continuous shooting Approx - 30fps [Only electronic shutter, 1.25 x Crop ] (JPEG： 29 frames Lossless compressed RAW: 17 frames Compressed RAW: 17 frames Uncompressed RAW： 17 frames) Approx - 20fps [Only electronic shutter, 1.25 x Crop ] (JPEG： 79 frames Lossless compressed RAW: 17 frames Compressed RAW: 20 frames Uncompressed RAW： 17 frames) Approx - 10fps [Only electronic shutter, 1.25 x Crop ] (JPEG： 153 frames Lossless compressed RAW: 18 frames Compressed RAW: 26 frames Uncompressed RAW： 18 frames) Approx - 20fps [Only electronic shutter ] (JPEG： 32 frames Lossless compressed RAW: 17 frames Compressed RAW: 17 frames Uncompressed RAW： 17 frames) Approx - 10fps [Only electronic shutter ] (JPEG： 81 frames Lossless compressed RAW: 18 frames Compressed RAW: 21 frames Uncompressed RAW： 18 frames) Approx - 8fps (JPEG： 105 frames Lossless compressed RAW: 18 frames Compressed RAW: 23 frames Uncompressed RAW： 18 frames) Pre-shot: Approx - 30fps [Only electronic shutter, 1.25 x Crop ] (max - 10 frames while half press, max - 15 frames after full press, total max - 25 frames) Pre-shot: Approx - 20fps [Only electronic shutter, 1.25 x Crop ] (max - 10 frames while half press, max - 48 frames after full press, total max - 58 frames) Pre-shot: Approx - 10fps [Only electronic shutter, 1.25 x Crop ] (max - 10 frames while half press, max - 110 frames after full press, total max - 120 frames) *Recordable frames depends on recording media *Speed of continuous shooting depends on shooting environment and shooting frames Auto bracketing AE Bracketing (Frames: 2, 3, 5, 7, 9 Step: by 1/3EV step, up to ±3EV steps) Filmsimulation bracketing (Any 3 types of film simulation selectable) Dynamic Range Bracketing (100%, 200%, 400%) ISO sensitivity Bracketing (±1/3EV, ±2/3EV, ±1EV) White Balance Bracketing (±1, ±2, ±3) Focus Bracketing (Frames: 1 - 999, Step: 1-10, Interval: 0 - 10s) Focus Mode Single AF / Continuous AF / MF Type Intelligent Hybrid AF(TTL contrast AF / TTL phase detection AF) Low-light Performance Contrast: -4.0EV Phase Detection: -7.0EV (XF50mmF1.0 attached) AF frameselection Single point AF: EVF / LCD: 13 x 9 / 25 x 17 (Changeable size of AF frame)Zone AF: 3 x 3 / 5 x 5 / 7 x 7 from 91 areas on 13 x 9 gridWide/Tracking AF *AF-S: Wide / AF-C: TrackingAll White balance Auto (WHITE PRIORITY, AUTO, AMBIENCE PRIORITY), / Custom1 - 3 / Color temperature selection (2500K - 10000K) /Preset: Fine, Shade, Fluorescent light (Daylight), Fluorescent light (Warm White), Fluorescent light (Cool White), Incandescent light, Underwater Self-timer 10sec - / 2sec - Interval timer shooting Yes (Setting: Interval, Number of shots, Starting time) Flash Manual pop-up flash (Super Intelligent Flash) Flash modes SYNC - MODE 1ST CURTAIN / 2ND CURTAIN (When SYNC TERMINAL on the hot shoe is used) FLASH MODE TTL (TTL AUTO (P mode) / STANDARD / SLOW SYNC - ) / MANUAL / COMMANDER / OFF (When BUILT-IN FLASH is set)TTL (TTL AUTO (P mode) / STANDARD / SLOW SYNC - ) / MANUAL / MULTI / OFF (When SHOE MOUNT FLASH is set) Hot shoe Yes (Dedicated TTL Flash compatible) Viewfinder 0.39 inch approx - 2.36 millions dots OLED Color Viewfinder LCD monitor 3.0 inch, aspect ratio 3:2, approx - 1.04 millions dots touch screen color LCD monitor(approx - 100% coverage) Movie recording File format MOV (MPEG-4 AVC/H.264, Audio: Linear PCM / Stereo sound 24bit / 48KHz sampling)MP4 (MPEG-4 AVC/H.264, Audio: AAC) Movie compression Long-GOP File sizeFrame rateRecording time ［DCI 4K（4096×2160）］ 29.97p/25p/24p/23.98p 200Mbps/100Mbps up to approx - 30min［4K（3840×2160）］ 29.97p/25p/24p/23.98p 200Mbps/100Mbps up to approx - 30min［Full HD（2048 ×1080）］ 59.94p/50p/29.97p/25p/24p/23.98p 200Mbps/100Mbps/50Mbps up to approx - 30min.［Full HD（1920×1080）］ 59.94p/50p/29.97p/25p/24p/23.98p 200Mbps/100Mbps/50Mbps up to approx - 30min.""［Full HD（1920×1080) High speed rec.]240p / 200p 200Mbps(recording) up to approx - 3min.120p / 100p 200Mbps(recording) up to approx - 6min.""*The recording time is measured in test conditions at 25°C - The recording time depends on the shooting conditions.*For recording movies, use a SD memory card with UHS Speed Class 3 or higher - Film simulation mode 18 modes (PROVIA/STANDARD, Velvia/VIVID, ASTIA/SOFT, CLASSIC CHROME, PRO Neg - Hi, PRO Neg - Std, CLASSIC Neg., ETERNA/CINEMA, ETERNA BLEACH BYPASS, ACROS, ACROS+Ye Filter, ACROS+R Filter, ACROS+G Filter, MONOCHROME, MONOCHROME+Ye Filter, MONOCHROME+R Filter, MONOCHROME+G Filter, SEPIA)Monochromatic Color Clarity setting ±5 steps HDR mode AUTO, 200%, 400%, 800%, 800% + Grain effect Roughness: STRONG, WEAK, OFF Size: LARGE, SMALL Color chrome effect STRONG, WEAK, OFF Color chrome Blue STRONG, WEAK, OFF Dynamic range setting Still AUTO, 100%, 200%, 400%ISO restriction (DR100%: No limit, DR200%: ISO320 or more, DR400%: ISO640 or more) Movie 100%, 200%, 400%ISO restriction (DR100%: No limit, DR200%: ISO320 or more, DR400%: ISO640 or more) Advanced filter Toy camera, Miniature, Pop color, High-key, Low-key, Dynamic tone, Soft focus,Partial color (Red / Orange / Yellow / Green / Blue / Purple) Wirelesstransmitter Standard IEEE802.11b/g/n (standard wireless protocol) Encryption WEP / WPA / WPA2 mixed mode Access mode Infrastructure Bluetooth® Standard Bluetooth Ver 4.2 (Bluetooth low energy) Operating frequency (Center frequency) 2402 - 2480MHz Terminal Digital interface USB Type-C (USB3.2 Gen1 x 1) HDMI output HDMI micro connector (Type D) Other ø3.5mm, stereo mini connector (for Microphone and Remote Release), Hot shoe Power supply NP-W126S Li-ion battery (included) Battery life for still images*4 Approx - 325 frames (Normal Mode) When XF35mmF1.4 R is set - Actual battery life ofmovie capture*4*Face detection is set to OFF [4K] approx - 40min - (29.97p)[Full HD] approx - 40min - (59.94p) Continuance battery life ofmovie capture*4*Face detection is set to OFF [4K] approx - 55min - (29.97p)[Full HD] approx - 65min - (59.94p) Dimensions (W) 126.0mm × (H) 85.1mm × (D) 65.4mm (minimum depth 32.9mm) Weight Approx - 465g (including battery and SD memory card)Approx - 415g (excluding battery and SD memory card) OperationEnvironment Operating Temperature 0°C - +40°C Operating Humidity 10% - 80% (no condensation) Starting up period Approx - 0.4sec - Accessories included Li-ion battery NP-W126SUSB cableHeadphone adapterShoulder strapBody cap *1 Exif 2.3 is a digital camera file format that contains a variety of shooting information for optimal printing - *2 The Electronic Shutter may not be suitable for fast-moving objects - Flash can not be used - *3 Approximate number of frames or movie recording time that can be taken with a fully-charged based on CIPA Standard - *4 Approximate number of frames or movie recording time that can be taken with a fully-charged based on CIPA Standard.",,1,5.0,,,,,,,,filter,Colour,Black,filter,Megapixels,26.1 MP,filter,published_online_store,yes,filter,Resolution,3840 x 2160p (4K Ultra HD),filter,Wireless,Built-in WiFi,,,,,,,,,,,,,,,,,,,,,,,,,,,,,,,,,,,,,,,,,,,,,
maplin,2025-11-04,,https://www.maplin.co.uk/products/fujifilm-x-s10-mirrorless-camera-black?variant=43401521496285,4547410440355,Fujifilm X-S10 Mirrorless Camera - Black,Fujifilm,1399.0,Y,,,,Black,Camera + 16-80mm Lens,,,All Photo & Video,Photo,Mirrorless Cameras,[Internal] 30% off Maplin Extra Long Life High Performance Alkaline AA / AAA Batteries when you purchase any of these products,All Products,Fujifilm,,https://cdn.shopify.com/s/files/1/0633/2396/3613/files/FUJ2001_FS_0.jpg?v=1737546646,https://cdn.shopify.com/s/files/1/0633/2396/3613/files/FUJ2001_BS_0.jpg?v=1741605084,https://cdn.shopify.com/s/files/1/0633/2396/3613/files/FUJ2001_T_0.jpg?v=1741605084,https://cdn.shopify.com/s/files/1/0633/2396/3613/files/FUJ2001_B_0.jpg?v=1741605084,https://cdn.shopify.com/s/files/1/0633/2396/3613/files/FUJ2001_L_0.jpg?v=1741605084,"The Fujifilm X-S10 Mirrorless Camera is a compact mirrorless camera body that’s packed with cutting-edge technologies to bring out your best as a photographer - The portability and power of this camera will let you connect with your subjects like never before - The FUJIFILM X-S10 helps unleash your creativity to its fullest extent.Perfect Colour to Define Your Photographic StyleA legacy in colour science is at the root of any image you set out to create - Developed from knowledge and technologies accumulated over 85 years, Fujifilm’s Film Simulations produce superb depth, saturation, and tonality that need little-to-no enhancement.Creative FiltersIn addition to using Film Simulations, X-S10 also has 13 Filter options for you to add creative looks - Choose from Toy Camera, High Key, Dynamic Tone and many more to help your photography stand apart from the crowdLightweight BodyX-S10’s small, compact frame is designed to lighten the load on both your mind and your body, letting you explore your surroundings more freely and allowing you to, literally, take your photography further - It may weigh just 465g (16.4oz), but it doesn’t compromise on build quality or high-end features - The lighter load simply leaves you with more energy to make one more photo, or have more space to carry another lens, giving you a chance to take your photography to new places.Dependable AutofocusWith lightning-fast, accurate, and tenacious low-light autofocus, even the most fleeting of subjects are yours to photograph, so there’s nothing to get in the way of your creativity - Able to acquire focus in just 0.02 sec, advanced Face and Eye Detection AF means your portraits come in crystal clear and fast-moving subjects are easy to keep sharp consistently with Tracking AF - Even in dimly lit interiors or night-time scenes, there’s no stopping you.Uncompromising Image QualityWithin its compact body, X-S10 is equipped with a high-performance, five-axis In-Body Image Stabilization (IBIS) unit, which provides vibration reduction for those times you need it most - This high-performance gyroscope and accelerometer help to steady camera shake, allowing for sharper images - This means you can hand-hold the camera at shutter speeds up to six times slower than normal for still images or use it to help create smooth footage in video - Additionally, X-S10’s IBIS also synchronizes with Optical Image Stabilization (OIS) system lenses to deliver powerful and reliable image stabilization performance.Customize it to Suit Your NeedsOffering full customization and adapting flawlessly to your style of photography, X-S10 lets you work faster, smarter, and more instinctively - Dedicated Function Settings let you recall frequently used menu items with a single push - You can also store your favourite settings to one of the mode dial’s four custom positions, allowing you to instantly switch between the most appropriate setup for the subject in your frame.High-Speed Continuous FramingWith fast-moving subjects, keeping up with the action is totally possible between X-S10’s 8 frames per second mechanical shutter or its Electronic Shutter (ES) which can make images at approximately 20 frames per second - For those moments that simply cannot be missed, ES can achieve up to 30 frames per second with a slight crop to the view.Turn Everyday Life into Dramatic MoviesWith its high-resolution 4K output that is oversampled from pure 6K data, easy to use recording modes, and intuitive controls, FUJIFILM X-S10 lets you record beautifully detailed and natural-looking footage to create high-quality, professional movies - You can even switch to Full HD mode and record at 240fps, to achieve a 10x slow-motion effect for those times where every part of the action needs to be seen.Enjoy X Mount LensesAs an X Mount camera, X-S10 is backed up by a broad family of lenses to expand your image making possibilities - Fujifilm’s X Mount lens range features more than 35 different optics covering focal lengths from 8mm to 800mm* - Every lens is designed to combine incredible optical performance with a priority on optimizing for a size and weight that’s easy to manage whether you’re making stills or recording video.*35mm equivalent of 12mm to 1200mm - 1200mm achievable when using XF2X TC WR Teleconverter.Instantly Share Your StoriesConnect with Bluetooth or Wi-Fi to easily send images to your smartphone and upload your favourite photos directly to social networking sites or instantly print and share your best images by linking up with a compatible instax printer - Specifications Model name FUJIFILM X-S10 Number of effective pixels 26.1 millions pixels Image sensor 23.5mm x 15.6mm (APS-C) X-Trans CMOS 4 with primary color filter - Sensor Cleaning system Ultra Sonic Vibration Storage media SD memory card ( - 2GB) / SDHC memory card ( - 32GB) / SDXC memory card ( - 2TB) UHS-I File format of still image JPEG: Exif Ver.2.3 *1RAW: 14bit RAW (RAF original format) Number of recorded pixels [L]<3:2> 6240 x 4160 <16:9> 6240 x 3512 <1:1> 4160 x 4160 [M]<3:2> 4416 x 2944 <16:9> 4416 x 2488 <1:1> 2944 x 2944 [S]<3:2> 3120 x 2080 <16:9> 3120 x 1760 <1:1> 2080 x 2080 Lens mount FUJIFILM X mount Sensitivity Standard output AUTO1 / AUTO2 / AUTO3 (up to ISO12800) / ISO160 - 12800 (1/3 step) Extended output ISO80 / 100 / 125 / 25600 / 51200 Exposure control TTL 256-zone metering, Multi / Spot / Average / Center Weighted Exposure mode P (Program AE) / A (Aperture Priority AE) / S (Shutter Speed Priority AE) / M (Manual Exposure) Exposure compensation -5.0EV - +5.0EV 1/3EV step (Movie: -2.0EV - +2.0EV) Image stabilizer Mechanism Image sensor shift mechanism with 5-axis compensation Compensation Effect Maximum 6.0 stops (based on CIPA standard - Pitch/yaw shake only - Digital Image Stabilization Yes (movie mode only) IS MODE BOOST Yes (movie mode only) Shutter type Focal Plane Shutter Shutter speed Mechanical Shutter P mode: 4sec - to 1/4000sec - A mode: 30sec - to 1/4000sec - S/M mode: 15min - to 1/4000sec - Bulb mode: up to 60min - Electronic Shutter *2 P mode: 4sec - to 1/32000sec - A mode: 30sec - to 1/32000sec - S/M mode: 15min - to 1/32000sec - Bulb mode: 1sec - Fixed Mechanical +Electronic shutter P mode: 4sec - to 1/32000sec - A mode: 30sec - to 1/32000sec - S/M mode: 15min - to 1/32000sec - Bulb mode: up to 60min - Movie 1/4000sec - - 1/24sec - （depends on the frame rate） Synchronized shutter speed for flash 1/180sec - or slower Continuous shooting Approx - 30fps [Only electronic shutter, 1.25 x Crop ] (JPEG： 29 frames Lossless compressed RAW: 17 frames Compressed RAW: 17 frames Uncompressed RAW： 17 frames) Approx - 20fps [Only electronic shutter, 1.25 x Crop ] (JPEG： 79 frames Lossless compressed RAW: 17 frames Compressed RAW: 20 frames Uncompressed RAW： 17 frames) Approx - 10fps [Only electronic shutter, 1.25 x Crop ] (JPEG： 153 frames Lossless compressed RAW: 18 frames Compressed RAW: 26 frames Uncompressed RAW： 18 frames) Approx - 20fps [Only electronic shutter ] (JPEG： 32 frames Lossless compressed RAW: 17 frames Compressed RAW: 17 frames Uncompressed RAW： 17 frames) Approx - 10fps [Only electronic shutter ] (JPEG： 81 frames Lossless compressed RAW: 18 frames Compressed RAW: 21 frames Uncompressed RAW： 18 frames) Approx - 8fps (JPEG： 105 frames Lossless compressed RAW: 18 frames Compressed RAW: 23 frames Uncompressed RAW： 18 frames) Pre-shot: Approx - 30fps [Only electronic shutter, 1.25 x Crop ] (max - 10 frames while half press, max - 15 frames after full press, total max - 25 frames) Pre-shot: Approx - 20fps [Only electronic shutter, 1.25 x Crop ] (max - 10 frames while half press, max - 48 frames after full press, total max - 58 frames) Pre-shot: Approx - 10fps [Only electronic shutter, 1.25 x Crop ] (max - 10 frames while half press, max - 110 frames after full press, total max - 120 frames) *Recordable frames depends on recording media *Speed of continuous shooting depends on shooting environment and shooting frames Auto bracketing AE Bracketing (Frames: 2, 3, 5, 7, 9 Step: by 1/3EV step, up to ±3EV steps) Filmsimulation bracketing (Any 3 types of film simulation selectable) Dynamic Range Bracketing (100%, 200%, 400%) ISO sensitivity Bracketing (±1/3EV, ±2/3EV, ±1EV) White Balance Bracketing (±1, ±2, ±3) Focus Bracketing (Frames: 1 - 999, Step: 1-10, Interval: 0 - 10s) Focus Mode Single AF / Continuous AF / MF Type Intelligent Hybrid AF(TTL contrast AF / TTL phase detection AF) Low-light Performance Contrast: -4.0EV Phase Detection: -7.0EV (XF50mmF1.0 attached) AF frameselection Single point AF: EVF / LCD: 13 x 9 / 25 x 17 (Changeable size of AF frame)Zone AF: 3 x 3 / 5 x 5 / 7 x 7 from 91 areas on 13 x 9 gridWide/Tracking AF *AF-S: Wide / AF-C: TrackingAll White balance Auto (WHITE PRIORITY, AUTO, AMBIENCE PRIORITY), / Custom1 - 3 / Color temperature selection (2500K - 10000K) /Preset: Fine, Shade, Fluorescent light (Daylight), Fluorescent light (Warm White), Fluorescent light (Cool White), Incandescent light, Underwater Self-timer 10sec - / 2sec - Interval timer shooting Yes (Setting: Interval, Number of shots, Starting time) Flash Manual pop-up flash (Super Intelligent Flash) Flash modes SYNC - MODE 1ST CURTAIN / 2ND CURTAIN (When SYNC TERMINAL on the hot shoe is used) FLASH MODE TTL (TTL AUTO (P mode) / STANDARD / SLOW SYNC - ) / MANUAL / COMMANDER / OFF (When BUILT-IN FLASH is set)TTL (TTL AUTO (P mode) / STANDARD / SLOW SYNC - ) / MANUAL / MULTI / OFF (When SHOE MOUNT FLASH is set) Hot shoe Yes (Dedicated TTL Flash compatible) Viewfinder 0.39 inch approx - 2.36 millions dots OLED Color Viewfinder LCD monitor 3.0 inch, aspect ratio 3:2, approx - 1.04 millions dots touch screen color LCD monitor(approx - 100% coverage) Movie recording File format MOV (MPEG-4 AVC/H.264, Audio: Linear PCM / Stereo sound 24bit / 48KHz sampling)MP4 (MPEG-4 AVC/H.264, Audio: AAC) Movie compression Long-GOP File sizeFrame rateRecording time ［DCI 4K（4096×2160）］ 29.97p/25p/24p/23.98p 200Mbps/100Mbps up to approx - 30min［4K（3840×2160）］ 29.97p/25p/24p/23.98p 200Mbps/100Mbps up to approx - 30min［Full HD（2048 ×1080）］ 59.94p/50p/29.97p/25p/24p/23.98p 200Mbps/100Mbps/50Mbps up to approx - 30min.［Full HD（1920×1080）］ 59.94p/50p/29.97p/25p/24p/23.98p 200Mbps/100Mbps/50Mbps up to approx - 30min.""［Full HD（1920×1080) High speed rec.]240p / 200p 200Mbps(recording) up to approx - 3min.120p / 100p 200Mbps(recording) up to approx - 6min.""*The recording time is measured in test conditions at 25°C - The recording time depends on the shooting conditions.*For recording movies, use a SD memory card with UHS Speed Class 3 or higher - Film simulation mode 18 modes (PROVIA/STANDARD, Velvia/VIVID, ASTIA/SOFT, CLASSIC CHROME, PRO Neg - Hi, PRO Neg - Std, CLASSIC Neg., ETERNA/CINEMA, ETERNA BLEACH BYPASS, ACROS, ACROS+Ye Filter, ACROS+R Filter, ACROS+G Filter, MONOCHROME, MONOCHROME+Ye Filter, MONOCHROME+R Filter, MONOCHROME+G Filter, SEPIA)Monochromatic Color Clarity setting ±5 steps HDR mode AUTO, 200%, 400%, 800%, 800% + Grain effect Roughness: STRONG, WEAK, OFF Size: LARGE, SMALL Color chrome effect STRONG, WEAK, OFF Color chrome Blue STRONG, WEAK, OFF Dynamic range setting Still AUTO, 100%, 200%, 400%ISO restriction (DR100%: No limit, DR200%: ISO320 or more, DR400%: ISO640 or more) Movie 100%, 200%, 400%ISO restriction (DR100%: No limit, DR200%: ISO320 or more, DR400%: ISO640 or more) Advanced filter Toy camera, Miniature, Pop color, High-key, Low-key, Dynamic tone, Soft focus,Partial color (Red / Orange / Yellow / Green / Blue / Purple) Wirelesstransmitter Standard IEEE802.11b/g/n (standard wireless protocol) Encryption WEP / WPA / WPA2 mixed mode Access mode Infrastructure Bluetooth® Standard Bluetooth Ver 4.2 (Bluetooth low energy) Operating frequency (Center frequency) 2402 - 2480MHz Terminal Digital interface USB Type-C (USB3.2 Gen1 x 1) HDMI output HDMI micro connector (Type D) Other ø3.5mm, stereo mini connector (for Microphone and Remote Release), Hot shoe Power supply NP-W126S Li-ion battery (included) Battery life for still images*4 Approx - 325 frames (Normal Mode) When XF35mmF1.4 R is set - Actual battery life ofmovie capture*4*Face detection is set to OFF [4K] approx - 40min - (29.97p)[Full HD] approx - 40min - (59.94p) Continuance battery life ofmovie capture*4*Face detection is set to OFF [4K] approx - 55min - (29.97p)[Full HD] approx - 65min - (59.94p) Dimensions (W) 126.0mm × (H) 85.1mm × (D) 65.4mm (minimum depth 32.9mm) Weight Approx - 465g (including battery and SD memory card)Approx - 415g (excluding battery and SD memory card) OperationEnvironment Operating Temperature 0°C - +40°C Operating Humidity 10% - 80% (no condensation) Starting up period Approx - 0.4sec - Accessories included Li-ion battery NP-W126SUSB cableHeadphone adapterShoulder strapBody cap *1 Exif 2.3 is a digital camera file format that contains a variety of shooting information for optimal printing - *2 The Electronic Shutter may not be suitable for fast-moving objects - Flash can not be used - *3 Approximate number of frames or movie recording time that can be taken with a fully-charged based on CIPA Standard - *4 Approximate number of frames or movie recording time that can be taken with a fully-charged based on CIPA Standard.",,1,5.0,,,,,,,,filter,Colour,Black,filter,Megapixels,26.1 MP,filter,published_online_store,yes,filter,Resolution,3840 x 2160p (4K Ultra HD),filter,Wireless,Built-in WiFi,,,,,,,,,,,,,,,,,,,,,,,,,,,,,,,,,,,,,,,,,,,,,
maplin,2025-11-04,,https://www.maplin.co.uk/products/fujifilm-x-s10-mirrorless-camera-black?variant=43401521594589,5055189033603,Fujifilm X-S10 Mirrorless Camera - Black,Fujifilm,969.0,Y,,,,Black,Camera + 128GB SD Card + Case,,,All Photo & Video,Photo,Mirrorless Cameras,[Internal] 30% off Maplin Extra Long Life High Performance Alkaline AA / AAA Batteries when you purchase any of these products,All Products,Fujifilm,,https://cdn.shopify.com/s/files/1/0633/2396/3613/files/FUJ2001_FS_0.jpg?v=1737546646,https://cdn.shopify.com/s/files/1/0633/2396/3613/files/FUJ2001_BS_0.jpg?v=1741605084,https://cdn.shopify.com/s/files/1/0633/2396/3613/files/FUJ2001_T_0.jpg?v=1741605084,https://cdn.shopify.com/s/files/1/0633/2396/3613/files/FUJ2001_B_0.jpg?v=1741605084,https://cdn.shopify.com/s/files/1/0633/2396/3613/files/FUJ2001_L_0.jpg?v=1741605084,"The Fujifilm X-S10 Mirrorless Camera is a compact mirrorless camera body that’s packed with cutting-edge technologies to bring out your best as a photographer - The portability and power of this camera will let you connect with your subjects like never before - The FUJIFILM X-S10 helps unleash your creativity to its fullest extent.Perfect Colour to Define Your Photographic StyleA legacy in colour science is at the root of any image you set out to create - Developed from knowledge and technologies accumulated over 85 years, Fujifilm’s Film Simulations produce superb depth, saturation, and tonality that need little-to-no enhancement.Creative FiltersIn addition to using Film Simulations, X-S10 also has 13 Filter options for you to add creative looks - Choose from Toy Camera, High Key, Dynamic Tone and many more to help your photography stand apart from the crowdLightweight BodyX-S10’s small, compact frame is designed to lighten the load on both your mind and your body, letting you explore your surroundings more freely and allowing you to, literally, take your photography further - It may weigh just 465g (16.4oz), but it doesn’t compromise on build quality or high-end features - The lighter load simply leaves you with more energy to make one more photo, or have more space to carry another lens, giving you a chance to take your photography to new places.Dependable AutofocusWith lightning-fast, accurate, and tenacious low-light autofocus, even the most fleeting of subjects are yours to photograph, so there’s nothing to get in the way of your creativity - Able to acquire focus in just 0.02 sec, advanced Face and Eye Detection AF means your portraits come in crystal clear and fast-moving subjects are easy to keep sharp consistently with Tracking AF - Even in dimly lit interiors or night-time scenes, there’s no stopping you.Uncompromising Image QualityWithin its compact body, X-S10 is equipped with a high-performance, five-axis In-Body Image Stabilization (IBIS) unit, which provides vibration reduction for those times you need it most - This high-performance gyroscope and accelerometer help to steady camera shake, allowing for sharper images - This means you can hand-hold the camera at shutter speeds up to six times slower than normal for still images or use it to help create smooth footage in video - Additionally, X-S10’s IBIS also synchronizes with Optical Image Stabilization (OIS) system lenses to deliver powerful and reliable image stabilization performance.Customize it to Suit Your NeedsOffering full customization and adapting flawlessly to your style of photography, X-S10 lets you work faster, smarter, and more instinctively - Dedicated Function Settings let you recall frequently used menu items with a single push - You can also store your favourite settings to one of the mode dial’s four custom positions, allowing you to instantly switch between the most appropriate setup for the subject in your frame.High-Speed Continuous FramingWith fast-moving subjects, keeping up with the action is totally possible between X-S10’s 8 frames per second mechanical shutter or its Electronic Shutter (ES) which can make images at approximately 20 frames per second - For those moments that simply cannot be missed, ES can achieve up to 30 frames per second with a slight crop to the view.Turn Everyday Life into Dramatic MoviesWith its high-resolution 4K output that is oversampled from pure 6K data, easy to use recording modes, and intuitive controls, FUJIFILM X-S10 lets you record beautifully detailed and natural-looking footage to create high-quality, professional movies - You can even switch to Full HD mode and record at 240fps, to achieve a 10x slow-motion effect for those times where every part of the action needs to be seen.Enjoy X Mount LensesAs an X Mount camera, X-S10 is backed up by a broad family of lenses to expand your image making possibilities - Fujifilm’s X Mount lens range features more than 35 different optics covering focal lengths from 8mm to 800mm* - Every lens is designed to combine incredible optical performance with a priority on optimizing for a size and weight that’s easy to manage whether you’re making stills or recording video.*35mm equivalent of 12mm to 1200mm - 1200mm achievable when using XF2X TC WR Teleconverter.Instantly Share Your StoriesConnect with Bluetooth or Wi-Fi to easily send images to your smartphone and upload your favourite photos directly to social networking sites or instantly print and share your best images by linking up with a compatible instax printer - Specifications Model name FUJIFILM X-S10 Number of effective pixels 26.1 millions pixels Image sensor 23.5mm x 15.6mm (APS-C) X-Trans CMOS 4 with primary color filter - Sensor Cleaning system Ultra Sonic Vibration Storage media SD memory card ( - 2GB) / SDHC memory card ( - 32GB) / SDXC memory card ( - 2TB) UHS-I File format of still image JPEG: Exif Ver.2.3 *1RAW: 14bit RAW (RAF original format) Number of recorded pixels [L]<3:2> 6240 x 4160 <16:9> 6240 x 3512 <1:1> 4160 x 4160 [M]<3:2> 4416 x 2944 <16:9> 4416 x 2488 <1:1> 2944 x 2944 [S]<3:2> 3120 x 2080 <16:9> 3120 x 1760 <1:1> 2080 x 2080 Lens mount FUJIFILM X mount Sensitivity Standard output AUTO1 / AUTO2 / AUTO3 (up to ISO12800) / ISO160 - 12800 (1/3 step) Extended output ISO80 / 100 / 125 / 25600 / 51200 Exposure control TTL 256-zone metering, Multi / Spot / Average / Center Weighted Exposure mode P (Program AE) / A (Aperture Priority AE) / S (Shutter Speed Priority AE) / M (Manual Exposure) Exposure compensation -5.0EV - +5.0EV 1/3EV step (Movie: -2.0EV - +2.0EV) Image stabilizer Mechanism Image sensor shift mechanism with 5-axis compensation Compensation Effect Maximum 6.0 stops (based on CIPA standard - Pitch/yaw shake only - Digital Image Stabilization Yes (movie mode only) IS MODE BOOST Yes (movie mode only) Shutter type Focal Plane Shutter Shutter speed Mechanical Shutter P mode: 4sec - to 1/4000sec - A mode: 30sec - to 1/4000sec - S/M mode: 15min - to 1/4000sec - Bulb mode: up to 60min - Electronic Shutter *2 P mode: 4sec - to 1/32000sec - A mode: 30sec - to 1/32000sec - S/M mode: 15min - to 1/32000sec - Bulb mode: 1sec - Fixed Mechanical +Electronic shutter P mode: 4sec - to 1/32000sec - A mode: 30sec - to 1/32000sec - S/M mode: 15min - to 1/32000sec - Bulb mode: up to 60min - Movie 1/4000sec - - 1/24sec - （depends on the frame rate） Synchronized shutter speed for flash 1/180sec - or slower Continuous shooting Approx - 30fps [Only electronic shutter, 1.25 x Crop ] (JPEG： 29 frames Lossless compressed RAW: 17 frames Compressed RAW: 17 frames Uncompressed RAW： 17 frames) Approx - 20fps [Only electronic shutter, 1.25 x Crop ] (JPEG： 79 frames Lossless compressed RAW: 17 frames Compressed RAW: 20 frames Uncompressed RAW： 17 frames) Approx - 10fps [Only electronic shutter, 1.25 x Crop ] (JPEG： 153 frames Lossless compressed RAW: 18 frames Compressed RAW: 26 frames Uncompressed RAW： 18 frames) Approx - 20fps [Only electronic shutter ] (JPEG： 32 frames Lossless compressed RAW: 17 frames Compressed RAW: 17 frames Uncompressed RAW： 17 frames) Approx - 10fps [Only electronic shutter ] (JPEG： 81 frames Lossless compressed RAW: 18 frames Compressed RAW: 21 frames Uncompressed RAW： 18 frames) Approx - 8fps (JPEG： 105 frames Lossless compressed RAW: 18 frames Compressed RAW: 23 frames Uncompressed RAW： 18 frames) Pre-shot: Approx - 30fps [Only electronic shutter, 1.25 x Crop ] (max - 10 frames while half press, max - 15 frames after full press, total max - 25 frames) Pre-shot: Approx - 20fps [Only electronic shutter, 1.25 x Crop ] (max - 10 frames while half press, max - 48 frames after full press, total max - 58 frames) Pre-shot: Approx - 10fps [Only electronic shutter, 1.25 x Crop ] (max - 10 frames while half press, max - 110 frames after full press, total max - 120 frames) *Recordable frames depends on recording media *Speed of continuous shooting depends on shooting environment and shooting frames Auto bracketing AE Bracketing (Frames: 2, 3, 5, 7, 9 Step: by 1/3EV step, up to ±3EV steps) Filmsimulation bracketing (Any 3 types of film simulation selectable) Dynamic Range Bracketing (100%, 200%, 400%) ISO sensitivity Bracketing (±1/3EV, ±2/3EV, ±1EV) White Balance Bracketing (±1, ±2, ±3) Focus Bracketing (Frames: 1 - 999, Step: 1-10, Interval: 0 - 10s) Focus Mode Single AF / Continuous AF / MF Type Intelligent Hybrid AF(TTL contrast AF / TTL phase detection AF) Low-light Performance Contrast: -4.0EV Phase Detection: -7.0EV (XF50mmF1.0 attached) AF frameselection Single point AF: EVF / LCD: 13 x 9 / 25 x 17 (Changeable size of AF frame)Zone AF: 3 x 3 / 5 x 5 / 7 x 7 from 91 areas on 13 x 9 gridWide/Tracking AF *AF-S: Wide / AF-C: TrackingAll White balance Auto (WHITE PRIORITY, AUTO, AMBIENCE PRIORITY), / Custom1 - 3 / Color temperature selection (2500K - 10000K) /Preset: Fine, Shade, Fluorescent light (Daylight), Fluorescent light (Warm White), Fluorescent light (Cool White), Incandescent light, Underwater Self-timer 10sec - / 2sec - Interval timer shooting Yes (Setting: Interval, Number of shots, Starting time) Flash Manual pop-up flash (Super Intelligent Flash) Flash modes SYNC - MODE 1ST CURTAIN / 2ND CURTAIN (When SYNC TERMINAL on the hot shoe is used) FLASH MODE TTL (TTL AUTO (P mode) / STANDARD / SLOW SYNC - ) / MANUAL / COMMANDER / OFF (When BUILT-IN FLASH is set)TTL (TTL AUTO (P mode) / STANDARD / SLOW SYNC - ) / MANUAL / MULTI / OFF (When SHOE MOUNT FLASH is set) Hot shoe Yes (Dedicated TTL Flash compatible) Viewfinder 0.39 inch approx - 2.36 millions dots OLED Color Viewfinder LCD monitor 3.0 inch, aspect ratio 3:2, approx - 1.04 millions dots touch screen color LCD monitor(approx - 100% coverage) Movie recording File format MOV (MPEG-4 AVC/H.264, Audio: Linear PCM / Stereo sound 24bit / 48KHz sampling)MP4 (MPEG-4 AVC/H.264, Audio: AAC) Movie compression Long-GOP File sizeFrame rateRecording time ［DCI 4K（4096×2160）］ 29.97p/25p/24p/23.98p 200Mbps/100Mbps up to approx - 30min［4K（3840×2160）］ 29.97p/25p/24p/23.98p 200Mbps/100Mbps up to approx - 30min［Full HD（2048 ×1080）］ 59.94p/50p/29.97p/25p/24p/23.98p 200Mbps/100Mbps/50Mbps up to approx - 30min.［Full HD（1920×1080）］ 59.94p/50p/29.97p/25p/24p/23.98p 200Mbps/100Mbps/50Mbps up to approx - 30min.""［Full HD（1920×1080) High speed rec.]240p / 200p 200Mbps(recording) up to approx - 3min.120p / 100p 200Mbps(recording) up to approx - 6min.""*The recording time is measured in test conditions at 25°C - The recording time depends on the shooting conditions.*For recording movies, use a SD memory card with UHS Speed Class 3 or higher - Film simulation mode 18 modes (PROVIA/STANDARD, Velvia/VIVID, ASTIA/SOFT, CLASSIC CHROME, PRO Neg - Hi, PRO Neg - Std, CLASSIC Neg., ETERNA/CINEMA, ETERNA BLEACH BYPASS, ACROS, ACROS+Ye Filter, ACROS+R Filter, ACROS+G Filter, MONOCHROME, MONOCHROME+Ye Filter, MONOCHROME+R Filter, MONOCHROME+G Filter, SEPIA)Monochromatic Color Clarity setting ±5 steps HDR mode AUTO, 200%, 400%, 800%, 800% + Grain effect Roughness: STRONG, WEAK, OFF Size: LARGE, SMALL Color chrome effect STRONG, WEAK, OFF Color chrome Blue STRONG, WEAK, OFF Dynamic range setting Still AUTO, 100%, 200%, 400%ISO restriction (DR100%: No limit, DR200%: ISO320 or more, DR400%: ISO640 or more) Movie 100%, 200%, 400%ISO restriction (DR100%: No limit, DR200%: ISO320 or more, DR400%: ISO640 or more) Advanced filter Toy camera, Miniature, Pop color, High-key, Low-key, Dynamic tone, Soft focus,Partial color (Red / Orange / Yellow / Green / Blue / Purple) Wirelesstransmitter Standard IEEE802.11b/g/n (standard wireless protocol) Encryption WEP / WPA / WPA2 mixed mode Access mode Infrastructure Bluetooth® Standard Bluetooth Ver 4.2 (Bluetooth low energy) Operating frequency (Center frequency) 2402 - 2480MHz Terminal Digital interface USB Type-C (USB3.2 Gen1 x 1) HDMI output HDMI micro connector (Type D) Other ø3.5mm, stereo mini connector (for Microphone and Remote Release), Hot shoe Power supply NP-W126S Li-ion battery (included) Battery life for still images*4 Approx - 325 frames (Normal Mode) When XF35mmF1.4 R is set - Actual battery life ofmovie capture*4*Face detection is set to OFF [4K] approx - 40min - (29.97p)[Full HD] approx - 40min - (59.94p) Continuance battery life ofmovie capture*4*Face detection is set to OFF [4K] approx - 55min - (29.97p)[Full HD] approx - 65min - (59.94p) Dimensions (W) 126.0mm × (H) 85.1mm × (D) 65.4mm (minimum depth 32.9mm) Weight Approx - 465g (including battery and SD memory card)Approx - 415g (excluding battery and SD memory card) OperationEnvironment Operating Temperature 0°C - +40°C Operating Humidity 10% - 80% (no condensation) Starting up period Approx - 0.4sec - Accessories included Li-ion battery NP-W126SUSB cableHeadphone adapterShoulder strapBody cap *1 Exif 2.3 is a digital camera file format that contains a variety of shooting information for optimal printing - *2 The Electronic Shutter may not be suitable for fast-moving objects - Flash can not be used - *3 Approximate number of frames or movie recording time that can be taken with a fully-charged based on CIPA Standard - *4 Approximate number of frames or movie recording time that can be taken with a fully-charged based on CIPA Standard.",,1,5.0,,,,,,,,filter,Colour,Black,filter,Megapixels,26.1 MP,filter,published_online_store,yes,filter,Resolution,3840 x 2160p (4K Ultra HD),filter,Wireless,Built-in WiFi,,,,,,,,,,,,,,,,,,,,,,,,,,,,,,,,,,,,,,,,,,,,,
maplin,2025-11-04,,https://www.maplin.co.uk/products/fujifilm-x-s10-mirrorless-camera-black?variant=43401521430749,5055189033634,Fujifilm X-S10 Mirrorless Camera - Black,Fujifilm,1419.0,Y,,,,Black,Camera + 16-80mm Lens + 128GB SD Card + Case,,,All Photo & Video,Photo,Mirrorless Cameras,[Internal] 30% off Maplin Extra Long Life High Performance Alkaline AA / AAA Batteries when you purchase any of these products,All Products,Fujifilm,,https://cdn.shopify.com/s/files/1/0633/2396/3613/files/FUJ2001_FS_0.jpg?v=1737546646,https://cdn.shopify.com/s/files/1/0633/2396/3613/files/FUJ2001_BS_0.jpg?v=1741605084,https://cdn.shopify.com/s/files/1/0633/2396/3613/files/FUJ2001_T_0.jpg?v=1741605084,https://cdn.shopify.com/s/files/1/0633/2396/3613/files/FUJ2001_B_0.jpg?v=1741605084,https://cdn.shopify.com/s/files/1/0633/2396/3613/files/FUJ2001_L_0.jpg?v=1741605084,"The Fujifilm X-S10 Mirrorless Camera is a compact mirrorless camera body that’s packed with cutting-edge technologies to bring out your best as a photographer - The portability and power of this camera will let you connect with your subjects like never before - The FUJIFILM X-S10 helps unleash your creativity to its fullest extent.Perfect Colour to Define Your Photographic StyleA legacy in colour science is at the root of any image you set out to create - Developed from knowledge and technologies accumulated over 85 years, Fujifilm’s Film Simulations produce superb depth, saturation, and tonality that need little-to-no enhancement.Creative FiltersIn addition to using Film Simulations, X-S10 also has 13 Filter options for you to add creative looks - Choose from Toy Camera, High Key, Dynamic Tone and many more to help your photography stand apart from the crowdLightweight BodyX-S10’s small, compact frame is designed to lighten the load on both your mind and your body, letting you explore your surroundings more freely and allowing you to, literally, take your photography further - It may weigh just 465g (16.4oz), but it doesn’t compromise on build quality or high-end features - The lighter load simply leaves you with more energy to make one more photo, or have more space to carry another lens, giving you a chance to take your photography to new places.Dependable AutofocusWith lightning-fast, accurate, and tenacious low-light autofocus, even the most fleeting of subjects are yours to photograph, so there’s nothing to get in the way of your creativity - Able to acquire focus in just 0.02 sec, advanced Face and Eye Detection AF means your portraits come in crystal clear and fast-moving subjects are easy to keep sharp consistently with Tracking AF - Even in dimly lit interiors or night-time scenes, there’s no stopping you.Uncompromising Image QualityWithin its compact body, X-S10 is equipped with a high-performance, five-axis In-Body Image Stabilization (IBIS) unit, which provides vibration reduction for those times you need it most - This high-performance gyroscope and accelerometer help to steady camera shake, allowing for sharper images - This means you can hand-hold the camera at shutter speeds up to six times slower than normal for still images or use it to help create smooth footage in video - Additionally, X-S10’s IBIS also synchronizes with Optical Image Stabilization (OIS) system lenses to deliver powerful and reliable image stabilization performance.Customize it to Suit Your NeedsOffering full customization and adapting flawlessly to your style of photography, X-S10 lets you work faster, smarter, and more instinctively - Dedicated Function Settings let you recall frequently used menu items with a single push - You can also store your favourite settings to one of the mode dial’s four custom positions, allowing you to instantly switch between the most appropriate setup for the subject in your frame.High-Speed Continuous FramingWith fast-moving subjects, keeping up with the action is totally possible between X-S10’s 8 frames per second mechanical shutter or its Electronic Shutter (ES) which can make images at approximately 20 frames per second - For those moments that simply cannot be missed, ES can achieve up to 30 frames per second with a slight crop to the view.Turn Everyday Life into Dramatic MoviesWith its high-resolution 4K output that is oversampled from pure 6K data, easy to use recording modes, and intuitive controls, FUJIFILM X-S10 lets you record beautifully detailed and natural-looking footage to create high-quality, professional movies - You can even switch to Full HD mode and record at 240fps, to achieve a 10x slow-motion effect for those times where every part of the action needs to be seen.Enjoy X Mount LensesAs an X Mount camera, X-S10 is backed up by a broad family of lenses to expand your image making possibilities - Fujifilm’s X Mount lens range features more than 35 different optics covering focal lengths from 8mm to 800mm* - Every lens is designed to combine incredible optical performance with a priority on optimizing for a size and weight that’s easy to manage whether you’re making stills or recording video.*35mm equivalent of 12mm to 1200mm - 1200mm achievable when using XF2X TC WR Teleconverter.Instantly Share Your StoriesConnect with Bluetooth or Wi-Fi to easily send images to your smartphone and upload your favourite photos directly to social networking sites or instantly print and share your best images by linking up with a compatible instax printer - Specifications Model name FUJIFILM X-S10 Number of effective pixels 26.1 millions pixels Image sensor 23.5mm x 15.6mm (APS-C) X-Trans CMOS 4 with primary color filter - Sensor Cleaning system Ultra Sonic Vibration Storage media SD memory card ( - 2GB) / SDHC memory card ( - 32GB) / SDXC memory card ( - 2TB) UHS-I File format of still image JPEG: Exif Ver.2.3 *1RAW: 14bit RAW (RAF original format) Number of recorded pixels [L]<3:2> 6240 x 4160 <16:9> 6240 x 3512 <1:1> 4160 x 4160 [M]<3:2> 4416 x 2944 <16:9> 4416 x 2488 <1:1> 2944 x 2944 [S]<3:2> 3120 x 2080 <16:9> 3120 x 1760 <1:1> 2080 x 2080 Lens mount FUJIFILM X mount Sensitivity Standard output AUTO1 / AUTO2 / AUTO3 (up to ISO12800) / ISO160 - 12800 (1/3 step) Extended output ISO80 / 100 / 125 / 25600 / 51200 Exposure control TTL 256-zone metering, Multi / Spot / Average / Center Weighted Exposure mode P (Program AE) / A (Aperture Priority AE) / S (Shutter Speed Priority AE) / M (Manual Exposure) Exposure compensation -5.0EV - +5.0EV 1/3EV step (Movie: -2.0EV - +2.0EV) Image stabilizer Mechanism Image sensor shift mechanism with 5-axis compensation Compensation Effect Maximum 6.0 stops (based on CIPA standard - Pitch/yaw shake only - Digital Image Stabilization Yes (movie mode only) IS MODE BOOST Yes (movie mode only) Shutter type Focal Plane Shutter Shutter speed Mechanical Shutter P mode: 4sec - to 1/4000sec - A mode: 30sec - to 1/4000sec - S/M mode: 15min - to 1/4000sec - Bulb mode: up to 60min - Electronic Shutter *2 P mode: 4sec - to 1/32000sec - A mode: 30sec - to 1/32000sec - S/M mode: 15min - to 1/32000sec - Bulb mode: 1sec - Fixed Mechanical +Electronic shutter P mode: 4sec - to 1/32000sec - A mode: 30sec - to 1/32000sec - S/M mode: 15min - to 1/32000sec - Bulb mode: up to 60min - Movie 1/4000sec - - 1/24sec - （depends on the frame rate） Synchronized shutter speed for flash 1/180sec - or slower Continuous shooting Approx - 30fps [Only electronic shutter, 1.25 x Crop ] (JPEG： 29 frames Lossless compressed RAW: 17 frames Compressed RAW: 17 frames Uncompressed RAW： 17 frames) Approx - 20fps [Only electronic shutter, 1.25 x Crop ] (JPEG： 79 frames Lossless compressed RAW: 17 frames Compressed RAW: 20 frames Uncompressed RAW： 17 frames) Approx - 10fps [Only electronic shutter, 1.25 x Crop ] (JPEG： 153 frames Lossless compressed RAW: 18 frames Compressed RAW: 26 frames Uncompressed RAW： 18 frames) Approx - 20fps [Only electronic shutter ] (JPEG： 32 frames Lossless compressed RAW: 17 frames Compressed RAW: 17 frames Uncompressed RAW： 17 frames) Approx - 10fps [Only electronic shutter ] (JPEG： 81 frames Lossless compressed RAW: 18 frames Compressed RAW: 21 frames Uncompressed RAW： 18 frames) Approx - 8fps (JPEG： 105 frames Lossless compressed RAW: 18 frames Compressed RAW: 23 frames Uncompressed RAW： 18 frames) Pre-shot: Approx - 30fps [Only electronic shutter, 1.25 x Crop ] (max - 10 frames while half press, max - 15 frames after full press, total max - 25 frames) Pre-shot: Approx - 20fps [Only electronic shutter, 1.25 x Crop ] (max - 10 frames while half press, max - 48 frames after full press, total max - 58 frames) Pre-shot: Approx - 10fps [Only electronic shutter, 1.25 x Crop ] (max - 10 frames while half press, max - 110 frames after full press, total max - 120 frames) *Recordable frames depends on recording media *Speed of continuous shooting depends on shooting environment and shooting frames Auto bracketing AE Bracketing (Frames: 2, 3, 5, 7, 9 Step: by 1/3EV step, up to ±3EV steps) Filmsimulation bracketing (Any 3 types of film simulation selectable) Dynamic Range Bracketing (100%, 200%, 400%) ISO sensitivity Bracketing (±1/3EV, ±2/3EV, ±1EV) White Balance Bracketing (±1, ±2, ±3) Focus Bracketing (Frames: 1 - 999, Step: 1-10, Interval: 0 - 10s) Focus Mode Single AF / Continuous AF / MF Type Intelligent Hybrid AF(TTL contrast AF / TTL phase detection AF) Low-light Performance Contrast: -4.0EV Phase Detection: -7.0EV (XF50mmF1.0 attached) AF frameselection Single point AF: EVF / LCD: 13 x 9 / 25 x 17 (Changeable size of AF frame)Zone AF: 3 x 3 / 5 x 5 / 7 x 7 from 91 areas on 13 x 9 gridWide/Tracking AF *AF-S: Wide / AF-C: TrackingAll White balance Auto (WHITE PRIORITY, AUTO, AMBIENCE PRIORITY), / Custom1 - 3 / Color temperature selection (2500K - 10000K) /Preset: Fine, Shade, Fluorescent light (Daylight), Fluorescent light (Warm White), Fluorescent light (Cool White), Incandescent light, Underwater Self-timer 10sec - / 2sec - Interval timer shooting Yes (Setting: Interval, Number of shots, Starting time) Flash Manual pop-up flash (Super Intelligent Flash) Flash modes SYNC - MODE 1ST CURTAIN / 2ND CURTAIN (When SYNC TERMINAL on the hot shoe is used) FLASH MODE TTL (TTL AUTO (P mode) / STANDARD / SLOW SYNC - ) / MANUAL / COMMANDER / OFF (When BUILT-IN FLASH is set)TTL (TTL AUTO (P mode) / STANDARD / SLOW SYNC - ) / MANUAL / MULTI / OFF (When SHOE MOUNT FLASH is set) Hot shoe Yes (Dedicated TTL Flash compatible) Viewfinder 0.39 inch approx - 2.36 millions dots OLED Color Viewfinder LCD monitor 3.0 inch, aspect ratio 3:2, approx - 1.04 millions dots touch screen color LCD monitor(approx - 100% coverage) Movie recording File format MOV (MPEG-4 AVC/H.264, Audio: Linear PCM / Stereo sound 24bit / 48KHz sampling)MP4 (MPEG-4 AVC/H.264, Audio: AAC) Movie compression Long-GOP File sizeFrame rateRecording time ［DCI 4K（4096×2160）］ 29.97p/25p/24p/23.98p 200Mbps/100Mbps up to approx - 30min［4K（3840×2160）］ 29.97p/25p/24p/23.98p 200Mbps/100Mbps up to approx - 30min［Full HD（2048 ×1080）］ 59.94p/50p/29.97p/25p/24p/23.98p 200Mbps/100Mbps/50Mbps up to approx - 30min.［Full HD（1920×1080）］ 59.94p/50p/29.97p/25p/24p/23.98p 200Mbps/100Mbps/50Mbps up to approx - 30min.""［Full HD（1920×1080) High speed rec.]240p / 200p 200Mbps(recording) up to approx - 3min.120p / 100p 200Mbps(recording) up to approx - 6min.""*The recording time is measured in test conditions at 25°C - The recording time depends on the shooting conditions.*For recording movies, use a SD memory card with UHS Speed Class 3 or higher - Film simulation mode 18 modes (PROVIA/STANDARD, Velvia/VIVID, ASTIA/SOFT, CLASSIC CHROME, PRO Neg - Hi, PRO Neg - Std, CLASSIC Neg., ETERNA/CINEMA, ETERNA BLEACH BYPASS, ACROS, ACROS+Ye Filter, ACROS+R Filter, ACROS+G Filter, MONOCHROME, MONOCHROME+Ye Filter, MONOCHROME+R Filter, MONOCHROME+G Filter, SEPIA)Monochromatic Color Clarity setting ±5 steps HDR mode AUTO, 200%, 400%, 800%, 800% + Grain effect Roughness: STRONG, WEAK, OFF Size: LARGE, SMALL Color chrome effect STRONG, WEAK, OFF Color chrome Blue STRONG, WEAK, OFF Dynamic range setting Still AUTO, 100%, 200%, 400%ISO restriction (DR100%: No limit, DR200%: ISO320 or more, DR400%: ISO640 or more) Movie 100%, 200%, 400%ISO restriction (DR100%: No limit, DR200%: ISO320 or more, DR400%: ISO640 or more) Advanced filter Toy camera, Miniature, Pop color, High-key, Low-key, Dynamic tone, Soft focus,Partial color (Red / Orange / Yellow / Green / Blue / Purple) Wirelesstransmitter Standard IEEE802.11b/g/n (standard wireless protocol) Encryption WEP / WPA / WPA2 mixed mode Access mode Infrastructure Bluetooth® Standard Bluetooth Ver 4.2 (Bluetooth low energy) Operating frequency (Center frequency) 2402 - 2480MHz Terminal Digital interface USB Type-C (USB3.2 Gen1 x 1) HDMI output HDMI micro connector (Type D) Other ø3.5mm, stereo mini connector (for Microphone and Remote Release), Hot shoe Power supply NP-W126S Li-ion battery (included) Battery life for still images*4 Approx - 325 frames (Normal Mode) When XF35mmF1.4 R is set - Actual battery life ofmovie capture*4*Face detection is set to OFF [4K] approx - 40min - (29.97p)[Full HD] approx - 40min - (59.94p) Continuance battery life ofmovie capture*4*Face detection is set to OFF [4K] approx - 55min - (29.97p)[Full HD] approx - 65min - (59.94p) Dimensions (W) 126.0mm × (H) 85.1mm × (D) 65.4mm (minimum depth 32.9mm) Weight Approx - 465g (including battery and SD memory card)Approx - 415g (excluding battery and SD memory card) OperationEnvironment Operating Temperature 0°C - +40°C Operating Humidity 10% - 80% (no condensation) Starting up period Approx - 0.4sec - Accessories included Li-ion battery NP-W126SUSB cableHeadphone adapterShoulder strapBody cap *1 Exif 2.3 is a digital camera file format that contains a variety of shooting information for optimal printing - *2 The Electronic Shutter may not be suitable for fast-moving objects - Flash can not be used - *3 Approximate number of frames or movie recording time that can be taken with a fully-charged based on CIPA Standard - *4 Approximate number of frames or movie recording time that can be taken with a fully-charged based on CIPA Standard.",,1,5.0,,,,,,,,filter,Colour,Black,filter,Megapixels,26.1 MP,filter,published_online_store,yes,filter,Resolution,3840 x 2160p (4K Ultra HD),filter,Wireless,Built-in WiFi,,,,,,,,,,,,,,,,,,,,,,,,,,,,,,,,,,,,,,,,,,,,,
maplin,2025-11-04,,https://www.maplin.co.uk/products/maplin-m-scart-coupler?variant=43401394880733,5026686200072,Maplin M SCART Coupler,Maplin,4.99,Y,,,,Black,Default Title,,,All PC & Mobile Accessories,Adapters,SCART Adapters,[Internal] Blue Light 10%,[Internal] Private Label 15%,Learn more about Maplin,,https://cdn.shopify.com/s/files/1/0633/2396/3613/files/5026686200072.jpg?v=1740648218,https://cdn.shopify.com/s/files/1/0633/2396/3613/files/5026686200072-2.jpg?v=1740648218,https://cdn.shopify.com/s/files/1/0633/2396/3613/products/475b475b5287082d9b82eae16f2b74c50aebcd5de9ce_MAP466_T_0.jpg?v=1740648218,,,The Maplin M SCART Coupler will connect two SCART cables to extend a connection using existing cabling to connect devices over greater distances.,,3,5.0,,,,,,,,filter,Colour,Black,filter,Connectivity,SCART,filter,published_online_store,yes,,,,,,,,,,,,,,,,,,,,,,,,,,,,,,,,,,,,,,,,,,,,,,,,,,,
maplin,2025-11-04,,https://www.maplin.co.uk/products/maplin-lightning-to-headphone-3-5mm-aux-jack-audio-adapter?variant=43401418506461,5055189036185,"Maplin Lightning to 3.5mm Female Headphone Jack Audio Adapter - Black, 5cm",Maplin,7.99,Y,,,,Black,Default Title,,,All PC & Mobile Accessories,Adapters,Lightning Adapters,Audio Adapters,[Internal] Blue Light 10%,[Internal] Private Label 15%,,https://cdn.shopify.com/s/files/1/0633/2396/3613/files/MAP557image1.jpg?v=1720525860,https://cdn.shopify.com/s/files/1/0633/2396/3613/files/MAP557image2.jpg?v=1720525864,https://cdn.shopify.com/s/files/1/0633/2396/3613/files/MAP557image3.jpg?v=1720525872,https://cdn.shopify.com/s/files/1/0633/2396/3613/files/MAP557image4.jpg?v=1720525879,https://cdn.shopify.com/s/files/1/0633/2396/3613/files/MAP557image5.jpg?v=1720525885,"Use this Maplin Lightning to 3.5mm Female Headphone Jack Audio Adapter to connect your headphones with 3.5mm jack to your iOS device - For Audio only this device does not support telephone calling.Works with all devices that have a Lightning connector including iPad and iPhone, supports iOS 10 or later - Small, and discreet size.",,2,3.0,,,,,,,,filter,Colour,Black,filter,Connectivity,Lightning,filter,published_online_store,yes,,,,,,,,,,,,,,,,,,,,,,,,,,,,,,,,,,,,,,,,,,,,,,,,,,,
maplin,2025-11-04,,https://www.maplin.co.uk/products/fujifilm-instax-mini-confetti-photo-film?variant=43401593487581,4547410400830,Fujifilm Instax Mini Instant Photo Film - Confetti,Fujifilm,11.99,Y,,,,,Pack of 10,,,All Photo & Video,Imaging Accessories,Instant Camera Film,Instax by Fujifilm,[Internal] 30% off Maplin Extra Long Life High Performance Alkaline AA / AAA Batteries when you purchase any of these products,All Products,,https://cdn.shopify.com/s/files/1/0633/2396/3613/products/35c735c728a1b612cae35be70742c629d21890a452fc_FUJ2071_FS_0__1.jpg?v=1720528029,https://cdn.shopify.com/s/files/1/0633/2396/3613/products/360436042d8b1031f457a14dfb7d4a5c703e7e8ea970_FUJ2071_LS_0__1.jpg?v=1720528033,https://cdn.shopify.com/s/files/1/0633/2396/3613/products/56fe56fe9432005c218e7b641e3f948bb5198065d20e_FUJ2071_AL_0__1.jpg?v=1720528036,https://cdn.shopify.com/s/files/1/0633/2396/3613/products/b8d9b8d913caa2e8b7ae09e1f3342b4a5dd42f064cf4_FUJ2074_FS_0__1.jpg?v=1720528044,,"Add some glam to your INSTAX photos! The Fujifilm Instax Mini Confetti Photo Film features a continuous shiny multi-coloured confetti pattern on the film borders - It’s perfect for anyone who loves glitter styles - INSTAX Mini Confetti Instant Film ensures sharp, clear reproduction, vivid colours and natural skin tones and comes in a box of 10 sheets - INSTAX Mini Confetti film is compatible with all Fujifilm INSTAX Instant Mini cameras and printers - Develops instantly – Press the shutter, capture the moment and watch the photo develop in front of your eyes! Hi-Speed ISO 800 with superb grain quality, INSTAX Confetti Film ensures vibrant colours and natural skin tones - Credit-card size – 5.4 cm x 8.6 cm (film size) - The unique credit-card sized film is easy to carry in your purse or wallet and has white borders to frame your images - Leave them blank or personalize with a fun message - Easy-to-Load Cartridge designed and labelled for easy loading and filled with film for 10 credit-card sized instant prints - Highly Stable - The film emulsion performs at temperatures as low as 5°C and as high as 40°C - For use with all INSTAX Mini Instant Cameras and Smartphone Printers.",,0,0.0,,,,,,,,filter,published_online_store,yes,,,,,,,,,,,,,,,,,,,,,,,,,,,,,,,,,,,,,,,,,,,,,,,,,,,,,,,,,
maplin,2025-11-04,,https://www.maplin.co.uk/products/fujifilm-instax-mini-confetti-photo-film?variant=43401593520349,5055189037120,Fujifilm Instax Mini Instant Photo Film - Confetti,Fujifilm,31.5,Y,,,,,Pack of 30,,,All Photo & Video,Imaging Accessories,Instant Camera Film,Instax by Fujifilm,[Internal] 30% off Maplin Extra Long Life High Performance Alkaline AA / AAA Batteries when you purchase any of these products,All Products,,https://cdn.shopify.com/s/files/1/0633/2396/3613/products/35c735c728a1b612cae35be70742c629d21890a452fc_FUJ2071_FS_0__1.jpg?v=1720528029,https://cdn.shopify.com/s/files/1/0633/2396/3613/products/360436042d8b1031f457a14dfb7d4a5c703e7e8ea970_FUJ2071_LS_0__1.jpg?v=1720528033,https://cdn.shopify.com/s/files/1/0633/2396/3613/products/56fe56fe9432005c218e7b641e3f948bb5198065d20e_FUJ2071_AL_0__1.jpg?v=1720528036,https://cdn.shopify.com/s/files/1/0633/2396/3613/products/b8d9b8d913caa2e8b7ae09e1f3342b4a5dd42f064cf4_FUJ2074_FS_0__1.jpg?v=1720528044,,"Add some glam to your INSTAX photos! The Fujifilm Instax Mini Confetti Photo Film features a continuous shiny multi-coloured confetti pattern on the film borders - It’s perfect for anyone who loves glitter styles - INSTAX Mini Confetti Instant Film ensures sharp, clear reproduction, vivid colours and natural skin tones and comes in a box of 10 sheets - INSTAX Mini Confetti film is compatible with all Fujifilm INSTAX Instant Mini cameras and printers - Develops instantly – Press the shutter, capture the moment and watch the photo develop in front of your eyes! Hi-Speed ISO 800 with superb grain quality, INSTAX Confetti Film ensures vibrant colours and natural skin tones - Credit-card size – 5.4 cm x 8.6 cm (film size) - The unique credit-card sized film is easy to carry in your purse or wallet and has white borders to frame your images - Leave them blank or personalize with a fun message - Easy-to-Load Cartridge designed and labelled for easy loading and filled with film for 10 credit-card sized instant prints - Highly Stable - The film emulsion performs at temperatures as low as 5°C and as high as 40°C - For use with all INSTAX Mini Instant Cameras and Smartphone Printers.",,0,0.0,,,,,,,,filter,published_online_store,yes,,,,,,,,,,,,,,,,,,,,,,,,,,,,,,,,,,,,,,,,,,,,,,,,,,,,,,,,,
maplin,2025-11-04,,https://www.maplin.co.uk/products/olympus-m-zuiko-digital-45mm-f-1-8-standard-prime-lens-black?variant=43401613050077,4545350044138,Olympus M.Zuiko Digital 45mm f/1.8 Standard Prime Lens - Black,Olympus,281.99,Y,299.99,Y,,Black,Default Title,,,All Photo & Video,Imaging Accessories,Lenses,Deals,Specials,Clearance,,https://cdn.shopify.com/s/files/1/0633/2396/3613/products/210d210d2d706cfec32c14f090a0391020fc806938dd_OLY1287_FS_0.jpg?v=1720526478,https://cdn.shopify.com/s/files/1/0633/2396/3613/products/1b7d7900-3ba8-4364-be41-e8370762da5f.jpg?v=1720526481,https://cdn.shopify.com/s/files/1/0633/2396/3613/products/dea961b0-4bcc-4b1d-8911-ab3492bbf65d.jpg?v=1720526484,,,"Stylishly designed at an affordable price, this high power prime Olympus M.Zuiko Digital 45mm f/1.8 Standard Prime Lens is ideal for capturing people in portrait shots with nice background blur and vivid contrast, thanks to its fast aperture - Apart from being compatible with shooting top-quality films with extremely fast focus capability, it is packed in a compact body featuring a metallic finish and interchangeable decorative rings to perfectly fit your camera.Dynamic depth and refocusingThis fixed focal length lens is particularly effective when shooting portraits ensuring your subject stands out beautifully against a refocused background with bokeh effects - The fast 1:1.8 aperture lets you achieve a shallow depth of field for your stills and movies.High-speed AF with low noiseThe MSC (Movie & Still Compatible) mechanism gives you quick, smooth AF that is silent and accurate thanks to its high-precision engineering - The focusing lens is moved using a metallic shaft and feed screw rather than a gear, which is usually the cause of focusing noise.Best quality, affordably pricedThis feature-packed high-speed portrait lens is ideal for photography in any lighting conditions - It delivers depth and clarity with great high-end quality and is a must for any enthusiasts camera kit all at an unbelievably affordable price - Specifications Lens Aperture: F/1.8Focus Adjustment: Automatic, manualMin - Focus Distance: 0.5mDesigned for: OM-D E-M1, E-M1 Mark III, E-M10 Mark IIIS, EM-5, E-M5; PEN E-P1, E-P2, E-P3, E-P5, E-PL1, E-PL10, E-PL1s, E-PL2, E-PL3, E-PL5, E-PL6, E-PM1, E-PM2Lens Construction: 8 groups / 9 elementsFilter Size: 37mmMounting Type: Micro Four ThirdsFocal Length: 45mmWeight: 116gLength: 4.6cmDiameter: 5.6cm",,0,0.0,,,,,,,,filter,Colour,Black,filter,published_online_store,yes,,,,,,,,,,,,,,,,,,,,,,,,,,,,,,,,,,,,,,,,,,,,,,,,,,,,,,
maplin,2025-11-04,,https://www.maplin.co.uk/products/fujifilm-instax-link-wide-printer-ash-white?variant=43401601941725,4547410455632,Fujifilm Instax Link Wide Printer - Ash White,Fujifilm,139.99,Y,,,,White,Printer Only,,,All Photo & Video,Imaging Accessories,Photo Printers,Instax by Fujifilm,[Internal] 30% off Maplin Extra Long Life High Performance Alkaline AA / AAA Batteries when you purchase any of these products,All Products,,https://cdn.shopify.com/s/files/1/0633/2396/3613/products/373d373d7989b3f159c0fd8cb8f8bdfab21ae4d7b822_FUJ2036_FR_0.jpg?v=1720528844,https://cdn.shopify.com/s/files/1/0633/2396/3613/products/e630e63094592904ef52fa5304ddf112849b8f451151_FUJ2036_LS_3.jpg?v=1720528857,https://cdn.shopify.com/s/files/1/0633/2396/3613/products/5f3a5f3a02b5822dfb54445d3c7cdc386b257506e4ce_FUJ2036_AL_0.jpg?v=1720528861,https://cdn.shopify.com/s/files/1/0633/2396/3613/products/0d300d309e175bbf2ebc4ef52263d0954cf0da6cbc77_FUJ2036_FS_0.jpg?v=1720528868,https://cdn.shopify.com/s/files/1/0633/2396/3613/products/85528552bf2937fa47db6cedd9dbabb145ac96e5e37a_FUJ2036_AL_1.jpg?v=1720528871,"The exclusively inclusive Fujifilm Instax Link Wide Printer has landed - Creating the largest prints in the instax line-up, this wide-format smartphone printer is overflowing with must-have features to make sure nothing is lost - After all, the fullness of every moment should be captured for all to see - That’s why we say ""print it WIDE"" - Not only does the Link WIDE get everyone in, the Link WIDE app adds a whole other dimension - Why just simply print beautifully framed WIDE prints, when you can supercharge them in the app? Add text, resize, apply a filter, play with the contrast - the options are endless - All before you connect wirelessly via Bluetooth to the Link WIDE, swipe up and print - And when it comes to changing up your look, delve deep into colour modes – instax Rich for all the colour and instax Natural for a classic feel - Two very different colour outputs, two distinctive ways to inject vibrancy into memorable moments before printing them instantly onto WIDE film - Want to add a sense of occasion? There are over 30 editable templates to play with - Perfect for weddings, birthdays, graduations.. - find your inspiration, capture it, make your edits, add words, take a snap for the background, hit print and share - Or include a QR code and transform each and every one of your snaps into secretive moments - Share the perfect recipe with a link to a URL, record and give a laugh, pinpoint a location of your choice or write a hidden message - And that’s not all - There’s still plenty to see here - Bring out your creativity with the ""Sketch, edit and print"" mode - Fully load your prints with Collage mode - Even add a non-sticky sticker to your photo – there’s over 1,600 to choose from - Available in Ash White and Mocha Gray, this superior style icon is ready to spread the love WIDE - Are you? Specifications Supported image size – 800 x 1260 pixelsPrinting resolution – 12.5 dots/mm (318 dpi, 80 μm dot pitch)Printing levels – 256 levels per colour (RGB)Interface – Standard compliance: Bluetooth Ver - 4.2 (BLE)Supported image format – JPEG / PNG / HEIF / DNGPrinting time – Image recording – photo output (fed out): approximately 12 secsApproximate printing capacity: Approximately 100 prints (from full charge) * The number of prints depends on the usage conditions.Film – Fujifilm Instant Colour Film ""instax WIDE"" (separately available)Film Size – 86mm x 108mm Picture Size 62mm x 99mmFilm Developing Time – Approximately 90 seconds (Varies depending on the ambient temperature)Number of Films – 10 films/packBattery – Lithium ion battery (internal type: not removable)Charging time – Approximately 80 to 120 minutes (Charging time depends on the temperature and battery remaining level)Power consumption – Approximately 3WOperating environment – Temperature: +5 ºC to +40 ºC (+41 ºF to +104 ºF) Humidity: 20% to 80% (no condensation)Recording Method - 3-colour exposure with OLEDDimensions - 139 mm x 127.5 mm x 33.7 mm (excluding projecting parts)Weight – Approximately 340g (excluding film pack)",,1,4.0,,,,,,,,filter,Colour,White,filter,published_online_store,yes,filter,Wireless,Bluetooth,,,,,,,,,,,,,,,,,,,,,,,,,,,,,,,,,,,,,,,,,,,,,,,,,,,
maplin,2025-11-04,,https://www.maplin.co.uk/products/fujifilm-instax-link-wide-printer-ash-white?variant=43401601974493,5055189035386,Fujifilm Instax Link Wide Printer - Ash White,Fujifilm,156.99,Y,,,,White,Printer + 20 Shot Pack,,,All Photo & Video,Imaging Accessories,Photo Printers,Instax by Fujifilm,[Internal] 30% off Maplin Extra Long Life High Performance Alkaline AA / AAA Batteries when you purchase any of these products,All Products,,https://cdn.shopify.com/s/files/1/0633/2396/3613/products/373d373d7989b3f159c0fd8cb8f8bdfab21ae4d7b822_FUJ2036_FR_0.jpg?v=1720528844,https://cdn.shopify.com/s/files/1/0633/2396/3613/products/e630e63094592904ef52fa5304ddf112849b8f451151_FUJ2036_LS_3.jpg?v=1720528857,https://cdn.shopify.com/s/files/1/0633/2396/3613/products/5f3a5f3a02b5822dfb54445d3c7cdc386b257506e4ce_FUJ2036_AL_0.jpg?v=1720528861,https://cdn.shopify.com/s/files/1/0633/2396/3613/products/0d300d309e175bbf2ebc4ef52263d0954cf0da6cbc77_FUJ2036_FS_0.jpg?v=1720528868,https://cdn.shopify.com/s/files/1/0633/2396/3613/products/85528552bf2937fa47db6cedd9dbabb145ac96e5e37a_FUJ2036_AL_1.jpg?v=1720528871,"The exclusively inclusive Fujifilm Instax Link Wide Printer has landed - Creating the largest prints in the instax line-up, this wide-format smartphone printer is overflowing with must-have features to make sure nothing is lost - After all, the fullness of every moment should be captured for all to see - That’s why we say ""print it WIDE"" - Not only does the Link WIDE get everyone in, the Link WIDE app adds a whole other dimension - Why just simply print beautifully framed WIDE prints, when you can supercharge them in the app? Add text, resize, apply a filter, play with the contrast - the options are endless - All before you connect wirelessly via Bluetooth to the Link WIDE, swipe up and print - And when it comes to changing up your look, delve deep into colour modes – instax Rich for all the colour and instax Natural for a classic feel - Two very different colour outputs, two distinctive ways to inject vibrancy into memorable moments before printing them instantly onto WIDE film - Want to add a sense of occasion? There are over 30 editable templates to play with - Perfect for weddings, birthdays, graduations.. - find your inspiration, capture it, make your edits, add words, take a snap for the background, hit print and share - Or include a QR code and transform each and every one of your snaps into secretive moments - Share the perfect recipe with a link to a URL, record and give a laugh, pinpoint a location of your choice or write a hidden message - And that’s not all - There’s still plenty to see here - Bring out your creativity with the ""Sketch, edit and print"" mode - Fully load your prints with Collage mode - Even add a non-sticky sticker to your photo – there’s over 1,600 to choose from - Available in Ash White and Mocha Gray, this superior style icon is ready to spread the love WIDE - Are you? Specifications Supported image size – 800 x 1260 pixelsPrinting resolution – 12.5 dots/mm (318 dpi, 80 μm dot pitch)Printing levels – 256 levels per colour (RGB)Interface – Standard compliance: Bluetooth Ver - 4.2 (BLE)Supported image format – JPEG / PNG / HEIF / DNGPrinting time – Image recording – photo output (fed out): approximately 12 secsApproximate printing capacity: Approximately 100 prints (from full charge) * The number of prints depends on the usage conditions.Film – Fujifilm Instant Colour Film ""instax WIDE"" (separately available)Film Size – 86mm x 108mm Picture Size 62mm x 99mmFilm Developing Time – Approximately 90 seconds (Varies depending on the ambient temperature)Number of Films – 10 films/packBattery – Lithium ion battery (internal type: not removable)Charging time – Approximately 80 to 120 minutes (Charging time depends on the temperature and battery remaining level)Power consumption – Approximately 3WOperating environment – Temperature: +5 ºC to +40 ºC (+41 ºF to +104 ºF) Humidity: 20% to 80% (no condensation)Recording Method - 3-colour exposure with OLEDDimensions - 139 mm x 127.5 mm x 33.7 mm (excluding projecting parts)Weight – Approximately 340g (excluding film pack)",,1,4.0,,,,,,,,filter,Colour,White,filter,published_online_store,yes,filter,Wireless,Bluetooth,,,,,,,,,,,,,,,,,,,,,,,,,,,,,,,,,,,,,,,,,,,,,,,,,,,
maplin,2025-11-04,,https://www.maplin.co.uk/products/fujifilm-instax-link-wide-printer-ash-white?variant=43401601908957,5055189035409,Fujifilm Instax Link Wide Printer - Ash White,Fujifilm,172.99,Y,,,,White,Printer + 40 Shot Pack,,,All Photo & Video,Imaging Accessories,Photo Printers,Instax by Fujifilm,[Internal] 30% off Maplin Extra Long Life High Performance Alkaline AA / AAA Batteries when you purchase any of these products,All Products,,https://cdn.shopify.com/s/files/1/0633/2396/3613/products/373d373d7989b3f159c0fd8cb8f8bdfab21ae4d7b822_FUJ2036_FR_0.jpg?v=1720528844,https://cdn.shopify.com/s/files/1/0633/2396/3613/products/e630e63094592904ef52fa5304ddf112849b8f451151_FUJ2036_LS_3.jpg?v=1720528857,https://cdn.shopify.com/s/files/1/0633/2396/3613/products/5f3a5f3a02b5822dfb54445d3c7cdc386b257506e4ce_FUJ2036_AL_0.jpg?v=1720528861,https://cdn.shopify.com/s/files/1/0633/2396/3613/products/0d300d309e175bbf2ebc4ef52263d0954cf0da6cbc77_FUJ2036_FS_0.jpg?v=1720528868,https://cdn.shopify.com/s/files/1/0633/2396/3613/products/85528552bf2937fa47db6cedd9dbabb145ac96e5e37a_FUJ2036_AL_1.jpg?v=1720528871,"The exclusively inclusive Fujifilm Instax Link Wide Printer has landed - Creating the largest prints in the instax line-up, this wide-format smartphone printer is overflowing with must-have features to make sure nothing is lost - After all, the fullness of every moment should be captured for all to see - That’s why we say ""print it WIDE"" - Not only does the Link WIDE get everyone in, the Link WIDE app adds a whole other dimension - Why just simply print beautifully framed WIDE prints, when you can supercharge them in the app? Add text, resize, apply a filter, play with the contrast - the options are endless - All before you connect wirelessly via Bluetooth to the Link WIDE, swipe up and print - And when it comes to changing up your look, delve deep into colour modes – instax Rich for all the colour and instax Natural for a classic feel - Two very different colour outputs, two distinctive ways to inject vibrancy into memorable moments before printing them instantly onto WIDE film - Want to add a sense of occasion? There are over 30 editable templates to play with - Perfect for weddings, birthdays, graduations.. - find your inspiration, capture it, make your edits, add words, take a snap for the background, hit print and share - Or include a QR code and transform each and every one of your snaps into secretive moments - Share the perfect recipe with a link to a URL, record and give a laugh, pinpoint a location of your choice or write a hidden message - And that’s not all - There’s still plenty to see here - Bring out your creativity with the ""Sketch, edit and print"" mode - Fully load your prints with Collage mode - Even add a non-sticky sticker to your photo – there’s over 1,600 to choose from - Available in Ash White and Mocha Gray, this superior style icon is ready to spread the love WIDE - Are you? Specifications Supported image size – 800 x 1260 pixelsPrinting resolution – 12.5 dots/mm (318 dpi, 80 μm dot pitch)Printing levels – 256 levels per colour (RGB)Interface – Standard compliance: Bluetooth Ver - 4.2 (BLE)Supported image format – JPEG / PNG / HEIF / DNGPrinting time – Image recording – photo output (fed out): approximately 12 secsApproximate printing capacity: Approximately 100 prints (from full charge) * The number of prints depends on the usage conditions.Film – Fujifilm Instant Colour Film ""instax WIDE"" (separately available)Film Size – 86mm x 108mm Picture Size 62mm x 99mmFilm Developing Time – Approximately 90 seconds (Varies depending on the ambient temperature)Number of Films – 10 films/packBattery – Lithium ion battery (internal type: not removable)Charging time – Approximately 80 to 120 minutes (Charging time depends on the temperature and battery remaining level)Power consumption – Approximately 3WOperating environment – Temperature: +5 ºC to +40 ºC (+41 ºF to +104 ºF) Humidity: 20% to 80% (no condensation)Recording Method - 3-colour exposure with OLEDDimensions - 139 mm x 127.5 mm x 33.7 mm (excluding projecting parts)Weight – Approximately 340g (excluding film pack)",,1,4.0,,,,,,,,filter,Colour,White,filter,published_online_store,yes,filter,Wireless,Bluetooth,,,,,,,,,,,,,,,,,,,,,,,,,,,,,,,,,,,,,,,,,,,,,,,,,,,
maplin,2025-11-04,,https://www.maplin.co.uk/products/fujifilm-instax-link-wide-printer-mocha-grey?variant=43401608626397,4547410455649,Fujifilm Instax Link Wide Printer - Mocha Grey,Fujifilm,139.99,Y,,,,Grey,Printer Only,,,All Photo & Video,Imaging Accessories,Photo Printers,Instax by Fujifilm,[Internal] 30% off Maplin Extra Long Life High Performance Alkaline AA / AAA Batteries when you purchase any of these products,All Products,,https://cdn.shopify.com/s/files/1/0633/2396/3613/products/4ec74ec7d0d12ee4a02ae8fe9cd66f778d29218b2103_FUJ2037_FR_0.jpg?v=1720526428,https://cdn.shopify.com/s/files/1/0633/2396/3613/products/247e247e6c60499206db4ee98c023097e18f91f352b2_FUJ2037_LS_0.jpg?v=1720526437,https://cdn.shopify.com/s/files/1/0633/2396/3613/products/645f645f2690e4d9255f35e8d8278fca569dfded60eb_FUJ2037_AL_0.jpg?v=1720526440,https://cdn.shopify.com/s/files/1/0633/2396/3613/products/83d283d2d87d9642c44feaecda753c94a2efd8386265_FUJ2037_FS_0.jpg?v=1720526443,https://cdn.shopify.com/s/files/1/0633/2396/3613/products/b866b866a7fc420ddfae03e0035dba32cc7c731788e6_FUJ2037_AL_1.jpg?v=1720526447,"The exclusively inclusive Fujifilm Instax Link Wide Printer has landed - Creating the largest prints in the instax line-up, this wide-format smartphone printer is overflowing with must-have features to make sure nothing is lost - After all, the fullness of every moment should be captured for all to see - That’s why we say ""print it WIDE"" - Not only does the Link WIDE get everyone in, the Link WIDE app adds a whole other dimension - Why just simply print beautifully framed WIDE prints, when you can supercharge them in the app? Add text, resize, apply a filter, play with the contrast - the options are endless - All before you connect wirelessly via Bluetooth to the Link WIDE, swipe up and print - And when it comes to changing up your look, delve deep into colour modes – instax Rich for all the colour and instax Natural for a classic feel - Two very different colour outputs, two distinctive ways to inject vibrancy into memorable moments before printing them instantly onto WIDE film - Want to add a sense of occasion? There are over 30 editable templates to play with - Perfect for weddings, birthdays, graduations.. - find your inspiration, capture it, make your edits, add words, take a snap for the background, hit print and share - Or include a QR code and transform each and every one of your snaps into secretive moments - Share the perfect recipe with a link to a URL, record and give a laugh, pinpoint a location of your choice or write a hidden message - And that’s not all - There’s still plenty to see here - Bring out your creativity with the ""Sketch, edit and print"" mode - Fully load your prints with Collage mode - Even add a non-sticky sticker to your photo – there’s over 1,600 to choose from - Available in Ash White and Mocha Grey, this superior style icon is ready to spread the love WIDE - Are you? Specifications Supported image size – 800 x 1260 pixelsPrinting resolution – 12.5 dots/mm (318 dpi, 80 μm dot pitch)Printing levels – 256 levels per colour (RGB)Interface – Standard compliance: Bluetooth Ver - 4.2 (BLE)Supported image format – JPEG / PNG / HEIF / DNGPrinting time – Image recording – photo output (fed out): approximately 12 secsApproximate printing capacity: Approximately 100 prints (from full charge) * The number of prints depends on the usage conditions.Film – Fujifilm Instant Colour Film ""instax WIDE"" (separately available)Film Size – 86mm x 108mm Picture Size 62mm x 99mmFilm Developing Time – Approximately 90 seconds (Varies depending on the ambient temperature)Number of Films – 10 films/packBattery – Lithium ion battery (internal type: not removable)Charging time – Approximately 80 to 120 minutes (Charging time depends on the temperature and battery remaining level)Power consumption – Approximately 3WOperating environment – Temperature: +5 ºC to +40 ºC (+41 ºF to +104 ºF) Humidity: 20% to 80% (no condensation)Recording Method - 3-colour exposure with OLEDDimensions - 139 mm x 127.5 mm x 33.7 mm (excluding projecting parts)Weight – Approximately 340g (excluding film pack)",,2,5.0,,,,,,,,filter,Colour,Grey,filter,published_online_store,yes,filter,Wireless,Bluetooth,,,,,,,,,,,,,,,,,,,,,,,,,,,,,,,,,,,,,,,,,,,,,,,,,,,
maplin,2025-11-04,,https://www.maplin.co.uk/products/fujifilm-instax-link-wide-printer-mocha-grey?variant=43401608593629,5055189035393,Fujifilm Instax Link Wide Printer - Mocha Grey,Fujifilm,156.99,Y,,,,Grey,Printer + 20 Shot Pack,,,All Photo & Video,Imaging Accessories,Photo Printers,Instax by Fujifilm,[Internal] 30% off Maplin Extra Long Life High Performance Alkaline AA / AAA Batteries when you purchase any of these products,All Products,,https://cdn.shopify.com/s/files/1/0633/2396/3613/products/4ec74ec7d0d12ee4a02ae8fe9cd66f778d29218b2103_FUJ2037_FR_0.jpg?v=1720526428,https://cdn.shopify.com/s/files/1/0633/2396/3613/products/247e247e6c60499206db4ee98c023097e18f91f352b2_FUJ2037_LS_0.jpg?v=1720526437,https://cdn.shopify.com/s/files/1/0633/2396/3613/products/645f645f2690e4d9255f35e8d8278fca569dfded60eb_FUJ2037_AL_0.jpg?v=1720526440,https://cdn.shopify.com/s/files/1/0633/2396/3613/products/83d283d2d87d9642c44feaecda753c94a2efd8386265_FUJ2037_FS_0.jpg?v=1720526443,https://cdn.shopify.com/s/files/1/0633/2396/3613/products/b866b866a7fc420ddfae03e0035dba32cc7c731788e6_FUJ2037_AL_1.jpg?v=1720526447,"The exclusively inclusive Fujifilm Instax Link Wide Printer has landed - Creating the largest prints in the instax line-up, this wide-format smartphone printer is overflowing with must-have features to make sure nothing is lost - After all, the fullness of every moment should be captured for all to see - That’s why we say ""print it WIDE"" - Not only does the Link WIDE get everyone in, the Link WIDE app adds a whole other dimension - Why just simply print beautifully framed WIDE prints, when you can supercharge them in the app? Add text, resize, apply a filter, play with the contrast - the options are endless - All before you connect wirelessly via Bluetooth to the Link WIDE, swipe up and print - And when it comes to changing up your look, delve deep into colour modes – instax Rich for all the colour and instax Natural for a classic feel - Two very different colour outputs, two distinctive ways to inject vibrancy into memorable moments before printing them instantly onto WIDE film - Want to add a sense of occasion? There are over 30 editable templates to play with - Perfect for weddings, birthdays, graduations.. - find your inspiration, capture it, make your edits, add words, take a snap for the background, hit print and share - Or include a QR code and transform each and every one of your snaps into secretive moments - Share the perfect recipe with a link to a URL, record and give a laugh, pinpoint a location of your choice or write a hidden message - And that’s not all - There’s still plenty to see here - Bring out your creativity with the ""Sketch, edit and print"" mode - Fully load your prints with Collage mode - Even add a non-sticky sticker to your photo – there’s over 1,600 to choose from - Available in Ash White and Mocha Grey, this superior style icon is ready to spread the love WIDE - Are you? Specifications Supported image size – 800 x 1260 pixelsPrinting resolution – 12.5 dots/mm (318 dpi, 80 μm dot pitch)Printing levels – 256 levels per colour (RGB)Interface – Standard compliance: Bluetooth Ver - 4.2 (BLE)Supported image format – JPEG / PNG / HEIF / DNGPrinting time – Image recording – photo output (fed out): approximately 12 secsApproximate printing capacity: Approximately 100 prints (from full charge) * The number of prints depends on the usage conditions.Film – Fujifilm Instant Colour Film ""instax WIDE"" (separately available)Film Size – 86mm x 108mm Picture Size 62mm x 99mmFilm Developing Time – Approximately 90 seconds (Varies depending on the ambient temperature)Number of Films – 10 films/packBattery – Lithium ion battery (internal type: not removable)Charging time – Approximately 80 to 120 minutes (Charging time depends on the temperature and battery remaining level)Power consumption – Approximately 3WOperating environment – Temperature: +5 ºC to +40 ºC (+41 ºF to +104 ºF) Humidity: 20% to 80% (no condensation)Recording Method - 3-colour exposure with OLEDDimensions - 139 mm x 127.5 mm x 33.7 mm (excluding projecting parts)Weight – Approximately 340g (excluding film pack)",,2,5.0,,,,,,,,filter,Colour,Grey,filter,published_online_store,yes,filter,Wireless,Bluetooth,,,,,,,,,,,,,,,,,,,,,,,,,,,,,,,,,,,,,,,,,,,,,,,,,,,
maplin,2025-11-04,,https://www.maplin.co.uk/products/fujifilm-instax-link-wide-printer-mocha-grey?variant=43401608560861,5055189035416,Fujifilm Instax Link Wide Printer - Mocha Grey,Fujifilm,172.99,Y,,,,Grey,Printer + 40 Shot Pack,,,All Photo & Video,Imaging Accessories,Photo Printers,Instax by Fujifilm,[Internal] 30% off Maplin Extra Long Life High Performance Alkaline AA / AAA Batteries when you purchase any of these products,All Products,,https://cdn.shopify.com/s/files/1/0633/2396/3613/products/4ec74ec7d0d12ee4a02ae8fe9cd66f778d29218b2103_FUJ2037_FR_0.jpg?v=1720526428,https://cdn.shopify.com/s/files/1/0633/2396/3613/products/247e247e6c60499206db4ee98c023097e18f91f352b2_FUJ2037_LS_0.jpg?v=1720526437,https://cdn.shopify.com/s/files/1/0633/2396/3613/products/645f645f2690e4d9255f35e8d8278fca569dfded60eb_FUJ2037_AL_0.jpg?v=1720526440,https://cdn.shopify.com/s/files/1/0633/2396/3613/products/83d283d2d87d9642c44feaecda753c94a2efd8386265_FUJ2037_FS_0.jpg?v=1720526443,https://cdn.shopify.com/s/files/1/0633/2396/3613/products/b866b866a7fc420ddfae03e0035dba32cc7c731788e6_FUJ2037_AL_1.jpg?v=1720526447,"The exclusively inclusive Fujifilm Instax Link Wide Printer has landed - Creating the largest prints in the instax line-up, this wide-format smartphone printer is overflowing with must-have features to make sure nothing is lost - After all, the fullness of every moment should be captured for all to see - That’s why we say ""print it WIDE"" - Not only does the Link WIDE get everyone in, the Link WIDE app adds a whole other dimension - Why just simply print beautifully framed WIDE prints, when you can supercharge them in the app? Add text, resize, apply a filter, play with the contrast - the options are endless - All before you connect wirelessly via Bluetooth to the Link WIDE, swipe up and print - And when it comes to changing up your look, delve deep into colour modes – instax Rich for all the colour and instax Natural for a classic feel - Two very different colour outputs, two distinctive ways to inject vibrancy into memorable moments before printing them instantly onto WIDE film - Want to add a sense of occasion? There are over 30 editable templates to play with - Perfect for weddings, birthdays, graduations.. - find your inspiration, capture it, make your edits, add words, take a snap for the background, hit print and share - Or include a QR code and transform each and every one of your snaps into secretive moments - Share the perfect recipe with a link to a URL, record and give a laugh, pinpoint a location of your choice or write a hidden message - And that’s not all - There’s still plenty to see here - Bring out your creativity with the ""Sketch, edit and print"" mode - Fully load your prints with Collage mode - Even add a non-sticky sticker to your photo – there’s over 1,600 to choose from - Available in Ash White and Mocha Grey, this superior style icon is ready to spread the love WIDE - Are you? Specifications Supported image size – 800 x 1260 pixelsPrinting resolution – 12.5 dots/mm (318 dpi, 80 μm dot pitch)Printing levels – 256 levels per colour (RGB)Interface – Standard compliance: Bluetooth Ver - 4.2 (BLE)Supported image format – JPEG / PNG / HEIF / DNGPrinting time – Image recording – photo output (fed out): approximately 12 secsApproximate printing capacity: Approximately 100 prints (from full charge) * The number of prints depends on the usage conditions.Film – Fujifilm Instant Colour Film ""instax WIDE"" (separately available)Film Size – 86mm x 108mm Picture Size 62mm x 99mmFilm Developing Time – Approximately 90 seconds (Varies depending on the ambient temperature)Number of Films – 10 films/packBattery – Lithium ion battery (internal type: not removable)Charging time – Approximately 80 to 120 minutes (Charging time depends on the temperature and battery remaining level)Power consumption – Approximately 3WOperating environment – Temperature: +5 ºC to +40 ºC (+41 ºF to +104 ºF) Humidity: 20% to 80% (no condensation)Recording Method - 3-colour exposure with OLEDDimensions - 139 mm x 127.5 mm x 33.7 mm (excluding projecting parts)Weight – Approximately 340g (excluding film pack)",,2,5.0,,,,,,,,filter,Colour,Grey,filter,published_online_store,yes,filter,Wireless,Bluetooth,,,,,,,,,,,,,,,,,,,,,,,,,,,,,,,,,,,,,,,,,,,,,,,,,,,
maplin,2025-11-04,,https://www.maplin.co.uk/products/maplin-premium-apple-mfi-certified-lightning-to-usb-a-2-0-coiled-cable-white-1m?variant=43401792651485,5055189035195,"Maplin Premium Apple MFI Certified Lightning to USB-A 2.0 Coiled Cable - White, 0.5m",Maplin,5.99,Y,,,,White,Default Title,,,All Cables,USB-A Cables,Lightning Cables,USB-A to Lightning Cables,[Internal] Blue Light 10%,[Internal] Private Label 15%,,https://cdn.shopify.com/s/files/1/0633/2396/3613/files/MAP522_image_1.jpg?v=1747213833,https://cdn.shopify.com/s/files/1/0633/2396/3613/files/MAP522Image1.jpg?v=1747213833,https://cdn.shopify.com/s/files/1/0633/2396/3613/files/MAP522Image2.jpg?v=1747213833,https://cdn.shopify.com/s/files/1/0633/2396/3613/files/MAP522Image3.jpg?v=1747213833,https://cdn.shopify.com/s/files/1/0633/2396/3613/files/MAP522Image4.jpg?v=1747213833,"The Maplin Premium Apple MFI Certified Lightning to USB-A 2.0 Coiled Cable enables charging and data transfer from your apple Lightning-enabled device - Connect to your PC for charging and data transfer, or to a USB power adapter for charging only.This is a coiled cable, enabling it to stay compact and also avoiding tangles making it ideal for in-car use.",,3,5.0,,,,,,,,filter,Colour,White,filter,Connectivity,USB-A 2.0,filter,Insulation Type,Rubber,filter,Length,0.5m,filter,published_online_store,yes,,,,,,,,,,,,,,,,,,,,,,,,,,,,,,,,,,,,,,,,,,,,,
maplin,2025-11-04,,https://www.maplin.co.uk/products/kodak-4-led-ring-light-mini-for-smartphones-laptops?variant=43401618751709,6430055457759,"Kodak 4"" LED Ring Light Mini for Smartphones & Laptops",Kodak,22.99,Y,,,,,Default Title,,,All Photo & Video,Imaging Accessories,Imaging Lighting,[Internal] Blue Light 10%,[Internal] 30% off Maplin Extra Long Life High Performance Alkaline AA / AAA Batteries when you purchase any of these products,All Products,,https://cdn.shopify.com/s/files/1/0633/2396/3613/products/c8817ecf-623d-46af-a584-5f9054ed5b26.jpg?v=1720526638,https://cdn.shopify.com/s/files/1/0633/2396/3613/products/0225022562908367dc3f01dca172bf06652d1836cadf_KOD814_LS_3.jpg?v=1720526642,https://cdn.shopify.com/s/files/1/0633/2396/3613/products/f9b1f9b15a2bcdba1121b7cff535949031513fa2d92a_KOD814_LS_1.jpg?v=1720526657,https://cdn.shopify.com/s/files/1/0633/2396/3613/products/d579d579d2856bf66022a87a8aafe4ae99d9c9402d7b_KOD814_LS_0.jpg?v=1720526663,https://cdn.shopify.com/s/files/1/0633/2396/3613/products/0f380f388110cee64d6fab34cef69300ef1e6d35ede3_KOD814_LS_2.jpg?v=1720526671,"The Kodak 4"" LED Ring Light Mini for Smartphones & Laptops brings a new dimension of light and style to your images and videos - Add brilliance, spotlight personal features, remove wrinkles – and shine with your online presence! This handy light is perfect for everything from portraits and selfies to online meetings and makeup - Works with any smartphone and laptop - Specifications Diameter: 4 inchesRunning time: 90 minutesIntegrated battery: 380 mAhUSB C 5V/1A charging port (cable included)Compatible with all smartphones (front and back camera)Compatible with all laptops and tabletsAdjustable brightness: 0% - 100%Adjustable colour balance: cool, neutral, warm (3500K-8000K)50 individual LEDsWeight: 80gDimensions: 110 x 35 x 110 mm",,4,2.0,,,,,,,,filter,published_online_store,yes,,,,,,,,,,,,,,,,,,,,,,,,,,,,,,,,,,,,,,,,,,,,,,,,,,,,,,,,,
maplin,2025-11-04,,https://www.maplin.co.uk/products/maplin-hdmi-male-to-hdmi-female-uhd-4k-extension-cable-black?variant=43401796714717,5026686198478,Maplin HDMI Male to HDMI Female 4K Ultra HD Extension Cable - Black,Maplin,5.49,Y,,,,Black,0.75m,,,All Cables,HDMI Cables,[Internal] Blue Light 10%,[Internal] Private Label 15%,Learn more about Maplin,[Internal] 30% off Maplin Extra Long Life High Performance Alkaline AA / AAA Batteries when you purchase any of these products,,https://cdn.shopify.com/s/files/1/0633/2396/3613/files/MAP029_Image_1.jpg?v=1751621489,https://cdn.shopify.com/s/files/1/0633/2396/3613/files/MAP029_Image_2.jpg?v=1751621489,https://cdn.shopify.com/s/files/1/0633/2396/3613/files/MAP029_Image_3.jpg?v=1721999778,https://cdn.shopify.com/s/files/1/0633/2396/3613/files/MAP029_Image_4.jpg?v=1751621489,https://cdn.shopify.com/s/files/1/0633/2396/3613/files/MAP029_Image_6.jpg?v=1751621489,"This Maplin HDMI Male to HDMI Female 4K Ultra HD Extension Cable is ideal for extending existing cables - HDMI is a highly versatile cable that combines high definition video and multi-channel audio into one cable - They are commonly used for connecting TVs to set satellite/cable boxes, Blu-ray/DVD players and game consoles - It's also used in PC connectivity and mobile devices.",,5,5.0,,,,,,,,filter,Colour,Black,filter,Connectivity,HDMI,filter,HDMI Version,2.0,filter,Insulation Type,Rubber,filter,Length,3m,filter,published_online_store,yes,filter,Resolution,3840 x 2160p (4K Ultra HD),,,,,,,,,,,,,,,,,,,,,,,,,,,,,,,,,,,,,,,
maplin,2025-11-04,,https://www.maplin.co.uk/products/maplin-hdmi-male-to-hdmi-female-uhd-4k-extension-cable-black?variant=43401796649181,5026686198485,Maplin HDMI Male to HDMI Female 4K Ultra HD Extension Cable - Black,Maplin,5.99,Y,,,,Black,1.5m,,,All Cables,HDMI Cables,[Internal] Blue Light 10%,[Internal] Private Label 15%,Learn more about Maplin,[Internal] 30% off Maplin Extra Long Life High Performance Alkaline AA / AAA Batteries when you purchase any of these products,,https://cdn.shopify.com/s/files/1/0633/2396/3613/files/MAP029_Image_1.jpg?v=1751621489,https://cdn.shopify.com/s/files/1/0633/2396/3613/files/MAP029_Image_2.jpg?v=1751621489,https://cdn.shopify.com/s/files/1/0633/2396/3613/files/MAP029_Image_3.jpg?v=1721999778,https://cdn.shopify.com/s/files/1/0633/2396/3613/files/MAP029_Image_4.jpg?v=1751621489,https://cdn.shopify.com/s/files/1/0633/2396/3613/files/MAP029_Image_6.jpg?v=1751621489,"This Maplin HDMI Male to HDMI Female 4K Ultra HD Extension Cable is ideal for extending existing cables - HDMI is a highly versatile cable that combines high definition video and multi-channel audio into one cable - They are commonly used for connecting TVs to set satellite/cable boxes, Blu-ray/DVD players and game consoles - It's also used in PC connectivity and mobile devices.",,5,5.0,,,,,,,,filter,Colour,Black,filter,Connectivity,HDMI,filter,HDMI Version,2.0,filter,Insulation Type,Rubber,filter,Length,3m,filter,published_online_store,yes,filter,Resolution,3840 x 2160p (4K Ultra HD),,,,,,,,,,,,,,,,,,,,,,,,,,,,,,,,,,,,,,,
maplin,2025-11-04,,https://www.maplin.co.uk/products/maplin-hdmi-male-to-hdmi-female-uhd-4k-extension-cable-black?variant=43401796681949,5026686198492,Maplin HDMI Male to HDMI Female 4K Ultra HD Extension Cable - Black,Maplin,6.99,Y,,,,Black,3m,,,All Cables,HDMI Cables,[Internal] Blue Light 10%,[Internal] Private Label 15%,Learn more about Maplin,[Internal] 30% off Maplin Extra Long Life High Performance Alkaline AA / AAA Batteries when you purchase any of these products,,https://cdn.shopify.com/s/files/1/0633/2396/3613/files/MAP029_Image_1.jpg?v=1751621489,https://cdn.shopify.com/s/files/1/0633/2396/3613/files/MAP029_Image_2.jpg?v=1751621489,https://cdn.shopify.com/s/files/1/0633/2396/3613/files/MAP029_Image_3.jpg?v=1721999778,https://cdn.shopify.com/s/files/1/0633/2396/3613/files/MAP029_Image_4.jpg?v=1751621489,https://cdn.shopify.com/s/files/1/0633/2396/3613/files/MAP029_Image_6.jpg?v=1751621489,"This Maplin HDMI Male to HDMI Female 4K Ultra HD Extension Cable is ideal for extending existing cables - HDMI is a highly versatile cable that combines high definition video and multi-channel audio into one cable - They are commonly used for connecting TVs to set satellite/cable boxes, Blu-ray/DVD players and game consoles - It's also used in PC connectivity and mobile devices.",,5,5.0,,,,,,,,filter,Colour,Black,filter,Connectivity,HDMI,filter,HDMI Version,2.0,filter,Insulation Type,Rubber,filter,Length,3m,filter,published_online_store,yes,filter,Resolution,3840 x 2160p (4K Ultra HD),,,,,,,,,,,,,,,,,,,,,,,,,,,,,,,,,,,,,,,
maplin,2025-11-04,,https://www.maplin.co.uk/products/maplin-premium-flat-hdmi-2-0-cable-black-3m?variant=43401806381277,5026686198454,"Maplin Flat HDMI to HDMI 4K Ultra HD Cable with Gold Connectors - Black, 3m",Maplin,6.99,Y,,,,Black,Default Title,,,All Cables,HDMI Cables,HDMI to HDMI Cables,[Internal] Blue Light 10%,[Internal] Private Label 15%,Learn more about Maplin,,https://cdn.shopify.com/s/files/1/0633/2396/3613/files/MAP027Image1.jpg?v=1720531795,https://cdn.shopify.com/s/files/1/0633/2396/3613/products/812b812b5861301045fe40472a405226792945d737ba_MAP027_T_0.jpg?v=1720531799,https://cdn.shopify.com/s/files/1/0633/2396/3613/files/MAP027Image2.jpg?v=1720531802,https://cdn.shopify.com/s/files/1/0633/2396/3613/files/MAP027Image3.jpg?v=1720531806,https://cdn.shopify.com/s/files/1/0633/2396/3613/files/MAP027Image4.jpg?v=1720531811,"A highly versatile Maplin Flat HDMI to HDMI 4K Ultra HD Cable with Gold Connectors that combines high definition video and multi-channel audio into one cable - Commonly used for connecting TVs to Sky boxes, streaming devices, Blu-ray/DVD players and game consoles, as well as for PC connectivity - Offering more flexibility, this HDMI is the perfect choice if you have to bend or twist a cable to fit into a small space and can be almost invisible when running across a wall.",,5,4.8,,,,,,,,filter,Colour,Black,filter,Connectivity,HDMI,filter,HDMI Version,2.0,filter,Insulation Type,Rubber,filter,Length,3m,filter,published_online_store,yes,filter,Resolution,3840 x 2160p (4K Ultra HD),,,,,,,,,,,,,,,,,,,,,,,,,,,,,,,,,,,,,,,
maplin,2025-11-04,,https://www.maplin.co.uk/products/maplin-usb-c-to-usb-a-braided-cable-silver-3m?variant=43401709519069,5026686001594,"Maplin USB-C to USB-A Braided Cable - Silver, 3m",Maplin,7.99,Y,,,,Silver,Default Title,,,All Cables,USB-C Cables,USB-A Cables,USB-A to USB-C Cables,[Internal] Blue Light 10%,[Internal] Private Label 15%,,https://cdn.shopify.com/s/files/1/0633/2396/3613/files/MAP324_image_1_1.jpg?v=1752488121,https://cdn.shopify.com/s/files/1/0633/2396/3613/files/MAP324image1.jpg?v=1747065473,https://cdn.shopify.com/s/files/1/0633/2396/3613/files/MAP324image2.jpg?v=1747065473,https://cdn.shopify.com/s/files/1/0633/2396/3613/files/MAP324image3.jpg?v=1747065473,https://cdn.shopify.com/s/files/1/0633/2396/3613/files/MAP324image4.jpg?v=1747065473,This 3m Type-C to USB-A cable can be used for charging and data transfer - The Maplin Braided USB-C to USB-A 2.0 Cable has a durable braided outer covering and delivers a data transfer speed of up to 480 Mbps.,,5,3.4,,,,,,,,filter,Colour,Silver,filter,Connectivity,USB-C,filter,Insulation Type,Braided,filter,Length,3m,filter,published_online_store,yes,,,,,,,,,,,,,,,,,,,,,,,,,,,,,,,,,,,,,,,,,,,,,
maplin,2025-11-04,,https://www.maplin.co.uk/products/maplin-premium-apple-mfi-certified-tangle-free-lightning-to-usb-a-2-0-cable-white-1-5m?variant=43401791013085,5026686197778,"Maplin Premium Apple MFI Certified Tangle-Free Lightning to USB-A 2.0 Cable - White, 1.5m",Maplin,7.99,Y,,,,White,Default Title,,,All Cables,USB-A Cables,Lightning Cables,USB-A to Lightning Cables,[Internal] Blue Light 10%,[Internal] Private Label 15%,,https://cdn.shopify.com/s/files/1/0633/2396/3613/files/MAP048_image_1.jpg?v=1744789461,https://cdn.shopify.com/s/files/1/0633/2396/3613/files/MAP048_image_2.jpg?v=1744789461,https://cdn.shopify.com/s/files/1/0633/2396/3613/files/MAP048_image_3.jpg?v=1744789460,https://cdn.shopify.com/s/files/1/0633/2396/3613/files/MAP048_image_4.jpg?v=1744789460,https://cdn.shopify.com/s/files/1/0633/2396/3613/files/MAP048_image_5.jpg?v=1744789460,"The Apple-licensed Maplin Premium Apple MFI Certified Tangle-Free Lightning to USB-A 2.0 Cable makes it easy to charge and transfer data from your Apple Lightning-enabled device - Connect the cable to your PC for charging and data transfer, or to a USB power adapter for charging only.",,5,4.6,,,,,,,,filter,Colour,White,filter,Connectivity,USB-A 2.0,filter,Insulation Type,Rubber,filter,Length,1.5m,filter,published_online_store,yes,,,,,,,,,,,,,,,,,,,,,,,,,,,,,,,,,,,,,,,,,,,,,
maplin,2025-11-04,,https://www.maplin.co.uk/products/maplin-hdmi-2-0-cable-with-ethernet-grey-15m?variant=43401802580189,5026686001228,"Maplin HDMI to HDMI 4K Ultra HD Cable with Gold Connectors - Black, 15m",Maplin,19.99,Y,,,,,Default Title,,,All Cables,HDMI Cables,HDMI to HDMI Cables,[Internal] Blue Light 10%,[Internal] Private Label 15%,Learn more about Maplin,,https://cdn.shopify.com/s/files/1/0633/2396/3613/files/MAP270_Image_1.jpg?v=1723648490,https://cdn.shopify.com/s/files/1/0633/2396/3613/files/MAP270_Image_2.jpg?v=1723648490,https://cdn.shopify.com/s/files/1/0633/2396/3613/files/MAP270_Image_3.jpg?v=1723648491,https://cdn.shopify.com/s/files/1/0633/2396/3613/files/MAP270_Image_4.jpg?v=1723648491,https://cdn.shopify.com/s/files/1/0633/2396/3613/files/MAP270_Image_5.jpg?v=1723648491,"A highly versatile HDMI cable that combines high definition video and multi-channel audio into one cable - The Maplin HDMI to HDMI 4K Ultra HD Cable with Gold Connectors is commonly used for connecting TVs to Sky boxes, streaming devices, Blu-ray/DVD players and game consoles, as well as for PC connectivity.",,5,4.6,,,,,,,,filter,Connectivity,HDMI,filter,Insulation Type,Rubber,filter,Length,15m,filter,published_online_store,yes,filter,Resolution,3840 x 2160p (4K Ultra HD),,,,,,,,,,,,,,,,,,,,,,,,,,,,,,,,,,,,,,,,,,,,,
maplin,2025-11-04,,https://www.maplin.co.uk/products/maplin-lightning-connector-to-usb-a-braided-cable-1m?variant=43401788293341,5026686002010,Maplin Lightning Connector to USB-A Braided Cable - 1m,Maplin,7.99,Y,,,,Silver,Silver,,,All Cables,USB-A Cables,Lightning Cables,USB-A to Lightning Cables,[Internal] Blue Light 10%,[Internal] Private Label 15%,,https://cdn.shopify.com/s/files/1/0633/2396/3613/files/MAP364_image_1.jpg?v=1759314986,https://cdn.shopify.com/s/files/1/0633/2396/3613/files/MAP364Image2.jpg?v=1759314986,https://cdn.shopify.com/s/files/1/0633/2396/3613/files/MAP364Image3.jpg?v=1759314986,https://cdn.shopify.com/s/files/1/0633/2396/3613/files/MAP364Image4.jpg?v=1759314986,https://cdn.shopify.com/s/files/1/0633/2396/3613/files/MAP364Image5.jpg?v=1759314986,"Whether you're on your iPhone, iPad or iPod don't get caught without charge with this Apple licensed Maplin Lightning Connector to USB-A Braided Cable - Quickly recharge your phone and sync your device to your laptop or computer for easy file transfer - Move photos and files, download updates and optimize your phone with a generous cable reach of 1m - If you don't want to sync your device, you can just use the Lightning cable as a charger by changing your settings - Maplin Pro cables are designed to last longer than a standard cable - These cables have fabric braided outer to ensure both durability and flexibility - SpecificationsConnector Type: Connection A: USB Type-A, Connection B: Lightning ConnectorCable Length: 1mCable Type: Charge/SyncConnector Style: StraightForm Factor: Cable",,5,4.6,,,,,,,,filter,Colour,Silver,filter,Connectivity,USB-A 2.0,filter,Insulation Type,Braided,filter,Length,1m,filter,published_online_store,yes,,,,,,,,,,,,,,,,,,,,,,,,,,,,,,,,,,,,,,,,,,,,,
maplin,2025-11-04,,https://www.maplin.co.uk/products/maplin-premium-hdmi-to-mini-hdmi-cable-black-1m?variant=43401801171165,5026686000573,"Maplin HDMI to Mini HDMI 4K Ultra HD Cable with Gold Connectors - Black, 1m",Maplin,6.49,Y,,,,Black,Default Title,,,All Cables,HDMI Cables,HDMI to HDMI Cables,[Internal] Blue Light 10%,[Internal] Private Label 15%,Learn more about Maplin,,https://cdn.shopify.com/s/files/1/0633/2396/3613/files/MAP213_Image_1.jpg?v=1720529728,https://cdn.shopify.com/s/files/1/0633/2396/3613/products/c0c5c0c5d61c07d23f9e9520b0a89ee209983b9f636b_MAP213_FS_0.jpg?v=1720529731,https://cdn.shopify.com/s/files/1/0633/2396/3613/files/MAP213Image2.jpg?v=1720529735,https://cdn.shopify.com/s/files/1/0633/2396/3613/files/MAP213Image3.jpg?v=1720529739,https://cdn.shopify.com/s/files/1/0633/2396/3613/files/MAP213Image4.jpg?v=1720529748,A highly versatile HDMI to Mini HDMI C type cable that links many digital camcorders and digital SLR cameras to your TV system - The Maplin HDMI to Mini HDMI 4K Ultra HD Cable with Gold Connectors is used for delivering your high definition video recordings and still images to your TV as well as to your PC.,,1,5.0,,,,,,,,filter,Colour,Black,filter,Connectivity,Mini HDMI,filter,Insulation Type,Rubber,filter,Length,1m,filter,published_online_store,yes,filter,Resolution,3840 x 2160p (4K Ultra HD),,,,,,,,,,,,,,,,,,,,,,,,,,,,,,,,,,,,,,,,,,
maplin,2025-11-04,,https://www.maplin.co.uk/products/maplin-pro-lightning-connector-to-usb-c-braided-cable-20w-fast-charging-2m-grey?variant=43401713877213,5026686002140,"Maplin Lightning to USB-C 20W Fast Charging Braided Cable - Silver, 2m",Maplin,8.49,Y,,,,Silver,Default Title,,,All Cables,USB-C Cables,Lightning Cables,USB-C to Lightning Cables,[Internal] Blue Light 10%,[Internal] Private Label 15%,,https://cdn.shopify.com/s/files/1/0633/2396/3613/files/MAP380_image_1.jpg?v=1744818456,https://cdn.shopify.com/s/files/1/0633/2396/3613/files/MAP380Image2.jpg?v=1744818456,https://cdn.shopify.com/s/files/1/0633/2396/3613/files/MAP380Image3.jpg?v=1744818456,https://cdn.shopify.com/s/files/1/0633/2396/3613/files/MAP380Image4.jpg?v=1744818456,https://cdn.shopify.com/s/files/1/0633/2396/3613/files/MAP380Image5.jpg?v=1744818456,"Featuring Apple's Power Delivery C94 chip charging technology, the Apple licensed Maplin Lightning to USB-C 20W Fast Charging Braided Cable with the super fast C94 chip connects your iPhone or iPad with a Lightning connector to a USB-C or Thunderbolt 3 USB-C device or wall charger - Ideal for fast charging and speedy image, video and file transfers.The cable has a fabric braided tangle free outer cover to ensure both durability and flexibility - Designed for long-lasting quality, this cable is 2 metre in length.",,4,4.0,,,,,,,,filter,Colour,Silver,filter,Connectivity,USB-C,filter,Features,Power Delivery (PD),filter,Insulation Type,Braided,filter,Length,2m,filter,published_online_store,yes,filter,Wattage Rating,20 Watts,,,,,,,,,,,,,,,,,,,,,,,,,,,,,,,,,,,,,,,
maplin,2025-11-04,,https://www.maplin.co.uk/products/maplin-usb-a-to-8-pin-mini-usb-cable-data-and-photo-transfer-black-0-5m?variant=43401793765597,5026686002867,"Maplin USB-A to 8-Pin Mini USB Cable - Black, 0.5m",Maplin,5.99,Y,,,,Black,Default Title,,,All Cables,USB-A Cables,[Internal] Blue Light 10%,[Internal] Private Label 15%,Learn more about Maplin,[Internal] 30% off Maplin Extra Long Life High Performance Alkaline AA / AAA Batteries when you purchase any of these products,,https://cdn.shopify.com/s/files/1/0633/2396/3613/files/MAP438_image_1.jpg?v=1733995645,https://cdn.shopify.com/s/files/1/0633/2396/3613/files/MAP438_image_2.jpg?v=1733995644,https://cdn.shopify.com/s/files/1/0633/2396/3613/files/MAP438_image_3.jpg?v=1733995644,https://cdn.shopify.com/s/files/1/0633/2396/3613/files/MAP438_image_4.jpg?v=1733995645,https://cdn.shopify.com/s/files/1/0633/2396/3613/files/MAP438_image_5.jpg?v=1733995646,"This Maplin USB-A to 8-Pin Mini USB Cable is commonly used to fit certain digital camera models - Most devices would require a USB Mini B connector rather than a Mini 8 pins, so be sure to check the type of USB socket on your device.",,0,0.0,,,,,,,,filter,Colour,Black,filter,Connectivity,USB-A 2.0,filter,Insulation Type,Rubber,filter,Length,0.5m,filter,published_online_store,yes,,,,,,,,,,,,,,,,,,,,,,,,,,,,,,,,,,,,,,,,,,,,,
maplin,2025-11-04,,https://www.maplin.co.uk/products/maplin-premium-apple-mfi-certified-tangle-free-lightning-to-usb-a-2-0-cable-white-3m?variant=43401788883165,5026686197785,"Maplin Premium Apple MFI Certified Tangle-Free Lightning to USB-A 2.0 Cable - Silver, 3m",Maplin,8.99,Y,,,,Silver,Default Title,,,All Cables,USB-A Cables,Lightning Cables,USB-A to Lightning Cables,[Internal] Blue Light 10%,[Internal] Private Label 15%,,https://cdn.shopify.com/s/files/1/0633/2396/3613/files/MAP046_image_1_c441752e-16f8-4155-948b-63bce26a07e6.jpg?v=1758803249,https://cdn.shopify.com/s/files/1/0633/2396/3613/files/MAP046_image_2_58ef86c3-2e1f-4068-ae3c-bef3be1f00c4.jpg?v=1758803259,https://cdn.shopify.com/s/files/1/0633/2396/3613/files/MAP046_image_3_86abe38c-a310-4cce-8ff0-e4f4a236669a.jpg?v=1758803270,https://cdn.shopify.com/s/files/1/0633/2396/3613/files/MAP046_image_4_f2d6c6fb-2c61-4372-b887-5ae8dac31134.jpg?v=1758803282,https://cdn.shopify.com/s/files/1/0633/2396/3613/files/MAP046_image_5_c7b37c2f-fe3d-4f34-8cea-24cc5efe5281.jpg?v=1758803300,"The Maplin Premium Apple MFI Certified Tangle-Free Lightning to USB-A 2.0 Cable enables charging and data transfer from your Apple Lightning-enabled device - Connect to your PC for charging and data transfer, or to a USB power adapter for charging only.",,5,4.2,,,,,,,,filter,Colour,Silver,filter,Connectivity,USB-A 2.0,filter,Insulation Type,Rubber,filter,Length,3m,filter,published_online_store,yes,,,,,,,,,,,,,,,,,,,,,,,,,,,,,,,,,,,,,,,,,,,,,
maplin,2025-11-04,,https://www.maplin.co.uk/products/maplin-usb-c-to-displayport-cable-black-2m?variant=43401720398045,5055189035805,"Maplin USB-C to DisplayPort Cable - Black, 2m",Maplin,14.99,Y,,,,Black,Default Title,,,All Cables,USB-C to DisplayPort Cables,[Internal] Blue Light 10%,[Internal] Private Label 15%,Learn more about Maplin,[Internal] 30% off Maplin Extra Long Life High Performance Alkaline AA / AAA Batteries when you purchase any of these products,,https://cdn.shopify.com/s/files/1/0633/2396/3613/files/MAP540_Image_1.jpg?v=1737387867,https://cdn.shopify.com/s/files/1/0633/2396/3613/files/MAP540_Image_2.jpg?v=1737387887,https://cdn.shopify.com/s/files/1/0633/2396/3613/files/MAP540_Image_3.jpg?v=1737387887,https://cdn.shopify.com/s/files/1/0633/2396/3613/files/MAP540_Image_4.jpg?v=1737387887,https://cdn.shopify.com/s/files/1/0633/2396/3613/files/MAP540_Image_5.jpg?v=1737387887,"The Maplin USB-C to DisplayPort 4K Ultra HD 60Hz Cable is the ideal solution for connecting your device to a DisplayPort monitor, projector or display - Play video or run presentations in full, 4K quality on screen.Suitable for all devices that support DP alt modeSupports resolutions up to 4K/3840x2160 @ 60Hz",,2,4.5,,,,,,,,filter,Colour,Black,filter,Connectivity,USB-C,filter,Insulation Type,Rubber,filter,Length,1.8m,filter,published_online_store,yes,filter,Resolution,3840 x 2160p (4K Ultra HD),,,,,,,,,,,,,,,,,,,,,,,,,,,,,,,,,,,,,,,,,,
maplin,2025-11-04,,https://www.maplin.co.uk/products/maplin-premium-hdmi-female-to-hdmi-female-coupler-black?variant=43401800483037,5026686198522,Maplin Premium HDMI Female to HDMI Female Coupler - Black,Maplin,4.49,Y,,,,Black,Default Title,,,All PC & Mobile Accessories,Adapters,HDMI Adapters,[Internal] Blue Light 10%,[Internal] Private Label 15%,Learn more about Maplin,,https://cdn.shopify.com/s/files/1/0633/2396/3613/files/5026686198522.jpg?v=1740567310,https://cdn.shopify.com/s/files/1/0633/2396/3613/products/f3c9f3c950d10ab873d543097362d4c5b78178751933_MAP038_T_0.jpg?v=1740567310,https://cdn.shopify.com/s/files/1/0633/2396/3613/products/3e4b3e4b0cf81b3bdf7523d60618901e59bc5d4019d6_MAP038_LS_0.jpg?v=1740567310,,,This is a Maplin Premium HDMI Female to HDMI Female Coupler - Ideal for joining 2 HDMI cable or to convert a male HDMI connection into female,,5,5.0,,,,,,,,filter,Colour,Black,filter,Connectivity,HDMI,filter,published_online_store,yes,,,,,,,,,,,,,,,,,,,,,,,,,,,,,,,,,,,,,,,,,,,,,,,,,,,
maplin,2025-11-04,,https://www.maplin.co.uk/products/maplin-usb-c-to-usb-c-3-1-cable-10gbs-super-speed-black-1m?variant=43401705717981,5026686002034,"Maplin USB-C to USB-C 3.2 Gen2 100W 10Gbps Super Speed Cable - Black, 1m",Maplin,8.99,Y,,,,Black,Default Title,,,All Cables,USB-C Cables,USB-C to USB-C Cables,[Internal] Blue Light 10%,[Internal] Private Label 15%,Learn more about Maplin,,https://cdn.shopify.com/s/files/1/0633/2396/3613/files/MAP366_FL_0_1.jpg?v=1747057602,https://cdn.shopify.com/s/files/1/0633/2396/3613/files/MAP366Image2.jpg?v=1747057602,https://cdn.shopify.com/s/files/1/0633/2396/3613/files/MAP366Image1.jpg?v=1747057602,https://cdn.shopify.com/s/files/1/0633/2396/3613/files/MAP366Image3.jpg?v=1747057602,https://cdn.shopify.com/s/files/1/0633/2396/3613/files/MAP366Image4.jpg?v=1747057602,"Connect your USB-C smartphone or tablet to a USB-C computer port or wall charger - The Maplin USB-C to USB-C 3.2 Gen2 100W 10Gbps Super Speed Cable provides super fast charging and speedy image, video and file transfers - Designed for long-lasting quality, this cable is 1 metre in length - Widely compatible with devices such as Apple MacBook, Samsung Galaxy, Microsoft Surface, Google Pixel, Sony Xperia, Honor, OnePlus, Motorola, ASUS, Huawei and Xiaomi smartphones, wall chargers, power banks, USB extension leads and more.Specifications Connector Type: Connection A: USB Type-C, Connection B: USB Type-CCable Length: 1mCable Type: Charge/SyncConnector Style: Straight PerformanceRated Performance: USB 3.1 @ 10GbpsData transfer speed: up to 10 GbpsForm Factor: CableCable Colour: Black",,5,4.6,,,,,,,,filter,Colour,Black,filter,Connectivity,USB-C,filter,Insulation Type,Rubber,filter,Length,1m,filter,published_online_store,yes,filter,Wattage Rating,100 Watts,,,,,,,,,,,,,,,,,,,,,,,,,,,,,,,,,,,,,,,,,,
maplin,2025-11-04,,https://www.maplin.co.uk/products/maplin-lightning-coinnector-to-usb-c-cable-white-1m?variant=43401713909981,5055189035256,"Maplin Lightning to USB-C Braided 20W High Speed Cable - Silver, 1m",Maplin,7.99,Y,,,,Silver,Default Title,,,All Cables,USB-C Cables,Lightning Cables,USB-C to Lightning Cables,[Internal] Blue Light 10%,[Internal] Private Label 15%,,https://cdn.shopify.com/s/files/1/0633/2396/3613/files/MAP524_image_1.jpg?v=1752486089,https://cdn.shopify.com/s/files/1/0633/2396/3613/files/MAP524Image2.jpg?v=1738334510,https://cdn.shopify.com/s/files/1/0633/2396/3613/files/MAP524Image4.jpg?v=1762180035,https://cdn.shopify.com/s/files/1/0633/2396/3613/files/MAP524Image3.jpg?v=1762180035,https://cdn.shopify.com/s/files/1/0633/2396/3613/files/MAP524Image5.jpg?v=1738334510,"Whether you’re using an iPhone or iPad with a Lightning port, the Maplin Lightning to USB-C 27W High Speed Braided Cable connects easily to any USB-C power adaptor, laptop or power-bank - Designed to support both charging and data transfer, this cable gives you the flexibility to use modern USB-C plugs while still powering devices that require a Lightning connection - Key Features 1 metre length: A convenient length for everyday use — long enough to reach from desk to outlet, or from bedside table to plug, yet compact enough to travel with - Lightning-to-USB-C: One end terminates in Apple’s Lightning connector, compatible with iPhones, iPads and compatible accessories; the other end offers USB-C for modern chargers and ports - Clean silver finish: Matches Apple-style devices and blends seamlessly into most décor and tech setups - Versatile compatibility: Ideal for charging your device, syncing data, or tethering to other equipment via USB-C — no need for adapters or separate cables when switching between modern USB-C power sources and older Lightning-equipped devices.",,3,5.0,,,,,,,,filter,Colour,Silver,filter,Connectivity,USB-C,filter,Features,Power Delivery (PD),filter,Insulation Type,Braided,filter,Length,1m,filter,published_online_store,yes,filter,Wattage Rating,20 Watts,,,,,,,,,,,,,,,,,,,,,,,,,,,,,,,,,,,,,,,
maplin,2025-11-04,,https://www.maplin.co.uk/products/kodak-1024-x-768-ips-display-8-digital-photo-frame-built-in-8gb-ebony-black?variant=43401620455645,6972072900172,"Kodak 1024 x 768 IPS Display 8"" Digital Photo Frame Built in 8GB - Ebony Black",Kodak,59.99,Y,,,,Black,Default Title,,,All Photo & Video,Imaging Accessories,Digital Photo Frames,[Internal] Blue Light 10%,[Internal] 30% off Maplin Extra Long Life High Performance Alkaline AA / AAA Batteries when you purchase any of these products,All Products,,https://cdn.shopify.com/s/files/1/0633/2396/3613/products/7a0e7a0e214dd24a26faa44aaf11d6fb89ec2b549c07_KOD809_FL_0.jpg?v=1720526753,https://cdn.shopify.com/s/files/1/0633/2396/3613/products/d9a2d9a2e97c947eb3557f8f9a422e31929bc8a764b5_KOD809_LS_0.jpg?v=1720526757,https://cdn.shopify.com/s/files/1/0633/2396/3613/products/adbbadbb59417517a67f10255bf61f97af2cf775c28c_KOD809_BR_0.jpg?v=1720526759,https://cdn.shopify.com/s/files/1/0633/2396/3613/products/843818ae-8052-4f12-a5ad-decd163baf6a.jpg?v=1720526762,,"The Kodak 1024 x 768 IPS Display 8"" Digital Photo Frame features a high resolution 1024 x 768 IPS screen - Easily display photos, music, slide shows and video - Supports SD/MMC card or USB devices(up to 32G), Plug and Play - Also includes a clock and calendar.Easy To Use Remote ControlThe frame is designed for easy navigation through the push button controls on the back of the frame or with the included remote control - There is no required setup and no software to install - If you're giving a digital photo frame as a gift item, you can be assured that anyone can comfortably use the frame.Auto ON/OFFYou can set the auto time turn on/off, for more convenience in daily use - This digital picture frame has a built-in breakpoint play function - It will continue playback the photo flow, music or video where you left off when restart the frame - Very easy to use.Automatic SlideshowSimply connect a USB flash drive or an SD card and your photos will automatically play in slideshow mode - Slideshows can be configured to play photos in various display and transition modes.Amazing GiftThe high resolution digital picture frame is a perfect gift for family and friends - All you need to do is store your photos and videos in a SD card or USB stick (max 32GB memory supported).Whats in the box1 X Digital Photo Frame1 X 240V UK Power Supply1 X USB Cable1 X Remote Control1 X Stand Post1 X Instruction Manual Specifications Power: MainsScreen size: 8""Connectivity: MMC / SD / USB-A 2.0Dimensions: 210 x 310 x 50 mmWeight: 900gIncludes remote control",,3,4.33,,,,,,,,filter,Colour,Black,filter,published_online_store,yes,filter,Resolution,1024 x 768p,,,,,,,,,,,,,,,,,,,,,,,,,,,,,,,,,,,,,,,,,,,,,,,,,,,
maplin,2025-11-04,,https://www.maplin.co.uk/products/maplin-premium-mini-displayport-to-hdmi-cable-3m?variant=43404441780445,5026686197655,"Maplin Premium 4K Ultra HD Mini DisplayPort to HDMI Cable - Black, 3m",Maplin,8.99,Y,,,,,Black,,,All Cables,HDMI Cables,HDMI to DisplayPort Cables,DisplayPort Cables,[Internal] Blue Light 10%,[Internal] Private Label 15%,,https://cdn.shopify.com/s/files/1/0633/2396/3613/files/MAP019_Image_1_57cfef8f-18f3-46ca-83d4-92d2c27ed9e9.jpg?v=1723627376,https://cdn.shopify.com/s/files/1/0633/2396/3613/files/MAP019_Image_2.jpg?v=1723627375,https://cdn.shopify.com/s/files/1/0633/2396/3613/files/MAP019_image_3.jpg?v=1723627376,https://cdn.shopify.com/s/files/1/0633/2396/3613/files/MAP019_image_4.jpg?v=1723627376,,"The Mini DisplayPort connector is found on specialised motherboards and netbooks, but more commonly found on Apple computers to allow you to attach your display to your system - The Maplin Premium 4K Ultra HD HDMI to Mini DisplayPort Cable can carry analogue and digital video with audio signals that can be converted to HDMI which drives display devices up to 2560 x 1600 with DisplayPort version 1.1a - This DAC (digital to analogue converter) cable can also be used to connect a HDMI monitor to a thunderbolt port.",,5,5.0,,,,,,,,filter,Connectivity,Mini DisplayPort,filter,Insulation Type,Rubber,filter,Length,3m,filter,published_online_store,yes,filter,Resolution,3840 x 2160p (4K Ultra HD),,,,,,,,,,,,,,,,,,,,,,,,,,,,,,,,,,,,,,,,,,,,,
maplin,2025-11-04,,https://www.maplin.co.uk/products/fujifilm-instax-mini-evo-camera-case-black?variant=43401616687325,8720094751474,Fujifilm Instax Mini Evo Camera Case - Black,Fujifilm,24.99,Y,,,,Black,Default Title,,,All Photo & Video,Imaging Accessories,"Bags, Cases & Straps",Instax by Fujifilm,[Internal] 30% off Maplin Extra Long Life High Performance Alkaline AA / AAA Batteries when you purchase any of these products,All Products,,https://cdn.shopify.com/s/files/1/0633/2396/3613/products/4495449556854fd4df1a27453f7a7a14fa2fe4cf12b0_FUJ2050_FS_0.jpg?v=1720526576,https://cdn.shopify.com/s/files/1/0633/2396/3613/products/2073649a-c4d9-4751-998d-933c099124b8.jpg?v=1720526579,,,,"The Fujifilm Instax Mini Evo Camera Case lets you protect your instax mini Evo wherever you go - Great when you’re out and about, this colour coordinated camera case is stylish and fun.",,0,0.0,,,,,,,,filter,Colour,Black,filter,published_online_store,yes,,,,,,,,,,,,,,,,,,,,,,,,,,,,,,,,,,,,,,,,,,,,,,,,,,,,,,
maplin,2025-11-04,,https://www.maplin.co.uk/products/maplin-thin-uhd-hdmi-cable-a-male-to-a-male-gold-connectors-4k-ethernet-3m?variant=43401803595997,5055189034433,"Maplin Thin HDMI to HDMI 4K Ultra HD Cable with Ethernet & Gold Connectors - Black, 3m",Maplin,6.99,Y,,,,Black,Default Title,,,All Cables,HDMI Cables,HDMI to HDMI Cables,[Internal] Blue Light 10%,[Internal] Private Label 15%,Learn more about Maplin,,https://cdn.shopify.com/s/files/1/0633/2396/3613/files/MAP505_Image_1_80772c7c-84e7-4d16-a473-c7e37bc4a1c4.jpg?v=1720531734,https://cdn.shopify.com/s/files/1/0633/2396/3613/files/MAP505_Image_2.jpg?v=1720531738,https://cdn.shopify.com/s/files/1/0633/2396/3613/files/MAP505_Image_3.jpg?v=1720531742,https://cdn.shopify.com/s/files/1/0633/2396/3613/files/MAP505_Image_4.jpg?v=1720531746,https://cdn.shopify.com/s/files/1/0633/2396/3613/files/MAP505_Image_5.jpg?v=1720531753,"This Maplin Thin HDMI to HDMI 4K Ultra HD Cable with Ethernet & Gold Connectors is designed to be more flexible to bend easier around tight corners at the rear of your TV it is fully HDMI compliant cable with Gold Plated Connectors - Compatible with 1080p Full HD, 4K Resolution and 3D TV - Can also be used with HDMI Ethernet for device networking.HDMI Version: 1.4Connection Gender: AM/AMAWG: 34AWGCable Size: OD3.7mmCable Length: 3m",,2,4.5,,,,,,,,filter,Colour,Black,filter,Connectivity,HDMI,filter,HDMI Version,1.4,filter,Insulation Type,Rubber,filter,Length,3m,filter,published_online_store,yes,filter,Resolution,3840 x 2160p (4K Ultra HD),,,,,,,,,,,,,,,,,,,,,,,,,,,,,,,,,,,,,,,
maplin,2025-11-04,,https://www.maplin.co.uk/products/maplin-lightning-connector-to-usb-a-charging-cable-white?variant=43401789047005,5055189036253,Maplin Lightning Connector to USB-A Charging Cable - White,Maplin,6.49,Y,,,,White,0.5m,,,All Cables,USB-A Cables,Lightning Cables,USB-A to Lightning Cables,[Internal] Blue Light 10%,[Internal] Private Label 15%,,https://cdn.shopify.com/s/files/1/0633/2396/3613/files/MAP563_564_image_1.jpg?v=1752239522,https://cdn.shopify.com/s/files/1/0633/2396/3613/files/MAP564_Image_2_74e7af99-2687-49f0-886f-2c2dd28b6c0d.jpg?v=1752239522,https://cdn.shopify.com/s/files/1/0633/2396/3613/files/MAP564_Image_3_231fafc3-d530-47df-8d08-a25cd596a413.jpg?v=1752239522,https://cdn.shopify.com/s/files/1/0633/2396/3613/files/MAP564_Image_4_ebe22b42-04b9-40fc-81e0-7623e71cde8b.jpg?v=1752239522,https://cdn.shopify.com/s/files/1/0633/2396/3613/files/MAP564_Image_5_2df82bc3-b17b-4566-a10f-b48199e51bbf.jpg?v=1752239522,"This Maplin Lightning Connector to USB-A Cable enables charging and data transfer from your apple Lightning-enabled device - Connect to your PC for charging and data transfer, or to a USB power adapter for charging only - It is the perfect cable for a range of Apple devices - Compatible with iPhone 5/6/6S iPod Touch 5th Generation and above iPod Nano 7th Generation and above USB 2.0 High Speed Data Sync and Charging Cable for any device fitted with the new 8 pin (old connection was 30 pin) Apple lightning connector.",,2,5.0,,,,,,,,filter,Colour,White,filter,Connectivity,USB-A 2.0,filter,Insulation Type,Rubber,filter,Length,1m,filter,published_online_store,yes,,,,,,,,,,,,,,,,,,,,,,,,,,,,,,,,,,,,,,,,,,,,,
maplin,2025-11-04,,https://www.maplin.co.uk/products/maplin-lightning-connector-to-usb-a-charging-cable-white?variant=43401789014237,5055189036246,Maplin Lightning Connector to USB-A Charging Cable - White,Maplin,6.99,Y,,,,White,1m,,,All Cables,USB-A Cables,Lightning Cables,USB-A to Lightning Cables,[Internal] Blue Light 10%,[Internal] Private Label 15%,,https://cdn.shopify.com/s/files/1/0633/2396/3613/files/MAP563_564_image_1.jpg?v=1752239522,https://cdn.shopify.com/s/files/1/0633/2396/3613/files/MAP564_Image_2_74e7af99-2687-49f0-886f-2c2dd28b6c0d.jpg?v=1752239522,https://cdn.shopify.com/s/files/1/0633/2396/3613/files/MAP564_Image_3_231fafc3-d530-47df-8d08-a25cd596a413.jpg?v=1752239522,https://cdn.shopify.com/s/files/1/0633/2396/3613/files/MAP564_Image_4_ebe22b42-04b9-40fc-81e0-7623e71cde8b.jpg?v=1752239522,https://cdn.shopify.com/s/files/1/0633/2396/3613/files/MAP564_Image_5_2df82bc3-b17b-4566-a10f-b48199e51bbf.jpg?v=1752239522,"This Maplin Lightning Connector to USB-A Cable enables charging and data transfer from your apple Lightning-enabled device - Connect to your PC for charging and data transfer, or to a USB power adapter for charging only - It is the perfect cable for a range of Apple devices - Compatible with iPhone 5/6/6S iPod Touch 5th Generation and above iPod Nano 7th Generation and above USB 2.0 High Speed Data Sync and Charging Cable for any device fitted with the new 8 pin (old connection was 30 pin) Apple lightning connector.",,2,5.0,,,,,,,,filter,Colour,White,filter,Connectivity,USB-A 2.0,filter,Insulation Type,Rubber,filter,Length,1m,filter,published_online_store,yes,,,,,,,,,,,,,,,,,,,,,,,,,,,,,,,,,,,,,,,,,,,,,
maplin,2025-11-04,,https://www.maplin.co.uk/products/olympus-m-zuiko-digital-12-200mm-f-3-5-6-3-zoom-lens?variant=43401614196957,4545350052546,Olympus M.Zuiko Digital 12-200mm f/3.5-6.3 Zoom Lens,Olympus,751.5,Y,799.99,Y,,Black,Default Title,,,All Photo & Video,Imaging Accessories,Lenses,Deals,Specials,Clearance,,https://cdn.shopify.com/s/files/1/0633/2396/3613/products/e3e7beb4-2d5d-460a-9828-1161b0e7b3dd.jpg?v=1720526487,https://cdn.shopify.com/s/files/1/0633/2396/3613/products/22132213b7b74340ec7df2e6a73810d0b7d60c1f64f5_OLY1570_FS_0.jpg?v=1720526492,https://cdn.shopify.com/s/files/1/0633/2396/3613/products/f2f0f2f0b5a8664bfb58bf5901f9bc28927e3b466123_OLY1570_LS_3.jpg?v=1720526497,https://cdn.shopify.com/s/files/1/0633/2396/3613/products/cacacaca9a0cd79cded88ae4ee461ac661a354d2df97_OLY1570_LS_1.jpg?v=1720526508,https://cdn.shopify.com/s/files/1/0633/2396/3613/products/8d768d76730313bc56b04437a63512fb71bf52691040_OLY1570_LS_2.jpg?v=1720526513,"With a zoom power of 16.6x, the Olympus M.Zuiko Digital 12-200mm f/3.5-6.3 Zoom Lens (24–400mm 35mm equivalent) is perfect for a full range of scenes and subjects – from wide-angle to telephoto - At wide angle, your working distance is just 10cm, and merely 50cm at telephoto - What’s more, this zoom lens has an amazingly compact and lightweight design for taking everywhere, whether on holidays or on a photo assignment - You can also travel in any weather thanks to the dustproof, splashproof and freezeproof construction - The high-speed, high-precision autofocus with the Movie & Still Compatible (MSC) mechanism makes sure your images are brilliant.Powerful zoomBe ready for any scene – whether wide angle or telephoto - With a 16.6x zoom, the M.Zuiko Digital ED 12–200mm F3.5–6.3 has the most powerful zoom of all interchangeable lenses for mirrorless systems - With both options in one lens, you can enjoy carefree photography - Robust, compact constructionThe M.Zuiko Digital ED 12–200mm F3.5–6.3 zoom lens is equipped with a robust construction that is dust/splash/freezeproof - So you can go wherever your assignments take you – from dusty to humid environments – without the need for a lens rain cover - The compact design won’t weigh you down - Fast, with pristine clarityThis zoom lens features a high-speed, high-precision AF system - It captures particularly fast-moving subjects with ease, either as stills or movies - Either way, you’ll have stunningly crisp, edge-to-edge image quality - The special ZERO coating reduces ghosting and flaring, to deliver rich expression - Specifications Lens Aperture: F/3.5-6.3Focus Adjustment: Automatic, manualOptical Zoom: x16.6Special Functions: ZoomMin - Focus Distance: 0.1mDesigned for: OM-D E-M10 Mark IIISLens Construction: 11 groups / 16 elementsFilter Size: 72mmMounting Type: Micro Four ThirdsFocal Length: 12mm - 200mmWeight: 455gLength: 9.97cmDiameter: 7.75cm",,0,0.0,,,,,,,,filter,Colour,Black,filter,published_online_store,yes,,,,,,,,,,,,,,,,,,,,,,,,,,,,,,,,,,,,,,,,,,,,,,,,,,,,,,
maplin,2025-11-04,,https://www.maplin.co.uk/products/maplin-usb-c-male-to-usb-3-1-female-adapter-cable-black-1m?variant=43401709453533,5055189036178,"Maplin Pro USB-C Male to USB-A 3.1 Female Gen 2 60W Super Speed Data Transfer & Charging Adapter Cable - Black, 1m",Maplin,6.99,Y,,,,Black,Default Title,,,All Cables,USB-C Cables,USB-A Cables,USB-A to USB-C Cables,[Internal] Blue Light 10%,[Internal] Private Label 15%,,https://cdn.shopify.com/s/files/1/0633/2396/3613/files/MAP541_FL_0.jpg?v=1747121635,https://cdn.shopify.com/s/files/1/0633/2396/3613/products/44044404dbf67f6a089919573d44672d4155393f3557_MAP541_T_0.jpg?v=1747121635,https://cdn.shopify.com/s/files/1/0633/2396/3613/products/61156115fafd565ee9e7ea84a919392f6a0612d13909_MAP541_FL_0.jpg?v=1747121635,,,"This Maplin Pro USB-C Male to USB-A 3.1 Female Gen 2 60W Super Speed Data Transfer & Charging Adapter Cable features USB-C male to USB-A female connectors - Suitable for smartphones, tablets and other devices fitted with the USB-C connector - It supports data transfer rates up to 10Gb/s and high speed USB Type-C cable with USB 3.1 Gen 2 specification - SpecificationsCable Length: 1mData Transfer Speed: up to 10 Gbps",,0,0.0,,,,,,,,filter,Colour,Black,filter,Connectivity,USB-C,filter,Insulation Type,Rubber,filter,Length,1m,filter,published_online_store,yes,filter,Wattage Rating,60 Watts,,,,,,,,,,,,,,,,,,,,,,,,,,,,,,,,,,,,,,,,,,
maplin,2025-11-04,,https://www.maplin.co.uk/products/maplin-premium-samsung-30-pin-to-usb-a-2-0-cable-black-1-5m?variant=43401794257117,5026686197921,"Maplin Premium Samsung 30 Pin to USB-A 2.0 Cable - Black, 1.5m",Maplin,7.99,Y,,,,Black,Default Title,,,All Cables,USB-A Cables,USB-A to Samsung 30 Pin,[Internal] Blue Light 10%,[Internal] Private Label 15%,Learn more about Maplin,,https://cdn.shopify.com/s/files/1/0633/2396/3613/files/MAP016_image_1.jpg?v=1747308608,https://cdn.shopify.com/s/files/1/0633/2396/3613/files/5026686197921.jpg?v=1747308608,,,,"This Maplin Premium Samsung 30 Pin to USB-A 2.0 Cable is typically used to connect a Samsung Galaxy Tablet to a computer for the transfer of files or for powering the device which is also an option with a compatible USB to AC adapter - This cable is not to be confused with the Apple 30 pin charge cable, as the two are not interchangeable - When used with a USB 2.0 port, the maximum transfer speed of this cable is 480Mbps.",,4,5.0,,,,,,,,filter,Colour,Black,filter,Connectivity,USB-A 2.0,filter,Insulation Type,Rubber,filter,Length,1.5m,filter,published_online_store,yes,,,,,,,,,,,,,,,,,,,,,,,,,,,,,,,,,,,,,,,,,,,,,
maplin,2025-11-04,,https://www.maplin.co.uk/products/maplin-usb-c-to-usb-b-cable-black-2m?variant=43401713385693,5055189035799,"Maplin USB-C to USB-B Braided Cable - Silver, 2m",Maplin,7.99,Y,,,,Silver,Default Title,,,All Cables,USB-C Cables,USB-B Cables,USB-C to USB-B Cables,[Internal] Blue Light 10%,[Internal] Private Label 15%,,https://cdn.shopify.com/s/files/1/0633/2396/3613/files/MAP538_image_1_bb283b55-dc3c-419e-bef7-bea25cc4532e.jpg?v=1744818337,https://cdn.shopify.com/s/files/1/0633/2396/3613/files/MAP538_image_2_5e011be4-ad60-423c-8edf-a270260ad9a5.jpg?v=1744818337,https://cdn.shopify.com/s/files/1/0633/2396/3613/files/MAP538_image_3_c8144b70-e2ae-4000-becf-fbc7c8e9e282.jpg?v=1744818337,https://cdn.shopify.com/s/files/1/0633/2396/3613/files/MAP538_image_4_9a7f611b-bcbb-4e65-b3d4-e3d3cf0113c0.jpg?v=1744818337,https://cdn.shopify.com/s/files/1/0633/2396/3613/files/MAP538_image_5_198979e7-d60c-4421-b125-72b31adb6e39.jpg?v=1744818338,"This Maplin USB-C to USB-B Braided Cable features USB-C male to USB B male connectors, ideal for adding printers, scanners and external drives to modern laptops - Universal USB-C cable with USB 2.0 specification.Reversible Type-C connectorHigh speed transfer rates up to 480Mb/sSupports charging and data transfer",,3,5.0,,,,,,,,filter,Colour,Silver,filter,Connectivity,USB-C,filter,Insulation Type,Braided,filter,Length,2m,filter,published_online_store,yes,,,,,,,,,,,,,,,,,,,,,,,,,,,,,,,,,,,,,,,,,,,,,
maplin,2025-11-04,,https://www.maplin.co.uk/products/maplin-usb-c-to-micro-usb-b-cable-black-1m?variant=43401713483997,5055189035812,"Maplin USB-C to Micro USB-B Cable - Black, 1m",Maplin,8.99,Y,,,,Black,Default Title,,,All Cables,USB-C Cables,USB-B Cables,USB-C to USB-B Cables,[Internal] Blue Light 10%,[Internal] Private Label 15%,,https://cdn.shopify.com/s/files/1/0633/2396/3613/files/MAP539_image_1.jpg?v=1737367856,https://cdn.shopify.com/s/files/1/0633/2396/3613/files/MAP539_image_2.jpg?v=1737367856,https://cdn.shopify.com/s/files/1/0633/2396/3613/files/MAP539_image_3.jpg?v=1737367872,https://cdn.shopify.com/s/files/1/0633/2396/3613/files/MAP539_image_4.jpg?v=1737367872,https://cdn.shopify.com/s/files/1/0633/2396/3613/files/MAP539_image_5.jpg?v=1737367872,"This Maplin USB-C to Micro USB-B Cable features USB-C male to USB Micro B connectors, ideal for connecting USB devices to modern laptops and smartphones - Universal USB-C cable with USB 2.0 specification.Reversible Type-C connectorHigh speed transfer rates up to 480Mb/sSupports charging and data transfer",,1,5.0,,,,,,,,filter,Colour,Black,filter,Connectivity,USB-C,filter,Insulation Type,Rubber,filter,Length,1m,filter,published_online_store,yes,,,,,,,,,,,,,,,,,,,,,,,,,,,,,,,,,,,,,,,,,,,,,
maplin,2025-11-04,,https://www.maplin.co.uk/products/maplin-premium-lightning-connector-to-usb-a-male-cable-0-75m?variant=43401788948701,5026686197860,Maplin Premium Lightning to USB-A Cable - 0.75m,Maplin,6.99,Y,,,,Blue,Blue,,,All Cables,USB-A Cables,Lightning Cables,USB-A to Lightning Cables,[Internal] Blue Light 10%,[Internal] Private Label 15%,,https://cdn.shopify.com/s/files/1/0633/2396/3613/files/MAP050_image_1.jpg?v=1747148502,https://cdn.shopify.com/s/files/1/0633/2396/3613/files/MAP050Image2.jpg?v=1747148502,https://cdn.shopify.com/s/files/1/0633/2396/3613/files/MAP050Image1.jpg?v=1747148502,https://cdn.shopify.com/s/files/1/0633/2396/3613/files/MAP050Image3.jpg?v=1747148502,https://cdn.shopify.com/s/files/1/0633/2396/3613/files/MAP050Image4.jpg?v=1747148502,"The Maplin Premium Lightning to USB-A Cable enables charging and data transfer from your Apple Lightning-enabled device - Connect to your PC for charging and data transfer, or to a USB power adapter for charging only",,1,5.0,,,,,,,,filter,Colour,Blue,filter,Connectivity,USB-A 2.0,filter,Insulation Type,Rubber,filter,Length,0.75m,filter,published_online_store,yes,,,,,,,,,,,,,,,,,,,,,,,,,,,,,,,,,,,,,,,,,,,,,
maplin,2025-11-04,,https://www.maplin.co.uk/products/maplin-premium-ps-2-male-to-usb-a-2-0-female-adapter-black?variant=43401793798365,5026686197020,Maplin Premium PS/2 Male to USB-A 2.0 Female Adapter - Black,Maplin,3.99,Y,,,,Black,Default Title,,,All PC & Mobile Accessories,Adapters,USB Adapters,[Internal] Blue Light 10%,[Internal] Private Label 15%,Learn more about Maplin,,https://cdn.shopify.com/s/files/1/0633/2396/3613/files/MAP093_Image_1.jpg?v=1723708622,https://cdn.shopify.com/s/files/1/0633/2396/3613/files/MAP093_image_2.jpg?v=1723708621,https://cdn.shopify.com/s/files/1/0633/2396/3613/files/MAP093_Image_3.jpg?v=1723708621,,,"This adapter will allow you to connect a USB device to a PS/2 input on a computer - PS/2 connections are most commonly found on old mice, keyboards, or even scanners.",,4,3.0,,,,,,,,filter,Colour,Black,filter,Connectivity,USB-A 2.0,filter,published_online_store,yes,,,,,,,,,,,,,,,,,,,,,,,,,,,,,,,,,,,,,,,,,,,,,,,,,,,
maplin,2025-11-04,,https://www.maplin.co.uk/products/maplin-premium-hdmi-to-dvi-d-cable-black-3m?variant=43404458754269,5026686198423,"Maplin Premium HDMI to DVI-D Cable - Black, 3m",Maplin,5.99,Y,,,,Black,Default Title,,,All Cables,HDMI Cables,DVI Cables,HDMI to DVI Cables,[Internal] Blue Light 10%,[Internal] Private Label 15%,,https://cdn.shopify.com/s/files/1/0633/2396/3613/files/MAP039_Image_1_81cb0b63-9e18-4719-93bc-246ba5278e0d.jpg?v=1733848445,https://cdn.shopify.com/s/files/1/0633/2396/3613/files/MAP039_Image_2.jpg?v=1733848445,https://cdn.shopify.com/s/files/1/0633/2396/3613/files/MAP039_Image_3.jpg?v=1733848393,https://cdn.shopify.com/s/files/1/0633/2396/3613/files/MAP039_Image_4.jpg?v=1733848393,https://cdn.shopify.com/s/files/1/0633/2396/3613/files/MAP039_Image_5_35b5cdac-8bf4-4eb1-a65a-891fabdad09d.jpg?v=1733848418,"The Maplin Premium HDMI to DVI-D Cable is a highly versatile cable for transferring high definition Digital video - DVI-D is a digital interface that supports up to 1080p resolution, and is video only, without audio support - Please note - DVI-D does not support analogue output, and is incompatible with DVI-A and VGA - This cable is commonly used to connect PCs with DVI-D sockets to an HDMI interface such as a TV or a Monitor.",,5,5.0,,,,,,,,filter,Colour,Black,filter,Connectivity,HDMI,filter,Insulation Type,Rubber,filter,Length,3m,filter,published_online_store,yes,filter,Resolution,1920 x 1080p (Full HD),,,,,,,,,,,,,,,,,,,,,,,,,,,,,,,,,,,,,,,,,,
maplin,2025-11-04,,https://www.maplin.co.uk/products/maplin-usb-a-2-0-to-micro-usb-coiled-curly-cable-black-1-2m?variant=43401774072029,5055189035249,"Maplin USB-A to Micro USB-B Coiled Curly Cable - Black, Extends to 1m",Maplin,5.99,Y,,,,,Default Title,,,All Cables,USB-A Cables,USB-B Cables,[Internal] Blue Light 10%,[Internal] Private Label 15%,Learn more about Maplin,,https://cdn.shopify.com/s/files/1/0633/2396/3613/files/MAP523_image_1.jpg?v=1747305355,https://cdn.shopify.com/s/files/1/0633/2396/3613/products/1b351b3591d8fe4798decd9126f8f79754fe056e63d2_MAP523_FL_0.jpg?v=1747305355,https://cdn.shopify.com/s/files/1/0633/2396/3613/products/c78ec78eea3947df062df858ccfb326afad7fea89def_MAP523_T_0.jpg?v=1747305355,,,"This Maplin USB-A to Micro USB-B Coiled Curly Cable uses USB A 2.0 and micro USB B 2.0 connectors - It is mainly used to connect a large range of portable devices to a desktop or laptop computer using USB A ports - These devices would typically include mobile phones or tablets that use micro USB B connectors to either transfer data or to charge the device - The cable provides a maximum speed of 480Mbps when both devices use USB 2.0 ports.This is a coiled cable, enabling it to stay compact and also avoiding tangles making it ideal for in-car use.",,0,0.0,,,,,,,,filter,Connectivity,USB-A 2.0,filter,published_online_store,yes,,,,,,,,,,,,,,,,,,,,,,,,,,,,,,,,,,,,,,,,,,,,,,,,,,,,,,
maplin,2025-11-04,,https://www.maplin.co.uk/products/maplin-premium-usb-a-3-0-cable-black-3m?variant=43401758474461,5026686197150,"Maplin USB-A 3.0 to USB-A 3.0 Super Speed 5Gbps Cable - Black, 3m",Maplin,6.99,Y,,,,,Default Title,,,All Cables,USB-A Cables,USB-A to USB-A Cables,[Internal] Blue Light 10%,[Internal] Private Label 15%,Learn more about Maplin,,https://cdn.shopify.com/s/files/1/0633/2396/3613/files/MAP095_image_1.jpg?v=1735899366,https://cdn.shopify.com/s/files/1/0633/2396/3613/files/MAP095_image_2.jpg?v=1735899367,https://cdn.shopify.com/s/files/1/0633/2396/3613/files/MAP095_image_3.jpg?v=1735899366,https://cdn.shopify.com/s/files/1/0633/2396/3613/files/MAP095_image_4.jpg?v=1735899366,https://cdn.shopify.com/s/files/1/0633/2396/3613/files/MAP095_image_5.jpg?v=1735899366,This Maplin Super Fast USB-A 3.0 to USB-A 3.0 Super Speed 5Gbps Cable uses a male USB-A 3.0 to male USB-A 3.0 connector and is uncommonly used to connect devices that use a female USB-A 3.0 port in place of micro or mini connections.The cable provides a Super Download Speed of 5Gbps when both devices use USB 3.0 ports and 5A of Power.,,4,3.25,,,,,,,,filter,Connectivity,USB-A 3.0,filter,published_online_store,yes,,,,,,,,,,,,,,,,,,,,,,,,,,,,,,,,,,,,,,,,,,,,,,,,,,,,,,
maplin,2025-11-04,,https://www.maplin.co.uk/products/olympus-m-zuiko-digital-75-300mm-f-4-8-6-7-ii-ed-telephoto-zoom-lens?variant=43401614295261,4545350043742,Olympus M.Zuiko Digital 75-300mm f/4.8-6.7 II ED Telephoto Zoom Lens,Olympus,469.99,Y,499.99,Y,,Black,Default Title,,,All Photo & Video,Imaging Accessories,Lenses,Deals,Specials,Clearance,,https://cdn.shopify.com/s/files/1/0633/2396/3613/products/f78bf78b58cc693b68bb4cd0a4c4344774ef585e06c9_OLY1417_FS_0.jpg?v=1720526554,https://cdn.shopify.com/s/files/1/0633/2396/3613/products/a40d110b-8f81-426d-a957-798525ab759a.jpg?v=1720526557,,,,"This is a Micro Four Thirds super telephoto lens for those long shots off in the distance, which you can magically bring nearer at a turn of the wrist.The Olympus M.Zuiko Digital 75-300mm f/4.8-6.7 II ED Telephoto Zoom Lens is extremely compact and lightweight it offers an equivalent range of 150-600mm on a 35mm film camera - Now you can capture that sense of being close to your subject without having to get so near - This high-power lens has two additional benefits - It comes with a unique screw drive mechanism, which is especially quiet for shooting films and has a very fast auto-focus function (MSC) for taking rapid-fire still shots - Specifications Lens Aperture: F/4.8-6Focus Adjustment: Automatic, manualOptical Zoom: x4Special Functions: Tele, zoomMin - Focus Distance: 0.9mDesigned for: OM-D E-M10 Mark IIISLens Construction: 13 groups / 18 elementsFilter Size: 58mmMounting Type: Micro Four ThirdsFocal Length: 75mm - 300mmWeight: 423gLength: 11.65cmDiameter: 6.9cm",,0,0.0,,,,,,,,filter,Colour,Black,filter,published_online_store,yes,,,,,,,,,,,,,,,,,,,,,,,,,,,,,,,,,,,,,,,,,,,,,,,,,,,,,,
maplin,2025-11-04,,https://www.maplin.co.uk/products/maplin-apple-mfi-certified-tangle-free-2-in-1-usb-a-2-0-to-lightning-micro-usb-cable-white-1m?variant=43401788522717,4892606013326,"Maplin USB-A to 2-in-1 Multi-Charging Lightning & Micro USB Cable - White, 1m",Maplin,5.99,Y,,,,,Default Title,,,All Cables,USB-A Cables,Lightning Cables,USB-A to Lightning Cables,[Internal] Blue Light 10%,[Internal] Private Label 15%,,https://cdn.shopify.com/s/files/1/0633/2396/3613/files/MAP310_image_1.jpg?v=1747213964,https://cdn.shopify.com/s/files/1/0633/2396/3613/files/MAP310Image1.jpg?v=1747213964,https://cdn.shopify.com/s/files/1/0633/2396/3613/files/MAP310Image2.jpg?v=1747213964,https://cdn.shopify.com/s/files/1/0633/2396/3613/files/MAP310Image3.jpg?v=1747213964,https://cdn.shopify.com/s/files/1/0633/2396/3613/files/MAP310Image4.jpg?v=1747213964,"This extremely versatile Maplin USB-A to 2-in-1 Multi-Charging Lightning & Micro USB-B Cable has changeable connections, so you can use it for charging or data transfer - It is designed for use with Apple Lightning or micro USB devices – which would typically be portable devices such as smartphones or tablets - The Lightning connector is attached to the micro USB, meaning this cable can only be used with one device at a time.",,1,5.0,,,,,,,,filter,Connectivity,USB-A 2.0,filter,published_online_store,yes,,,,,,,,,,,,,,,,,,,,,,,,,,,,,,,,,,,,,,,,,,,,,,,,,,,,,,
maplin,2025-11-04,,https://www.maplin.co.uk/products/maplin-expert-hdmi-to-hdmi-uhd-4k-high-speed-cable-with-ethernet-black?variant=43401802711261,5026686198348,Maplin HDMI to HDMI 4K Ultra HD 30Hz Cable with Gold Connectors - Black,Maplin,9.99,Y,,,,Black,5m,,,All Cables,HDMI Cables,HDMI to HDMI Cables,[Internal] Blue Light 10%,[Internal] Private Label 15%,Learn more about Maplin,,https://cdn.shopify.com/s/files/1/0633/2396/3613/files/MAP036_Image_1_d23e5a96-fb74-4b52-8f28-a41d6a524270.jpg?v=1720529969,https://cdn.shopify.com/s/files/1/0633/2396/3613/files/MAP036_Image_2.jpg?v=1720530973,https://cdn.shopify.com/s/files/1/0633/2396/3613/files/MAP036_Image_3.jpg?v=1720530978,https://cdn.shopify.com/s/files/1/0633/2396/3613/files/MAP036_Image_5.jpg?v=1720530989,https://cdn.shopify.com/s/files/1/0633/2396/3613/files/MAP036_Image_6.jpg?v=1720530994,"The highly versatile Maplin HDMI to HDMI 4K Ultra HD 30Hz Cable with Gold Connectors combines high definition video and multi-channel audio into one cable - Commonly used for connecting TVs to Sky boxes, streaming devices, Blu-ray/DVD players and game consoles, as well as for PC connectivity - Support Resolution 1080P at 60Hz and 4K at 30Hz.",,5,5.0,,,,,,,,filter,Colour,Black,filter,Connectivity,HDMI,filter,HDMI Version,2.0,filter,Insulation Type,Rubber,filter,Length,5m,filter,published_online_store,yes,filter,Resolution,3840 x 2160p (4K Ultra HD),,,,,,,,,,,,,,,,,,,,,,,,,,,,,,,,,,,,,,,
maplin,2025-11-04,,https://www.maplin.co.uk/products/maplin-expert-hdmi-to-hdmi-uhd-4k-high-speed-cable-with-ethernet-black?variant=43401802744029,5026686198355,Maplin HDMI to HDMI 4K Ultra HD 30Hz Cable with Gold Connectors - Black,Maplin,12.99,Y,,,,Black,10m,,,All Cables,HDMI Cables,HDMI to HDMI Cables,[Internal] Blue Light 10%,[Internal] Private Label 15%,Learn more about Maplin,,https://cdn.shopify.com/s/files/1/0633/2396/3613/files/MAP036_Image_1_d23e5a96-fb74-4b52-8f28-a41d6a524270.jpg?v=1720529969,https://cdn.shopify.com/s/files/1/0633/2396/3613/files/MAP036_Image_2.jpg?v=1720530973,https://cdn.shopify.com/s/files/1/0633/2396/3613/files/MAP036_Image_3.jpg?v=1720530978,https://cdn.shopify.com/s/files/1/0633/2396/3613/files/MAP036_Image_5.jpg?v=1720530989,https://cdn.shopify.com/s/files/1/0633/2396/3613/files/MAP036_Image_6.jpg?v=1720530994,"The highly versatile Maplin HDMI to HDMI 4K Ultra HD 30Hz Cable with Gold Connectors combines high definition video and multi-channel audio into one cable - Commonly used for connecting TVs to Sky boxes, streaming devices, Blu-ray/DVD players and game consoles, as well as for PC connectivity - Support Resolution 1080P at 60Hz and 4K at 30Hz.",,5,5.0,,,,,,,,filter,Colour,Black,filter,Connectivity,HDMI,filter,HDMI Version,2.0,filter,Insulation Type,Rubber,filter,Length,5m,filter,published_online_store,yes,filter,Resolution,3840 x 2160p (4K Ultra HD),,,,,,,,,,,,,,,,,,,,,,,,,,,,,,,,,,,,,,,
maplin,2025-11-04,,https://www.maplin.co.uk/products/maplin-usb-a-to-8-pin-mini-usb-cable-data-and-photo-transfer-black-3m?variant=43401795371229,5026686196887,"Maplin USB-A to 8-Pin Mini USB Cable - Black, 3m",Maplin,6.99,Y,,,,Black,Default Title,,,All Cables,USB-A Cables,[Internal] Blue Light 10%,[Internal] Private Label 15%,Learn more about Maplin,[Internal] 30% off Maplin Extra Long Life High Performance Alkaline AA / AAA Batteries when you purchase any of these products,,https://cdn.shopify.com/s/files/1/0633/2396/3613/files/MAP282_image_1.jpg?v=1733995397,https://cdn.shopify.com/s/files/1/0633/2396/3613/files/MAP282_image_2.jpg?v=1733995398,https://cdn.shopify.com/s/files/1/0633/2396/3613/files/MAP282_image_3.jpg?v=1733995397,https://cdn.shopify.com/s/files/1/0633/2396/3613/files/MAP282_image_4.jpg?v=1733995398,https://cdn.shopify.com/s/files/1/0633/2396/3613/files/MAP282_image_5.jpg?v=1733995398,"This Maplin USB-A to 8-Pin Mini USB Cable is commonly used to fit certain digital camera models - Most devices would require a USB Mini B connector rather than a Mini 8 pins, so be sure to check the type of USB socket on your device - Fits some cameras produced by: Praktica Sony Olympus Nikon Panasonic",,3,5.0,,,,,,,,filter,Colour,Black,filter,Connectivity,USB-A 2.0,filter,Insulation Type,Rubber,filter,Length,3m,filter,published_online_store,yes,,,,,,,,,,,,,,,,,,,,,,,,,,,,,,,,,,,,,,,,,,,,,
maplin,2025-11-04,,https://www.maplin.co.uk/products/4lite-wiz-connected-a60-dimmable-multicolour-wifi-led-smart-bulb-e27-large-screw?variant=43404463833309,5056144238927,4lite WiZ Connected A60 Dimmable Multicolour WiFi LED Smart Bulb - E27 Large Screw,4lite,9.59,Y,11.99,Y,,Multi,Single,,,All Lighting,Smart Bulbs,E27 Bulbs,Learn more about 4lite,Deals,Specials,,https://cdn.shopify.com/s/files/1/0633/2396/3613/files/4LI004_FS_0.jpg?v=1746026252,https://cdn.shopify.com/s/files/1/0633/2396/3613/products/cbd1cbd17b7aed194d6f3af25194fb7257627c43e8e3_4LI093_FS_0.jpg?v=1746026252,https://cdn.shopify.com/s/files/1/0633/2396/3613/products/5f265f262bf653578dc9136bb8e48c1e244d766d4396_4LI258_FS_0.jpg?v=1746026252,https://cdn.shopify.com/s/files/1/0633/2396/3613/products/4LI004_LS_5.jpg?v=1746026252,https://cdn.shopify.com/s/files/1/0633/2396/3613/products/4LI004_LS_1.jpg?v=1746026252,"The 4lite WiZ Connected A60 Dimmable Multicolour WiFi LED Smart Bulb provides 16 million colours and tuneable white dimmable light - The LED's 8W is equivalent in brightness to 60W - It can be controlled via the WiZ App and by Voice Controlled Smart Devices - Google, Alexa, Siri, Samsung Smart Things No hub needed Specifications Brand: 4liteCALC - Light Bulb Technology: LEDCap Fitting Type: ESColour Temperature Description: Colour-ChangingColour Temperature Value: 2200-6500 KDimmableEnergy Rating: FEquivalent Wattage: 60 WEquivalent Wattage Band: 46-60Frequency Range: 2.4 GHzLife Length: 25,000 hoursLight Bulb Technology: LEDLight Bulb Type: A60Light Colour: RGB & WhiteLm: 850 lmLm Band: 801-1000Manufacturer Guarantee: 4 Year Manufacturer's Guarantee (T&Cs Apply)Network Standards: 802.11b/g/nPower Consumption: 8 WPower Type: Mains-PoweredPower Voltage Supply: 220-240 VProduct Type: Smart LampSmart CompatibilitySmart Hub Requirement: Hub Not Required, Internet Connection RequiredWireless Range (Max.): Dependent on Local WiFiWireless Range Restrictions: Electronic interference from appliances or physical obstruction, such as brick walls, metal frames and floors, can reduce the wireless range - A signal weakens every time it encounters an obstruction.Works with Amazon Alexa, Android App, Google Home & iOS AppkWh Per 1000hr Life: 8 kWh/1000h Video",,3,5.0,,,,,,,,filter,Bulb Fitting,E27/ES,filter,Colour,Multi,filter,published_online_store,yes,filter,Wattage Rating,8 Watts,filter,Wireless,Built-in WiFi,,,,,,,,,,,,,,,,,,,,,,,,,,,,,,,,,,,,,,,,,,,,,
maplin,2025-11-04,,https://www.maplin.co.uk/products/4lite-wiz-connected-a60-dimmable-multicolour-wifi-led-smart-bulb-e27-large-screw?variant=43404463898845,5055189036000,4lite WiZ Connected A60 Dimmable Multicolour WiFi LED Smart Bulb - E27 Large Screw,4lite,17.59,Y,21.99,Y,,Multi,Pack of 2,,,All Lighting,Smart Bulbs,E27 Bulbs,Learn more about 4lite,Deals,Specials,,https://cdn.shopify.com/s/files/1/0633/2396/3613/files/4LI004_FS_0.jpg?v=1746026252,https://cdn.shopify.com/s/files/1/0633/2396/3613/products/cbd1cbd17b7aed194d6f3af25194fb7257627c43e8e3_4LI093_FS_0.jpg?v=1746026252,https://cdn.shopify.com/s/files/1/0633/2396/3613/products/5f265f262bf653578dc9136bb8e48c1e244d766d4396_4LI258_FS_0.jpg?v=1746026252,https://cdn.shopify.com/s/files/1/0633/2396/3613/products/4LI004_LS_5.jpg?v=1746026252,https://cdn.shopify.com/s/files/1/0633/2396/3613/products/4LI004_LS_1.jpg?v=1746026252,"The 4lite WiZ Connected A60 Dimmable Multicolour WiFi LED Smart Bulb provides 16 million colours and tuneable white dimmable light - The LED's 8W is equivalent in brightness to 60W - It can be controlled via the WiZ App and by Voice Controlled Smart Devices - Google, Alexa, Siri, Samsung Smart Things No hub needed Specifications Brand: 4liteCALC - Light Bulb Technology: LEDCap Fitting Type: ESColour Temperature Description: Colour-ChangingColour Temperature Value: 2200-6500 KDimmableEnergy Rating: FEquivalent Wattage: 60 WEquivalent Wattage Band: 46-60Frequency Range: 2.4 GHzLife Length: 25,000 hoursLight Bulb Technology: LEDLight Bulb Type: A60Light Colour: RGB & WhiteLm: 850 lmLm Band: 801-1000Manufacturer Guarantee: 4 Year Manufacturer's Guarantee (T&Cs Apply)Network Standards: 802.11b/g/nPower Consumption: 8 WPower Type: Mains-PoweredPower Voltage Supply: 220-240 VProduct Type: Smart LampSmart CompatibilitySmart Hub Requirement: Hub Not Required, Internet Connection RequiredWireless Range (Max.): Dependent on Local WiFiWireless Range Restrictions: Electronic interference from appliances or physical obstruction, such as brick walls, metal frames and floors, can reduce the wireless range - A signal weakens every time it encounters an obstruction.Works with Amazon Alexa, Android App, Google Home & iOS AppkWh Per 1000hr Life: 8 kWh/1000h Video",,3,5.0,,,,,,,,filter,Bulb Fitting,E27/ES,filter,Colour,Multi,filter,published_online_store,yes,filter,Wattage Rating,8 Watts,filter,Wireless,Built-in WiFi,,,,,,,,,,,,,,,,,,,,,,,,,,,,,,,,,,,,,,,,,,,,,
maplin,2025-11-04,,https://www.maplin.co.uk/products/4lite-wiz-connected-a60-dimmable-multicolour-wifi-led-smart-bulb-e27-large-screw?variant=43650607546589,5055189038288,4lite WiZ Connected A60 Dimmable Multicolour WiFi LED Smart Bulb - E27 Large Screw,4lite,31.99,Y,39.99,Y,,Multi,Pack of 4,,,All Lighting,Smart Bulbs,E27 Bulbs,Learn more about 4lite,Deals,Specials,,https://cdn.shopify.com/s/files/1/0633/2396/3613/files/4LI004_FS_0.jpg?v=1746026252,https://cdn.shopify.com/s/files/1/0633/2396/3613/products/cbd1cbd17b7aed194d6f3af25194fb7257627c43e8e3_4LI093_FS_0.jpg?v=1746026252,https://cdn.shopify.com/s/files/1/0633/2396/3613/products/5f265f262bf653578dc9136bb8e48c1e244d766d4396_4LI258_FS_0.jpg?v=1746026252,https://cdn.shopify.com/s/files/1/0633/2396/3613/products/4LI004_LS_5.jpg?v=1746026252,https://cdn.shopify.com/s/files/1/0633/2396/3613/products/4LI004_LS_1.jpg?v=1746026252,"The 4lite WiZ Connected A60 Dimmable Multicolour WiFi LED Smart Bulb provides 16 million colours and tuneable white dimmable light - The LED's 8W is equivalent in brightness to 60W - It can be controlled via the WiZ App and by Voice Controlled Smart Devices - Google, Alexa, Siri, Samsung Smart Things No hub needed Specifications Brand: 4liteCALC - Light Bulb Technology: LEDCap Fitting Type: ESColour Temperature Description: Colour-ChangingColour Temperature Value: 2200-6500 KDimmableEnergy Rating: FEquivalent Wattage: 60 WEquivalent Wattage Band: 46-60Frequency Range: 2.4 GHzLife Length: 25,000 hoursLight Bulb Technology: LEDLight Bulb Type: A60Light Colour: RGB & WhiteLm: 850 lmLm Band: 801-1000Manufacturer Guarantee: 4 Year Manufacturer's Guarantee (T&Cs Apply)Network Standards: 802.11b/g/nPower Consumption: 8 WPower Type: Mains-PoweredPower Voltage Supply: 220-240 VProduct Type: Smart LampSmart CompatibilitySmart Hub Requirement: Hub Not Required, Internet Connection RequiredWireless Range (Max.): Dependent on Local WiFiWireless Range Restrictions: Electronic interference from appliances or physical obstruction, such as brick walls, metal frames and floors, can reduce the wireless range - A signal weakens every time it encounters an obstruction.Works with Amazon Alexa, Android App, Google Home & iOS AppkWh Per 1000hr Life: 8 kWh/1000h Video",,3,5.0,,,,,,,,filter,Bulb Fitting,E27/ES,filter,Colour,Multi,filter,published_online_store,yes,filter,Wattage Rating,8 Watts,filter,Wireless,Built-in WiFi,,,,,,,,,,,,,,,,,,,,,,,,,,,,,,,,,,,,,,,,,,,,,
maplin,2025-11-04,,https://www.maplin.co.uk/products/maplin-usb-c-to-usb-a-3-1-cable-black-1m?variant=43401709289693,5026686000931,"Maplin Pro USB-C to USB-A 3.1 Gen1 5Gbps Super Speed Cable - Black, 1m",Maplin,6.99,Y,,,,Black,Default Title,,,All Cables,USB-C Cables,USB-A Cables,USB-A to USB-C Cables,[Internal] Blue Light 10%,[Internal] Private Label 15%,,https://cdn.shopify.com/s/files/1/0633/2396/3613/files/MAP171_image_1_5a72b2ef-7c61-4cc4-aded-9c274c5f262e.jpg?v=1744643769,https://cdn.shopify.com/s/files/1/0633/2396/3613/files/MAP171Image1.jpg?v=1744643769,https://cdn.shopify.com/s/files/1/0633/2396/3613/files/MAP171Image2.jpg?v=1744643767,https://cdn.shopify.com/s/files/1/0633/2396/3613/files/MAP171Image3.jpg?v=1744643767,https://cdn.shopify.com/s/files/1/0633/2396/3613/files/MAP171Image4.jpg?v=1744643767,"Connect your USB-C smartphone or tablet to a USB-A computer port or wall charger with the Maplin Pro USB-C to USB-A 3.1 Gen1 5Gbps Super Speed Cable - Ideal for fast charging and speedy image, video and file transfers, the cable is designed for long lasting quality - Please note: Requires wall charger with USB-A Quick Charge port Specifications Connection A: USB Type-C, Connection B: USB Type-ACable Length: 1mCable Type: Charge/SyncConnector Style: Straight PerformanceRated Performance: USB 3.1 @ 5GbpsData Transfer Speed: 5 GbpsForm Factor: CableCable Colour: Black",,5,5.0,,,,,,,,filter,Colour,Black,filter,Connectivity,USB-C,filter,Insulation Type,Rubber,filter,Length,1m,filter,published_online_store,yes,,,,,,,,,,,,,,,,,,,,,,,,,,,,,,,,,,,,,,,,,,,,,
maplin,2025-11-04,,https://www.maplin.co.uk/products/maplin-premium-hdmi-2-0-to-micro-hdmi-cable-black-3m?variant=43401803563229,5026686000047,"Maplin HDMI-A to Micro HDMI-D 4K Ultra HD 30Hz Cable with Ethernet & Gold Connectors - Black, 3m",Maplin,6.99,Y,,,,Black,Default Title,,,All Cables,HDMI Cables,HDMI to HDMI Cables,[Internal] Blue Light 10%,[Internal] Private Label 15%,Learn more about Maplin,,https://cdn.shopify.com/s/files/1/0633/2396/3613/files/MAP179_Image_1_f09f2007-c3ce-4d5a-9ef6-3ae5c605f905.jpg?v=1724227383,https://cdn.shopify.com/s/files/1/0633/2396/3613/files/MAP179_FL_1.jpg?v=1724227383,https://cdn.shopify.com/s/files/1/0633/2396/3613/files/MAP179_T_0.jpg?v=1724227384,https://cdn.shopify.com/s/files/1/0633/2396/3613/files/MAP179_Image_2-1.jpg?v=1724227383,https://cdn.shopify.com/s/files/1/0633/2396/3613/files/MAP179_Image_2-2.jpg?v=1724227383,"The Maplin HDMI-A to Micro HDMI-D 4K Ultra HD 30Hz Cable with Ethernet & Gold Connectors is a highly versatile HDMI to Micro HDMI (male to male) cable that combines high definition video and multi-channel audio into one cable - Commonly used for connecting Smartphones, Action Cams, Dash Cams (all with micro HDMI sockets) to TVs, as well as for PC connectivity.",,2,3.0,,,,,,,,filter,Colour,Black,filter,Connectivity,Micro HDMI,filter,HDMI Version,2.0,filter,Insulation Type,Rubber,filter,Length,3m,filter,published_online_store,yes,filter,Resolution,3840 x 2160p (4K Ultra HD),,,,,,,,,,,,,,,,,,,,,,,,,,,,,,,,,,,,,,,
maplin,2025-11-04,,https://www.maplin.co.uk/products/kodak-10-desk-led-ring-light-for-selfies-videos-online-conferencing?variant=43401618784477,6430055458008,"Kodak 10"" Desk LED Ring Light for Selfies, Videos & Online Conferencing",Kodak,34.99,Y,,,,,Default Title,,,All Photo & Video,Imaging Accessories,Imaging Lighting,[Internal] Blue Light 10%,[Internal] 30% off Maplin Extra Long Life High Performance Alkaline AA / AAA Batteries when you purchase any of these products,All Products,,https://cdn.shopify.com/s/files/1/0633/2396/3613/products/2cb63dfd-2ca4-43ef-884e-798948ca4a12.jpg?v=1720526688,https://cdn.shopify.com/s/files/1/0633/2396/3613/products/a1d8a1d868c3cef9ac553bb47e3cadd26e258df734fd_KOD813_LS_1.jpg?v=1720526697,https://cdn.shopify.com/s/files/1/0633/2396/3613/products/9662966214e62dd01a92532c6ab08ad19dcdf63b96a5_KOD813_LS_0.jpg?v=1720526703,https://cdn.shopify.com/s/files/1/0633/2396/3613/products/f1a2f1a29e61e3ed48882f50dbef56b8ec3280a17b24_KOD813_LS_3.jpg?v=1720526712,https://cdn.shopify.com/s/files/1/0633/2396/3613/products/14ee14ee8669178a2d0763d96d2e6f79e208f7af87ec_KOD813_LS_2.jpg?v=1720526741,"The Kodak 10"" Desk LED Ring Light for Selfies, Videos & Online Conferencing is a compact and easy-to-use light for online videos, video conferencing and presenting yourself for the social media - Look better, smarter and more professional with this handy and adjustable light that works with any smartphone, webcam and laptop - The elegant design looks great at home, at the office or any professional environment - Specifications Works with any smartphone, webcam and laptopDurable metal stand with adjustable height (52 - 64 cm)Weight: 1 kgDimensions: 250x155x520 mm",,4,4.5,,,,,,,,filter,published_online_store,yes,,,,,,,,,,,,,,,,,,,,,,,,,,,,,,,,,,,,,,,,,,,,,,,,,,,,,,,,,
maplin,2025-11-04,,https://www.maplin.co.uk/products/maplin-micro-usb-male-to-usb-a-2-0-female-adapter-cable-black-0-15m?variant=43401773088989,5026686197938,"Maplin Micro USB Male to USB-A 2.0 Female Adapter Cable - Black, 0.15m",Maplin,3.99,Y,,,,Black,Default Title,,,All PC & Mobile Accessories,Adapters,USB Adapters,[Internal] Blue Light 10%,[Internal] Private Label 15%,Learn more about Maplin,,https://cdn.shopify.com/s/files/1/0633/2396/3613/files/5026686197938.jpg?v=1737477476,https://cdn.shopify.com/s/files/1/0633/2396/3613/products/5b285b28eeea1453ce7fe68249d11530f2b2bff55dee_MAP067_T_0.jpg?v=1737477476,https://cdn.shopify.com/s/files/1/0633/2396/3613/products/69662a81-d296-41bf-a9d5-b4b962dd5d12.jpg?v=1737477476,,,"The Maplin Micro USB Male to USB-A 2.0 Female Adapter Cable allows mobile devices to act as a host controller to USB peripherals - You can connect your tablet or smartphone to a USB flash drive to save files, to a mouse for precision control, a camera to back-up your photos, or even a game controller for gaming on the go!Check your device documentation for compatibility with this product.",,4,5.0,,,,,,,,filter,Colour,Black,filter,published_online_store,yes,,,,,,,,,,,,,,,,,,,,,,,,,,,,,,,,,,,,,,,,,,,,,,,,,,,,,,
maplin,2025-11-04,,https://www.maplin.co.uk/products/maplin-premium-hdmi-to-mini-hdmi-cable-black-3m?variant=43401806414045,5026686001198,"Maplin HDMI to Mini HDMI 4K Ultra HD Cable with Gold Connectors - Black, 3m",Maplin,7.99,Y,,,,Black,Default Title,,,All Cables,HDMI Cables,HDMI to HDMI Cables,[Internal] Blue Light 10%,[Internal] Private Label 15%,Learn more about Maplin,,https://cdn.shopify.com/s/files/1/0633/2396/3613/files/MAP268_Image_1.jpg?v=1720532385,https://cdn.shopify.com/s/files/1/0633/2396/3613/products/e2dee2de56e221a1d1e187428ef2744e6d409829b1dd_MAP268_T_0.jpg?v=1720532392,https://cdn.shopify.com/s/files/1/0633/2396/3613/files/MAP268Image2_dd20a219-c460-4133-8cc5-7c7f272c2761.jpg?v=1720532396,https://cdn.shopify.com/s/files/1/0633/2396/3613/files/MAP268Image3_b0e19260-6348-4f2e-a19a-981dd4cc9796.jpg?v=1720532401,https://cdn.shopify.com/s/files/1/0633/2396/3613/files/MAP268Image4_e544cb76-6a27-4b71-aab5-31dbb9014744.jpg?v=1720532405,A highly versatile Maplin HDMI to Mini HDMI 4K Ultra HD Cable with Gold Connectors that links many digital camcorders and digital SLR cameras to your TV system - Used for delivering your high definition video recordings and still images to your TV as well as to your PC.,,3,4.67,,,,,,,,filter,Colour,Black,filter,Connectivity,Mini HDMI,filter,Insulation Type,Rubber,filter,Length,3m,filter,published_online_store,yes,filter,Resolution,3840 x 2160p (4K Ultra HD),,,,,,,,,,,,,,,,,,,,,,,,,,,,,,,,,,,,,,,,,,
maplin,2025-11-04,,https://www.maplin.co.uk/products/4lite-wiz-connected-c37-candle-dimmable-warm-white-wifi-led-smart-bulb-e14-small-screw?variant=43404468420829,5056144256815,4lite WiZ Connected C37 Candle Dimmable Warm White WiFi LED Smart Bulb - E14 Small Screw,4lite,9.99,Y,12.49,Y,,White,Single,,,All Lighting,Smart Bulbs,E14 Bulbs,Learn more about 4lite,Deals,Specials,,https://cdn.shopify.com/s/files/1/0633/2396/3613/products/c75dc75dec2a091fc401a33af5537059da05ac7e795a_4LI070_FS_0.jpg?v=1720532748,https://cdn.shopify.com/s/files/1/0633/2396/3613/files/4l1-8048.2.webp?v=1736775289,https://cdn.shopify.com/s/files/1/0633/2396/3613/files/71hhmOAVACL._AC_SL1500.jpg?v=1736775289,https://cdn.shopify.com/s/files/1/0633/2396/3613/files/710tAh_MonL._AC_SL1500.jpg?v=1736775289,https://cdn.shopify.com/s/files/1/0633/2396/3613/products/8b4a8b4a37d34f4f4f644d0e14d3b631e8ca290c8ef9_4LI149_FS_0.jpg?v=1736775289,"The 4lite WiZ Connected C37 Candle Dimmable Warm White WiFi LED Smart Bulb provides warm, dimmable light to fill any room - The LED 4.9W is equivalent in brightness to 40W - Controlled via the WiZ App this WiFi bulb works with Google, Alexa, Siri, Samsung SmartThings.No hub needed.SpecificationsBrand: 4liteCALC - Light Bulb Technology: LEDCap Fitting Type: SESColour Temperature Description: Warm WhiteColour Temperature Value: 2700 KDimmableEnergy Rating: FEquivalent Wattage: 60 WEquivalent Wattage Band: 46-60Frequency Range: 2.4Ghz MHzLife Length: 15,000 hoursLight Bulb Technology: LEDLight Bulb Type: CandleLm: 470 lmLm Band: 401-600Manufacturer Guarantee: 4 Year Manufacturer's Guarantee (T&Cs Apply)Network Standards: 802.11b/g/nPower Consumption: 4.9 WPower Type: Mains-PoweredPower Voltage Supply: 220-240 VProduct Type: Smart LampSmart CompatibilitySmart Hub Requirement: Internet Connection RequiredWireless Range (Max.): Dependent on Local WiFiWireless Range Restrictions: Electronic interference from appliances or physical obstruction, such as brick walls, metal frames and floors, can reduce the wireless range - A signal weakens every time it encounters an obstruction.Works with Amazon Alexa, Android App, Google Home & iOS AppkWh Per 1000hr Life: 5 kWh/1000h",,1,5.0,,,,,,,,filter,Bulb Fitting,E14/SES,filter,Colour,White,filter,published_online_store,yes,filter,Wattage Rating,4.9 Watts,filter,Wireless,Built-in WiFi,,,,,,,,,,,,,,,,,,,,,,,,,,,,,,,,,,,,,,,,,,,,,
maplin,2025-11-04,,https://www.maplin.co.uk/products/4lite-wiz-connected-c37-candle-dimmable-warm-white-wifi-led-smart-bulb-e14-small-screw?variant=43404468388061,5055189036413,4lite WiZ Connected C37 Candle Dimmable Warm White WiFi LED Smart Bulb - E14 Small Screw,4lite,19.19,Y,23.99,Y,,White,Pack of 2,,,All Lighting,Smart Bulbs,E14 Bulbs,Learn more about 4lite,Deals,Specials,,https://cdn.shopify.com/s/files/1/0633/2396/3613/products/c75dc75dec2a091fc401a33af5537059da05ac7e795a_4LI070_FS_0.jpg?v=1720532748,https://cdn.shopify.com/s/files/1/0633/2396/3613/files/4l1-8048.2.webp?v=1736775289,https://cdn.shopify.com/s/files/1/0633/2396/3613/files/71hhmOAVACL._AC_SL1500.jpg?v=1736775289,https://cdn.shopify.com/s/files/1/0633/2396/3613/files/710tAh_MonL._AC_SL1500.jpg?v=1736775289,https://cdn.shopify.com/s/files/1/0633/2396/3613/products/8b4a8b4a37d34f4f4f644d0e14d3b631e8ca290c8ef9_4LI149_FS_0.jpg?v=1736775289,"The 4lite WiZ Connected C37 Candle Dimmable Warm White WiFi LED Smart Bulb provides warm, dimmable light to fill any room - The LED 4.9W is equivalent in brightness to 40W - Controlled via the WiZ App this WiFi bulb works with Google, Alexa, Siri, Samsung SmartThings.No hub needed.SpecificationsBrand: 4liteCALC - Light Bulb Technology: LEDCap Fitting Type: SESColour Temperature Description: Warm WhiteColour Temperature Value: 2700 KDimmableEnergy Rating: FEquivalent Wattage: 60 WEquivalent Wattage Band: 46-60Frequency Range: 2.4Ghz MHzLife Length: 15,000 hoursLight Bulb Technology: LEDLight Bulb Type: CandleLm: 470 lmLm Band: 401-600Manufacturer Guarantee: 4 Year Manufacturer's Guarantee (T&Cs Apply)Network Standards: 802.11b/g/nPower Consumption: 4.9 WPower Type: Mains-PoweredPower Voltage Supply: 220-240 VProduct Type: Smart LampSmart CompatibilitySmart Hub Requirement: Internet Connection RequiredWireless Range (Max.): Dependent on Local WiFiWireless Range Restrictions: Electronic interference from appliances or physical obstruction, such as brick walls, metal frames and floors, can reduce the wireless range - A signal weakens every time it encounters an obstruction.Works with Amazon Alexa, Android App, Google Home & iOS AppkWh Per 1000hr Life: 5 kWh/1000h",,1,5.0,,,,,,,,filter,Bulb Fitting,E14/SES,filter,Colour,White,filter,published_online_store,yes,filter,Wattage Rating,4.9 Watts,filter,Wireless,Built-in WiFi,,,,,,,,,,,,,,,,,,,,,,,,,,,,,,,,,,,,,,,,,,,,,
maplin,2025-11-04,,https://www.maplin.co.uk/products/4lite-high-performance-1170mm-3k-led-undercabinet-linklight?variant=43404624199901,5056144220861,4lite High Performance 1170mm 3K LED Undercabinet Linklight,4lite,10.79,Y,13.49,Y,,White,Single,,,All Lighting,Indoor Lighting,Cabinet Lighting,Learn more about 4lite,Deals,Specials,,https://cdn.shopify.com/s/files/1/0633/2396/3613/files/4LI079_FR_0.jpg?v=1738841420,https://cdn.shopify.com/s/files/1/0633/2396/3613/products/76417641041586a34df190705e9f1f7c586a0bb18933_4LI076_LS_1.jpg?v=1738841420,https://cdn.shopify.com/s/files/1/0633/2396/3613/products/21c021c01721b6de6c188e9d353ffc2763ba85fd57a4_4LI076_LS_0.jpg?v=1738841420,https://cdn.shopify.com/s/files/1/0633/2396/3613/products/d371d371c5a5187a1023417b8b636d75ac659902e441_4LI158_FR_0.jpg?v=1738841420,,"The 4lite High Performance 1170mm 3K LED Undercabinet Linklight is a high performance LED undercabinet linklight - Its design allows for continuous linking of products, suitable for domestic and commercial applications - Supplied complete with mains power cable - SpecificationsBody Material: Polycarbonate BodyBrand: 4liteCALC - Light Bulb Technology: LEDColour Temperature Description: Warm WhiteColour Temperature Value: 3000 KNon-DimmableDomestic/Commercial Use: Suitable for Domestic & Commercial UseEnergy Rating: EFitting Installation: Surface-MountedFixings & Fittings SuppliedIP Rating: IP20Indoor/Outdoor Usage: IndoorLens/Diffuser Material: Polycarbonate DiffuserLife Length: 15,000 hoursLight Bulb Technology: LEDLight Bulb(s) Supplied: Integrated LEDLm: 1422 lmLm Band: 1001-1500Manufacturer Guarantee: 4 Year Manufacturer's Guarantee (T&Cs Apply)Power Consumption: 14 WPower Type: Mains-PoweredPower Voltage Supply: 220-240 VProduct Height: 35 mmProduct Length: 1170 mmProduct Type: Link LightProduct Width: 24 mmShape: Wide RectangularTransformer: LED Driver SuppliedkWh Per 1000hr Life: 14 kWh/1000h",,0,0.0,,,,,,,,filter,Colour,White,filter,published_online_store,yes,filter,Wattage Rating,14 Watts,,,,,,,,,,,,,,,,,,,,,,,,,,,,,,,,,,,,,,,,,,,,,,,,,,,
maplin,2025-11-04,,https://www.maplin.co.uk/products/4lite-high-performance-1170mm-3k-led-undercabinet-linklight?variant=43404624232669,5055189036604,4lite High Performance 1170mm 3K LED Undercabinet Linklight,4lite,27.19,Y,33.99,Y,,White,Pack of 3,,,All Lighting,Indoor Lighting,Cabinet Lighting,Learn more about 4lite,Deals,Specials,,https://cdn.shopify.com/s/files/1/0633/2396/3613/files/4LI079_FR_0.jpg?v=1738841420,https://cdn.shopify.com/s/files/1/0633/2396/3613/products/76417641041586a34df190705e9f1f7c586a0bb18933_4LI076_LS_1.jpg?v=1738841420,https://cdn.shopify.com/s/files/1/0633/2396/3613/products/21c021c01721b6de6c188e9d353ffc2763ba85fd57a4_4LI076_LS_0.jpg?v=1738841420,https://cdn.shopify.com/s/files/1/0633/2396/3613/products/d371d371c5a5187a1023417b8b636d75ac659902e441_4LI158_FR_0.jpg?v=1738841420,,"The 4lite High Performance 1170mm 3K LED Undercabinet Linklight is a high performance LED undercabinet linklight - Its design allows for continuous linking of products, suitable for domestic and commercial applications - Supplied complete with mains power cable - SpecificationsBody Material: Polycarbonate BodyBrand: 4liteCALC - Light Bulb Technology: LEDColour Temperature Description: Warm WhiteColour Temperature Value: 3000 KNon-DimmableDomestic/Commercial Use: Suitable for Domestic & Commercial UseEnergy Rating: EFitting Installation: Surface-MountedFixings & Fittings SuppliedIP Rating: IP20Indoor/Outdoor Usage: IndoorLens/Diffuser Material: Polycarbonate DiffuserLife Length: 15,000 hoursLight Bulb Technology: LEDLight Bulb(s) Supplied: Integrated LEDLm: 1422 lmLm Band: 1001-1500Manufacturer Guarantee: 4 Year Manufacturer's Guarantee (T&Cs Apply)Power Consumption: 14 WPower Type: Mains-PoweredPower Voltage Supply: 220-240 VProduct Height: 35 mmProduct Length: 1170 mmProduct Type: Link LightProduct Width: 24 mmShape: Wide RectangularTransformer: LED Driver SuppliedkWh Per 1000hr Life: 14 kWh/1000h",,0,0.0,,,,,,,,filter,Colour,White,filter,published_online_store,yes,filter,Wattage Rating,14 Watts,,,,,,,,,,,,,,,,,,,,,,,,,,,,,,,,,,,,,,,,,,,,,,,,,,,
maplin,2025-11-04,,https://www.maplin.co.uk/products/prosound-xlr-female-connector?variant=43411341181149,5026686000580,Maplin XLR Female Connector with 3 Copper Contacts Zinc Diecast Shell,Maplin,5.99,Y,,,,Black,Default Title,,,All Cables,Audio Cables,XLR Cables & Adapters,[Internal] Blue Light 10%,[Internal] Private Label 15%,Learn more about Maplin,,https://cdn.shopify.com/s/files/1/0633/2396/3613/files/5026686000580.jpg?v=1740668216,https://cdn.shopify.com/s/files/1/0633/2396/3613/files/5026686000580-2.jpg?v=1740668216,https://cdn.shopify.com/s/files/1/0633/2396/3613/products/78707870e6f67d7be8639d0fe2658a384a9f7abf0c63_MAP214_T_0.jpg?v=1740668216,,,"The Maplin XLR Female Connector with 3 Copper Contacts Zinc Diecast Shell with circumferential shield contact provides excellent RF-protection to transmit digital audio signals most efficient and reliable - This XLR features a coaxial ground spring and a coaxial crimp ferrule at the cable entrance for proper and reliable transition of the shield to the shell - This adapter is used by musicians in a studio and during live performance - It is Equipped with chuck type strain relief for secure clamping of all cables - It is used with professional audio and video equipment, also used with studio equipment - Can be applied on microphone connections/audio electronics, amplifiers and cabling applications - Helpful accessory for performing live musicians - All metal construction with nickel-plated connectors.",,1,4.0,,,,,,,,filter,Colour,Black,filter,Connectivity,XLR,filter,Insulation Type,Rubber,filter,published_online_store,yes,,,,,,,,,,,,,,,,,,,,,,,,,,,,,,,,,,,,,,,,,,,,,,,,
maplin,2025-11-04,,https://www.maplin.co.uk/products/4lite-3k-decorative-dimmable-led-pendant?variant=43404554961117,5056144215584,4lite 3K Decorative Dimmable LED Pendant,4lite,19.19,Y,26.99,Y,,Black,White,,,All Lighting,Indoor Lighting,Ceiling Lights,Learn more about 4lite,Deals,Specials,,https://cdn.shopify.com/s/files/1/0633/2396/3613/files/4LI113_FS_0.jpg?v=1746105519,https://cdn.shopify.com/s/files/1/0633/2396/3613/products/2d642d649a39a371ce02e012efa74d9a1296b97c936f_4LI114_FS_0.jpg?v=1746105519,,,,"The 4lite 3K Decorative Dimmable LED Pendant is a modern, decorative LED pendant suitable for hotel, restaurant and commercial applications - Modern decorative LED pendant delivering 10W of power - equivalent to 60W - Die-cast aluminium construction in white and black paint finish options with white inner shade - Recessed LED module and diffuser create optimum light distribution with reduced glare - A 1.5m adjustable cable length allowing for a varied installation height - Triac dimmable as standard - ﻿SpecificationsBody Material: Die-Cast Aluminium BodyBrand: 4liteCALC - Light Bulb Technology: LEDColour Temperature Description: Warm WhiteColour Temperature Value: 3000 KDimmableDomestic/Commercial Use: Suitable for Domestic & Commercial UseEnergy Rating: NoneEquivalent Wattage: 80 WFittings SuppliedIP Rating: IP20Indoor/Outdoor Usage: IndoorLife Length: 50,000 hoursLight Bulb Technology: LEDLight Bulb(s) Supplied: Integrated LEDLm: 926 lmLm Band: 801-1000Manufacturer Guarantee: 4 Year Manufacturer's Guarantee (T&Cs Apply)Max - Overall Drop: 1770 mmMin - Overall Drop: 370 mmPower Consumption: 16 WPower Type: Mains-PoweredPower Voltage Supply: 230 VProduct Type: Decorative Dimmable PendantTransformer: Integrated LED DriverkWh Per 1000hr Life: 16 kWh/1000h",,0,0.0,,,,,,,,filter,Colour,Black,filter,published_online_store,yes,filter,Wattage Rating,7.5 Watts,,,,,,,,,,,,,,,,,,,,,,,,,,,,,,,,,,,,,,,,,,,,,,,,,,,
maplin,2025-11-04,,https://www.maplin.co.uk/products/4lite-3k-decorative-dimmable-led-pendant?variant=43404554928349,5056144215591,4lite 3K Decorative Dimmable LED Pendant,4lite,19.19,Y,26.99,Y,,Black,Black,,,All Lighting,Indoor Lighting,Ceiling Lights,Learn more about 4lite,Deals,Specials,,https://cdn.shopify.com/s/files/1/0633/2396/3613/files/4LI113_FS_0.jpg?v=1746105519,https://cdn.shopify.com/s/files/1/0633/2396/3613/products/2d642d649a39a371ce02e012efa74d9a1296b97c936f_4LI114_FS_0.jpg?v=1746105519,,,,"The 4lite 3K Decorative Dimmable LED Pendant is a modern, decorative LED pendant suitable for hotel, restaurant and commercial applications - Modern decorative LED pendant delivering 10W of power - equivalent to 60W - Die-cast aluminium construction in white and black paint finish options with white inner shade - Recessed LED module and diffuser create optimum light distribution with reduced glare - A 1.5m adjustable cable length allowing for a varied installation height - Triac dimmable as standard - ﻿SpecificationsBody Material: Die-Cast Aluminium BodyBrand: 4liteCALC - Light Bulb Technology: LEDColour Temperature Description: Warm WhiteColour Temperature Value: 3000 KDimmableDomestic/Commercial Use: Suitable for Domestic & Commercial UseEnergy Rating: NoneEquivalent Wattage: 80 WFittings SuppliedIP Rating: IP20Indoor/Outdoor Usage: IndoorLife Length: 50,000 hoursLight Bulb Technology: LEDLight Bulb(s) Supplied: Integrated LEDLm: 926 lmLm Band: 801-1000Manufacturer Guarantee: 4 Year Manufacturer's Guarantee (T&Cs Apply)Max - Overall Drop: 1770 mmMin - Overall Drop: 370 mmPower Consumption: 16 WPower Type: Mains-PoweredPower Voltage Supply: 230 VProduct Type: Decorative Dimmable PendantTransformer: Integrated LED DriverkWh Per 1000hr Life: 16 kWh/1000h",,0,0.0,,,,,,,,filter,Colour,Black,filter,published_online_store,yes,filter,Wattage Rating,7.5 Watts,,,,,,,,,,,,,,,,,,,,,,,,,,,,,,,,,,,,,,,,,,,,,,,,,,,
maplin,2025-11-04,,https://www.maplin.co.uk/products/4lite-high-performance-310mm-3k-led-undercabinet-linklight?variant=43404625051869,5056144220830,4lite High Performance 310mm 3K LED Undercabinet Linklight,4lite,7.99,Y,9.99,Y,,White,Single,,,All Lighting,Indoor Lighting,Cabinet Lighting,Learn more about 4lite,Deals,Specials,,https://cdn.shopify.com/s/files/1/0633/2396/3613/files/4LI073_FR_0.jpg?v=1738320017,https://cdn.shopify.com/s/files/1/0633/2396/3613/products/c2cec2ce034d9579d7125523b57e6c9540088f7b54bd_4LI073_LS_1.jpg?v=1738320017,https://cdn.shopify.com/s/files/1/0633/2396/3613/products/9dbb9dbb41ede7a19530da40eed8a06577765b33a78b_4LI073_LS_0.jpg?v=1738320017,https://cdn.shopify.com/s/files/1/0633/2396/3613/products/2c712c714d635b944f76b7ee60c06b912b6fc567dad2_4LI073_SCH_0.jpg?v=1738320017,https://cdn.shopify.com/s/files/1/0633/2396/3613/files/4LI152_FR_0.jpg?v=1738320011,"The 4lite High Performance 310mm 3K LED Undercabinet Linklight is a high performance LED undercabinet linklight - Its design allows for continuous linking of products, suitable for domestic and commercial applications - Supplied complete with mains power cable.SpecificationsBody Material: Polycarbonate BodyBrand: 4liteCALC - Light Bulb Technology: LEDColour Temperature Description: Warm WhiteColour Temperature Value: 3000 KNon-DimmableDomestic/Commercial Use: Suitable for Domestic & Commercial UseEnergy Rating: EFitting Installation: Surface-MountedFixings & Fittings SuppliedIP Rating: IP22Indoor/Outdoor Usage: IndoorLens/Diffuser Material: Polycarbonate DiffuserLife Length: 15,000 hoursLight Bulb Technology: LEDLight Bulb(s) Supplied: Integrated LEDLm: 380 lmLm Band: 201-400Manufacturer Guarantee: 4 Year Manufacturer's Guarantee (T&Cs Apply)Power Consumption: 4 WPower Type: Mains-PoweredPower Voltage Supply: 220-240 VProduct Height: 35 mmProduct Length: 310 mmProduct Type: Warm White Link LightProduct Width: 24 mmShape: Wide RectangularTransformer: LED Driver SuppliedkWh Per 1000hr Life: 4 kWh/1000h",,1,5.0,,,,,,,,filter,Colour,White,filter,published_online_store,yes,filter,Wattage Rating,4 Watts,,,,,,,,,,,,,,,,,,,,,,,,,,,,,,,,,,,,,,,,,,,,,,,,,,,
maplin,2025-11-04,,https://www.maplin.co.uk/products/4lite-high-performance-310mm-3k-led-undercabinet-linklight?variant=43404625084637,5055189036543,4lite High Performance 310mm 3K LED Undercabinet Linklight,4lite,22.99,Y,,,,White,Pack of 3,,,All Lighting,Indoor Lighting,Cabinet Lighting,Learn more about 4lite,Deals,Specials,,https://cdn.shopify.com/s/files/1/0633/2396/3613/files/4LI073_FR_0.jpg?v=1738320017,https://cdn.shopify.com/s/files/1/0633/2396/3613/products/c2cec2ce034d9579d7125523b57e6c9540088f7b54bd_4LI073_LS_1.jpg?v=1738320017,https://cdn.shopify.com/s/files/1/0633/2396/3613/products/9dbb9dbb41ede7a19530da40eed8a06577765b33a78b_4LI073_LS_0.jpg?v=1738320017,https://cdn.shopify.com/s/files/1/0633/2396/3613/products/2c712c714d635b944f76b7ee60c06b912b6fc567dad2_4LI073_SCH_0.jpg?v=1738320017,https://cdn.shopify.com/s/files/1/0633/2396/3613/files/4LI152_FR_0.jpg?v=1738320011,"The 4lite High Performance 310mm 3K LED Undercabinet Linklight is a high performance LED undercabinet linklight - Its design allows for continuous linking of products, suitable for domestic and commercial applications - Supplied complete with mains power cable.SpecificationsBody Material: Polycarbonate BodyBrand: 4liteCALC - Light Bulb Technology: LEDColour Temperature Description: Warm WhiteColour Temperature Value: 3000 KNon-DimmableDomestic/Commercial Use: Suitable for Domestic & Commercial UseEnergy Rating: EFitting Installation: Surface-MountedFixings & Fittings SuppliedIP Rating: IP22Indoor/Outdoor Usage: IndoorLens/Diffuser Material: Polycarbonate DiffuserLife Length: 15,000 hoursLight Bulb Technology: LEDLight Bulb(s) Supplied: Integrated LEDLm: 380 lmLm Band: 201-400Manufacturer Guarantee: 4 Year Manufacturer's Guarantee (T&Cs Apply)Power Consumption: 4 WPower Type: Mains-PoweredPower Voltage Supply: 220-240 VProduct Height: 35 mmProduct Length: 310 mmProduct Type: Warm White Link LightProduct Width: 24 mmShape: Wide RectangularTransformer: LED Driver SuppliedkWh Per 1000hr Life: 4 kWh/1000h",,1,5.0,,,,,,,,filter,Colour,White,filter,published_online_store,yes,filter,Wattage Rating,4 Watts,,,,,,,,,,,,,,,,,,,,,,,,,,,,,,,,,,,,,,,,,,,,,,,,,,,
maplin,2025-11-04,,https://www.maplin.co.uk/products/4lite-decorative-cage-for-e27-bulb-pear?variant=43404638027997,5056144251872,4lite Decorative Pear Cage Lighting Pendant for E27 Large Screw Fit Lamp (Bulb Not Included) - Matte Black,4lite,5.99,Y,9.99,Y,,Black,Default Title,,,All Lighting,Indoor Lighting,Cage Lights,Learn more about 4lite,Deals,Specials,,https://cdn.shopify.com/s/files/1/0633/2396/3613/files/4LI107_FS_0.jpg?v=1746536605,https://cdn.shopify.com/s/files/1/0633/2396/3613/files/604TV_A3.jpg?v=1746536605,https://cdn.shopify.com/s/files/1/0633/2396/3613/files/604TV_P.jpg?v=1746536605,https://cdn.shopify.com/s/files/1/0633/2396/3613/files/604TV_A1.jpg?v=1746536605,https://cdn.shopify.com/s/files/1/0633/2396/3613/files/604TV_A2.jpg?v=1746536605,"The 4lite Decorative Pear Cage Lighting Pendant for E27 Large Screw Fit Lamp is a decorative pear shaped cage pendant in matte black finish - Suitable for use with E27 bulbs and perfect for use in kitchen areas and living spaces, it includes a fully adjustable 1.5m fabric cable allowing for a varied installation height - Please note: Bulb not included Specifications Body Material: Aluminium BodyBrand: 4liteColour: BlackDomestic/Commercial Use: Suitable for Domestic & Commercial UseEnergy Rating: NoneFixings SuppliedIP Rating: IP20Indoor/Outdoor Usage: IndoorLight Bulb Technology: Supplied Without BulbLight Bulb(s) Required: 1 x ES Light Bulb RequiredManufacturer Guarantee: 4 Year Manufacturer's Guarantee (T&Cs Apply)Max - Overall Drop: 1765 mmMax - Wattage: 50 WMin - Overall Drop: 265 mmModel No.: 4L1/7010Pack Size: 1Power Type: Mains-PoweredPower Voltage Supply: 230 VProduct Type: Decorative Pendant CageSmart Compatibility: None",,0,0.0,,,,,,,,filter,Bulb Fitting,E27/ES,filter,Colour,Black,filter,published_online_store,yes,,,,,,,,,,,,,,,,,,,,,,,,,,,,,,,,,,,,,,,,,,,,,,,,,,,
maplin,2025-11-04,,https://www.maplin.co.uk/products/4lite-ip20-gu10-fire-rated-downlight-satin-chrome?variant=43404565872861,5056144238286,4lite IP20 GU10 Fire-Rated Downlight - Satin Chrome,4lite,5.11,Y,6.99,Y,,,Single,,,All Lighting,Indoor Lighting,Downlights,Learn more about 4lite,Deals,Specials,,https://cdn.shopify.com/s/files/1/0633/2396/3613/files/4LI195_FS_1.jpg?v=1738842618,https://cdn.shopify.com/s/files/1/0633/2396/3613/files/81RuROjzHzL._AC_SL1500_12fa4aba-0055-4151-aa00-fe5dde75411f.jpg?v=1738842618,https://cdn.shopify.com/s/files/1/0633/2396/3613/files/4l1-2200.2.webp?v=1738842618,https://cdn.shopify.com/s/files/1/0633/2396/3613/files/713GR_A3_b95328a7-dfeb-411d-8cb8-325714c61c83.jpg?v=1738842618,https://cdn.shopify.com/s/files/1/0633/2396/3613/products/12961296b5423a4a727f2ac487dd03e5c2815c804ca5_4LI195_FS_0.jpg?v=1738842618,"This 4lite IP20 GU10 Fire-Rated Downlight is a compact Fire Rated downlight for shallow ceiling spaces - It includes a twistlock bulb retaining ring for ease of bulb replacement and rubber coated spring clips for ease of installation and ceiling protection - Ultra-slim bezel profile - Suitable for standard GU10 halogen or LED bulbs - SpecificationsNon-AdjustableNot Suitable for Bathroom UseBezel Colour: Brushed ChromeBody Material: Aluminium BodyBrand: 4liteCut-Out Diameter: 76 mmDomestic/Commercial Use: Suitable for Domestic UseEnergy Rating: NoneFire Rated to 30, 60 & 90minsHinges SuppliedIP Rating: IP20Indoor/Outdoor Usage: IndoorLight Bulb Technology: LEDLight Bulb(s) Required: 6 x GU10 Light Bulb RequiredManufacturer Guarantee: 4 Year Manufacturer's Guarantee (T&Cs Apply)Max - Wattage: 8 WPower Type: Mains-PoweredPower Voltage Supply: 220-240 VProduct Depth: 105 mmProduct Diameter: 90 mmProduct Type: DownlightShape: Round Download Installation Instructions",,0,0.0,,,,,,,,filter,published_online_store,yes,,,,,,,,,,,,,,,,,,,,,,,,,,,,,,,,,,,,,,,,,,,,,,,,,,,,,,,,,
maplin,2025-11-04,,https://www.maplin.co.uk/products/4lite-ip20-gu10-fire-rated-downlight-satin-chrome?variant=43404565905629,5055189036949,4lite IP20 GU10 Fire-Rated Downlight - Satin Chrome,4lite,20.39,Y,32.99,Y,,,Pack of 4,,,All Lighting,Indoor Lighting,Downlights,Learn more about 4lite,Deals,Specials,,https://cdn.shopify.com/s/files/1/0633/2396/3613/files/4LI195_FS_1.jpg?v=1738842618,https://cdn.shopify.com/s/files/1/0633/2396/3613/files/81RuROjzHzL._AC_SL1500_12fa4aba-0055-4151-aa00-fe5dde75411f.jpg?v=1738842618,https://cdn.shopify.com/s/files/1/0633/2396/3613/files/4l1-2200.2.webp?v=1738842618,https://cdn.shopify.com/s/files/1/0633/2396/3613/files/713GR_A3_b95328a7-dfeb-411d-8cb8-325714c61c83.jpg?v=1738842618,https://cdn.shopify.com/s/files/1/0633/2396/3613/products/12961296b5423a4a727f2ac487dd03e5c2815c804ca5_4LI195_FS_0.jpg?v=1738842618,"This 4lite IP20 GU10 Fire-Rated Downlight is a compact Fire Rated downlight for shallow ceiling spaces - It includes a twistlock bulb retaining ring for ease of bulb replacement and rubber coated spring clips for ease of installation and ceiling protection - Ultra-slim bezel profile - Suitable for standard GU10 halogen or LED bulbs - SpecificationsNon-AdjustableNot Suitable for Bathroom UseBezel Colour: Brushed ChromeBody Material: Aluminium BodyBrand: 4liteCut-Out Diameter: 76 mmDomestic/Commercial Use: Suitable for Domestic UseEnergy Rating: NoneFire Rated to 30, 60 & 90minsHinges SuppliedIP Rating: IP20Indoor/Outdoor Usage: IndoorLight Bulb Technology: LEDLight Bulb(s) Required: 6 x GU10 Light Bulb RequiredManufacturer Guarantee: 4 Year Manufacturer's Guarantee (T&Cs Apply)Max - Wattage: 8 WPower Type: Mains-PoweredPower Voltage Supply: 220-240 VProduct Depth: 105 mmProduct Diameter: 90 mmProduct Type: DownlightShape: Round Download Installation Instructions",,0,0.0,,,,,,,,filter,published_online_store,yes,,,,,,,,,,,,,,,,,,,,,,,,,,,,,,,,,,,,,,,,,,,,,,,,,,,,,,,,,
maplin,2025-11-04,,https://www.maplin.co.uk/products/4lite-ip20-gu10-fire-rated-downlight-satin-chrome?variant=43651776643293,5055189036956,4lite IP20 GU10 Fire-Rated Downlight - Satin Chrome,4lite,39.99,Y,48.99,Y,,,Pack of 6,,,All Lighting,Indoor Lighting,Downlights,Learn more about 4lite,Deals,Specials,,https://cdn.shopify.com/s/files/1/0633/2396/3613/files/4LI195_FS_1.jpg?v=1738842618,https://cdn.shopify.com/s/files/1/0633/2396/3613/files/81RuROjzHzL._AC_SL1500_12fa4aba-0055-4151-aa00-fe5dde75411f.jpg?v=1738842618,https://cdn.shopify.com/s/files/1/0633/2396/3613/files/4l1-2200.2.webp?v=1738842618,https://cdn.shopify.com/s/files/1/0633/2396/3613/files/713GR_A3_b95328a7-dfeb-411d-8cb8-325714c61c83.jpg?v=1738842618,https://cdn.shopify.com/s/files/1/0633/2396/3613/products/12961296b5423a4a727f2ac487dd03e5c2815c804ca5_4LI195_FS_0.jpg?v=1738842618,"This 4lite IP20 GU10 Fire-Rated Downlight is a compact Fire Rated downlight for shallow ceiling spaces - It includes a twistlock bulb retaining ring for ease of bulb replacement and rubber coated spring clips for ease of installation and ceiling protection - Ultra-slim bezel profile - Suitable for standard GU10 halogen or LED bulbs - SpecificationsNon-AdjustableNot Suitable for Bathroom UseBezel Colour: Brushed ChromeBody Material: Aluminium BodyBrand: 4liteCut-Out Diameter: 76 mmDomestic/Commercial Use: Suitable for Domestic UseEnergy Rating: NoneFire Rated to 30, 60 & 90minsHinges SuppliedIP Rating: IP20Indoor/Outdoor Usage: IndoorLight Bulb Technology: LEDLight Bulb(s) Required: 6 x GU10 Light Bulb RequiredManufacturer Guarantee: 4 Year Manufacturer's Guarantee (T&Cs Apply)Max - Wattage: 8 WPower Type: Mains-PoweredPower Voltage Supply: 220-240 VProduct Depth: 105 mmProduct Diameter: 90 mmProduct Type: DownlightShape: Round Download Installation Instructions",,0,0.0,,,,,,,,filter,published_online_store,yes,,,,,,,,,,,,,,,,,,,,,,,,,,,,,,,,,,,,,,,,,,,,,,,,,,,,,,,,,
maplin,2025-11-04,,https://www.maplin.co.uk/products/4lite-3k-decorative-dimmable-led-pendant-1?variant=43404553158877,5056144228997,4lite 3K Decorative Dimmable LED Pendant,4lite,19.19,Y,26.99,Y,,Black,Black,,,All Lighting,Indoor Lighting,Ceiling Lights,Learn more about 4lite,Deals,Specials,,https://cdn.shopify.com/s/files/1/0633/2396/3613/products/1b201b202397b9695b6417cb34c9544ff65cc8649bf7_4LI115_FS_0.jpg?v=1720534400,https://cdn.shopify.com/s/files/1/0633/2396/3613/files/61f0lKsm5RL._AC_SL1500.jpg?v=1720534404,https://cdn.shopify.com/s/files/1/0633/2396/3613/files/41pV15SZChL._AC_SL1250.jpg?v=1720534413,https://cdn.shopify.com/s/files/1/0633/2396/3613/products/fb15fb152427aef5eab99234c51f6f542b3ee304bc83_4LI116_FS_0.jpg?v=1720534419,,"The 4lite 3K Decorative Dimmable LED Pendant is a modern, decorative LED pendant suitable for hotel, restaurant and commercial applications - Modern decorative LED pendant - Die-cast aluminium construction in white and black paint finish options with white inner shade - Recessed LED module and diffuser create optimum light distribution with reduced glare - A 1.5m adjustable cable length allowing for a varied installation height - Triac dimmable as standard - ﻿SpecificationsBody Material: Die-Cast Aluminium BodyBrand: 4liteCALC - Light Bulb Technology: LEDColour Temperature Description: Warm WhiteColour Temperature Value: 3000 KDimmableDomestic/Commercial Use: Suitable for Domestic & Commercial UseEnergy Rating: NoneEquivalent Wattage: 60 WFittings SuppliedIP Rating: IP20Indoor/Outdoor Usage: IndoorLife Length: 30,000 hoursLight Bulb Technology: LEDLight Bulb(s) Supplied: Integrated LEDLm: 452 lmLm Band: 401-600Manufacturer Guarantee: 4 Year Manufacturer's Guarantee (T&Cs Apply)Max - Overall Drop: 1930 mmMin - Overall Drop: 430 mmPower Consumption: 10 WPower Type: Mains-PoweredPower Voltage Supply: 230 VProduct Type: Decorative Dimmable PendantTransformer: Integrated LED DriverkWh Per 1000hr Life: 10 kWh/1000h",,0,0.0,,,,,,,,filter,Colour,White,filter,published_online_store,yes,filter,Wattage Rating,10 Watts,,,,,,,,,,,,,,,,,,,,,,,,,,,,,,,,,,,,,,,,,,,,,,,,,,,
maplin,2025-11-04,,https://www.maplin.co.uk/products/4lite-3k-decorative-dimmable-led-pendant-1?variant=43404553126109,5056144229000,4lite 3K Decorative Dimmable LED Pendant,4lite,19.19,Y,26.99,Y,,Black,White,,,All Lighting,Indoor Lighting,Ceiling Lights,Learn more about 4lite,Deals,Specials,,https://cdn.shopify.com/s/files/1/0633/2396/3613/products/1b201b202397b9695b6417cb34c9544ff65cc8649bf7_4LI115_FS_0.jpg?v=1720534400,https://cdn.shopify.com/s/files/1/0633/2396/3613/files/61f0lKsm5RL._AC_SL1500.jpg?v=1720534404,https://cdn.shopify.com/s/files/1/0633/2396/3613/files/41pV15SZChL._AC_SL1250.jpg?v=1720534413,https://cdn.shopify.com/s/files/1/0633/2396/3613/products/fb15fb152427aef5eab99234c51f6f542b3ee304bc83_4LI116_FS_0.jpg?v=1720534419,,"The 4lite 3K Decorative Dimmable LED Pendant is a modern, decorative LED pendant suitable for hotel, restaurant and commercial applications - Modern decorative LED pendant - Die-cast aluminium construction in white and black paint finish options with white inner shade - Recessed LED module and diffuser create optimum light distribution with reduced glare - A 1.5m adjustable cable length allowing for a varied installation height - Triac dimmable as standard - ﻿SpecificationsBody Material: Die-Cast Aluminium BodyBrand: 4liteCALC - Light Bulb Technology: LEDColour Temperature Description: Warm WhiteColour Temperature Value: 3000 KDimmableDomestic/Commercial Use: Suitable for Domestic & Commercial UseEnergy Rating: NoneEquivalent Wattage: 60 WFittings SuppliedIP Rating: IP20Indoor/Outdoor Usage: IndoorLife Length: 30,000 hoursLight Bulb Technology: LEDLight Bulb(s) Supplied: Integrated LEDLm: 452 lmLm Band: 401-600Manufacturer Guarantee: 4 Year Manufacturer's Guarantee (T&Cs Apply)Max - Overall Drop: 1930 mmMin - Overall Drop: 430 mmPower Consumption: 10 WPower Type: Mains-PoweredPower Voltage Supply: 230 VProduct Type: Decorative Dimmable PendantTransformer: Integrated LED DriverkWh Per 1000hr Life: 10 kWh/1000h",,0,0.0,,,,,,,,filter,Colour,White,filter,published_online_store,yes,filter,Wattage Rating,10 Watts,,,,,,,,,,,,,,,,,,,,,,,,,,,,,,,,,,,,,,,,,,,,,,,,,,,
maplin,2025-11-04,,https://www.maplin.co.uk/products/maplin-dvi-d-single-link-cable-black-white-2m?variant=43411299270877,5026686002768,"Maplin DVI-D to DVI-D 18+1 Pin Single Link Cable - White, 2m",Maplin,12.99,Y,,,,,Default Title,,,All Cables,DVI Cables,DVI to DVI Cables,[Internal] Blue Light 10%,[Internal] Private Label 15%,Learn more about Maplin,,https://cdn.shopify.com/s/files/1/0633/2396/3613/files/MAP439_image_1.jpg?v=1747317276,https://cdn.shopify.com/s/files/1/0633/2396/3613/products/15ab15ab09a236119e6f4b1a197212a163d4b9d9cd32_MAP439_FL_0.jpg?v=1747317276,https://cdn.shopify.com/s/files/1/0633/2396/3613/products/ad59ad59af8eb83e37e73fa111600a9b61a09d32e3b4_MAP439_T_0.jpg?v=1747317276,https://cdn.shopify.com/s/files/1/0633/2396/3613/products/ef29ef2989c32acd981d1fa042db1e9d951f221ad8cd_MAP439_FS_0.jpg?v=1747317276,,"The Maplin DVI-D to DVI-D 18+1 Pin Single Link Cable is a highly versatile cable for transferring high definition Digital video - DVI-D is a digital interface that supports up to 1080p resolution, and is video only, without audio support - Please note - DVI-D does not support analogue output, and is incompatible with DVI-A and VGA - This cable is commonly used to connect PCs with DVI-D sockets.",,2,5.0,,,,,,,,filter,Connectivity,DVI-D,filter,published_online_store,yes,filter,Resolution,1920 x 1080p (Full HD),,,,,,,,,,,,,,,,,,,,,,,,,,,,,,,,,,,,,,,,,,,,,,,,,,,
maplin,2025-11-04,,https://www.maplin.co.uk/products/energizer-vision-hd-led-torch-metal-2000-lumens-inc-9x-aa-batteries?variant=43404692783325,7638900433814,Energizer Metal Case 2000 Lumens LED Torch with 9x AA Batteries,Energizer,14.99,Y,15.99,Y,,,Default Title,,,All Lighting,Portable Lighting,Torches,Deals,Specials,Clearance,,https://cdn.shopify.com/s/files/1/0633/2396/3613/products/f321f321edba04dd824cfff752daa254772ba73ef26f_ENE057_FS_0.jpg?v=1720528160,,,,,"The Energizer Metal Case 2000 Lumens LED Torch with 9x AA Batteries is a powerful large metal handheld torch ideal for bringing safety into any dark situation - It's powered by 9AA batteries allowing for a capacity of up to 2,000 lumens - Made with aircraft grade aluminium it offers multiple modes along with digital focus for versatility.Exceptional light output and hours of runtime make this a dependable choice for a super bright torch - Great as an emergency or camping torch - 7 modes (high, low, strobe, high wide, low wide, high spot, low spot) - It casts an exceptionally powerful 2,000 lumens on High mode and 250 lumens on Low mode - Digital Focus technology lets you focus the beam at the push of a button - This LED light is IPX4 water-resistant and impact-resistant up to 1 meter for dependable performance - An aircraft-grade aluminium construction delivers rugged reliability - Operates on 9 AA batteries (included) - Specifications High Mode: 2000 lumens, run time 4 hoursLow Mode: 250 lumens, run time 30 hoursDimensions: 7 x 7 x 24 cmWeight: 560g",,5,4.2,,,,,,,,filter,published_online_store,yes,,,,,,,,,,,,,,,,,,,,,,,,,,,,,,,,,,,,,,,,,,,,,,,,,,,,,,,,,
maplin,2025-11-04,,https://www.maplin.co.uk/products/4lite-up-down-outdoor-led-wall-light?variant=43404684558557,5056144220977,4lite Up/Down Outdoor LED Wall Light,4lite,27.99,Y,34.99,Y,,Black,Single,,,All Lighting,Outdoor Lighting,Outdoor Wall Lights,Learn more about 4lite,Deals,Specials,,https://cdn.shopify.com/s/files/1/0633/2396/3613/products/d7b5d7b51c0976cb417ba878a9da0b97ef1d7cc10df0_4LI206_FL_0__3.jpg?v=1720527734,https://cdn.shopify.com/s/files/1/0633/2396/3613/products/9758975824a9a081eaa4458fd582ab48e1ab9c8c7b9b_4LI206_LS_0__1.jpg?v=1720527740,https://cdn.shopify.com/s/files/1/0633/2396/3613/products/97f497f40e00b168873b7c617eff911c653e40491730_4LI206_SCH_0__1.jpg?v=1720527743,,,The 4lite Up/Down Outdoor LED Wall Light is a bi-directional wall light LED suitable for external applications - A graphite powder coat finish provides an excellent corrosion resistance and die-cast aluminium construction ensures maximum durability - Its internal reflector design creates optimum light distribution for enhanced performance - SpecificationsLamp: LEDWattage: 2 x 6WLumens delivered: 457Input: 220V - 240VOperating temperature: -10° to 40° Download Installation Instructions,,0,0.0,,,,,,,,filter,Colour,Black,filter,published_online_store,yes,filter,Wattage Rating,6 Watts,,,,,,,,,,,,,,,,,,,,,,,,,,,,,,,,,,,,,,,,,,,,,,,,,,,
maplin,2025-11-04,,https://www.maplin.co.uk/products/4lite-wiz-connected-wifi-remote?variant=43404705824989,5056144238972,4lite WiZ Connected WiFi Remote,4lite,11.99,Y,14.99,Y,,,Default Title,,,All Lighting,Lighting Accessories,Learn more about 4lite,Deals,Specials,Remotes,,https://cdn.shopify.com/s/files/1/0633/2396/3613/files/4LI017_FS_0.jpg?v=1746706967,https://cdn.shopify.com/s/files/1/0633/2396/3613/products/f619f6194893140c62c319a01f78afbf59bce03318db_4LI017_LS_0.jpg?v=1746706967,https://cdn.shopify.com/s/files/1/0633/2396/3613/products/289b289ba508e529a0de4c39618c9fc7a6dd943e1010_4LI017_PK_0.jpg?v=1746706967,https://cdn.shopify.com/s/files/1/0633/2396/3613/products/d2b4d2b41528e9599a90695a0d82b3ed07e578e955f8_4LI017_AL_0.jpg?v=1746706967,https://cdn.shopify.com/s/files/1/0633/2396/3613/products/965ef12e-c652-40c8-9678-6e1f5ad2a630.jpg?v=1746706967,The 4lite WiZ Connected WiFi Remote is compatible with all WiZ Connected Products - It features instant pairing and 4 pre-set scenes in a room.On/Off - Activate Circadian RhythmDimming and night light for the room,,1,5.0,,,,,,,,filter,published_online_store,yes,filter,Wireless,Built-in WiFi,,,,,,,,,,,,,,,,,,,,,,,,,,,,,,,,,,,,,,,,,,,,,,,,,,,,,,
maplin,2025-11-04,,https://www.maplin.co.uk/products/prosound-xlr-female-connector-3-gold-plated-copper-contacts-zinc-diecast-shell?variant=43411341082845,5026686000610,ProSound XLR Female Connector Gold Plated Copper Contacts Zinc Shell,ProSound,5.99,Y,,,,Black,Default Title,,,All Cables,Audio Cables,XLR Cables & Adapters,[Internal] Blue Light 10%,[Internal] Private Label 15%,Learn more about ProSound,,https://cdn.shopify.com/s/files/1/0633/2396/3613/files/5026686000610.jpg?v=1740672779,https://cdn.shopify.com/s/files/1/0633/2396/3613/files/5026686000610-2.jpg?v=1740672779,https://cdn.shopify.com/s/files/1/0633/2396/3613/products/643b643bc59816a5972e4ff0fabaf90ee62867fb56e6_MAP217_T_0.jpg?v=1740672779,,,"The ProSound XLR Female Connector Gold Plated Copper Contacts Zinc Shell contact provides excellent RF-protection to transmit digital audio signals most efficient and reliable - This XLR features a coaxial ground spring and a coaxial crimp ferrule at the cable entrance for the proper and reliable transition of the shield to the shell - This adapter is used by musicians in a studio and during live performance - It is Equipped with chuck type strain relief for secure clamping of all cables - It is used with professional audio and video equipment, also used with studio equipment - It can be applied to microphone connections/audio electronics, amplifiers, and cabling applications - A helpful accessory for performing live musicians - All metal construction with nickel-plated connectors.",,1,1.0,,,,,,,,filter,Colour,Black,filter,Connectivity,XLR,filter,Insulation Type,Rubber,filter,published_online_store,yes,,,,,,,,,,,,,,,,,,,,,,,,,,,,,,,,,,,,,,,,,,,,,,,,
maplin,2025-11-04,,https://www.maplin.co.uk/products/4lite-wiz-connected-pir-sensor?variant=43404705792221,5056144243259,4lite WiZ Connected PIR Sensor,4lite,19.99,Y,24.99,Y,,White,Default Title,,,All Lighting,Lighting Accessories,Learn more about 4lite,Deals,Specials,PIR Sensors,,https://cdn.shopify.com/s/files/1/0633/2396/3613/files/4LI019_FL_0.jpg?v=1746700130,https://cdn.shopify.com/s/files/1/0633/2396/3613/products/f691f691eda938ba7eda0d5d0d3e3de8bdf68ab757f3_4LI019_LS_0.jpg?v=1746700130,https://cdn.shopify.com/s/files/1/0633/2396/3613/files/71KSY5Mvy3L._AC_SL1500.jpg?v=1746700130,https://cdn.shopify.com/s/files/1/0633/2396/3613/products/31bc31bc0cc9ed8ee3b090551c7189b36cd66773bcca_4LI019_LS_1.jpg?v=1746700130,https://cdn.shopify.com/s/files/1/0633/2396/3613/products/37cd37cde56206680956fad529a976139acd619653ad_4LI019_AL_0.jpg?v=1746700130,"Control lighting automatically with the 4lite WiZ Connected PIR Sensor for WiZ Connected bulbs - It can be controlled via the WiZ App and voice controlled smart devices - Google, Alexa, Siri, Samsung Smart Things - Ideal for security and energy saving.Powered by 2x AA batteries (not included) Specifications Batteries Supplied/Required: 2 x AA Batteries RequiredBrand: 4liteColour: WhiteFittings SuppliedFrequency Range: 2.4 GHzIP Rating: IP20Indoor/Outdoor Usage: IndoorManufacturer Guarantee: 4 Year Manufacturer's Guarantee (T&Cs Apply)Network Standards: WiFi 2.4GHzPower Type: Battery-PoweredProduct Depth: 20 mmProduct Height: 125 mmProduct Type: Smart Motion PIR SensorProduct Width: 34 mmSensor Angle: 120 °Sensor Range: 3 mSensor Type: PIRSmart CompatibilitySmart Hub Requirement: Hub Not Required, Internet Connection RequiredWireless Range (Max.): 15mWireless Range Restrictions: Electronic interference from appliances or physical obstruction, such as brick walls, metal frames and floors, can reduce the wireless range - A signal weakens every time it encounters an obstruction.Works with Amazon Alexa, Android App, Apple HomeKit & Google Home",,3,4.67,,,,,,,,filter,Colour,White,filter,published_online_store,yes,filter,Wireless,Built-in WiFi,,,,,,,,,,,,,,,,,,,,,,,,,,,,,,,,,,,,,,,,,,,,,,,,,,,
maplin,2025-11-04,,https://www.maplin.co.uk/products/prosound-xlr-male-connector-with-3-copper-contacts-zinc-diecast-shell?variant=43411341115613,5026686000597,Maplin XLR Male Connector with 3 Copper Contacts Zinc Diecast Shell,Maplin,4.99,Y,,,,Black,Default Title,,,All Cables,Audio Cables,XLR Cables & Adapters,[Internal] Blue Light 10%,[Internal] Private Label 15%,Learn more about Maplin,,https://cdn.shopify.com/s/files/1/0633/2396/3613/files/5026686000597.jpg?v=1740672928,https://cdn.shopify.com/s/files/1/0633/2396/3613/files/5026686000597-2.jpg?v=1740672928,https://cdn.shopify.com/s/files/1/0633/2396/3613/products/2c722c72c73403f0b5e8df8540c7c456619a236673ee_MAP215_T_0.jpg?v=1740672928,,,"The Maplin XLR Male Connector with 3 Copper Contacts Zinc Diecast Shell with circumferential shield contact provides excellent RF-protection to transmit digital audio signals most efficient and reliable - This XLR features a coaxial ground spring and a coaxial crimp ferrule at the cable entrance for proper and reliable transition of the shield to the shell.This adapter is used by musicians in a studio and during live performance - It is Equipped with chuck type strain relief for secure clamping of all cables - It is used with professional audio and video equipment, also used with studio equipment - Can be applied on microphone connections/audio electronics, amplifiers and cabling applications - Helpful accessory for performing live musicians - All metal construction with nickel-plated connectors.",,1,4.0,,,,,,,,filter,Colour,Black,filter,Connectivity,XLR,filter,Insulation Type,Rubber,filter,published_online_store,yes,,,,,,,,,,,,,,,,,,,,,,,,,,,,,,,,,,,,,,,,,,,,,,,,
maplin,2025-11-04,,https://www.maplin.co.uk/products/4lite-ip65-gu10-fire-rated-downlight-satin-chrome?variant=43404568068317,5056144220533,4lite IP65 GU10 Fire-Rated Downlight - Satin Chrome,4lite,5.51,Y,6.99,Y,,,Single,,,All Lighting,Indoor Lighting,Downlights,Learn more about 4lite,Deals,Specials,,https://cdn.shopify.com/s/files/1/0633/2396/3613/files/4LI189_FS_1.jpg?v=1738770132,https://cdn.shopify.com/s/files/1/0633/2396/3613/files/81RuROjzHzL._AC_SL1500_176a3239-aca1-4c8b-b4a7-70704b97bb12.jpg?v=1738770132,https://cdn.shopify.com/s/files/1/0633/2396/3613/files/4l1-2200.2.webp?v=1738842618,https://cdn.shopify.com/s/files/1/0633/2396/3613/files/713GR_A3_b4f0f515-4521-4536-b599-aaee126a9a7c.jpg?v=1738770132,https://cdn.shopify.com/s/files/1/0633/2396/3613/files/4LI189_FS_0.jpg?v=1738770132,"This 4lite IP65 GU10 Fire-Rated Downlight is a compact Fire Rated downlight for shallow ceiling spaces - It includes a twistlock bulb retaining ring for ease of bulb replacement and rubber coated spring clips for ease of installation and ceiling protection - Ultra-slim bezel profile - Suitable for standard GU10 halogen or LED bulbs - SpecificationsNon-AdjustableSuitable for Bathroom UseBezel Colour: Satin ChromeBody Material: Aluminium BodyBrand: 4liteCut-Out Diameter: 76 mmDomestic/Commercial Use: Suitable for Domestic UseEnergy Rating: NoneFire Rated to 30, 60 & 90minsHinges SuppliedIP Rating: IP65Indoor/Outdoor Usage: IndoorLight Bulb Technology: LEDLight Bulb(s) Required: 6 x GU10 Light Bulb RequiredManufacturer Guarantee: 4 Year Manufacturer's Guarantee (T&Cs Apply)Max - Wattage: 8 WPower Type: Mains-PoweredPower Voltage Supply: 220-240 VProduct Depth: 105 mmProduct Diameter: 90 mmProduct Type: GU10 DownlightShape: Round Download Installation Instructions",,0,0.0,,,,,,,,filter,published_online_store,yes,,,,,,,,,,,,,,,,,,,,,,,,,,,,,,,,,,,,,,,,,,,,,,,,,,,,,,,,,
maplin,2025-11-04,,https://www.maplin.co.uk/products/4lite-ip65-gu10-fire-rated-downlight-satin-chrome?variant=43404568101085,5055189036888,4lite IP65 GU10 Fire-Rated Downlight - Satin Chrome,4lite,20.79,Y,34.99,Y,,,Pack of 4,,,All Lighting,Indoor Lighting,Downlights,Learn more about 4lite,Deals,Specials,,https://cdn.shopify.com/s/files/1/0633/2396/3613/files/4LI189_FS_1.jpg?v=1738770132,https://cdn.shopify.com/s/files/1/0633/2396/3613/files/81RuROjzHzL._AC_SL1500_176a3239-aca1-4c8b-b4a7-70704b97bb12.jpg?v=1738770132,https://cdn.shopify.com/s/files/1/0633/2396/3613/files/4l1-2200.2.webp?v=1738842618,https://cdn.shopify.com/s/files/1/0633/2396/3613/files/713GR_A3_b4f0f515-4521-4536-b599-aaee126a9a7c.jpg?v=1738770132,https://cdn.shopify.com/s/files/1/0633/2396/3613/files/4LI189_FS_0.jpg?v=1738770132,"This 4lite IP65 GU10 Fire-Rated Downlight is a compact Fire Rated downlight for shallow ceiling spaces - It includes a twistlock bulb retaining ring for ease of bulb replacement and rubber coated spring clips for ease of installation and ceiling protection - Ultra-slim bezel profile - Suitable for standard GU10 halogen or LED bulbs - SpecificationsNon-AdjustableSuitable for Bathroom UseBezel Colour: Satin ChromeBody Material: Aluminium BodyBrand: 4liteCut-Out Diameter: 76 mmDomestic/Commercial Use: Suitable for Domestic UseEnergy Rating: NoneFire Rated to 30, 60 & 90minsHinges SuppliedIP Rating: IP65Indoor/Outdoor Usage: IndoorLight Bulb Technology: LEDLight Bulb(s) Required: 6 x GU10 Light Bulb RequiredManufacturer Guarantee: 4 Year Manufacturer's Guarantee (T&Cs Apply)Max - Wattage: 8 WPower Type: Mains-PoweredPower Voltage Supply: 220-240 VProduct Depth: 105 mmProduct Diameter: 90 mmProduct Type: GU10 DownlightShape: Round Download Installation Instructions",,0,0.0,,,,,,,,filter,published_online_store,yes,,,,,,,,,,,,,,,,,,,,,,,,,,,,,,,,,,,,,,,,,,,,,,,,,,,,,,,,,
maplin,2025-11-04,,https://www.maplin.co.uk/products/4lite-ip65-gu10-fire-rated-downlight-satin-chrome?variant=43650556199133,5055189036895,4lite IP65 GU10 Fire-Rated Downlight - Satin Chrome,4lite,38.5,Y,52.99,Y,,,Pack of 6,,,All Lighting,Indoor Lighting,Downlights,Learn more about 4lite,Deals,Specials,,https://cdn.shopify.com/s/files/1/0633/2396/3613/files/4LI189_FS_1.jpg?v=1738770132,https://cdn.shopify.com/s/files/1/0633/2396/3613/files/81RuROjzHzL._AC_SL1500_176a3239-aca1-4c8b-b4a7-70704b97bb12.jpg?v=1738770132,https://cdn.shopify.com/s/files/1/0633/2396/3613/files/4l1-2200.2.webp?v=1738842618,https://cdn.shopify.com/s/files/1/0633/2396/3613/files/713GR_A3_b4f0f515-4521-4536-b599-aaee126a9a7c.jpg?v=1738770132,https://cdn.shopify.com/s/files/1/0633/2396/3613/files/4LI189_FS_0.jpg?v=1738770132,"This 4lite IP65 GU10 Fire-Rated Downlight is a compact Fire Rated downlight for shallow ceiling spaces - It includes a twistlock bulb retaining ring for ease of bulb replacement and rubber coated spring clips for ease of installation and ceiling protection - Ultra-slim bezel profile - Suitable for standard GU10 halogen or LED bulbs - SpecificationsNon-AdjustableSuitable for Bathroom UseBezel Colour: Satin ChromeBody Material: Aluminium BodyBrand: 4liteCut-Out Diameter: 76 mmDomestic/Commercial Use: Suitable for Domestic UseEnergy Rating: NoneFire Rated to 30, 60 & 90minsHinges SuppliedIP Rating: IP65Indoor/Outdoor Usage: IndoorLight Bulb Technology: LEDLight Bulb(s) Required: 6 x GU10 Light Bulb RequiredManufacturer Guarantee: 4 Year Manufacturer's Guarantee (T&Cs Apply)Max - Wattage: 8 WPower Type: Mains-PoweredPower Voltage Supply: 220-240 VProduct Depth: 105 mmProduct Diameter: 90 mmProduct Type: GU10 DownlightShape: Round Download Installation Instructions",,0,0.0,,,,,,,,filter,published_online_store,yes,,,,,,,,,,,,,,,,,,,,,,,,,,,,,,,,,,,,,,,,,,,,,,,,,,,,,,,,,
maplin,2025-11-04,,https://www.maplin.co.uk/products/energizer-hardcase-pivot-led-torch-with-rotating-head-300-lumens-inc-2x-aa-batteries?variant=43404693799133,7638900423792,Energizer Hard Case 300 Lumens Pivot Rotating Head LED Torch with Magnetic Base & 2x AA Batteries,Energizer,8.5,Y,19.99,Y,,,Default Title,,,All Lighting,Portable Lighting,Torches,Deals,Specials,Clearance,,https://cdn.shopify.com/s/files/1/0633/2396/3613/products/6f896f890f6f43062fba016bb5e0a56c126355a90077_ENE054_FS_0.jpg?v=1720528181,,,,,"The Energizer Hard Case 300 Lumens Pivot Rotating Head LED Torch with Magnetic Base & 2x AA Batteries is a very robust and handy LED torch for a variety of applications - The rotating head of the Energizer Hard Case Pivot LED lamp allows you to direct the light beam at any time and anywhere you need - The light head can be rotated by 175° and emits bright, uniform light with up to 300 lumen and achieves a range of up to 30m - In addition, the torch is weather resistant and shock-proof.Finally a work lamp for professionals, which meets your needs - It features a magnetic base to secure on metal surfaces and integrated lanyard slot plus a large push button for operating with gloves - It can survive falls from a height of up to 7m and defies wind and weather with a protection class of IPX4.Adjustable beam output for extended runtimeOperates on 2 AA batteries includedSpecificationsDimensions: 12.2 x 6.5 x 24.9cmWeight: 180gType of bulb: LEDLumens delivered: 300175-degree pivoting headBeam distance: Up to 30m",,1,5.0,,,,,,,,filter,published_online_store,yes,,,,,,,,,,,,,,,,,,,,,,,,,,,,,,,,,,,,,,,,,,,,,,,,,,,,,,,,,
maplin,2025-11-04,,https://www.maplin.co.uk/products/4lite-high-performance-1170mm-4k-led-undercabinet-linklight?variant=43404624888029,5056144223381,4lite High Performance 1170mm 4K LED Undercabinet Linklight,4lite,10.79,Y,13.49,Y,,White,Single,,,All Lighting,Indoor Lighting,Cabinet Lighting,Learn more about 4lite,Deals,Specials,,https://cdn.shopify.com/s/files/1/0633/2396/3613/files/4LI080_FR_0.jpg?v=1738330334,https://cdn.shopify.com/s/files/1/0633/2396/3613/products/54fb54fb1dbbb76f116424348a59d4be6c2a75300a3a_4LI076_LS_1.jpg?v=1738330334,https://cdn.shopify.com/s/files/1/0633/2396/3613/products/44014401ba5f87fde45f974f9e96280d4f2a8d018259_4LI076_LS_0.jpg?v=1738330334,https://cdn.shopify.com/s/files/1/0633/2396/3613/files/4LI159_FR_0.jpg?v=1738330324,,"The 4lite High Performance 1170mm 4K LED Undercabinet Linklight is a high performance LED undercabinet linklight - Its design allows for continuous linking of products, suitable for domestic and commercial applications - Supplied complete with mains power cable - SpecificationsBody Material: Polycarbonate BodyBrand: 4liteCALC - Light Bulb Technology: LEDColour Temperature Description: Cool WhiteColour Temperature Value: 4000 KNon-DimmableDomestic/Commercial Use: Suitable for Domestic & Commercial UseEnergy Rating: EFitting Installation: Surface-MountedFixings & Fittings SuppliedIP Rating: IP24Indoor/Outdoor Usage: IndoorLens/Diffuser Material: Polycarbonate DiffuserLife Length: 15,000 hoursLight Bulb Technology: LEDLight Bulb(s) Supplied: Integrated LEDLm: 1500 lmLm Band: 1001-1500Manufacturer Guarantee: 4 Year Manufacturer's Guarantee (T&Cs Apply)Power Consumption: 14 WPower Type: Mains-PoweredPower Voltage Supply: 220-240 VProduct Height: 35 mmProduct Length: 1170 mmProduct Type: Cool White Link LightProduct Width: 24 mmShape: Wide RectangularTransformer: LED Driver SuppliedkWh Per 1000hr Life: 14 kWh/1000h",,0,0.0,,,,,,,,filter,Colour,White,filter,published_online_store,yes,filter,Wattage Rating,14 Watts,,,,,,,,,,,,,,,,,,,,,,,,,,,,,,,,,,,,,,,,,,,,,,,,,,,
maplin,2025-11-04,,https://www.maplin.co.uk/products/4lite-high-performance-1170mm-4k-led-undercabinet-linklight?variant=43404624855261,5055189036611,4lite High Performance 1170mm 4K LED Undercabinet Linklight,4lite,33.99,Y,,,,White,Pack of 3,,,All Lighting,Indoor Lighting,Cabinet Lighting,Learn more about 4lite,Deals,Specials,,https://cdn.shopify.com/s/files/1/0633/2396/3613/files/4LI080_FR_0.jpg?v=1738330334,https://cdn.shopify.com/s/files/1/0633/2396/3613/products/54fb54fb1dbbb76f116424348a59d4be6c2a75300a3a_4LI076_LS_1.jpg?v=1738330334,https://cdn.shopify.com/s/files/1/0633/2396/3613/products/44014401ba5f87fde45f974f9e96280d4f2a8d018259_4LI076_LS_0.jpg?v=1738330334,https://cdn.shopify.com/s/files/1/0633/2396/3613/files/4LI159_FR_0.jpg?v=1738330324,,"The 4lite High Performance 1170mm 4K LED Undercabinet Linklight is a high performance LED undercabinet linklight - Its design allows for continuous linking of products, suitable for domestic and commercial applications - Supplied complete with mains power cable - SpecificationsBody Material: Polycarbonate BodyBrand: 4liteCALC - Light Bulb Technology: LEDColour Temperature Description: Cool WhiteColour Temperature Value: 4000 KNon-DimmableDomestic/Commercial Use: Suitable for Domestic & Commercial UseEnergy Rating: EFitting Installation: Surface-MountedFixings & Fittings SuppliedIP Rating: IP24Indoor/Outdoor Usage: IndoorLens/Diffuser Material: Polycarbonate DiffuserLife Length: 15,000 hoursLight Bulb Technology: LEDLight Bulb(s) Supplied: Integrated LEDLm: 1500 lmLm Band: 1001-1500Manufacturer Guarantee: 4 Year Manufacturer's Guarantee (T&Cs Apply)Power Consumption: 14 WPower Type: Mains-PoweredPower Voltage Supply: 220-240 VProduct Height: 35 mmProduct Length: 1170 mmProduct Type: Cool White Link LightProduct Width: 24 mmShape: Wide RectangularTransformer: LED Driver SuppliedkWh Per 1000hr Life: 14 kWh/1000h",,0,0.0,,,,,,,,filter,Colour,White,filter,published_online_store,yes,filter,Wattage Rating,14 Watts,,,,,,,,,,,,,,,,,,,,,,,,,,,,,,,,,,,,,,,,,,,,,,,,,,,
maplin,2025-11-04,,https://www.maplin.co.uk/products/maplin-lockable-displayport-cable-black-1m?variant=43404485624029,5055781227387,"Maplin Lockable 4K Ultra HD DisplayPort Cable - Black, 1m",Maplin,8.99,Y,,,,Black,Default Title,,,All Cables,DisplayPort Cables,DisplayPort to DisplayPort Cables,[Internal] Blue Light 10%,[Internal] Private Label 15%,Learn more about Maplin,,https://cdn.shopify.com/s/files/1/0633/2396/3613/files/MAP555_image_1_3cb7a95c-ddcc-47fc-a990-905ad29feb0f.jpg?v=1747383525,https://cdn.shopify.com/s/files/1/0633/2396/3613/products/157615760d595fbf1c8be19710c547e6c49e33724f32_MAP555_FL_0.jpg?v=1747383525,https://cdn.shopify.com/s/files/1/0633/2396/3613/products/5c865c86175309f149243203f481ec3f80e73fa17316_MAP555_T_0.jpg?v=1747383525,https://cdn.shopify.com/s/files/1/0633/2396/3613/products/85ee85eeb98be002ef6fe8cd39b64c14ed9143b9525e_MAP555_T_1.jpg?v=1747383523,https://cdn.shopify.com/s/files/1/0633/2396/3613/products/454345436ea6246ba55dd0243465550cb39ad9c8d8fa_MAP555_FS_0.jpg?v=1747383523,"This Maplin Lockable 4K Ultra HD DisplayPort Cable is a digital display interface that can carry video and audio - DisplayPort can output ultra high definition 4K resolutions, and transmit bi-directional USB data alongside a video and audio signal - It is increasingly common on new PC tower units and laptops, and on HD televisions to enable PC display output.",,0,0.0,,,,,,,,filter,Colour,Black,filter,Connectivity,DisplayPort,filter,Insulation Type,Rubber,filter,Length,1m,filter,published_online_store,yes,filter,Resolution,3840 x 2160p (4K Ultra HD),,,,,,,,,,,,,,,,,,,,,,,,,,,,,,,,,,,,,,,,,,
maplin,2025-11-04,,https://www.maplin.co.uk/products/4lite-high-performance-310mm-4k-led-undercabinet-linklight?variant=43404623610077,5056144223350,4lite High Performance 310mm 4K LED Undercabinet Linklight,4lite,7.99,Y,9.99,Y,,White,Single,,,All Lighting,Indoor Lighting,Cabinet Lighting,Learn more about 4lite,Deals,Specials,,https://cdn.shopify.com/s/files/1/0633/2396/3613/files/4LI074_FR_0.jpg?v=1738320141,https://cdn.shopify.com/s/files/1/0633/2396/3613/products/0d260d2651a3808d71a2b48693f60617045d1dab245c_4LI074_LS_0.jpg?v=1738320141,https://cdn.shopify.com/s/files/1/0633/2396/3613/products/bd73bd73df1a351ea9c05b936aa987a622da2fbe6875_4LI074_LS_1.jpg?v=1738320141,https://cdn.shopify.com/s/files/1/0633/2396/3613/products/5cc35cc347d9e2f3fdea2f3dbb7e7b2025c68a1c9719_4LI074_SCH_0.jpg?v=1738320141,https://cdn.shopify.com/s/files/1/0633/2396/3613/files/4LI153_FR_0.jpg?v=1738320131,"The 4lite High Performance 310mm 4K LED Undercabinet Linklight is a high performance LED undercabinet linklight - Its design allows for continuous linking of products, suitable for domestic and commercial applications - Supplied complete with mains power cable - SpecificationsBody Material: Polycarbonate BodyBrand: 4liteCALC - Light Bulb Technology: LEDColour Temperature Description: Cool WhiteColour Temperature Value: 4000 KNon-DimmableDomestic/Commercial Use: Suitable for Domestic & Commercial UseEnergy Rating: EFitting Installation: Surface-MountedFixings & Fittings SuppliedIP Rating: IP20Indoor/Outdoor Usage: IndoorLens/Diffuser Material: Polycarbonate DiffuserLife Length: 15,000 hoursLight Bulb Technology: LEDLight Bulb(s) Supplied: Integrated LEDLm: 394 lmLm Band: 201-400Manufacturer Guarantee: 4 Year Manufacturer's Guarantee (T&Cs Apply)Power Consumption: 4 WPower Type: Mains-PoweredPower Voltage Supply: 220-240 VProduct Height: 35 mmProduct Length: 310 mmProduct Type: Link LightProduct Width: 24 mmShape: Wide RectangularTransformer: LED Driver SuppliedkWh Per 1000hr Life: 4 kWh/1000h",,0,0.0,,,,,,,,filter,Colour,White,filter,published_online_store,yes,filter,Wattage Rating,4 Watts,,,,,,,,,,,,,,,,,,,,,,,,,,,,,,,,,,,,,,,,,,,,,,,,,,,
maplin,2025-11-04,,https://www.maplin.co.uk/products/4lite-high-performance-310mm-4k-led-undercabinet-linklight?variant=43404623642845,5055189036550,4lite High Performance 310mm 4K LED Undercabinet Linklight,4lite,18.39,Y,22.99,Y,,White,Pack of 3,,,All Lighting,Indoor Lighting,Cabinet Lighting,Learn more about 4lite,Deals,Specials,,https://cdn.shopify.com/s/files/1/0633/2396/3613/files/4LI074_FR_0.jpg?v=1738320141,https://cdn.shopify.com/s/files/1/0633/2396/3613/products/0d260d2651a3808d71a2b48693f60617045d1dab245c_4LI074_LS_0.jpg?v=1738320141,https://cdn.shopify.com/s/files/1/0633/2396/3613/products/bd73bd73df1a351ea9c05b936aa987a622da2fbe6875_4LI074_LS_1.jpg?v=1738320141,https://cdn.shopify.com/s/files/1/0633/2396/3613/products/5cc35cc347d9e2f3fdea2f3dbb7e7b2025c68a1c9719_4LI074_SCH_0.jpg?v=1738320141,https://cdn.shopify.com/s/files/1/0633/2396/3613/files/4LI153_FR_0.jpg?v=1738320131,"The 4lite High Performance 310mm 4K LED Undercabinet Linklight is a high performance LED undercabinet linklight - Its design allows for continuous linking of products, suitable for domestic and commercial applications - Supplied complete with mains power cable - SpecificationsBody Material: Polycarbonate BodyBrand: 4liteCALC - Light Bulb Technology: LEDColour Temperature Description: Cool WhiteColour Temperature Value: 4000 KNon-DimmableDomestic/Commercial Use: Suitable for Domestic & Commercial UseEnergy Rating: EFitting Installation: Surface-MountedFixings & Fittings SuppliedIP Rating: IP20Indoor/Outdoor Usage: IndoorLens/Diffuser Material: Polycarbonate DiffuserLife Length: 15,000 hoursLight Bulb Technology: LEDLight Bulb(s) Supplied: Integrated LEDLm: 394 lmLm Band: 201-400Manufacturer Guarantee: 4 Year Manufacturer's Guarantee (T&Cs Apply)Power Consumption: 4 WPower Type: Mains-PoweredPower Voltage Supply: 220-240 VProduct Height: 35 mmProduct Length: 310 mmProduct Type: Link LightProduct Width: 24 mmShape: Wide RectangularTransformer: LED Driver SuppliedkWh Per 1000hr Life: 4 kWh/1000h",,0,0.0,,,,,,,,filter,Colour,White,filter,published_online_store,yes,filter,Wattage Rating,4 Watts,,,,,,,,,,,,,,,,,,,,,,,,,,,,,,,,,,,,,,,,,,,,,,,,,,,
maplin,2025-11-04,,https://www.maplin.co.uk/products/energizer-vision-hd-focus-led-head-torch-with-3x-aaa-batteries?variant=43404695666909,5055189033399,Energizer Vision HD+ Focus 400 Lumens LED Head Torch with 3x AAA Batteries,Energizer,14.99,Y,,,,,Default Title,,,All Lighting,Portable Lighting,Torches,[Internal] 30% off Maplin Extra Long Life High Performance Alkaline AA / AAA Batteries when you purchase any of these products,All Products,[Internal] Key Worker,,https://cdn.shopify.com/s/files/1/0633/2396/3613/products/5f345f34505a3c8d0d6f69b50e4a6af4d2403e4a3d3e_ENE045_FS_1.jpg?v=1720528184,https://cdn.shopify.com/s/files/1/0633/2396/3613/products/d9b9d9b99fa6b094bd0524806f17b007e6bc346cf76b_ENE045_LS_0.jpg?v=1720528190,https://cdn.shopify.com/s/files/1/0633/2396/3613/products/2014201401a76ecfb463a6e52eb1fdb3c725e4ea7365_ENE045_FS_0.jpg?v=1720528193,https://cdn.shopify.com/s/files/1/0633/2396/3613/products/195d43ee-7948-43ef-83cf-bf855a6d0cd9.jpg?v=1720528195,,"The Energizer Vision HD+ Focus LED Head Torch with 3x AAA Batteries is another innovative headlamp solution within the Energizer headlamp line - Featuring LED technology, users get an extraordinarily bright, lightweight hands-free solution with ample run time - Custom optics offer exceptional direct and peripheral vision, making the Energizer Vision HD+ Focus a perfect light for home, work and outdoor activities.Featuring patented Digital Focus, users can easily broaden or narrow their field of vision with a simple button press - Memory Recall allows users to quickly access to their favorite focus setting next time the light is activated - With an adjustable head strap, weatherproof design and pivoting head to direct light exactly as needed, Energizer continues to deliver innovative lighting solutions - Specifications Lumens delivered: 400Beam distance: 85mWeatherproof (IPX4)Battery life: 3 hours",,0,0.0,,,,,,,,filter,published_online_store,yes,,,,,,,,,,,,,,,,,,,,,,,,,,,,,,,,,,,,,,,,,,,,,,,,,,,,,,,,,
maplin,2025-11-04,,https://www.maplin.co.uk/products/4lite-wiz-connected-fire-rated-ip65-gu10-smart-led-downlight-chrome?variant=43404569280733,5056144254125,4lite WiZ Connected Fire-Rated IP65 GU10 Smart LED Downlight - Chrome,4lite,12.79,Y,,,,Chrome,Single,,,All Lighting,Indoor Lighting,Downlights,Learn more about 4lite,Deals,Specials,,https://cdn.shopify.com/s/files/1/0633/2396/3613/files/4LI139_FS_0_1.jpg?v=1738772163,https://cdn.shopify.com/s/files/1/0633/2396/3613/files/4LI138_LS_0_4662102f-8754-42fe-91f6-da9ab468c74c.jpg?v=1738772163,https://cdn.shopify.com/s/files/1/0633/2396/3613/files/4LI053_FS_1.jpg?v=1738772163,https://cdn.shopify.com/s/files/1/0633/2396/3613/files/4LI139_AL_0_1.jpg?v=1738772163,https://cdn.shopify.com/s/files/1/0633/2396/3613/products/d0cbd0cbaef1e4510e8bb6f1a9efa006a9acf923c195_4LI139_FS_2__1.jpg?v=1738772163,"The 4lite WiZ Connected Fire-Rated IP65 GU10 Smart LED Downlight lets you create the perfect mood in your home with 64 thousand shades of white - Dimmable via the WiZ app, added functionality includes setting schedules, providing added home security, night lights, save energy and much more!Whether you’re watching a film, having a party, working from home or even helping the kids get to sleep – our smart bulbs put the power in your hands - Simply install your 4lite smart bulbs, connect to wi-fi via the WiZ Connected app and start making light work for you - Control your lights wirelessly and remotely with the WiZ app or pair with your favourite voice control device including Google Assistant, Amazon Alexa and Apple Siri - 4lite WiZ Connected products work with Samsung SmartThings and IFFFT too, just to name a few! Fire up your inner lighting designer to create beautiful scenes and atmospheres - You can create the ambience to suit your mood and save your favourite shade for later.Automate your lightingOur 4lite smart bulbs using the WiZ connected app can learn your rhythm and adapt the lighting to suit it.4lite WiZ Connected products work straight out of the box with no annoying blinking before you pair them! Finally, a smart lightbulb that behaves like a lightbulb! You can replace your bulbs fast and set-up all the smart functionality when you are ready - Beautification, automation and improved well-being - All in one lightbulb - At 4Lite, we make light work - Specifications Non-AdjustableSuitable for Bathroom UseBeam Angle: 45 °Bezel Colour: Polished ChromeBody Material: Aluminium BodyBrand: 4liteCALC - Light Bulb Technology: LEDColour Temperature Description: Variable WhiteColour Temperature Value: 2200K - 6500 KCut-Out Diameter: 76 mmDimmableDomestic/Commercial Use: Suitable for Domestic & Commercial UseEnergy Rating: NoneEquivalent Wattage: 40 WEquivalent Wattage Band: 31-45Fire Rated to 30, 60 & 90minsFixings Not RequiredFrequency Range: 2400 MHzIP Rating: IP65Indoor/Outdoor Usage: Indoor & OutdoorLife Length: 25,000 hoursLight Bulb Technology: LEDLight Bulb(s) Supplied: 1 x GU10 LED Light Bulb SuppliedLm: 345 lmLm Band: 201-400Manufacturer Guarantee: 4 Year Manufacturer's Guarantee (T&Cs Apply)Model Name: WiZ ConnectedNetwork Standards: IEE80211b/g/n,2.4GHzPower Consumption: 4.9 WPower Type: Mains-PoweredPower Voltage Supply: 220-240 VProduct Depth: 101 mmProduct Diameter: 90 mmProduct Type: Smart DownlightShape: RoundSmart CompatibilitySmart Hub Requirement: Hub Not Required, Internet Connection RequiredTransformer: Integrated LED DriverWireless Range (Max.): 50mWireless Range Restrictions: Electronic interference from appliances or physical obstruction, such as brick walls, metal frames and floors, can reduce the wireless range - A signal weakens every time it encounters an obstruction.Works with Amazon Alexa Works, Android App, Google Home & iOS AppkWh Per 1000hr Life: 5 kWh/1000h Download Installation Instructions Video",,0,0.0,,,,,,,,filter,Bulb Fitting,GU10,filter,Colour,Chrome,filter,published_online_store,yes,filter,Wireless,Built-in WiFi,,,,,,,,,,,,,,,,,,,,,,,,,,,,,,,,,,,,,,,,,,,,,,,,
maplin,2025-11-04,,https://www.maplin.co.uk/products/4lite-wiz-connected-fire-rated-ip65-gu10-smart-led-downlight-chrome?variant=43404569247965,5055189036314,4lite WiZ Connected Fire-Rated IP65 GU10 Smart LED Downlight - Chrome,4lite,25.2,Y,42.99,Y,,Chrome,Pack of 2,,,All Lighting,Indoor Lighting,Downlights,Learn more about 4lite,Deals,Specials,,https://cdn.shopify.com/s/files/1/0633/2396/3613/files/4LI139_FS_0_1.jpg?v=1738772163,https://cdn.shopify.com/s/files/1/0633/2396/3613/files/4LI138_LS_0_4662102f-8754-42fe-91f6-da9ab468c74c.jpg?v=1738772163,https://cdn.shopify.com/s/files/1/0633/2396/3613/files/4LI053_FS_1.jpg?v=1738772163,https://cdn.shopify.com/s/files/1/0633/2396/3613/files/4LI139_AL_0_1.jpg?v=1738772163,https://cdn.shopify.com/s/files/1/0633/2396/3613/products/d0cbd0cbaef1e4510e8bb6f1a9efa006a9acf923c195_4LI139_FS_2__1.jpg?v=1738772163,"The 4lite WiZ Connected Fire-Rated IP65 GU10 Smart LED Downlight lets you create the perfect mood in your home with 64 thousand shades of white - Dimmable via the WiZ app, added functionality includes setting schedules, providing added home security, night lights, save energy and much more!Whether you’re watching a film, having a party, working from home or even helping the kids get to sleep – our smart bulbs put the power in your hands - Simply install your 4lite smart bulbs, connect to wi-fi via the WiZ Connected app and start making light work for you - Control your lights wirelessly and remotely with the WiZ app or pair with your favourite voice control device including Google Assistant, Amazon Alexa and Apple Siri - 4lite WiZ Connected products work with Samsung SmartThings and IFFFT too, just to name a few! Fire up your inner lighting designer to create beautiful scenes and atmospheres - You can create the ambience to suit your mood and save your favourite shade for later.Automate your lightingOur 4lite smart bulbs using the WiZ connected app can learn your rhythm and adapt the lighting to suit it.4lite WiZ Connected products work straight out of the box with no annoying blinking before you pair them! Finally, a smart lightbulb that behaves like a lightbulb! You can replace your bulbs fast and set-up all the smart functionality when you are ready - Beautification, automation and improved well-being - All in one lightbulb - At 4Lite, we make light work - Specifications Non-AdjustableSuitable for Bathroom UseBeam Angle: 45 °Bezel Colour: Polished ChromeBody Material: Aluminium BodyBrand: 4liteCALC - Light Bulb Technology: LEDColour Temperature Description: Variable WhiteColour Temperature Value: 2200K - 6500 KCut-Out Diameter: 76 mmDimmableDomestic/Commercial Use: Suitable for Domestic & Commercial UseEnergy Rating: NoneEquivalent Wattage: 40 WEquivalent Wattage Band: 31-45Fire Rated to 30, 60 & 90minsFixings Not RequiredFrequency Range: 2400 MHzIP Rating: IP65Indoor/Outdoor Usage: Indoor & OutdoorLife Length: 25,000 hoursLight Bulb Technology: LEDLight Bulb(s) Supplied: 1 x GU10 LED Light Bulb SuppliedLm: 345 lmLm Band: 201-400Manufacturer Guarantee: 4 Year Manufacturer's Guarantee (T&Cs Apply)Model Name: WiZ ConnectedNetwork Standards: IEE80211b/g/n,2.4GHzPower Consumption: 4.9 WPower Type: Mains-PoweredPower Voltage Supply: 220-240 VProduct Depth: 101 mmProduct Diameter: 90 mmProduct Type: Smart DownlightShape: RoundSmart CompatibilitySmart Hub Requirement: Hub Not Required, Internet Connection RequiredTransformer: Integrated LED DriverWireless Range (Max.): 50mWireless Range Restrictions: Electronic interference from appliances or physical obstruction, such as brick walls, metal frames and floors, can reduce the wireless range - A signal weakens every time it encounters an obstruction.Works with Amazon Alexa Works, Android App, Google Home & iOS AppkWh Per 1000hr Life: 5 kWh/1000h Download Installation Instructions Video",,0,0.0,,,,,,,,filter,Bulb Fitting,GU10,filter,Colour,Chrome,filter,published_online_store,yes,filter,Wireless,Built-in WiFi,,,,,,,,,,,,,,,,,,,,,,,,,,,,,,,,,,,,,,,,,,,,,,,,
maplin,2025-11-04,,https://www.maplin.co.uk/products/4lite-wiz-connected-c35-candle-filament-amber-wifi-led-smart-bulb-e14-small-screw?variant=43404468846813,5056144256839,4lite WiZ Connected C35 Candle Filament Amber WiFi LED Smart Bulb - E14 Small Screw,4lite,11.99,Y,14.99,Y,,Amber,Single,,,All Lighting,Smart Bulbs,E14 Bulbs,Learn more about 4lite,Deals,Specials,,https://cdn.shopify.com/s/files/1/0633/2396/3613/products/a4f7a4f723daed92720cd54bc94ff76e11d428e73b5d_4LI072_FS_0.jpg?v=1720533547,https://cdn.shopify.com/s/files/1/0633/2396/3613/files/9c5c9c5c57e9a0ab24993c1d0280051bcff990d611a6_4LI151_FS_0.jpg?v=1742901614,,,,"The 4lite WiZ Connected C35 Candle Filament Amber WiFi LED Smart Bulb provides warm, comfortable light to fill any room - The LED 4.9W is equivalent in brightness to 40W - Controlled via the WiZ App this WiFi bulb works with Google, Alexa, Siri, Samsung SmartThings - No hub needed - SpecificationsWattage: 4.9WLumens delivered: 370CCT: 2000K - 5000KCRI: Ra 90LED lifetime: 15,000 hours",,0,0.0,,,,,,,,filter,Bulb Fitting,E14/SES,filter,Colour,Amber,filter,published_online_store,yes,filter,Wattage Rating,4.9 Watts,filter,Wireless,Built-in WiFi,,,,,,,,,,,,,,,,,,,,,,,,,,,,,,,,,,,,,,,,,,,,,
maplin,2025-11-04,,https://www.maplin.co.uk/products/4lite-wiz-connected-c35-candle-filament-amber-wifi-led-smart-bulb-e14-small-screw?variant=43404468814045,5055189036437,4lite WiZ Connected C35 Candle Filament Amber WiFi LED Smart Bulb - E14 Small Screw,4lite,31.99,Y,39.99,Y,,Amber,Pack of 3,,,All Lighting,Smart Bulbs,E14 Bulbs,Learn more about 4lite,Deals,Specials,,https://cdn.shopify.com/s/files/1/0633/2396/3613/products/a4f7a4f723daed92720cd54bc94ff76e11d428e73b5d_4LI072_FS_0.jpg?v=1720533547,https://cdn.shopify.com/s/files/1/0633/2396/3613/files/9c5c9c5c57e9a0ab24993c1d0280051bcff990d611a6_4LI151_FS_0.jpg?v=1742901614,,,,"The 4lite WiZ Connected C35 Candle Filament Amber WiFi LED Smart Bulb provides warm, comfortable light to fill any room - The LED 4.9W is equivalent in brightness to 40W - Controlled via the WiZ App this WiFi bulb works with Google, Alexa, Siri, Samsung SmartThings - No hub needed - SpecificationsWattage: 4.9WLumens delivered: 370CCT: 2000K - 5000KCRI: Ra 90LED lifetime: 15,000 hours",,0,0.0,,,,,,,,filter,Bulb Fitting,E14/SES,filter,Colour,Amber,filter,published_online_store,yes,filter,Wattage Rating,4.9 Watts,filter,Wireless,Built-in WiFi,,,,,,,,,,,,,,,,,,,,,,,,,,,,,,,,,,,,,,,,,,,,,
maplin,2025-11-04,,https://www.maplin.co.uk/products/4lite-wiz-connected-st64-smoky-white-wifi-led-smart-bulb-b22-bayonet?variant=43404473270493,5056144238798,4lite WiZ Connected ST64 Smoky White WiFi LED Smart Bulb - B22 Bayonet,4lite,7.99,Y,14.99,Y,,White,Single,,,All Lighting,Smart Bulbs,B22 Bulbs,Learn more about 4lite,Deals,Specials,,https://cdn.shopify.com/s/files/1/0633/2396/3613/products/3362336205f68f5a5bcf88321034b428700d457edca3_4LI006_FS_0.jpg?v=1720533598,https://cdn.shopify.com/s/files/1/0633/2396/3613/products/57855785341b3f71665b67d90fbd6cdc00903dfc9597_4LI006_LS_0.jpg?v=1720533824,https://cdn.shopify.com/s/files/1/0633/2396/3613/products/faa2faa289691e307dbe3cd90d4be3776b662f5a5f19_4LI006_LS_1.jpg?v=1720533827,https://cdn.shopify.com/s/files/1/0633/2396/3613/products/9a9a9a9a78265609f2a100f091d66aa6673224050134_4LI006_AL_0.jpg?v=1720533830,https://cdn.shopify.com/s/files/1/0633/2396/3613/products/2d0a2d0a6fa158d925825be4654b9d54d3fdd3f7e10a_4LI006_PK_0.jpg?v=1720533834,"The 4lite WiZ Connected ST64 Smoky WiFi LED Smart Bulb provides 6.5W of light equivalent to 54W - It can be controlled via the WiZ App and voice controlled smart devices - Google, Alexa, Siri, Samsung Smart Things - No hub needed SpecificationsLumens delivered: 400CCT: 2000K - 5000KLED lifetime: 15,000 hours Video",,1,5.0,,,,,,,,filter,Bulb Fitting,B22/BC,filter,Colour,White,filter,published_online_store,yes,filter,Wattage Rating,6.5 Watts,filter,Wireless,Built-in WiFi,,,,,,,,,,,,,,,,,,,,,,,,,,,,,,,,,,,,,,,,,,,,,
maplin,2025-11-04,,https://www.maplin.co.uk/products/4lite-wiz-connected-st64-smoky-white-wifi-led-smart-bulb-b22-bayonet?variant=43404473237725,5055189036024,4lite WiZ Connected ST64 Smoky White WiFi LED Smart Bulb - B22 Bayonet,4lite,19.99,Y,26.99,Y,,White,Pack of 2,,,All Lighting,Smart Bulbs,B22 Bulbs,Learn more about 4lite,Deals,Specials,,https://cdn.shopify.com/s/files/1/0633/2396/3613/products/3362336205f68f5a5bcf88321034b428700d457edca3_4LI006_FS_0.jpg?v=1720533598,https://cdn.shopify.com/s/files/1/0633/2396/3613/products/57855785341b3f71665b67d90fbd6cdc00903dfc9597_4LI006_LS_0.jpg?v=1720533824,https://cdn.shopify.com/s/files/1/0633/2396/3613/products/faa2faa289691e307dbe3cd90d4be3776b662f5a5f19_4LI006_LS_1.jpg?v=1720533827,https://cdn.shopify.com/s/files/1/0633/2396/3613/products/9a9a9a9a78265609f2a100f091d66aa6673224050134_4LI006_AL_0.jpg?v=1720533830,https://cdn.shopify.com/s/files/1/0633/2396/3613/products/2d0a2d0a6fa158d925825be4654b9d54d3fdd3f7e10a_4LI006_PK_0.jpg?v=1720533834,"The 4lite WiZ Connected ST64 Smoky WiFi LED Smart Bulb provides 6.5W of light equivalent to 54W - It can be controlled via the WiZ App and voice controlled smart devices - Google, Alexa, Siri, Samsung Smart Things - No hub needed SpecificationsLumens delivered: 400CCT: 2000K - 5000KLED lifetime: 15,000 hours Video",,1,5.0,,,,,,,,filter,Bulb Fitting,B22/BC,filter,Colour,White,filter,published_online_store,yes,filter,Wattage Rating,6.5 Watts,filter,Wireless,Built-in WiFi,,,,,,,,,,,,,,,,,,,,,,,,,,,,,,,,,,,,,,,,,,,,,
maplin,2025-11-04,,https://www.maplin.co.uk/products/4lite-circle-cabinet-mains-powered-132-lumens-led-light-silver?variant=43404623937757,5056144219742,4lite Mains Powered Circle Cabinet LED Light - Silver,4lite,7.19,Y,8.99,Y,,Silver,Single,,,All Lighting,Indoor Lighting,Cabinet Lighting,Learn more about 4lite,Deals,Specials,,https://cdn.shopify.com/s/files/1/0633/2396/3613/files/4LI083_FS_0.jpg?v=1738320806,https://cdn.shopify.com/s/files/1/0633/2396/3613/products/d27dd27d86823bda8ae952ae4a6c7b1945fb94c58ae5_4LI083_LS_0.jpg?v=1738320806,https://cdn.shopify.com/s/files/1/0633/2396/3613/products/22292229d6b7080e02054fa9f80c084a4ca5e52b14d5_4LI083_SCH_0.jpg?v=1738320806,https://cdn.shopify.com/s/files/1/0633/2396/3613/files/4LI162_FS_0.jpg?v=1738320794,,"This low profile mains surface mounted 4lite Mains Powered Circle Cabinet LED Light is fast and easily installed without the need for a driver - Mains powered with 1.5 metres mains cable, it delivers 132 Lumens, non dimmable - SpecificationsWattage: 2WLumens delivered: 132Input: 220V - 240VOperating temperature: -20° to 40°",,0,0.0,,,,,,,,filter,Colour,Silver,filter,published_online_store,yes,filter,Wattage Rating,2 Watts,,,,,,,,,,,,,,,,,,,,,,,,,,,,,,,,,,,,,,,,,,,,,,,,,,,
maplin,2025-11-04,,https://www.maplin.co.uk/products/4lite-circle-cabinet-mains-powered-132-lumens-led-light-silver?variant=43404623970525,5055189036642,4lite Mains Powered Circle Cabinet LED Light - Silver,4lite,18.99,Y,,,,Silver,Pack of 3,,,All Lighting,Indoor Lighting,Cabinet Lighting,Learn more about 4lite,Deals,Specials,,https://cdn.shopify.com/s/files/1/0633/2396/3613/files/4LI083_FS_0.jpg?v=1738320806,https://cdn.shopify.com/s/files/1/0633/2396/3613/products/d27dd27d86823bda8ae952ae4a6c7b1945fb94c58ae5_4LI083_LS_0.jpg?v=1738320806,https://cdn.shopify.com/s/files/1/0633/2396/3613/products/22292229d6b7080e02054fa9f80c084a4ca5e52b14d5_4LI083_SCH_0.jpg?v=1738320806,https://cdn.shopify.com/s/files/1/0633/2396/3613/files/4LI162_FS_0.jpg?v=1738320794,,"This low profile mains surface mounted 4lite Mains Powered Circle Cabinet LED Light is fast and easily installed without the need for a driver - Mains powered with 1.5 metres mains cable, it delivers 132 Lumens, non dimmable - SpecificationsWattage: 2WLumens delivered: 132Input: 220V - 240VOperating temperature: -20° to 40°",,0,0.0,,,,,,,,filter,Colour,Silver,filter,published_online_store,yes,filter,Wattage Rating,2 Watts,,,,,,,,,,,,,,,,,,,,,,,,,,,,,,,,,,,,,,,,,,,,,,,,,,,
maplin,2025-11-04,,https://www.maplin.co.uk/products/maplin-premium-3-5mm-stereo-3-pole-jack-to-twin-3-5mm-socket-splitter-cable-black-0-25m?variant=43411374244061,5026686199086,"Maplin 3.5mm Aux Stereo 3-Pole Jack Plug to Twin 3.5mm Female Jack Plug Cable - Silver, 0.25m",Maplin,4.49,Y,,,,Silver,Default Title,,,All Cables,Audio Cables,Jack Cables,[Internal] Blue Light 10%,[Internal] Private Label 15%,Learn more about Maplin,,https://cdn.shopify.com/s/files/1/0633/2396/3613/files/MAP010_image_1.jpg?v=1737119056,https://cdn.shopify.com/s/files/1/0633/2396/3613/files/MAP010_image_2.jpg?v=1737119056,https://cdn.shopify.com/s/files/1/0633/2396/3613/files/MAP010_image_3.jpg?v=1737119056,https://cdn.shopify.com/s/files/1/0633/2396/3613/files/MAP010_image_4.jpg?v=1737119056,,This 3.5mm stereo to Twin 3.5mm Stereo duplicates a 2-channel signal to two outputs - This Maplin 3.5mm Aux Stereo 3-Pole Jack Plug to Twin 3.5mm Female Jack Plug Cable is commonly required when connecting two pairs of headphones to a single audio output - For example when two users wish to listen to one MP3 player with their own set of headphones,,5,4.6,,,,,,,,filter,Colour,Silver,filter,Connectivity,3.5mm Jack,filter,Insulation Type,Rubber,filter,Length,0.25m,filter,published_online_store,yes,,,,,,,,,,,,,,,,,,,,,,,,,,,,,,,,,,,,,,,,,,,,,
maplin,2025-11-04,,https://www.maplin.co.uk/products/4lite-wiz-connected-fire-rated-ip65-gu10-smart-led-downlight-satin-chrome?variant=43404567183581,5056144254132,4lite WiZ Connected Fire-Rated IP65 GU10 Smart LED Downlight - Satin Chrome,4lite,12.79,Y,,,,Chrome,Single,,,All Lighting,Indoor Lighting,Downlights,Learn more about 4lite,Deals,Specials,,https://cdn.shopify.com/s/files/1/0633/2396/3613/files/4LI140_FS_0_e44a4704-62f0-47c8-a7d7-a9b2bb373964.jpg?v=1738770386,https://cdn.shopify.com/s/files/1/0633/2396/3613/files/4LI138_LS_0_4662102f-8754-42fe-91f6-da9ab468c74c.jpg?v=1738772163,https://cdn.shopify.com/s/files/1/0633/2396/3613/files/4LI140_FS_1_87586da9-2aee-43b2-a03c-81b189cfa62f.jpg?v=1738770430,https://cdn.shopify.com/s/files/1/0633/2396/3613/files/4LI140_AL_0.jpg?v=1738770440,https://cdn.shopify.com/s/files/1/0633/2396/3613/files/4LI140_FS_2.jpg?v=1738770440,"The 4lite WiZ Connected Fire-Rated IP65 GU10 Smart LED Downlight lets you create the perfect mood in your home with 64 thousand shades of white - Dimmable via the WiZ app, added functionality includes setting schedules, providing added home security, night lights, save energy and much more!Whether you’re watching a film, having a party, working from home or even helping the kids get to sleep – our smart bulbs put the power in your hands - Simply install your 4lite smart bulbs, connect to wi-fi via the WiZ Connected app and start making light work for you - Control your lights wirelessly and remotely with the WiZ app or pair with your favourite voice control device including Google Assistant, Amazon Alexa and Apple Siri - 4lite WiZ Connected products work with Samsung SmartThings and IFFFT too, just to name a few! Fire up your inner lighting designer to create beautiful scenes and atmospheres - You can create the ambience to suit your mood and save your favourite shade for later.Automate your lightingOur 4lite smart bulbs using the WiZ connected app can learn your rhythm and adapt the lighting to suit it.4lite WiZ Connected products work straight out of the box with no annoying blinking before you pair them! Finally, a smart lightbulb that behaves like a lightbulb! You can replace your bulbs fast and set-up all the smart functionality when you are ready - Beautification, automation and improved well-being - All in one lightbulb - At 4Lite, we make light work - Specifications Non-AdjustableSuitable for Bathroom UseBeam Angle: 45 °Bezel Colour: Satin ChromeBody Material: Aluminium BodyBrand: 4liteCALC - Light Bulb Technology: LEDColour Temperature Description: Variable WhiteColour Temperature Value: 2200K - 6500 KCut-Out Diameter: 76 mmDimmableDomestic/Commercial Use: Suitable for Domestic & Commercial UseEnergy Rating: NoneEquivalent Wattage: 40 WEquivalent Wattage Band: 31-45Fire Rated to 30, 60 & 90minsFixings Not RequiredFrequency Range: 2400 MHzIP Rating: IP65Indoor/Outdoor Usage: Indoor & OutdoorLife Length: 25,000 hoursLight Bulb Technology: LEDLight Bulb(s) Supplied: 1 x GU10 LED Light Bulb SuppliedLm: 345 lmLm Band: 201-400Manufacturer Guarantee: 4 Year Manufacturer's Guarantee (T&Cs Apply)Model Name: WiZ ConnectedNetwork Standards: IEE80211b/g/n,2.4GHzPower Consumption: 4.9 WPower Type: Mains-PoweredPower Voltage Supply: 220-240 VProduct Depth: 101 mmProduct Diameter: 90 mmProduct Type: Smart DownlightShape: RoundSmart CompatibilitySmart Hub Requirement: Hub Not Required, Internet Connection RequiredTransformer: Integrated LED DriverWireless Range (Max.): 50mWireless Range Restrictions: Electronic interference from appliances or physical obstruction, such as brick walls, metal frames and floors, can reduce the wireless range - A signal weakens every time it encounters an obstruction.Works with Amazon Alexa, Android App, Google Home & iOS AppkWh Per 1000hr Life: 5 kWh/1000h Download Installation Instructions Video",,0,0.0,,,,,,,,filter,Bulb Fitting,GU10,filter,Colour,Chrome,filter,published_online_store,yes,filter,Wireless,Built-in WiFi,,,,,,,,,,,,,,,,,,,,,,,,,,,,,,,,,,,,,,,,,,,,,,,,
maplin,2025-11-04,,https://www.maplin.co.uk/products/4lite-wiz-connected-fire-rated-ip65-gu10-smart-led-downlight-satin-chrome?variant=43404567216349,5055189036321,4lite WiZ Connected Fire-Rated IP65 GU10 Smart LED Downlight - Satin Chrome,4lite,25.2,Y,42.99,Y,,Chrome,Pack of 2,,,All Lighting,Indoor Lighting,Downlights,Learn more about 4lite,Deals,Specials,,https://cdn.shopify.com/s/files/1/0633/2396/3613/files/4LI140_FS_0_e44a4704-62f0-47c8-a7d7-a9b2bb373964.jpg?v=1738770386,https://cdn.shopify.com/s/files/1/0633/2396/3613/files/4LI138_LS_0_4662102f-8754-42fe-91f6-da9ab468c74c.jpg?v=1738772163,https://cdn.shopify.com/s/files/1/0633/2396/3613/files/4LI140_FS_1_87586da9-2aee-43b2-a03c-81b189cfa62f.jpg?v=1738770430,https://cdn.shopify.com/s/files/1/0633/2396/3613/files/4LI140_AL_0.jpg?v=1738770440,https://cdn.shopify.com/s/files/1/0633/2396/3613/files/4LI140_FS_2.jpg?v=1738770440,"The 4lite WiZ Connected Fire-Rated IP65 GU10 Smart LED Downlight lets you create the perfect mood in your home with 64 thousand shades of white - Dimmable via the WiZ app, added functionality includes setting schedules, providing added home security, night lights, save energy and much more!Whether you’re watching a film, having a party, working from home or even helping the kids get to sleep – our smart bulbs put the power in your hands - Simply install your 4lite smart bulbs, connect to wi-fi via the WiZ Connected app and start making light work for you - Control your lights wirelessly and remotely with the WiZ app or pair with your favourite voice control device including Google Assistant, Amazon Alexa and Apple Siri - 4lite WiZ Connected products work with Samsung SmartThings and IFFFT too, just to name a few! Fire up your inner lighting designer to create beautiful scenes and atmospheres - You can create the ambience to suit your mood and save your favourite shade for later.Automate your lightingOur 4lite smart bulbs using the WiZ connected app can learn your rhythm and adapt the lighting to suit it.4lite WiZ Connected products work straight out of the box with no annoying blinking before you pair them! Finally, a smart lightbulb that behaves like a lightbulb! You can replace your bulbs fast and set-up all the smart functionality when you are ready - Beautification, automation and improved well-being - All in one lightbulb - At 4Lite, we make light work - Specifications Non-AdjustableSuitable for Bathroom UseBeam Angle: 45 °Bezel Colour: Satin ChromeBody Material: Aluminium BodyBrand: 4liteCALC - Light Bulb Technology: LEDColour Temperature Description: Variable WhiteColour Temperature Value: 2200K - 6500 KCut-Out Diameter: 76 mmDimmableDomestic/Commercial Use: Suitable for Domestic & Commercial UseEnergy Rating: NoneEquivalent Wattage: 40 WEquivalent Wattage Band: 31-45Fire Rated to 30, 60 & 90minsFixings Not RequiredFrequency Range: 2400 MHzIP Rating: IP65Indoor/Outdoor Usage: Indoor & OutdoorLife Length: 25,000 hoursLight Bulb Technology: LEDLight Bulb(s) Supplied: 1 x GU10 LED Light Bulb SuppliedLm: 345 lmLm Band: 201-400Manufacturer Guarantee: 4 Year Manufacturer's Guarantee (T&Cs Apply)Model Name: WiZ ConnectedNetwork Standards: IEE80211b/g/n,2.4GHzPower Consumption: 4.9 WPower Type: Mains-PoweredPower Voltage Supply: 220-240 VProduct Depth: 101 mmProduct Diameter: 90 mmProduct Type: Smart DownlightShape: RoundSmart CompatibilitySmart Hub Requirement: Hub Not Required, Internet Connection RequiredTransformer: Integrated LED DriverWireless Range (Max.): 50mWireless Range Restrictions: Electronic interference from appliances or physical obstruction, such as brick walls, metal frames and floors, can reduce the wireless range - A signal weakens every time it encounters an obstruction.Works with Amazon Alexa, Android App, Google Home & iOS AppkWh Per 1000hr Life: 5 kWh/1000h Download Installation Instructions Video",,0,0.0,,,,,,,,filter,Bulb Fitting,GU10,filter,Colour,Chrome,filter,published_online_store,yes,filter,Wireless,Built-in WiFi,,,,,,,,,,,,,,,,,,,,,,,,,,,,,,,,,,,,,,,,,,,,,,,,
maplin,2025-11-04,,https://www.maplin.co.uk/products/4lite-gu10-outdoor-garden-spike-light?variant=43404672106717,5056144220656,4lite GU10 Outdoor Garden Spike Light,4lite,12.79,Y,15.99,Y,,Black,Single,,,All Lighting,Outdoor Lighting,Ground Lighting,Learn more about 4lite,Deals,Specials,,https://cdn.shopify.com/s/files/1/0633/2396/3613/products/2dbd2dbdbdfc8ac695d704be5d6342bd3ed809a11299_4LI207_FL_1__1.jpg?v=1720527710,https://cdn.shopify.com/s/files/1/0633/2396/3613/products/d055d05543a739dc1bb4f979ee490b9bc0ed453b62ac_4LI207_LS_0__1.jpg?v=1720527717,https://cdn.shopify.com/s/files/1/0633/2396/3613/products/375e375e9a7c038c1471731c3a371a38388f6cbdd2bf_4LI207_FL_2__1.jpg?v=1720527719,https://cdn.shopify.com/s/files/1/0633/2396/3613/products/e920e920f5e6d06842b71cecf1cffcf673d20b1c41e6_4LI207_SCH_0__1.jpg?v=1720527723,https://cdn.shopify.com/s/files/1/0633/2396/3613/products/71f271f21c78526ae0377f1c23ec5a481c12ca16bf1c_4LI207_FL_0__1.jpg?v=1720527727,"With the 4lite GU10 Outdoor Garden Spike Light you can light up your outside space for outdoor parties, security or just to welcome your loved ones home - Supplied with wall mounting bracket and spike, it can be placed in a lawn or garden area, or on any flat surface - It is pre-wired with 2 metres of rubber insulated cable for flexible placement and has a power coated die-cast aluminium body that ensures maximum endurance - Suitable for GU10 LED bulbs only - SpecificationsAdjustable HeadBody Material: Die-Cast Aluminium BodyBrand: 4liteCable Length: 2 mCable SuppliedColour: GraphiteDomestic/Commercial Use: Suitable for Domestic & Commercial UseEnergy Rating: NoneFitting Installation: Surface-MountedHead Width: 97 mmIP Rating: IP65Indoor/Outdoor Usage: OutdoorLens/Diffuser Material: Tempered Glass LensLight Bulb Technology: Supplied Without BulbLight Bulb(s) Required: 1 x GU10 Light Bulb RequiredManufacturer Guarantee: 4 Year Manufacturer's Guarantee (T&Cs Apply)Max - Wattage: 5 WOverall Height: 342 mmPower Type: Mains-PoweredPower Voltage Supply: 230 VProduct Type: GU10 Spike LightProtection Class: Class ISpike Length: 198 mm Download Installation Instructions",,3,5.0,,,,,,,,filter,Bulb Fitting,GU10,filter,Colour,Black,filter,published_online_store,yes,filter,Wattage Rating,5 Watts,,,,,,,,,,,,,,,,,,,,,,,,,,,,,,,,,,,,,,,,,,,,,,,,
maplin,2025-11-04,,https://www.maplin.co.uk/products/4lite-gu10-outdoor-garden-spike-light?variant=43404672139485,5055189037069,4lite GU10 Outdoor Garden Spike Light,4lite,35.99,Y,44.99,Y,,Black,Pack of 3,,,All Lighting,Outdoor Lighting,Ground Lighting,Learn more about 4lite,Deals,Specials,,https://cdn.shopify.com/s/files/1/0633/2396/3613/products/2dbd2dbdbdfc8ac695d704be5d6342bd3ed809a11299_4LI207_FL_1__1.jpg?v=1720527710,https://cdn.shopify.com/s/files/1/0633/2396/3613/products/d055d05543a739dc1bb4f979ee490b9bc0ed453b62ac_4LI207_LS_0__1.jpg?v=1720527717,https://cdn.shopify.com/s/files/1/0633/2396/3613/products/375e375e9a7c038c1471731c3a371a38388f6cbdd2bf_4LI207_FL_2__1.jpg?v=1720527719,https://cdn.shopify.com/s/files/1/0633/2396/3613/products/e920e920f5e6d06842b71cecf1cffcf673d20b1c41e6_4LI207_SCH_0__1.jpg?v=1720527723,https://cdn.shopify.com/s/files/1/0633/2396/3613/products/71f271f21c78526ae0377f1c23ec5a481c12ca16bf1c_4LI207_FL_0__1.jpg?v=1720527727,"With the 4lite GU10 Outdoor Garden Spike Light you can light up your outside space for outdoor parties, security or just to welcome your loved ones home - Supplied with wall mounting bracket and spike, it can be placed in a lawn or garden area, or on any flat surface - It is pre-wired with 2 metres of rubber insulated cable for flexible placement and has a power coated die-cast aluminium body that ensures maximum endurance - Suitable for GU10 LED bulbs only - SpecificationsAdjustable HeadBody Material: Die-Cast Aluminium BodyBrand: 4liteCable Length: 2 mCable SuppliedColour: GraphiteDomestic/Commercial Use: Suitable for Domestic & Commercial UseEnergy Rating: NoneFitting Installation: Surface-MountedHead Width: 97 mmIP Rating: IP65Indoor/Outdoor Usage: OutdoorLens/Diffuser Material: Tempered Glass LensLight Bulb Technology: Supplied Without BulbLight Bulb(s) Required: 1 x GU10 Light Bulb RequiredManufacturer Guarantee: 4 Year Manufacturer's Guarantee (T&Cs Apply)Max - Wattage: 5 WOverall Height: 342 mmPower Type: Mains-PoweredPower Voltage Supply: 230 VProduct Type: GU10 Spike LightProtection Class: Class ISpike Length: 198 mm Download Installation Instructions",,3,5.0,,,,,,,,filter,Bulb Fitting,GU10,filter,Colour,Black,filter,published_online_store,yes,filter,Wattage Rating,5 Watts,,,,,,,,,,,,,,,,,,,,,,,,,,,,,,,,,,,,,,,,,,,,,,,,
maplin,2025-11-04,,https://www.maplin.co.uk/products/prosound-xlr-jack-female-to-1-4-mono-jack-cable-black-3m?variant=43411341148381,5026686200577,"ProSound XLR Female Connector to 1/4"" 6.35mm 2 Pole Jack Plug Cable - Black, 3m",ProSound,6.99,Y,,,,Black,Default Title,,,All Cables,Audio Cables,XLR Cables & Adapters,[Internal] Blue Light 10%,[Internal] Private Label 15%,Learn more about ProSound,,https://cdn.shopify.com/s/files/1/0633/2396/3613/products/fd4dfd4d3827ad0e6314776123abded08ac941039058_MAP117_T_0.jpg?v=1720528336,https://cdn.shopify.com/s/files/1/0633/2396/3613/products/c34bc34b4f9812e5ec8f7433567ed4439756b4770369_MAP117_FL_0.jpg?v=1720528340,https://cdn.shopify.com/s/files/1/0633/2396/3613/products/7e7f7e7f3c9f6f7153de5a286571efd6afd43eff91dc_MAP117_LS_1.jpg?v=1720528343,https://cdn.shopify.com/s/files/1/0633/2396/3613/products/8d9d8d9defd949949d43432668e945596b49839d18a7_MAP117_LS_0.jpg?v=1720528347,,"The ProSound XLR Female Connector to 1/4"" 6.35mm 2 Pole Jack Plug Cable is the perfect XLR to 1/4 mono jack cable for any musician or DJ, with heavy-duty cable and connector construction and full signal shielding, great for stage, studio or home use - Commonly used to connect microphones to mixers with 1/4"" jack connectors - Please note that has a Mono ¼” jack and will carry sound through one channel only.",,3,4.33,,,,,,,,filter,Colour,Black,filter,Connectivity,XLR,filter,Insulation Type,Rubber,filter,Length,3m,filter,published_online_store,yes,,,,,,,,,,,,,,,,,,,,,,,,,,,,,,,,,,,,,,,,,,,,,
maplin,2025-11-04,,https://www.maplin.co.uk/products/maplin-premium-vga-d-sub-male-monitor-cable-black-1-5m?variant=43411270762717,5026686197327,"Maplin Premium VGA D-Sub Male Monitor Cable - Black, 1.5m",Maplin,6.99,Y,,,,Black,Default Title,,,All Cables,VGA & SCART Cables,VGA Cables,[Internal] Blue Light 10%,[Internal] Private Label 15%,Learn more about Maplin,,https://cdn.shopify.com/s/files/1/0633/2396/3613/files/MAP025_image_1.jpg?v=1737385175,https://cdn.shopify.com/s/files/1/0633/2396/3613/files/MAP025_image_2.jpg?v=1737385175,https://cdn.shopify.com/s/files/1/0633/2396/3613/files/MAP025_image_3.jpg?v=1737385176,https://cdn.shopify.com/s/files/1/0633/2396/3613/files/MAP025_image_4.jpg?v=1737385190,https://cdn.shopify.com/s/files/1/0633/2396/3613/files/MAP025_image_5.jpg?v=1737385190,"This Maplin Premium VGA D-Sub Male Monitor Cable uses DE-15 (D-sub) connectors, which are commonly found on computer hardware to allow you to attach a display to your system - Three rows of 5 pins make up the connector itself with twin thumb screws used to keep the connector secure when in use - VGA cables carry analogue video signals only and do not carry sound.",,1,5.0,,,,,,,,filter,Colour,Black,filter,Connectivity,VGA,filter,Insulation Type,Rubber,filter,Length,1.5m,filter,published_online_store,yes,,,,,,,,,,,,,,,,,,,,,,,,,,,,,,,,,,,,,,,,,,,,,
maplin,2025-11-04,,https://www.maplin.co.uk/products/prosound-3-5mm-stereo-jack-to-twin-1-4-mono-jack-cable-black-3m?variant=43411376373981,5026686200447,"ProSound Twin 1/4"" 6.35mm 2-Pole Jack Plugs to Single 3.5mm 3-Pole Jack Plug Cable - Black, 3m",ProSound,10.99,Y,,,,Black,Default Title,,,All Cables,Audio Cables,Jack Cables,[Internal] Blue Light 10%,[Internal] Private Label 15%,Learn more about ProSound,,https://cdn.shopify.com/s/files/1/0633/2396/3613/files/MAP125_image_1.jpg?v=1747388593,https://cdn.shopify.com/s/files/1/0633/2396/3613/files/MAP125_T_0.jpg?v=1747388593,https://cdn.shopify.com/s/files/1/0633/2396/3613/files/MAP125_FL_0.jpg?v=1747388593,https://cdn.shopify.com/s/files/1/0633/2396/3613/files/MAP125_AL_0.jpg?v=1747388593,,"This 3.5mm Jack to Twin Mono 1/4"" Jack lead is the ideal cable for any musician or DJ, with heavy-duty cable and connector construction and full signal shielding, great for stage, studio, or home use - The ProSound Twin 1/4"" 6.35mm 2-Pole Jack Plugs to Single 3.5mm 3-Pole Jack Plug Cable is commonly used to connect from a headphone jack on a smartphone or MP3 player to amplifiers, mixers or even Active speakers.",,5,4.8,,,,,,,,filter,Colour,Black,filter,Connectivity,3.5mm Jack,filter,Insulation Type,Rubber,filter,Length,3m,filter,published_online_store,yes,,,,,,,,,,,,,,,,,,,,,,,,,,,,,,,,,,,,,,,,,,,,,
maplin,2025-11-04,,https://www.maplin.co.uk/products/maplin-twin-6-35mm-1-4-2-pole-jack-to-twin-rca-phono-cable-black-1-5m?variant=43411374407901,5026686199383,"Maplin Twin 1/4"" 6.35mm 2 Pole Jack Plug to Twin RCA Phono Cable - Black, 1.5m",Maplin,7.99,Y,,,,Black,Default Title,,,All Cables,Audio Cables,Jack Cables,RCA Cables & Adapters,[Internal] Blue Light 10%,[Internal] Private Label 15%,,https://cdn.shopify.com/s/files/1/0633/2396/3613/files/MAP115_FL_0.jpg?v=1723797718,https://cdn.shopify.com/s/files/1/0633/2396/3613/files/MAP115_FL_1.jpg?v=1723797718,https://cdn.shopify.com/s/files/1/0633/2396/3613/files/MAP115_T_0.jpg?v=1723797718,,,"This Maplin Twin 1/4"" 6.35mm 2 Pole Jack Plug to Twin RCA Phono Cable carries stereo sound across a variety of audio devices - It is a highly versatile cable and commonly used when connecting equipment in the home and DJ audio systems, musical instruments, and passive/active speaker systems.The Twin Phono and 1/4"" Jack terminals on this cable carry two mono signals across each connector, which are combined in audio equipment for stereo sound.",,5,5.0,,,,,,,,filter,Colour,Black,filter,Connectivity,RCA Phono,filter,Insulation Type,Rubber,filter,Length,1.5m,filter,published_online_store,yes,,,,,,,,,,,,,,,,,,,,,,,,,,,,,,,,,,,,,,,,,,,,,
maplin,2025-11-04,,https://www.maplin.co.uk/products/maplin-infrared-sensor-with-3-5mm-3-pole-jack-cable-black-1-2m?variant=43411376341213,5055189033221,"Maplin Infrared Sensor with 3.5mm 3 Pole Jack Cable - Black, 1.2m",Maplin,4.99,Y,,,,Black,Default Title,,,All Cables,Audio Cables,Jack Cables,[Internal] Blue Light 10%,[Internal] Private Label 15%,Learn more about Maplin,,https://cdn.shopify.com/s/files/1/0633/2396/3613/files/MAP448_image_1.jpg?v=1747382791,https://cdn.shopify.com/s/files/1/0633/2396/3613/products/a699a6994c875ba66b0d9a6339072922b8558ebbd73e_MAP448_FL_0.jpg?v=1747382791,https://cdn.shopify.com/s/files/1/0633/2396/3613/products/04fa04fae17e4dcdac10a36e305549841a670843033c_MAP448_T_0.jpg?v=1747382791,,,"The Maplin Infrared Sensor with 3.5mm 3 Pole Jack Cable can be used to extend remote control reception for TV, set-top box, audio and other products where built in sensors are blocked or too far away.",,0,0.0,,,,,,,,filter,Colour,Black,filter,Connectivity,3.5mm Jack,filter,Insulation Type,Rubber,filter,Length,1.2m,filter,published_online_store,yes,,,,,,,,,,,,,,,,,,,,,,,,,,,,,,,,,,,,,,,,,,,,,
maplin,2025-11-04,,https://www.maplin.co.uk/products/4lite-high-performance-870mm-4k-led-undercabinet-linklight?variant=43404624298205,5056144223374,4lite High Performance 870mm 4K LED Undercabinet Linklight,4lite,9.99,Y,12.49,Y,,White,Single,,,All Lighting,Indoor Lighting,Cabinet Lighting,Learn more about 4lite,Deals,Specials,,https://cdn.shopify.com/s/files/1/0633/2396/3613/files/4LI078_FR_0.jpg?v=1738320881,https://cdn.shopify.com/s/files/1/0633/2396/3613/products/c362c3628aadb1c5344fee9506a735ef90090845f7e7_4LI076_LS_1.jpg?v=1738320881,https://cdn.shopify.com/s/files/1/0633/2396/3613/products/58ba58ba2268faf553f4c4f8a4d3b043e1cc18c230e8_4LI076_LS_0.jpg?v=1738320881,https://cdn.shopify.com/s/files/1/0633/2396/3613/files/4LI157_FR_0.jpg?v=1738320872,,"The 4lite High Performance 870mm 4K LED Undercabinet Linklight is a high performance LED undercabinet linklight - Its design allows for continuous linking of products, suitable for domestic and commercial applications - Supplied complete with mains power cable - ﻿SpecificationsBody Material: Polycarbonate BodyBrand: 4liteCALC - Light Bulb Technology: LEDColour Temperature Description: Cool WhiteColour Temperature Value: 4000 KNon-DimmableDomestic/Commercial Use: Suitable for Domestic & Commercial UseEnergy Rating: EFitting Installation: Surface-MountedFixings & Fittings SuppliedIP Rating: IP20Indoor/Outdoor Usage: IndoorLens/Diffuser Material: Polycarbonate DiffuserLife Length: 15,000 hoursLight Bulb Technology: LEDLight Bulb(s) Supplied: Integrated LEDLm: 975 lmLm Band: 801-1000Manufacturer Guarantee: 4 Year Manufacturer's Guarantee (T&Cs Apply)Power Consumption: 9 WPower Type: Mains-PoweredPower Voltage Supply: 220-240 VProduct Height: 35 mmProduct Length: 870 mmProduct Type: Link LightProduct Width: 24 mmShape: Wide RectangularTransformer: LED Driver SuppliedkWh Per 1000hr Life: 9 kWh/1000h",,0,0.0,,,,,,,,filter,Colour,White,filter,published_online_store,yes,filter,Wattage Rating,9 Watts,,,,,,,,,,,,,,,,,,,,,,,,,,,,,,,,,,,,,,,,,,,,,,,,,,,
maplin,2025-11-04,,https://www.maplin.co.uk/products/4lite-high-performance-870mm-4k-led-undercabinet-linklight?variant=43404624265437,5055189036598,4lite High Performance 870mm 4K LED Undercabinet Linklight,4lite,23.99,Y,29.99,Y,,White,Pack of 3,,,All Lighting,Indoor Lighting,Cabinet Lighting,Learn more about 4lite,Deals,Specials,,https://cdn.shopify.com/s/files/1/0633/2396/3613/files/4LI078_FR_0.jpg?v=1738320881,https://cdn.shopify.com/s/files/1/0633/2396/3613/products/c362c3628aadb1c5344fee9506a735ef90090845f7e7_4LI076_LS_1.jpg?v=1738320881,https://cdn.shopify.com/s/files/1/0633/2396/3613/products/58ba58ba2268faf553f4c4f8a4d3b043e1cc18c230e8_4LI076_LS_0.jpg?v=1738320881,https://cdn.shopify.com/s/files/1/0633/2396/3613/files/4LI157_FR_0.jpg?v=1738320872,,"The 4lite High Performance 870mm 4K LED Undercabinet Linklight is a high performance LED undercabinet linklight - Its design allows for continuous linking of products, suitable for domestic and commercial applications - Supplied complete with mains power cable - ﻿SpecificationsBody Material: Polycarbonate BodyBrand: 4liteCALC - Light Bulb Technology: LEDColour Temperature Description: Cool WhiteColour Temperature Value: 4000 KNon-DimmableDomestic/Commercial Use: Suitable for Domestic & Commercial UseEnergy Rating: EFitting Installation: Surface-MountedFixings & Fittings SuppliedIP Rating: IP20Indoor/Outdoor Usage: IndoorLens/Diffuser Material: Polycarbonate DiffuserLife Length: 15,000 hoursLight Bulb Technology: LEDLight Bulb(s) Supplied: Integrated LEDLm: 975 lmLm Band: 801-1000Manufacturer Guarantee: 4 Year Manufacturer's Guarantee (T&Cs Apply)Power Consumption: 9 WPower Type: Mains-PoweredPower Voltage Supply: 220-240 VProduct Height: 35 mmProduct Length: 870 mmProduct Type: Link LightProduct Width: 24 mmShape: Wide RectangularTransformer: LED Driver SuppliedkWh Per 1000hr Life: 9 kWh/1000h",,0,0.0,,,,,,,,filter,Colour,White,filter,published_online_store,yes,filter,Wattage Rating,9 Watts,,,,,,,,,,,,,,,,,,,,,,,,,,,,,,,,,,,,,,,,,,,,,,,,,,,
maplin,2025-11-04,,https://www.maplin.co.uk/products/prosound-twin-1-4-6-35mm-2-pole-jack-plugs-to-single-1-4-6-35mm-3-pole-jack-cable?variant=43411373228253,5026686200416,"ProSound Twin 1/4"" 6.35mm 2 Pole Jack Plugs to 1/4"" 6.35mm 3 Pole Jack Plug Cable - Black",ProSound,7.99,Y,,,,Black,3m,,,All Cables,Audio Cables,Jack Cables,[Internal] Blue Light 10%,[Internal] Private Label 15%,Learn more about ProSound,,https://cdn.shopify.com/s/files/1/0633/2396/3613/files/MAP113_image_1.jpg?v=1747408660,https://cdn.shopify.com/s/files/1/0633/2396/3613/products/d5e2d5e2c09ffa7b7d1f8c5712b576d0681b2ed7aa40_MAP113_FL_0.jpg?v=1747408660,https://cdn.shopify.com/s/files/1/0633/2396/3613/products/8f8f8f8f4220b7fe99b217916d8bd76294b26597ce33_MAP113_T_0.jpg?v=1747408660,,,"This is a Twin 1/4"" 6.35mm 2 Pole Jack Plugs to Single 1/4"" 6.35mm 3 Pole Jack Plug cable - Ideal for splitting a stereo signal into LEFT and RIGHT signals - This ProSound Twin 1/4"" 6.35mm 2 Pole Jack Plugs to 1/4"" 6.35mm 3 Pole Jack Plug Cable can also be used to combine 2 MONO signals into one stereo input - A specialised cable for any musician or DJ, with heavy-duty cable and connector construction and full signal shielding, great for stage, studio or home use.",,0,0.0,,,,,,,,filter,Colour,Black,filter,Connectivity,"1/4"" Jack",filter,Insulation Type,Rubber,filter,Length,5m,filter,published_online_store,yes,,,,,,,,,,,,,,,,,,,,,,,,,,,,,,,,,,,,,,,,,,,,,
maplin,2025-11-04,,https://www.maplin.co.uk/products/prosound-twin-1-4-6-35mm-2-pole-jack-plugs-to-single-1-4-6-35mm-3-pole-jack-cable?variant=43411373261021,5026686200423,"ProSound Twin 1/4"" 6.35mm 2 Pole Jack Plugs to 1/4"" 6.35mm 3 Pole Jack Plug Cable - Black",ProSound,9.99,Y,,,,Black,5m,,,All Cables,Audio Cables,Jack Cables,[Internal] Blue Light 10%,[Internal] Private Label 15%,Learn more about ProSound,,https://cdn.shopify.com/s/files/1/0633/2396/3613/files/MAP113_image_1.jpg?v=1747408660,https://cdn.shopify.com/s/files/1/0633/2396/3613/products/d5e2d5e2c09ffa7b7d1f8c5712b576d0681b2ed7aa40_MAP113_FL_0.jpg?v=1747408660,https://cdn.shopify.com/s/files/1/0633/2396/3613/products/8f8f8f8f4220b7fe99b217916d8bd76294b26597ce33_MAP113_T_0.jpg?v=1747408660,,,"This is a Twin 1/4"" 6.35mm 2 Pole Jack Plugs to Single 1/4"" 6.35mm 3 Pole Jack Plug cable - Ideal for splitting a stereo signal into LEFT and RIGHT signals - This ProSound Twin 1/4"" 6.35mm 2 Pole Jack Plugs to 1/4"" 6.35mm 3 Pole Jack Plug Cable can also be used to combine 2 MONO signals into one stereo input - A specialised cable for any musician or DJ, with heavy-duty cable and connector construction and full signal shielding, great for stage, studio or home use.",,0,0.0,,,,,,,,filter,Colour,Black,filter,Connectivity,"1/4"" Jack",filter,Insulation Type,Rubber,filter,Length,5m,filter,published_online_store,yes,,,,,,,,,,,,,,,,,,,,,,,,,,,,,,,,,,,,,,,,,,,,,
maplin,2025-11-04,,https://www.maplin.co.uk/products/4lite-ip20-gu10-fire-rated-downlight-chrome?variant=43404565315805,5056144238262,4lite IP20 GU10 Fire-Rated Downlight - Chrome,4lite,5.11,Y,6.99,Y,,,Single,,,All Lighting,Indoor Lighting,Downlights,Learn more about 4lite,Deals,Specials,,https://cdn.shopify.com/s/files/1/0633/2396/3613/files/4LI191_FS_1_bb68ad9b-6438-4ab7-acc8-329f3ad954c3.jpg?v=1738839028,https://cdn.shopify.com/s/files/1/0633/2396/3613/files/81RuROjzHzL._AC_SL1500_a481943f-a86c-4384-955f-f580f7c057ea.jpg?v=1738839028,https://cdn.shopify.com/s/files/1/0633/2396/3613/files/4l1-2200.2.webp?v=1738842618,https://cdn.shopify.com/s/files/1/0633/2396/3613/products/e488e488e443a511f2f45f4b89300a16e67745e29b6d_4LI191_FS_0.jpg?v=1738839028,https://cdn.shopify.com/s/files/1/0633/2396/3613/products/171b171bd61775eb6d414fe07c5ea4b5642e80f2ec75_4LI192_FS_0.jpg?v=1738839028,"This 4lite IP20 GU10 Fire-Rated Downlight is a compact Fire Rated downlight for shallow ceiling spaces - It includes a twistlock bulb retaining ring for ease of bulb replacement and rubber coated spring clips for ease of installation and ceiling protection - Ultra-slim bezel profile - Suitable for standard GU10 halogen or LED bulbs - SpecificationsNon-AdjustableNot Suitable for Bathroom UseBezel Colour: ChromeBody Material: Aluminium BodyBrand: 4liteCut-Out Diameter: 76 mmDomestic/Commercial Use: Suitable for Domestic UseEnergy Rating: NoneFire Rated to 30, 60 & 90minsHinges SuppliedIP Rating: IP20Indoor/Outdoor Usage: IndoorLight Bulb Technology: LEDLight Bulb(s) Required: 6 x GU10 Light Bulb RequiredManufacturer Guarantee: 4 Year Manufacturer's Guarantee (T&Cs Apply)Max - Wattage: 8 WPower Type: Mains-PoweredPower Voltage Supply: 220-240 VProduct Depth: 105 mmProduct Diameter: 90 mmProduct Type: DownlightShape: Round Download Installation Instructions",,0,0.0,,,,,,,,filter,published_online_store,yes,,,,,,,,,,,,,,,,,,,,,,,,,,,,,,,,,,,,,,,,,,,,,,,,,,,,,,,,,
maplin,2025-11-04,,https://www.maplin.co.uk/products/4lite-ip20-gu10-fire-rated-downlight-chrome?variant=43404565283037,5055189036901,4lite IP20 GU10 Fire-Rated Downlight - Chrome,4lite,26.99,Y,32.99,Y,,,Pack of 4,,,All Lighting,Indoor Lighting,Downlights,Learn more about 4lite,Deals,Specials,,https://cdn.shopify.com/s/files/1/0633/2396/3613/files/4LI191_FS_1_bb68ad9b-6438-4ab7-acc8-329f3ad954c3.jpg?v=1738839028,https://cdn.shopify.com/s/files/1/0633/2396/3613/files/81RuROjzHzL._AC_SL1500_a481943f-a86c-4384-955f-f580f7c057ea.jpg?v=1738839028,https://cdn.shopify.com/s/files/1/0633/2396/3613/files/4l1-2200.2.webp?v=1738842618,https://cdn.shopify.com/s/files/1/0633/2396/3613/products/e488e488e443a511f2f45f4b89300a16e67745e29b6d_4LI191_FS_0.jpg?v=1738839028,https://cdn.shopify.com/s/files/1/0633/2396/3613/products/171b171bd61775eb6d414fe07c5ea4b5642e80f2ec75_4LI192_FS_0.jpg?v=1738839028,"This 4lite IP20 GU10 Fire-Rated Downlight is a compact Fire Rated downlight for shallow ceiling spaces - It includes a twistlock bulb retaining ring for ease of bulb replacement and rubber coated spring clips for ease of installation and ceiling protection - Ultra-slim bezel profile - Suitable for standard GU10 halogen or LED bulbs - SpecificationsNon-AdjustableNot Suitable for Bathroom UseBezel Colour: ChromeBody Material: Aluminium BodyBrand: 4liteCut-Out Diameter: 76 mmDomestic/Commercial Use: Suitable for Domestic UseEnergy Rating: NoneFire Rated to 30, 60 & 90minsHinges SuppliedIP Rating: IP20Indoor/Outdoor Usage: IndoorLight Bulb Technology: LEDLight Bulb(s) Required: 6 x GU10 Light Bulb RequiredManufacturer Guarantee: 4 Year Manufacturer's Guarantee (T&Cs Apply)Max - Wattage: 8 WPower Type: Mains-PoweredPower Voltage Supply: 220-240 VProduct Depth: 105 mmProduct Diameter: 90 mmProduct Type: DownlightShape: Round Download Installation Instructions",,0,0.0,,,,,,,,filter,published_online_store,yes,,,,,,,,,,,,,,,,,,,,,,,,,,,,,,,,,,,,,,,,,,,,,,,,,,,,,,,,,
maplin,2025-11-04,,https://www.maplin.co.uk/products/4lite-ip20-gu10-fire-rated-downlight-chrome?variant=43650589130973,5055189036918,4lite IP20 GU10 Fire-Rated Downlight - Chrome,4lite,39.99,Y,48.99,Y,,,Pack of 6,,,All Lighting,Indoor Lighting,Downlights,Learn more about 4lite,Deals,Specials,,https://cdn.shopify.com/s/files/1/0633/2396/3613/files/4LI191_FS_1_bb68ad9b-6438-4ab7-acc8-329f3ad954c3.jpg?v=1738839028,https://cdn.shopify.com/s/files/1/0633/2396/3613/files/81RuROjzHzL._AC_SL1500_a481943f-a86c-4384-955f-f580f7c057ea.jpg?v=1738839028,https://cdn.shopify.com/s/files/1/0633/2396/3613/files/4l1-2200.2.webp?v=1738842618,https://cdn.shopify.com/s/files/1/0633/2396/3613/products/e488e488e443a511f2f45f4b89300a16e67745e29b6d_4LI191_FS_0.jpg?v=1738839028,https://cdn.shopify.com/s/files/1/0633/2396/3613/products/171b171bd61775eb6d414fe07c5ea4b5642e80f2ec75_4LI192_FS_0.jpg?v=1738839028,"This 4lite IP20 GU10 Fire-Rated Downlight is a compact Fire Rated downlight for shallow ceiling spaces - It includes a twistlock bulb retaining ring for ease of bulb replacement and rubber coated spring clips for ease of installation and ceiling protection - Ultra-slim bezel profile - Suitable for standard GU10 halogen or LED bulbs - SpecificationsNon-AdjustableNot Suitable for Bathroom UseBezel Colour: ChromeBody Material: Aluminium BodyBrand: 4liteCut-Out Diameter: 76 mmDomestic/Commercial Use: Suitable for Domestic UseEnergy Rating: NoneFire Rated to 30, 60 & 90minsHinges SuppliedIP Rating: IP20Indoor/Outdoor Usage: IndoorLight Bulb Technology: LEDLight Bulb(s) Required: 6 x GU10 Light Bulb RequiredManufacturer Guarantee: 4 Year Manufacturer's Guarantee (T&Cs Apply)Max - Wattage: 8 WPower Type: Mains-PoweredPower Voltage Supply: 220-240 VProduct Depth: 105 mmProduct Diameter: 90 mmProduct Type: DownlightShape: Round Download Installation Instructions",,0,0.0,,,,,,,,filter,published_online_store,yes,,,,,,,,,,,,,,,,,,,,,,,,,,,,,,,,,,,,,,,,,,,,,,,,,,,,,,,,,
maplin,2025-11-04,,https://www.maplin.co.uk/products/4lite-wiz-connected-3-pin-uk-smart-plug?variant=43404705988829,5056144238996,4lite WiZ Connected 3-Pin UK Smart Plug,4lite,11.99,Y,14.99,Y,,,Single,,,All Lighting,Lighting Accessories,Learn more about 4lite,Deals,Specials,Smart & Remote Controlled Plugs,,https://cdn.shopify.com/s/files/1/0633/2396/3613/files/4LI018_FL_0.jpg?v=1746628224,https://cdn.shopify.com/s/files/1/0633/2396/3613/files/592GG_A2.jpg?v=1746628224,https://cdn.shopify.com/s/files/1/0633/2396/3613/products/8b2f8b2f3302df1a89d37f109d31f9ed1eb5250ef03f_4LI018_PK_0.jpg?v=1746628224,https://cdn.shopify.com/s/files/1/0633/2396/3613/products/596159613ebddbb6209a603551dd429cbbb6e6b3d96f_4LI018_LS_0.jpg?v=1746628224,https://cdn.shopify.com/s/files/1/0633/2396/3613/products/856a856a1ec639bd0cf852e0274b957ed6ec693a1046_4LI018_AL_0.jpg?v=1746628224,"The 4lite WiZ Connected 3-Pin UK WiFi Smart Plug works with most electrical appliances - It can be controlled via the WiZ App and Voice Controlled Smart Devices - Google, Alexa, Siri, Samsung Smart Things - It features a Vacation Mode and is ideal for Schedules and Events Management and for Energy Saving - Specifications Amp Rating: 13 ABrand: 4liteColour: WhiteFrequency Range: 2.4Ghz MHzManufacturer Guarantee: 4 Year Manufacturer's Guarantee (T&Cs Apply)Max - Power Capacity: 13 AModel Name: WiZModel No.: 4L1/8035X2Network Standards: 802.11/g/b/nPower Voltage Supply: 220-240 VProduct Type: Smart PlugSmart CompatibilitySmart Hub Requirement: Hub Not Required, Internet Connection RequiredWireless Range (Max.): WiFiWireless Range Restrictions: Electronic interference from appliances or physical obstruction, such as brick walls, metal frames and floors, can reduce the wireless range - A signal weakens every time it encounters an obstruction.Works with Amazon Alexa, Android App, Google Home & iOS App Video",,5,4.8,,,,,,,,filter,published_online_store,yes,filter,Wireless,Built-in WiFi,,,,,,,,,,,,,,,,,,,,,,,,,,,,,,,,,,,,,,,,,,,,,,,,,,,,,,
maplin,2025-11-04,,https://www.maplin.co.uk/products/4lite-wiz-connected-3-pin-uk-smart-plug?variant=43404705956061,5055189036116,4lite WiZ Connected 3-Pin UK Smart Plug,4lite,21.59,Y,26.99,Y,,,Pack of 2,,,All Lighting,Lighting Accessories,Learn more about 4lite,Deals,Specials,Smart & Remote Controlled Plugs,,https://cdn.shopify.com/s/files/1/0633/2396/3613/files/4LI018_FL_0.jpg?v=1746628224,https://cdn.shopify.com/s/files/1/0633/2396/3613/files/592GG_A2.jpg?v=1746628224,https://cdn.shopify.com/s/files/1/0633/2396/3613/products/8b2f8b2f3302df1a89d37f109d31f9ed1eb5250ef03f_4LI018_PK_0.jpg?v=1746628224,https://cdn.shopify.com/s/files/1/0633/2396/3613/products/596159613ebddbb6209a603551dd429cbbb6e6b3d96f_4LI018_LS_0.jpg?v=1746628224,https://cdn.shopify.com/s/files/1/0633/2396/3613/products/856a856a1ec639bd0cf852e0274b957ed6ec693a1046_4LI018_AL_0.jpg?v=1746628224,"The 4lite WiZ Connected 3-Pin UK WiFi Smart Plug works with most electrical appliances - It can be controlled via the WiZ App and Voice Controlled Smart Devices - Google, Alexa, Siri, Samsung Smart Things - It features a Vacation Mode and is ideal for Schedules and Events Management and for Energy Saving - Specifications Amp Rating: 13 ABrand: 4liteColour: WhiteFrequency Range: 2.4Ghz MHzManufacturer Guarantee: 4 Year Manufacturer's Guarantee (T&Cs Apply)Max - Power Capacity: 13 AModel Name: WiZModel No.: 4L1/8035X2Network Standards: 802.11/g/b/nPower Voltage Supply: 220-240 VProduct Type: Smart PlugSmart CompatibilitySmart Hub Requirement: Hub Not Required, Internet Connection RequiredWireless Range (Max.): WiFiWireless Range Restrictions: Electronic interference from appliances or physical obstruction, such as brick walls, metal frames and floors, can reduce the wireless range - A signal weakens every time it encounters an obstruction.Works with Amazon Alexa, Android App, Google Home & iOS App Video",,5,4.8,,,,,,,,filter,published_online_store,yes,filter,Wireless,Built-in WiFi,,,,,,,,,,,,,,,,,,,,,,,,,,,,,,,,,,,,,,,,,,,,,,,,,,,,,,
maplin,2025-11-04,,https://www.maplin.co.uk/products/4lite-wiz-connected-3-pin-uk-smart-plug?variant=43501492666589,5055189037663,4lite WiZ Connected 3-Pin UK Smart Plug,4lite,42.39,Y,52.99,Y,,,Pack of 4,,,All Lighting,Lighting Accessories,Learn more about 4lite,Deals,Specials,Smart & Remote Controlled Plugs,,https://cdn.shopify.com/s/files/1/0633/2396/3613/files/4LI018_FL_0.jpg?v=1746628224,https://cdn.shopify.com/s/files/1/0633/2396/3613/files/592GG_A2.jpg?v=1746628224,https://cdn.shopify.com/s/files/1/0633/2396/3613/products/8b2f8b2f3302df1a89d37f109d31f9ed1eb5250ef03f_4LI018_PK_0.jpg?v=1746628224,https://cdn.shopify.com/s/files/1/0633/2396/3613/products/596159613ebddbb6209a603551dd429cbbb6e6b3d96f_4LI018_LS_0.jpg?v=1746628224,https://cdn.shopify.com/s/files/1/0633/2396/3613/products/856a856a1ec639bd0cf852e0274b957ed6ec693a1046_4LI018_AL_0.jpg?v=1746628224,"The 4lite WiZ Connected 3-Pin UK WiFi Smart Plug works with most electrical appliances - It can be controlled via the WiZ App and Voice Controlled Smart Devices - Google, Alexa, Siri, Samsung Smart Things - It features a Vacation Mode and is ideal for Schedules and Events Management and for Energy Saving - Specifications Amp Rating: 13 ABrand: 4liteColour: WhiteFrequency Range: 2.4Ghz MHzManufacturer Guarantee: 4 Year Manufacturer's Guarantee (T&Cs Apply)Max - Power Capacity: 13 AModel Name: WiZModel No.: 4L1/8035X2Network Standards: 802.11/g/b/nPower Voltage Supply: 220-240 VProduct Type: Smart PlugSmart CompatibilitySmart Hub Requirement: Hub Not Required, Internet Connection RequiredWireless Range (Max.): WiFiWireless Range Restrictions: Electronic interference from appliances or physical obstruction, such as brick walls, metal frames and floors, can reduce the wireless range - A signal weakens every time it encounters an obstruction.Works with Amazon Alexa, Android App, Google Home & iOS App Video",,5,4.8,,,,,,,,filter,published_online_store,yes,filter,Wireless,Built-in WiFi,,,,,,,,,,,,,,,,,,,,,,,,,,,,,,,,,,,,,,,,,,,,,,,,,,,,,,
maplin,2025-11-04,,https://www.maplin.co.uk/products/4lite-led-pendant-with-st64-bulb?variant=43404554141917,5056144219070,4lite Vintage Design Single Lighting Pendant with ST64 Amber Coated Filament LED Bulb,4lite,12.0,Y,15.0,Y,,Brass,Silver,,,All Lighting,Indoor Lighting,Ceiling Lights,Learn more about 4lite,Deals,Specials,,https://cdn.shopify.com/s/files/1/0633/2396/3613/products/9b369b36ee4048a17df4e22246fe4cb69b130ef1bc92_4LI127_FS_0.jpg?v=1720534670,https://cdn.shopify.com/s/files/1/0633/2396/3613/files/203VH_A1.jpg?v=1720534672,,,,"The 4lite Vintage Design Single Lighting Pendant with ST64 Amber Coated Filament LED Bulb has a decorative vintage pendant design and is supplied with ST64 LED amber coated filament bulb and suspension accessory - Triac dimmable as standard - a 1.5m adjustable cable length allows for a varied installation height - SpecificationsBody Material: Die-Cast Aluminium BodyBrand: 4liteCALC - Light Bulb Technology: LEDColour: Blackened SilverColour Temperature Description: Warm WhiteColour Temperature Value: 2500 KDimmableDomestic/Commercial Use: Suitable for Domestic & Commercial UseEnergy Rating: NoneFixings SuppliedIP Rating: IP20Indoor/Outdoor Usage: IndoorLife Length: 15,000 hoursLight Bulb Technology: LEDLight Bulb(s) Supplied: 1 x Integrated LED Light Bulb SuppliedLm: 645 lmLm Band: 601-800Manufacturer Guarantee: 4 Year Manufacturer's Guarantee (T&Cs Apply)Max - Overall Drop: 1086 mmMax - Wattage: 7.5 WMin - Overall Drop: 226 mmModel No.: 4L1/7202Pack Size: 1Power Consumption: 7.5 WPower Type: Mains-PoweredPower Voltage Supply: 230 VProduct Type: Vintage PendantSmart Compatibility: NoneTransformer: Integrated LED DriverkWh Per 1000hr Life: 7 kWh/1000h",,0,0.0,,,,,,,,filter,Colour,Silver,filter,published_online_store,yes,filter,Wattage Rating,7.5 Watts,,,,,,,,,,,,,,,,,,,,,,,,,,,,,,,,,,,,,,,,,,,,,,,,,,,
maplin,2025-11-04,,https://www.maplin.co.uk/products/maplin-premium-displayport-to-displayport-cable-4k-compatible-black?variant=43404487459037,5026686197556,Maplin Premium 4K Ultra HD DisplayPort to DisplayPort Cable - Black,Maplin,7.99,Y,,,,Black,1.5m,,,All Cables,DisplayPort Cables,DisplayPort to DisplayPort Cables,[Internal] Blue Light 10%,[Internal] Private Label 15%,Learn more about Maplin,,https://cdn.shopify.com/s/files/1/0633/2396/3613/files/MAP555_image_1.jpg?v=1747315393,https://cdn.shopify.com/s/files/1/0633/2396/3613/files/MAP021_Image_2.jpg?v=1747315393,https://cdn.shopify.com/s/files/1/0633/2396/3613/files/MAP021_Image_4.jpg?v=1747315393,https://cdn.shopify.com/s/files/1/0633/2396/3613/files/MAP021_Image_5.jpg?v=1747315393,,"DisplayPort is a digital display interface that can carry video and audio - The Maplin Premium 4K Ultra HD DisplayPort to DisplayPort Cable can output ultra high definition 4K resolutions, and transmit bi-directional USB data alongside a video and audio signal - It is increasingly common on new PC tower units and laptops, and on HD televisions to enable PC display output.",,3,4.0,,,,,,,,filter,Colour,Black,filter,Connectivity,DisplayPort,filter,Insulation Type,Rubber,filter,Length,3m,filter,published_online_store,yes,filter,Resolution,3840 x 2160p (4K Ultra HD),,,,,,,,,,,,,,,,,,,,,,,,,,,,,,,,,,,,,,,,,,
maplin,2025-11-04,,https://www.maplin.co.uk/products/maplin-premium-displayport-to-displayport-cable-4k-compatible-black?variant=43404487491805,5026686197563,Maplin Premium 4K Ultra HD DisplayPort to DisplayPort Cable - Black,Maplin,8.99,Y,,,,Black,3m,,,All Cables,DisplayPort Cables,DisplayPort to DisplayPort Cables,[Internal] Blue Light 10%,[Internal] Private Label 15%,Learn more about Maplin,,https://cdn.shopify.com/s/files/1/0633/2396/3613/files/MAP555_image_1.jpg?v=1747315393,https://cdn.shopify.com/s/files/1/0633/2396/3613/files/MAP021_Image_2.jpg?v=1747315393,https://cdn.shopify.com/s/files/1/0633/2396/3613/files/MAP021_Image_4.jpg?v=1747315393,https://cdn.shopify.com/s/files/1/0633/2396/3613/files/MAP021_Image_5.jpg?v=1747315393,,"DisplayPort is a digital display interface that can carry video and audio - The Maplin Premium 4K Ultra HD DisplayPort to DisplayPort Cable can output ultra high definition 4K resolutions, and transmit bi-directional USB data alongside a video and audio signal - It is increasingly common on new PC tower units and laptops, and on HD televisions to enable PC display output.",,3,4.0,,,,,,,,filter,Colour,Black,filter,Connectivity,DisplayPort,filter,Insulation Type,Rubber,filter,Length,3m,filter,published_online_store,yes,filter,Resolution,3840 x 2160p (4K Ultra HD),,,,,,,,,,,,,,,,,,,,,,,,,,,,,,,,,,,,,,,,,,
maplin,2025-11-04,,https://www.maplin.co.uk/products/energizer-fusion-led-lantern?variant=43404699599069,7638900414707,Energizer Fusion LED Lantern,Energizer,9.5,Y,15.99,Y,,,Default Title,,,All Lighting,Portable Lighting,Lanterns,Deals,Specials,Clearance,,https://cdn.shopify.com/s/files/1/0633/2396/3613/products/2b402b408115da986fce3ed9149b9c07ba61da544460_ENE055_FS_0.jpg?v=1720528201,,,,,"The Energizer Fusion LED Lantern is a versatile camping lamp with 4 bright white LEDs - It provides optimum lighting for your tent, caravan, terrace or even at work - As the LEDs light up in a plastic disc, the light is distributed evenly to the eyes and is ideal for minimizing glare at night.The Energizer Fusion Compact Area Lantern with Light Fusion technology is a portable, flexible light with a user-friendly, slim design - The lantern can be folded together easily for storage and carried using a convenient handle.With a beam angle of 360° and Energizer Light Fusion technology, the entire environment is illuminated evenly - With its unique textured surface that reflects the light, this lamp brings light into the darkness in every situation: Camping, night walks, during a power failure or when you are on the road early in the morning - Switch between two different brightness modes depending on the activity - Whether in the interior or exterior, this Energizer Compact LED lantern is durable thanks to its water resistant design - No matter where your next adventure takes you, the Energizer Fusion Compact Area Lantern with Light Fusion technology is the perfect way to get started.Operates on 4 AA batteries Specifications Light source type: LEDPower: Battery poweredMaterial: PlasticRun time: Up to 50 hoursLumens delivered: 150Dimensions: 15.24 x 4.3 x 26.04cmWeight: 230g",,4,4.75,,,,,,,,filter,published_online_store,yes,,,,,,,,,,,,,,,,,,,,,,,,,,,,,,,,,,,,,,,,,,,,,,,,,,,,,,,,,
maplin,2025-11-04,,https://www.maplin.co.uk/products/prosound-twin-1-4-mono-jack-male-to-1-4-mono-jack-socket-female-cable-black-0-2m?variant=43411382763741,5026686200744,"ProSound Twin 1/4"" 6.3mm 2 Pole Jack Plugs to Single 1/4"" 6.35mm Female Jack Socket Cable - Black, 0.2m",ProSound,7.49,Y,,,,Black,Default Title,,,All Cables,Audio Cables,Jack Cables,[Internal] Blue Light 10%,[Internal] Private Label 15%,Learn more about ProSound,,https://cdn.shopify.com/s/files/1/0633/2396/3613/files/MAP111_FL_0.jpg?v=1751018390,https://cdn.shopify.com/s/files/1/0633/2396/3613/files/MAP111_FL_1.jpg?v=1751018390,https://cdn.shopify.com/s/files/1/0633/2396/3613/files/MAP111_T_0.jpg?v=1751018390,,,"The ProSound Twin 1/4"" 6.3mm 2 Pole Jack Plugs to Single 1/4"" 6.35mm Female Jack Socket Cable is a specialised adapter for any musician or DJ, with heavy-duty cable and connector construction and full signal shielding, Great for stage, studio or home use.",,3,5.0,,,,,,,,filter,Colour,Black,filter,Connectivity,"1/4"" Jack",filter,Insulation Type,Rubber,filter,Length,0.2m,filter,published_online_store,yes,,,,,,,,,,,,,,,,,,,,,,,,,,,,,,,,,,,,,,,,,,,,,
maplin,2025-11-04,,https://www.maplin.co.uk/products/maplin-3-5mm-stereo-auxiliary-3-pole-jack-cable-black-1-5m?variant=43411382796509,5026686198744,"Maplin 3.5mm Aux Stereo 3-Pole Jack Plug to 3.5mm 3-Pole Jack Plug Cable - Black, 2m",Maplin,4.99,Y,,,,Black,Default Title,,,All Cables,Audio Cables,Jack Cables,[Internal] Blue Light 10%,[Internal] Private Label 15%,Learn more about Maplin,,https://cdn.shopify.com/s/files/1/0633/2396/3613/files/MAP002_image_1.jpg?v=1747323507,https://cdn.shopify.com/s/files/1/0633/2396/3613/products/fc0bfc0b946d83f8f7021a024177f8ed5dfa93a06448_MAP002_FL_0.jpg?v=1747323469,https://cdn.shopify.com/s/files/1/0633/2396/3613/products/2d662d663cba39c976479467f26c9109fc1575aaa343_MAP002_T_0.jpg?v=1747323469,https://cdn.shopify.com/s/files/1/0633/2396/3613/products/950f950f0881a219cd61b1e10aff4cacfc770e000bd9_MAP002_LS_0.jpg?v=1747323468,,"This Maplin 3.5mm Aux Stereo 3-Pole Jack Plug to 3.5mm 3-Pole Jack Plug Cable carries stereo sound across a variety of audio devices - It is a highly versatile cable and commonly used when connecting audio equipment to smartphones and MP3 players, tablets, computers, TVs, and gaming consoles - It is also used in many in-car audio and DJ audio systems.",,5,5.0,,,,,,,,filter,Colour,Black,filter,Connectivity,3.5mm Jack,filter,Insulation Type,Rubber,filter,Length,2m,filter,published_online_store,yes,,,,,,,,,,,,,,,,,,,,,,,,,,,,,,,,,,,,,,,,,,,,,
maplin,2025-11-04,,https://www.maplin.co.uk/products/maplin-premium-3-5mm-4-pole-jack-extension-cable-black-3m?variant=43411374637277,5026686199208,"Maplin 3.5mm Aux Stereo 4-Pole Jack Plug to 3.5mm Female Jack Extension Cable - Black, 3m",Maplin,5.99,Y,,,,Black,Default Title,,,All Cables,Audio Cables,Jack Cables,[Internal] Blue Light 10%,[Internal] Private Label 15%,Learn more about Maplin,,https://cdn.shopify.com/s/files/1/0633/2396/3613/files/MAP014_image_1_bec678c4-780c-48bb-902e-eca389fd9f79.jpg?v=1761041095,https://cdn.shopify.com/s/files/1/0633/2396/3613/files/MAP014_image_2_a7b73f52-3907-41c0-bb4f-49a3ca6f44bd.jpg?v=1761041119,https://cdn.shopify.com/s/files/1/0633/2396/3613/files/MAP014_image_3_43ce4cea-fc16-4edd-8295-3584575342c1.jpg?v=1761041168,https://cdn.shopify.com/s/files/1/0633/2396/3613/files/MAP014_image_4_b165d36d-9b85-4a26-96b4-17829eb50147.jpg?v=1761041184,,"This Maplin 3.5mm Aux Stereo 4 Pole Jack Plug to 3.5mm Female Jack Extension Cable carries three signals between specialised devices - Smartphones may use the extra contact for stereo audio and microphone functions, while many cameras and tablet devices will transmit colour video alongside stereo audio through this cable.",,5,4.2,,,,,,,,filter,Colour,Black,filter,Connectivity,3.5mm Jack,filter,Insulation Type,Rubber,filter,Length,3m,filter,published_online_store,yes,,,,,,,,,,,,,,,,,,,,,,,,,,,,,,,,,,,,,,,,,,,,,
