source,date,apiURL,url,sku,name,brand,stock,advance,paymentAmount,phoneContractDuration,sim_price,simContractname,simContractDuration,phoneContractPrice,isPhoneContractAvailableWOsim,phoneContractSimPackage,handsetOnlyCostCash,handsetOnlyContract,previousPrice,onSale,saleText,plan_type,sim_data,simOfferData,sim1YearIncrease,sim2YearIncrease,sim3YearIncrease,simDesc,colour,size,UPC,EAN,cat,subcat1,subcat2,subcat3,subcat4,subcat5,warranty,image1,image2,image3,image4,image5,desc,shortDesc,reviewCount,reviewRating,videoURL,isSellingFast,isRestockingSoon,isPromotion,isOutletPrice,lowestPriceText,lowestPriceValue,attributeType1,attributeTitle1,attributeValue1,attributeType2,attributeTitle2,attributeValue2,attributeType3,attributeTitle3,attributeValue3,attributeType4,attributeTitle4,attributeValue4,attributeType5,attributeTitle5,attributeValue5,attributeType6,attributeTitle6,attributeValue6,attributeType7,attributeTitle7,attributeValue7,attributeType8,attributeTitle8,attributeValue8,attributeType9,attributeTitle9,attributeValue9,attributeType10,attributeTitle10,attributeValue10,attributeType11,attributeTitle11,attributeValue11,attributeType12,attributeTitle12,attributeValue12,attributeType13,attributeTitle13,attributeValue13,attributeType14,attributeTitle14,attributeValue14,attributeType15,attributeTitle15,attributeValue15,attributeType16,attributeTitle16,attributeValue16,attributeType17,attributeTitle17,attributeValue17,attributeType18,attributeTitle18,attributeValue18,attributeType19,attributeTitle19,attributeValue19,attributeType20,attributeTitle20,attributeValue20
idmobile,2025-09-17,,https://www.idmobile.co.uk/shop/pay-monthly/galaxy-tab-s10-fe-5g-tablet-128gb-blue,TS10FE128S,Galaxy Tab S10 FE 5G Tablet 128GB Blue,Samsung,,19.00,26.99,24,26.99,plan of  10GBdata,24,666.76,N,666.76,,,,,,Contract,10GBdata,,28.49,29.99,,10GBdata | 24 | 24-month plan | Unlimitedminutes | Unlimitedtexts,Blue,New,,,shop,pay-monthly,samsung-galaxy-tab-s10-fe-109-5g,,,,,https://media.secure-mobiles.com/product-images/galaxy-tab-s10-fe-5g-tablet-128gb-blue.idm_main_product1.centre.png,https://media.secure-mobiles.com/product-images/TS10FE128S.1.idm_main_product1.centre.png,https://media.secure-mobiles.com/product-images/TS10FE128S.2.idm_main_product1.centre.png,https://media.secure-mobiles.com/product-images/TS10FE128S.3.idm_main_product1.centre.png,https://media.secure-mobiles.com/product-images/TS10FE128S.4.idm_main_product1.centre.png,,,,,,,,,,,,SPECIFICATION,Quad HD 10.9 Inch Screen,QUAD HD 10.9 INCH SCREEN,SPECIFICATION,12 MP Rear Camera,12 MP REAR CAMERA,SPECIFICATION,13 MP Selfie Camera,13 MP SELFIE CAMERA,,,,,,,,,,,,,,,,,,,,,,,,,,,,,,,,,,,,,,,,,,,,,,,,,,,
idmobile,2025-09-17,,https://www.idmobile.co.uk/shop/pay-monthly/galaxy-tab-s10-fe-5g-tablet-128gb-blue,TS10FE128S,Galaxy Tab S10 FE 5G Tablet 128GB Blue,Samsung,,19.00,27.99,24,27.99,plan of  Unlimiteddata,24,690.76,N,690.76,,,,,,Contract,Unlimiteddata,,29.49,30.99,,Unlimiteddata | 24 | 24-month plan | Unlimitedminutes | Unlimitedtexts,Blue,New,,,shop,pay-monthly,samsung-galaxy-tab-s10-fe-109-5g,,,,,https://media.secure-mobiles.com/product-images/galaxy-tab-s10-fe-5g-tablet-128gb-blue.idm_main_product1.centre.png,https://media.secure-mobiles.com/product-images/TS10FE128S.1.idm_main_product1.centre.png,https://media.secure-mobiles.com/product-images/TS10FE128S.2.idm_main_product1.centre.png,https://media.secure-mobiles.com/product-images/TS10FE128S.3.idm_main_product1.centre.png,https://media.secure-mobiles.com/product-images/TS10FE128S.4.idm_main_product1.centre.png,,,,,,,,,,,,SPECIFICATION,Quad HD 10.9 Inch Screen,QUAD HD 10.9 INCH SCREEN,SPECIFICATION,12 MP Rear Camera,12 MP REAR CAMERA,SPECIFICATION,13 MP Selfie Camera,13 MP SELFIE CAMERA,,,,,,,,,,,,,,,,,,,,,,,,,,,,,,,,,,,,,,,,,,,,,,,,,,,
idmobile,2025-09-17,,https://www.idmobile.co.uk/shop/sim-free/google-pixel-10-128gb-frost,PX10128GB2,Google Pixel 10 128GB Frost,Google,,0,0,0,0.0,,0,0.0,N,0.0,799.00,,,,,sim-free,,,,,,,Frost,128GB,,0840353926943,shop,pay-monthly,google-pixel-10,,,,,https://media.secure-mobiles.com/product-images/google-pixel-10-128gb-frost.idm_main_product1.centre.png,https://media.secure-mobiles.com/product-images/PX10128GB2.1.idm_main_product1.centre.png,https://media.secure-mobiles.com/product-images/PX10128GB2.2.idm_main_product1.centre.png,https://media.secure-mobiles.com/product-images/PX10128GB2.3.idm_main_product1.centre.png,https://media.secure-mobiles.com/product-images/PX10128GB2.4.idm_main_product1.centre.png,"Experience the next level in the Pixel series with the Google Pixel 10. It takes everything people loved about the Pixel 9 and pushes it further with major upgrades in performance, photography, and display technology. The new 6.3” Actua display now reaches a dazzling 3000 nits peak brightness, a big jump from the Pixel 9 (2700 nits), making it easy to see your screen in bright sunlight. Under the hood, the Google Tensor G5 delivers faster performance, improved energy efficiency, and sharper AI-powered features compared to the Pixel 9’s Tensor G4. The Pixel 10 delivers a precision-engineered photography experience with a 48MP Quad PD wide camera and 10.8 MP telephoto lens. You’ll also get a slightly larger 4970 mAh battery and Pixelsnap wireless charging, so you can power through your day more easily.",,,,,,,,,,,SPECIFICATION,Google AI & Gemini,GOOGLE AI & GEMINI,SPECIFICATION,"4,970 mAh battery","4,970 MAH BATTERY",SPECIFICATION,6.3 Inch OLED screen,6.3 INCH OLED SCREEN,SPECIFICATION,eSIM compatible,ESIM COMPATIBLE,SPECIFICATION,Connectivity,Bluetooth: Y | GPS: Y | Wi Fi: Y | NFC: Y | 5G Ready: Y | SIM Type: Dual SIM (with eSIM),SPECIFICATION,Display & User Interface,IP68: Y | Ai: Y,SPECIFICATION,Technical,Dimensions: 152.83mm X 71.98mm X 8.59mm | Weight: 204g | Display Size: 6.3 inch | Battery Size: 4970mAh,SPECIFICATION,Standard Features,Face Recognition: Y | Voice Recognition: Y,SPECIFICATION,Memory,Internal memory: 128GB | Expandable memory: No,SPECIFICATION,Key Features,"1.: Google AI & Gemini: Boost your creativity, simplify tasks and control apps with ease. | 2.: 4,970 mAh battery: Lasts all day, letting you power through from the morning to bedtime. | 3.: 6.3"" OLED screen: Stream shows with an awesome view that goes wherever you do. | 4.: Google Tensor G5 processor: Most powerful Pixel chip ever, providing rapid performance. | 5.: 48 MP triple camera system: Capture stunning photos and videos in almost any light. | 6.: IP68 rating: Water and dust resistant for everyday peace of mind.",SPECIFICATION,Phone Type,AI: Y | 5G: Y,,,,,,,,,,,,,,,,,,,,,,,,,,,
idmobile,2025-09-17,,https://www.idmobile.co.uk/shop/sim-free/google-pixel-10-128gb-obsidian,PX10128GB1,Google Pixel 10 128GB Obsidian,Google,,0,0,0,0.0,,0,0.0,N,0.0,799.00,,,,,sim-free,,,,,,,Obsidian,128GB,,,shop,pay-monthly,google-pixel-10,,,,,https://media.secure-mobiles.com/product-images/google-pixel-10-128gb-obsidian.idm_main_product1.centre.png,https://media.secure-mobiles.com/product-images/PX10128GB1.1.idm_main_product1.centre.png,https://media.secure-mobiles.com/product-images/PX10128GB1.2.idm_main_product1.centre.png,https://media.secure-mobiles.com/product-images/PX10128GB1.3.idm_main_product1.centre.png,https://media.secure-mobiles.com/product-images/PX10128GB1.4.idm_main_product1.centre.png,"Experience the next level in the Pixel series with the Google Pixel 10. It takes everything people loved about the Pixel 9 and pushes it further with major upgrades in performance, photography, and display technology. The new 6.3” Actua display now reaches a dazzling 3000 nits peak brightness, a big jump from the Pixel 9 (2700 nits), making it easy to see your screen in bright sunlight. Under the hood, the Google Tensor G5 delivers faster performance, improved energy efficiency, and sharper AI-powered features compared to the Pixel 9’s Tensor G4. The Pixel 10 delivers a precision-engineered photography experience with a 48MP Quad PD wide camera and 10.8 MP telephoto lens. You’ll also get a slightly larger 4970 mAh battery and Pixelsnap wireless charging, so you can power through your day more easily.",,,,,,,,,,,SPECIFICATION,Google AI & Gemini,GOOGLE AI & GEMINI,SPECIFICATION,"4,970 mAh battery","4,970 MAH BATTERY",SPECIFICATION,6.3 Inch OLED screen,6.3 INCH OLED SCREEN,SPECIFICATION,eSIM compatible,ESIM COMPATIBLE,SPECIFICATION,Connectivity,Bluetooth: Y | GPS: Y | Wi Fi: Y | NFC: Y | 5G Ready: Y | SIM Type: Dual SIM (with eSIM),SPECIFICATION,Display & User Interface,IP68: Y | Ai: Y,SPECIFICATION,Technical,Dimensions: 152.83mm X 71.98mm X 8.59mm | Weight: 204g | Display Size: 6.3 inch | Battery Size: 4970mAh,SPECIFICATION,Standard Features,Face Recognition: Y | Voice Recognition: Y,SPECIFICATION,Memory,Internal memory: 128GB | Expandable memory: No,SPECIFICATION,Key Features,"1.: Google AI & Gemini: Boost your creativity, simplify tasks and control apps with ease. | 2.: 4,970 mAh battery: Lasts all day, letting you power through from the morning to bedtime. | 3.: 6.3"" OLED screen: Stream shows with an awesome view that goes wherever you do. | 4.: Google Tensor G5 processor: Most powerful Pixel chip ever, providing rapid performance. | 5.: 48 MP triple camera system: Capture stunning photos and videos in almost any light. | 6.: IP68 rating: Water and dust resistant for everyday peace of mind.",SPECIFICATION,Phone Type,AI: Y | 5G: Y,,,,,,,,,,,,,,,,,,,,,,,,,,,
idmobile,2025-09-17,,https://www.idmobile.co.uk/shop/sim-free/google-pixel-10-128gb-lemongrass,PX10128GB3,Google Pixel 10 128GB Lemongrass,Google,,0,0,0,0.0,,0,0.0,N,0.0,799.00,,,,,sim-free,,,,,,,Lemongrass,128GB,,,shop,pay-monthly,google-pixel-10,,,,,https://media.secure-mobiles.com/product-images/google-pixel-10-128gb-lemongrass.idm_main_product1.centre.png,https://media.secure-mobiles.com/product-images/PX10128GB3.1.idm_main_product1.centre.png,https://media.secure-mobiles.com/product-images/PX10128GB3.2.idm_main_product1.centre.png,https://media.secure-mobiles.com/product-images/PX10128GB3.3.idm_main_product1.centre.png,https://media.secure-mobiles.com/product-images/PX10128GB3.4.idm_main_product1.centre.png,"Experience the next level in the Pixel series with the Google Pixel 10. It takes everything people loved about the Pixel 9 and pushes it further with major upgrades in performance, photography, and display technology. The new 6.3” Actua display now reaches a dazzling 3000 nits peak brightness, a big jump from the Pixel 9 (2700 nits), making it easy to see your screen in bright sunlight. Under the hood, the Google Tensor G5 delivers faster performance, improved energy efficiency, and sharper AI-powered features compared to the Pixel 9’s Tensor G4. The Pixel 10 delivers a precision-engineered photography experience with a 48MP Quad PD wide camera and 10.8 MP telephoto lens. You’ll also get a slightly larger 4970 mAh battery and Pixelsnap wireless charging, so you can power through your day more easily.",,,,,,,,,,,SPECIFICATION,Google AI & Gemini,GOOGLE AI & GEMINI,SPECIFICATION,"4,970 mAh battery","4,970 MAH BATTERY",SPECIFICATION,6.3 Inch OLED screen,6.3 INCH OLED SCREEN,SPECIFICATION,eSIM compatible,ESIM COMPATIBLE,SPECIFICATION,Connectivity,Bluetooth: Y | GPS: Y | Wi Fi: Y | NFC: Y | 5G Ready: Y | SIM Type: Dual SIM (with eSIM),SPECIFICATION,Display & User Interface,IP68: Y | Ai: Y,SPECIFICATION,Technical,Dimensions: 152.83mm X 71.98mm X 8.59mm | Weight: 204g | Display Size: 6.3 inch | Battery Size: 4970mAh,SPECIFICATION,Standard Features,Face Recognition: Y | Voice Recognition: Y,SPECIFICATION,Memory,Internal memory: 128GB | Expandable memory: No,SPECIFICATION,Key Features,"1.: Google AI & Gemini: Boost your creativity, simplify tasks and control apps with ease. | 2.: 4,970 mAh battery: Lasts all day, letting you power through from the morning to bedtime. | 3.: 6.3"" OLED screen: Stream shows with an awesome view that goes wherever you do. | 4.: Google Tensor G5 processor: Most powerful Pixel chip ever, providing rapid performance. | 5.: 48 MP triple camera system: Capture stunning photos and videos in almost any light. | 6.: IP68 rating: Water and dust resistant for everyday peace of mind.",SPECIFICATION,Phone Type,AI: Y | 5G: Y,,,,,,,,,,,,,,,,,,,,,,,,,,,
idmobile,2025-09-17,,https://www.idmobile.co.uk/shop/sim-free/google-pixel-10-128gb-indigo,PX10128GB4,Google Pixel 10 128GB Indigo,Google,,0,0,0,0.0,,0,0.0,N,0.0,799.00,,,,,sim-free,,,,,,,Indigo,128GB,,,shop,pay-monthly,google-pixel-10,,,,,https://media.secure-mobiles.com/product-images/google-pixel-10-128gb-indigo.idm_main_product1.centre.png,https://media.secure-mobiles.com/product-images/PX10128GB4.1.idm_main_product1.centre.png,https://media.secure-mobiles.com/product-images/PX10128GB4.2.idm_main_product1.centre.png,https://media.secure-mobiles.com/product-images/PX10128GB4.3.idm_main_product1.centre.png,https://media.secure-mobiles.com/product-images/PX10128GB4.4.idm_main_product1.centre.png,"Experience the next level in the Pixel series with the Google Pixel 10. It takes everything people loved about the Pixel 9 and pushes it further with major upgrades in performance, photography, and display technology. The new 6.3” Actua display now reaches a dazzling 3000 nits peak brightness, a big jump from the Pixel 9 (2700 nits), making it easy to see your screen in bright sunlight. Under the hood, the Google Tensor G5 delivers faster performance, improved energy efficiency, and sharper AI-powered features compared to the Pixel 9’s Tensor G4. The Pixel 10 delivers a precision-engineered photography experience with a 48MP Quad PD wide camera and 10.8 MP telephoto lens. You’ll also get a slightly larger 4970 mAh battery and Pixelsnap wireless charging, so you can power through your day more easily.",,,,,,,,,,,SPECIFICATION,Google AI & Gemini,GOOGLE AI & GEMINI,SPECIFICATION,"4,970 mAh battery","4,970 MAH BATTERY",SPECIFICATION,6.3 Inch OLED screen,6.3 INCH OLED SCREEN,SPECIFICATION,eSIM compatible,ESIM COMPATIBLE,SPECIFICATION,Connectivity,Bluetooth: Y | GPS: Y | Wi Fi: Y | NFC: Y | 5G Ready: Y | SIM Type: Dual SIM (with eSIM),SPECIFICATION,Display & User Interface,IP68: Y | Ai: Y,SPECIFICATION,Technical,Dimensions: 152.83mm X 71.98mm X 8.59mm | Weight: 204g | Display Size: 6.3 inch | Battery Size: 4970mAh,SPECIFICATION,Standard Features,Face Recognition: Y | Voice Recognition: Y,SPECIFICATION,Memory,Internal memory: 128GB | Expandable memory: No,SPECIFICATION,Key Features,"1.: Google AI & Gemini: Boost your creativity, simplify tasks and control apps with ease. | 2.: 4,970 mAh battery: Lasts all day, letting you power through from the morning to bedtime. | 3.: 6.3"" OLED screen: Stream shows with an awesome view that goes wherever you do. | 4.: Google Tensor G5 processor: Most powerful Pixel chip ever, providing rapid performance. | 5.: 48 MP triple camera system: Capture stunning photos and videos in almost any light. | 6.: IP68 rating: Water and dust resistant for everyday peace of mind.",SPECIFICATION,Phone Type,AI: Y | 5G: Y,,,,,,,,,,,,,,,,,,,,,,,,,,,
idmobile,2025-09-17,,https://www.idmobile.co.uk/shop/sim-free/google-pixel-10-256gb-indigo,PX10256GB4,Google Pixel 10 256GB Indigo,Google,,0,0,0,0.0,,0,0.0,N,0.0,899.00,,,,,sim-free,,,,,,,Indigo,256GB,,,shop,pay-monthly,google-pixel-10,,,,,https://media.secure-mobiles.com/product-images/google-pixel-10-256gb-indigo.idm_main_product1.centre.png,https://media.secure-mobiles.com/product-images/PX10256GB4.1.idm_main_product1.centre.png,https://media.secure-mobiles.com/product-images/PX10256GB4.2.idm_main_product1.centre.png,https://media.secure-mobiles.com/product-images/PX10256GB4.3.idm_main_product1.centre.png,https://media.secure-mobiles.com/product-images/PX10256GB4.4.idm_main_product1.centre.png,"Experience the next level in the Pixel series with the Google Pixel 10. It takes everything people loved about the Pixel 9 and pushes it further with major upgrades in performance, photography, and display technology. The new 6.3” Actua display now reaches a dazzling 3000 nits peak brightness, a big jump from the Pixel 9 (2700 nits), making it easy to see your screen in bright sunlight. Under the hood, the Google Tensor G5 delivers faster performance, improved energy efficiency, and sharper AI-powered features compared to the Pixel 9’s Tensor G4. The Pixel 10 delivers a precision-engineered photography experience with a 48MP Quad PD wide camera and 10.8 MP telephoto lens. You’ll also get a slightly larger 4970 mAh battery and Pixelsnap wireless charging, so you can power through your day more easily.",,,,,,,,,,,SPECIFICATION,Google AI & Gemini,GOOGLE AI & GEMINI,SPECIFICATION,"4,970 mAh battery","4,970 MAH BATTERY",SPECIFICATION,6.3 Inch OLED screen,6.3 INCH OLED SCREEN,SPECIFICATION,eSIM compatible,ESIM COMPATIBLE,SPECIFICATION,Connectivity,Bluetooth: Y | GPS: Y | Wi Fi: Y | NFC: Y | 5G Ready: Y | SIM Type: Dual SIM (with eSIM),SPECIFICATION,Display & User Interface,IP68: Y | Ai: Y,SPECIFICATION,Technical,Dimensions: 152.83mm X 71.98mm X 8.59mm | Weight: 204g | Display Size: 6.3 inch | Battery Size: 4970mAh,SPECIFICATION,Standard Features,Face Recognition: Y | Voice Recognition: Y,SPECIFICATION,Memory,Internal memory: 128GB | Expandable memory: No,SPECIFICATION,Key Features,"1.: Google AI & Gemini: Boost your creativity, simplify tasks and control apps with ease. | 2.: 4,970 mAh battery: Lasts all day, letting you power through from the morning to bedtime. | 3.: 6.3"" OLED screen: Stream shows with an awesome view that goes wherever you do. | 4.: Google Tensor G5 processor: Most powerful Pixel chip ever, providing rapid performance. | 5.: 48 MP triple camera system: Capture stunning photos and videos in almost any light. | 6.: IP68 rating: Water and dust resistant for everyday peace of mind.",SPECIFICATION,Phone Type,AI: Y | 5G: Y,,,,,,,,,,,,,,,,,,,,,,,,,,,
idmobile,2025-09-17,,https://www.idmobile.co.uk/shop/sim-free/google-pixel-10-256gb-obsidian,PX10256GB1,Google Pixel 10 256GB Obsidian,Google,,0,0,0,0.0,,0,0.0,N,0.0,899.00,,,,,sim-free,,,,,,,Obsidian,256GB,,,shop,pay-monthly,google-pixel-10,,,,,https://media.secure-mobiles.com/product-images/google-pixel-10-256gb-obsidian.idm_main_product1.centre.png,https://media.secure-mobiles.com/product-images/PX10256GB1.1.idm_main_product1.centre.png,https://media.secure-mobiles.com/product-images/PX10256GB1.2.idm_main_product1.centre.png,https://media.secure-mobiles.com/product-images/PX10256GB1.3.idm_main_product1.centre.png,https://media.secure-mobiles.com/product-images/PX10256GB1.4.idm_main_product1.centre.png,"Experience the next level in the Pixel series with the Google Pixel 10. It takes everything people loved about the Pixel 9 and pushes it further with major upgrades in performance, photography, and display technology. The new 6.3” Actua display now reaches a dazzling 3000 nits peak brightness, a big jump from the Pixel 9 (2700 nits), making it easy to see your screen in bright sunlight. Under the hood, the Google Tensor G5 delivers faster performance, improved energy efficiency, and sharper AI-powered features compared to the Pixel 9’s Tensor G4. The Pixel 10 delivers a precision-engineered photography experience with a 48MP Quad PD wide camera and 10.8 MP telephoto lens. You’ll also get a slightly larger 4970 mAh battery and Pixelsnap wireless charging, so you can power through your day more easily.",,,,,,,,,,,SPECIFICATION,Google AI & Gemini,GOOGLE AI & GEMINI,SPECIFICATION,"4,970 mAh battery","4,970 MAH BATTERY",SPECIFICATION,6.3 Inch OLED screen,6.3 INCH OLED SCREEN,SPECIFICATION,eSIM compatible,ESIM COMPATIBLE,SPECIFICATION,Connectivity,Bluetooth: Y | GPS: Y | Wi Fi: Y | NFC: Y | 5G Ready: Y | SIM Type: Dual SIM (with eSIM),SPECIFICATION,Display & User Interface,IP68: Y | Ai: Y,SPECIFICATION,Technical,Dimensions: 152.83mm X 71.98mm X 8.59mm | Weight: 204g | Display Size: 6.3 inch | Battery Size: 4970mAh,SPECIFICATION,Standard Features,Face Recognition: Y | Voice Recognition: Y,SPECIFICATION,Memory,Internal memory: 128GB | Expandable memory: No,SPECIFICATION,Key Features,"1.: Google AI & Gemini: Boost your creativity, simplify tasks and control apps with ease. | 2.: 4,970 mAh battery: Lasts all day, letting you power through from the morning to bedtime. | 3.: 6.3"" OLED screen: Stream shows with an awesome view that goes wherever you do. | 4.: Google Tensor G5 processor: Most powerful Pixel chip ever, providing rapid performance. | 5.: 48 MP triple camera system: Capture stunning photos and videos in almost any light. | 6.: IP68 rating: Water and dust resistant for everyday peace of mind.",SPECIFICATION,Phone Type,AI: Y | 5G: Y,,,,,,,,,,,,,,,,,,,,,,,,,,,
idmobile,2025-09-17,,https://www.idmobile.co.uk/shop/sim-free/google-pixel-10-256gb-frost,PX10256GB2,Google Pixel 10 256GB Frost,Google,,0,0,0,0.0,,0,0.0,N,0.0,899.00,,,,,sim-free,,,,,,,Frost,256GB,,,shop,pay-monthly,google-pixel-10,,,,,https://media.secure-mobiles.com/product-images/google-pixel-10-256gb-frost.idm_main_product1.centre.png,https://media.secure-mobiles.com/product-images/PX10256GB2.1.idm_main_product1.centre.png,https://media.secure-mobiles.com/product-images/PX10256GB2.2.idm_main_product1.centre.png,https://media.secure-mobiles.com/product-images/PX10256GB2.3.idm_main_product1.centre.png,https://media.secure-mobiles.com/product-images/PX10256GB2.4.idm_main_product1.centre.png,"Experience the next level in the Pixel series with the Google Pixel 10. It takes everything people loved about the Pixel 9 and pushes it further with major upgrades in performance, photography, and display technology. The new 6.3” Actua display now reaches a dazzling 3000 nits peak brightness, a big jump from the Pixel 9 (2700 nits), making it easy to see your screen in bright sunlight. Under the hood, the Google Tensor G5 delivers faster performance, improved energy efficiency, and sharper AI-powered features compared to the Pixel 9’s Tensor G4. The Pixel 10 delivers a precision-engineered photography experience with a 48MP Quad PD wide camera and 10.8 MP telephoto lens. You’ll also get a slightly larger 4970 mAh battery and Pixelsnap wireless charging, so you can power through your day more easily.",,,,,,,,,,,SPECIFICATION,Google AI & Gemini,GOOGLE AI & GEMINI,SPECIFICATION,"4,970 mAh battery","4,970 MAH BATTERY",SPECIFICATION,6.3 Inch OLED screen,6.3 INCH OLED SCREEN,SPECIFICATION,eSIM compatible,ESIM COMPATIBLE,SPECIFICATION,Connectivity,Bluetooth: Y | GPS: Y | Wi Fi: Y | NFC: Y | 5G Ready: Y | SIM Type: Dual SIM (with eSIM),SPECIFICATION,Display & User Interface,IP68: Y | Ai: Y,SPECIFICATION,Technical,Dimensions: 152.83mm X 71.98mm X 8.59mm | Weight: 204g | Display Size: 6.3 inch | Battery Size: 4970mAh,SPECIFICATION,Standard Features,Face Recognition: Y | Voice Recognition: Y,SPECIFICATION,Memory,Internal memory: 128GB | Expandable memory: No,SPECIFICATION,Key Features,"1.: Google AI & Gemini: Boost your creativity, simplify tasks and control apps with ease. | 2.: 4,970 mAh battery: Lasts all day, letting you power through from the morning to bedtime. | 3.: 6.3"" OLED screen: Stream shows with an awesome view that goes wherever you do. | 4.: Google Tensor G5 processor: Most powerful Pixel chip ever, providing rapid performance. | 5.: 48 MP triple camera system: Capture stunning photos and videos in almost any light. | 6.: IP68 rating: Water and dust resistant for everyday peace of mind.",SPECIFICATION,Phone Type,AI: Y | 5G: Y,,,,,,,,,,,,,,,,,,,,,,,,,,,
idmobile,2025-09-17,,https://www.idmobile.co.uk/shop/sim-free/google-pixel-10-256gb-lemongrass,PX10256GB3,Google Pixel 10 256GB Lemongrass,Google,,0,0,0,0.0,,0,0.0,N,0.0,899.00,,,,,sim-free,,,,,,,Lemongrass,256GB,,,shop,pay-monthly,google-pixel-10,,,,,https://media.secure-mobiles.com/product-images/google-pixel-10-256gb-lemongrass.idm_main_product1.centre.png,https://media.secure-mobiles.com/product-images/PX10256GB3.1.idm_main_product1.centre.png,https://media.secure-mobiles.com/product-images/PX10256GB3.2.idm_main_product1.centre.png,https://media.secure-mobiles.com/product-images/PX10256GB3.3.idm_main_product1.centre.png,https://media.secure-mobiles.com/product-images/PX10256GB3.4.idm_main_product1.centre.png,"Experience the next level in the Pixel series with the Google Pixel 10. It takes everything people loved about the Pixel 9 and pushes it further with major upgrades in performance, photography, and display technology. The new 6.3” Actua display now reaches a dazzling 3000 nits peak brightness, a big jump from the Pixel 9 (2700 nits), making it easy to see your screen in bright sunlight. Under the hood, the Google Tensor G5 delivers faster performance, improved energy efficiency, and sharper AI-powered features compared to the Pixel 9’s Tensor G4. The Pixel 10 delivers a precision-engineered photography experience with a 48MP Quad PD wide camera and 10.8 MP telephoto lens. You’ll also get a slightly larger 4970 mAh battery and Pixelsnap wireless charging, so you can power through your day more easily.",,,,,,,,,,,SPECIFICATION,Google AI & Gemini,GOOGLE AI & GEMINI,SPECIFICATION,"4,970 mAh battery","4,970 MAH BATTERY",SPECIFICATION,6.3 Inch OLED screen,6.3 INCH OLED SCREEN,SPECIFICATION,eSIM compatible,ESIM COMPATIBLE,SPECIFICATION,Connectivity,Bluetooth: Y | GPS: Y | Wi Fi: Y | NFC: Y | 5G Ready: Y | SIM Type: Dual SIM (with eSIM),SPECIFICATION,Display & User Interface,IP68: Y | Ai: Y,SPECIFICATION,Technical,Dimensions: 152.83mm X 71.98mm X 8.59mm | Weight: 204g | Display Size: 6.3 inch | Battery Size: 4970mAh,SPECIFICATION,Standard Features,Face Recognition: Y | Voice Recognition: Y,SPECIFICATION,Memory,Internal memory: 128GB | Expandable memory: No,SPECIFICATION,Key Features,"1.: Google AI & Gemini: Boost your creativity, simplify tasks and control apps with ease. | 2.: 4,970 mAh battery: Lasts all day, letting you power through from the morning to bedtime. | 3.: 6.3"" OLED screen: Stream shows with an awesome view that goes wherever you do. | 4.: Google Tensor G5 processor: Most powerful Pixel chip ever, providing rapid performance. | 5.: 48 MP triple camera system: Capture stunning photos and videos in almost any light. | 6.: IP68 rating: Water and dust resistant for everyday peace of mind.",SPECIFICATION,Phone Type,AI: Y | 5G: Y,,,,,,,,,,,,,,,,,,,,,,,,,,,
idmobile,2025-09-17,,https://www.idmobile.co.uk/shop/pay-monthly/google-pixel-10-128gb-obsidian,PX10128GB1,Google Pixel 10 128GB Obsidian,Google,,129.00,26.99,24,26.99,plan of  10GBdata,24,776.76,N,776.76,,,,,,Contract,10GBdata,,28.49,29.99,,10GBdata | 24 | 24-month plan | Unlimitedminutes | Unlimitedtexts,Obsidian,New,,0840353926905,shop,pay-monthly,google-pixel-10,,,,,https://media.secure-mobiles.com/product-images/google-pixel-10-128gb-obsidian.idm_main_product1.centre.png,https://media.secure-mobiles.com/product-images/PX10128GB1.1.idm_main_product1.centre.png,https://media.secure-mobiles.com/product-images/PX10128GB1.2.idm_main_product1.centre.png,https://media.secure-mobiles.com/product-images/PX10128GB1.3.idm_main_product1.centre.png,https://media.secure-mobiles.com/product-images/PX10128GB1.4.idm_main_product1.centre.png,"Experience the next level in the Pixel series with the Google Pixel 10. It takes everything people loved about the Pixel 9 and pushes it further with major upgrades in performance, photography, and display technology. The new 6.3” Actua display now reaches a dazzling 3000 nits peak brightness, a big jump from the Pixel 9 (2700 nits), making it easy to see your screen in bright sunlight. Under the hood, the Google Tensor G5 delivers faster performance, improved energy efficiency, and sharper AI-powered features compared to the Pixel 9’s Tensor G4. The Pixel 10 delivers a precision-engineered photography experience with a 48MP Quad PD wide camera and 10.8 MP telephoto lens. You’ll also get a slightly larger 4970 mAh battery and Pixelsnap wireless charging, so you can power through your day more easily.",,,,,,,,,,,SPECIFICATION,Google AI & Gemini,GOOGLE AI & GEMINI,SPECIFICATION,"4,970 mAh battery","4,970 MAH BATTERY",SPECIFICATION,6.3 Inch OLED screen,6.3 INCH OLED SCREEN,SPECIFICATION,eSIM compatible,ESIM COMPATIBLE,SPECIFICATION,Connectivity,Bluetooth: Y | GPS: Y | Wi Fi: Y | NFC: Y | 5G Ready: Y | SIM Type: Dual SIM (with eSIM),SPECIFICATION,Display & User Interface,IP68: Y | Ai: Y,SPECIFICATION,Technical,Dimensions: 152.83mm X 71.98mm X 8.59mm | Weight: 204g | Display Size: 6.3 inch | Battery Size: 4970mAh,SPECIFICATION,Standard Features,Face Recognition: Y | Voice Recognition: Y,SPECIFICATION,Memory,Internal memory: 128GB | Expandable memory: No,SPECIFICATION,Key Features,"1.: Google AI & Gemini: Boost your creativity, simplify tasks and control apps with ease. | 2.: 4,970 mAh battery: Lasts all day, letting you power through from the morning to bedtime. | 3.: 6.3"" OLED screen: Stream shows with an awesome view that goes wherever you do. | 4.: Google Tensor G5 processor: Most powerful Pixel chip ever, providing rapid performance. | 5.: 48 MP triple camera system: Capture stunning photos and videos in almost any light. | 6.: IP68 rating: Water and dust resistant for everyday peace of mind.",SPECIFICATION,Phone Type,AI: Y | 5G: Y,,,,,,,,,,,,,,,,,,,,,,,,,,,
idmobile,2025-09-17,,https://www.idmobile.co.uk/shop/pay-monthly/google-pixel-10-128gb-obsidian,PX10128GB1,Google Pixel 10 128GB Obsidian,Google,,29.00,31.99,24,31.99,plan of  10GBdata,24,796.76,N,796.76,,,,,,Contract,10GBdata,,33.49,34.99,,10GBdata | 24 | 24-month plan | Unlimitedminutes | Unlimitedtexts,Obsidian,New,,0840353926905,shop,pay-monthly,google-pixel-10,,,,,https://media.secure-mobiles.com/product-images/google-pixel-10-128gb-obsidian.idm_main_product1.centre.png,https://media.secure-mobiles.com/product-images/PX10128GB1.1.idm_main_product1.centre.png,https://media.secure-mobiles.com/product-images/PX10128GB1.2.idm_main_product1.centre.png,https://media.secure-mobiles.com/product-images/PX10128GB1.3.idm_main_product1.centre.png,https://media.secure-mobiles.com/product-images/PX10128GB1.4.idm_main_product1.centre.png,"Experience the next level in the Pixel series with the Google Pixel 10. It takes everything people loved about the Pixel 9 and pushes it further with major upgrades in performance, photography, and display technology. The new 6.3” Actua display now reaches a dazzling 3000 nits peak brightness, a big jump from the Pixel 9 (2700 nits), making it easy to see your screen in bright sunlight. Under the hood, the Google Tensor G5 delivers faster performance, improved energy efficiency, and sharper AI-powered features compared to the Pixel 9’s Tensor G4. The Pixel 10 delivers a precision-engineered photography experience with a 48MP Quad PD wide camera and 10.8 MP telephoto lens. You’ll also get a slightly larger 4970 mAh battery and Pixelsnap wireless charging, so you can power through your day more easily.",,,,,,,,,,,SPECIFICATION,Google AI & Gemini,GOOGLE AI & GEMINI,SPECIFICATION,"4,970 mAh battery","4,970 MAH BATTERY",SPECIFICATION,6.3 Inch OLED screen,6.3 INCH OLED SCREEN,SPECIFICATION,eSIM compatible,ESIM COMPATIBLE,SPECIFICATION,Connectivity,Bluetooth: Y | GPS: Y | Wi Fi: Y | NFC: Y | 5G Ready: Y | SIM Type: Dual SIM (with eSIM),SPECIFICATION,Display & User Interface,IP68: Y | Ai: Y,SPECIFICATION,Technical,Dimensions: 152.83mm X 71.98mm X 8.59mm | Weight: 204g | Display Size: 6.3 inch | Battery Size: 4970mAh,SPECIFICATION,Standard Features,Face Recognition: Y | Voice Recognition: Y,SPECIFICATION,Memory,Internal memory: 128GB | Expandable memory: No,SPECIFICATION,Key Features,"1.: Google AI & Gemini: Boost your creativity, simplify tasks and control apps with ease. | 2.: 4,970 mAh battery: Lasts all day, letting you power through from the morning to bedtime. | 3.: 6.3"" OLED screen: Stream shows with an awesome view that goes wherever you do. | 4.: Google Tensor G5 processor: Most powerful Pixel chip ever, providing rapid performance. | 5.: 48 MP triple camera system: Capture stunning photos and videos in almost any light. | 6.: IP68 rating: Water and dust resistant for everyday peace of mind.",SPECIFICATION,Phone Type,AI: Y | 5G: Y,,,,,,,,,,,,,,,,,,,,,,,,,,,
idmobile,2025-09-17,,https://www.idmobile.co.uk/shop/pay-monthly/google-pixel-10-128gb-obsidian,PX10128GB1,Google Pixel 10 128GB Obsidian,Google,,119.00,27.99,24,27.99,plan of  50GBdata,24,790.76,N,790.76,,,,,,Contract,50GBdata,,29.49,30.99,,50GBdata | 24 | 24-month plan | Unlimitedminutes | Unlimitedtexts,Obsidian,New,,0840353926905,shop,pay-monthly,google-pixel-10,,,,,https://media.secure-mobiles.com/product-images/google-pixel-10-128gb-obsidian.idm_main_product1.centre.png,https://media.secure-mobiles.com/product-images/PX10128GB1.1.idm_main_product1.centre.png,https://media.secure-mobiles.com/product-images/PX10128GB1.2.idm_main_product1.centre.png,https://media.secure-mobiles.com/product-images/PX10128GB1.3.idm_main_product1.centre.png,https://media.secure-mobiles.com/product-images/PX10128GB1.4.idm_main_product1.centre.png,"Experience the next level in the Pixel series with the Google Pixel 10. It takes everything people loved about the Pixel 9 and pushes it further with major upgrades in performance, photography, and display technology. The new 6.3” Actua display now reaches a dazzling 3000 nits peak brightness, a big jump from the Pixel 9 (2700 nits), making it easy to see your screen in bright sunlight. Under the hood, the Google Tensor G5 delivers faster performance, improved energy efficiency, and sharper AI-powered features compared to the Pixel 9’s Tensor G4. The Pixel 10 delivers a precision-engineered photography experience with a 48MP Quad PD wide camera and 10.8 MP telephoto lens. You’ll also get a slightly larger 4970 mAh battery and Pixelsnap wireless charging, so you can power through your day more easily.",,,,,,,,,,,SPECIFICATION,Google AI & Gemini,GOOGLE AI & GEMINI,SPECIFICATION,"4,970 mAh battery","4,970 MAH BATTERY",SPECIFICATION,6.3 Inch OLED screen,6.3 INCH OLED SCREEN,SPECIFICATION,eSIM compatible,ESIM COMPATIBLE,SPECIFICATION,Connectivity,Bluetooth: Y | GPS: Y | Wi Fi: Y | NFC: Y | 5G Ready: Y | SIM Type: Dual SIM (with eSIM),SPECIFICATION,Display & User Interface,IP68: Y | Ai: Y,SPECIFICATION,Technical,Dimensions: 152.83mm X 71.98mm X 8.59mm | Weight: 204g | Display Size: 6.3 inch | Battery Size: 4970mAh,SPECIFICATION,Standard Features,Face Recognition: Y | Voice Recognition: Y,SPECIFICATION,Memory,Internal memory: 128GB | Expandable memory: No,SPECIFICATION,Key Features,"1.: Google AI & Gemini: Boost your creativity, simplify tasks and control apps with ease. | 2.: 4,970 mAh battery: Lasts all day, letting you power through from the morning to bedtime. | 3.: 6.3"" OLED screen: Stream shows with an awesome view that goes wherever you do. | 4.: Google Tensor G5 processor: Most powerful Pixel chip ever, providing rapid performance. | 5.: 48 MP triple camera system: Capture stunning photos and videos in almost any light. | 6.: IP68 rating: Water and dust resistant for everyday peace of mind.",SPECIFICATION,Phone Type,AI: Y | 5G: Y,,,,,,,,,,,,,,,,,,,,,,,,,,,
idmobile,2025-09-17,,https://www.idmobile.co.uk/shop/pay-monthly/google-pixel-10-128gb-obsidian,PX10128GB1,Google Pixel 10 128GB Obsidian,Google,,19.00,32.99,24,32.99,plan of  50GBdata,24,810.76,N,810.76,,,,,,Contract,50GBdata,,34.49,35.99,,50GBdata | 24 | 24-month plan | Unlimitedminutes | Unlimitedtexts,Obsidian,New,,0840353926905,shop,pay-monthly,google-pixel-10,,,,,https://media.secure-mobiles.com/product-images/google-pixel-10-128gb-obsidian.idm_main_product1.centre.png,https://media.secure-mobiles.com/product-images/PX10128GB1.1.idm_main_product1.centre.png,https://media.secure-mobiles.com/product-images/PX10128GB1.2.idm_main_product1.centre.png,https://media.secure-mobiles.com/product-images/PX10128GB1.3.idm_main_product1.centre.png,https://media.secure-mobiles.com/product-images/PX10128GB1.4.idm_main_product1.centre.png,"Experience the next level in the Pixel series with the Google Pixel 10. It takes everything people loved about the Pixel 9 and pushes it further with major upgrades in performance, photography, and display technology. The new 6.3” Actua display now reaches a dazzling 3000 nits peak brightness, a big jump from the Pixel 9 (2700 nits), making it easy to see your screen in bright sunlight. Under the hood, the Google Tensor G5 delivers faster performance, improved energy efficiency, and sharper AI-powered features compared to the Pixel 9’s Tensor G4. The Pixel 10 delivers a precision-engineered photography experience with a 48MP Quad PD wide camera and 10.8 MP telephoto lens. You’ll also get a slightly larger 4970 mAh battery and Pixelsnap wireless charging, so you can power through your day more easily.",,,,,,,,,,,SPECIFICATION,Google AI & Gemini,GOOGLE AI & GEMINI,SPECIFICATION,"4,970 mAh battery","4,970 MAH BATTERY",SPECIFICATION,6.3 Inch OLED screen,6.3 INCH OLED SCREEN,SPECIFICATION,eSIM compatible,ESIM COMPATIBLE,SPECIFICATION,Connectivity,Bluetooth: Y | GPS: Y | Wi Fi: Y | NFC: Y | 5G Ready: Y | SIM Type: Dual SIM (with eSIM),SPECIFICATION,Display & User Interface,IP68: Y | Ai: Y,SPECIFICATION,Technical,Dimensions: 152.83mm X 71.98mm X 8.59mm | Weight: 204g | Display Size: 6.3 inch | Battery Size: 4970mAh,SPECIFICATION,Standard Features,Face Recognition: Y | Voice Recognition: Y,SPECIFICATION,Memory,Internal memory: 128GB | Expandable memory: No,SPECIFICATION,Key Features,"1.: Google AI & Gemini: Boost your creativity, simplify tasks and control apps with ease. | 2.: 4,970 mAh battery: Lasts all day, letting you power through from the morning to bedtime. | 3.: 6.3"" OLED screen: Stream shows with an awesome view that goes wherever you do. | 4.: Google Tensor G5 processor: Most powerful Pixel chip ever, providing rapid performance. | 5.: 48 MP triple camera system: Capture stunning photos and videos in almost any light. | 6.: IP68 rating: Water and dust resistant for everyday peace of mind.",SPECIFICATION,Phone Type,AI: Y | 5G: Y,,,,,,,,,,,,,,,,,,,,,,,,,,,
idmobile,2025-09-17,,https://www.idmobile.co.uk/shop/pay-monthly/google-pixel-10-128gb-obsidian,PX10128GB1,Google Pixel 10 128GB Obsidian,Google,,109.00,28.99,24,28.99,plan of  100GBdata,24,804.76,N,804.76,,,,,,Contract,100GBdata,,30.49,31.99,,100GBdata | 24 | 24-month plan | Unlimitedminutes | Unlimitedtexts,Obsidian,New,,0840353926905,shop,pay-monthly,google-pixel-10,,,,,https://media.secure-mobiles.com/product-images/google-pixel-10-128gb-obsidian.idm_main_product1.centre.png,https://media.secure-mobiles.com/product-images/PX10128GB1.1.idm_main_product1.centre.png,https://media.secure-mobiles.com/product-images/PX10128GB1.2.idm_main_product1.centre.png,https://media.secure-mobiles.com/product-images/PX10128GB1.3.idm_main_product1.centre.png,https://media.secure-mobiles.com/product-images/PX10128GB1.4.idm_main_product1.centre.png,"Experience the next level in the Pixel series with the Google Pixel 10. It takes everything people loved about the Pixel 9 and pushes it further with major upgrades in performance, photography, and display technology. The new 6.3” Actua display now reaches a dazzling 3000 nits peak brightness, a big jump from the Pixel 9 (2700 nits), making it easy to see your screen in bright sunlight. Under the hood, the Google Tensor G5 delivers faster performance, improved energy efficiency, and sharper AI-powered features compared to the Pixel 9’s Tensor G4. The Pixel 10 delivers a precision-engineered photography experience with a 48MP Quad PD wide camera and 10.8 MP telephoto lens. You’ll also get a slightly larger 4970 mAh battery and Pixelsnap wireless charging, so you can power through your day more easily.",,,,,,,,,,,SPECIFICATION,Google AI & Gemini,GOOGLE AI & GEMINI,SPECIFICATION,"4,970 mAh battery","4,970 MAH BATTERY",SPECIFICATION,6.3 Inch OLED screen,6.3 INCH OLED SCREEN,SPECIFICATION,eSIM compatible,ESIM COMPATIBLE,SPECIFICATION,Connectivity,Bluetooth: Y | GPS: Y | Wi Fi: Y | NFC: Y | 5G Ready: Y | SIM Type: Dual SIM (with eSIM),SPECIFICATION,Display & User Interface,IP68: Y | Ai: Y,SPECIFICATION,Technical,Dimensions: 152.83mm X 71.98mm X 8.59mm | Weight: 204g | Display Size: 6.3 inch | Battery Size: 4970mAh,SPECIFICATION,Standard Features,Face Recognition: Y | Voice Recognition: Y,SPECIFICATION,Memory,Internal memory: 128GB | Expandable memory: No,SPECIFICATION,Key Features,"1.: Google AI & Gemini: Boost your creativity, simplify tasks and control apps with ease. | 2.: 4,970 mAh battery: Lasts all day, letting you power through from the morning to bedtime. | 3.: 6.3"" OLED screen: Stream shows with an awesome view that goes wherever you do. | 4.: Google Tensor G5 processor: Most powerful Pixel chip ever, providing rapid performance. | 5.: 48 MP triple camera system: Capture stunning photos and videos in almost any light. | 6.: IP68 rating: Water and dust resistant for everyday peace of mind.",SPECIFICATION,Phone Type,AI: Y | 5G: Y,,,,,,,,,,,,,,,,,,,,,,,,,,,
idmobile,2025-09-17,,https://www.idmobile.co.uk/shop/pay-monthly/google-pixel-10-128gb-obsidian,PX10128GB1,Google Pixel 10 128GB Obsidian,Google,,9.00,33.99,24,33.99,plan of  100GBdata,24,824.76,N,824.76,,,,,,Contract,100GBdata,,35.49,36.99,,100GBdata | 24 | 24-month plan | Unlimitedminutes | Unlimitedtexts,Obsidian,New,,0840353926905,shop,pay-monthly,google-pixel-10,,,,,https://media.secure-mobiles.com/product-images/google-pixel-10-128gb-obsidian.idm_main_product1.centre.png,https://media.secure-mobiles.com/product-images/PX10128GB1.1.idm_main_product1.centre.png,https://media.secure-mobiles.com/product-images/PX10128GB1.2.idm_main_product1.centre.png,https://media.secure-mobiles.com/product-images/PX10128GB1.3.idm_main_product1.centre.png,https://media.secure-mobiles.com/product-images/PX10128GB1.4.idm_main_product1.centre.png,"Experience the next level in the Pixel series with the Google Pixel 10. It takes everything people loved about the Pixel 9 and pushes it further with major upgrades in performance, photography, and display technology. The new 6.3” Actua display now reaches a dazzling 3000 nits peak brightness, a big jump from the Pixel 9 (2700 nits), making it easy to see your screen in bright sunlight. Under the hood, the Google Tensor G5 delivers faster performance, improved energy efficiency, and sharper AI-powered features compared to the Pixel 9’s Tensor G4. The Pixel 10 delivers a precision-engineered photography experience with a 48MP Quad PD wide camera and 10.8 MP telephoto lens. You’ll also get a slightly larger 4970 mAh battery and Pixelsnap wireless charging, so you can power through your day more easily.",,,,,,,,,,,SPECIFICATION,Google AI & Gemini,GOOGLE AI & GEMINI,SPECIFICATION,"4,970 mAh battery","4,970 MAH BATTERY",SPECIFICATION,6.3 Inch OLED screen,6.3 INCH OLED SCREEN,SPECIFICATION,eSIM compatible,ESIM COMPATIBLE,SPECIFICATION,Connectivity,Bluetooth: Y | GPS: Y | Wi Fi: Y | NFC: Y | 5G Ready: Y | SIM Type: Dual SIM (with eSIM),SPECIFICATION,Display & User Interface,IP68: Y | Ai: Y,SPECIFICATION,Technical,Dimensions: 152.83mm X 71.98mm X 8.59mm | Weight: 204g | Display Size: 6.3 inch | Battery Size: 4970mAh,SPECIFICATION,Standard Features,Face Recognition: Y | Voice Recognition: Y,SPECIFICATION,Memory,Internal memory: 128GB | Expandable memory: No,SPECIFICATION,Key Features,"1.: Google AI & Gemini: Boost your creativity, simplify tasks and control apps with ease. | 2.: 4,970 mAh battery: Lasts all day, letting you power through from the morning to bedtime. | 3.: 6.3"" OLED screen: Stream shows with an awesome view that goes wherever you do. | 4.: Google Tensor G5 processor: Most powerful Pixel chip ever, providing rapid performance. | 5.: 48 MP triple camera system: Capture stunning photos and videos in almost any light. | 6.: IP68 rating: Water and dust resistant for everyday peace of mind.",SPECIFICATION,Phone Type,AI: Y | 5G: Y,,,,,,,,,,,,,,,,,,,,,,,,,,,
idmobile,2025-09-17,,https://www.idmobile.co.uk/shop/pay-monthly/google-pixel-10-128gb-obsidian,PX10128GB1,Google Pixel 10 128GB Obsidian,Google,,99.00,29.99,24,29.99,plan of  Unlimiteddata,24,818.76,N,818.76,,,,,,Contract,Unlimiteddata,,31.49,32.99,,Unlimiteddata | 24 | 24-month plan | Unlimitedminutes | Unlimitedtexts,Obsidian,New,,0840353926905,shop,pay-monthly,google-pixel-10,,,,,https://media.secure-mobiles.com/product-images/google-pixel-10-128gb-obsidian.idm_main_product1.centre.png,https://media.secure-mobiles.com/product-images/PX10128GB1.1.idm_main_product1.centre.png,https://media.secure-mobiles.com/product-images/PX10128GB1.2.idm_main_product1.centre.png,https://media.secure-mobiles.com/product-images/PX10128GB1.3.idm_main_product1.centre.png,https://media.secure-mobiles.com/product-images/PX10128GB1.4.idm_main_product1.centre.png,"Experience the next level in the Pixel series with the Google Pixel 10. It takes everything people loved about the Pixel 9 and pushes it further with major upgrades in performance, photography, and display technology. The new 6.3” Actua display now reaches a dazzling 3000 nits peak brightness, a big jump from the Pixel 9 (2700 nits), making it easy to see your screen in bright sunlight. Under the hood, the Google Tensor G5 delivers faster performance, improved energy efficiency, and sharper AI-powered features compared to the Pixel 9’s Tensor G4. The Pixel 10 delivers a precision-engineered photography experience with a 48MP Quad PD wide camera and 10.8 MP telephoto lens. You’ll also get a slightly larger 4970 mAh battery and Pixelsnap wireless charging, so you can power through your day more easily.",,,,,,,,,,,SPECIFICATION,Google AI & Gemini,GOOGLE AI & GEMINI,SPECIFICATION,"4,970 mAh battery","4,970 MAH BATTERY",SPECIFICATION,6.3 Inch OLED screen,6.3 INCH OLED SCREEN,SPECIFICATION,eSIM compatible,ESIM COMPATIBLE,SPECIFICATION,Connectivity,Bluetooth: Y | GPS: Y | Wi Fi: Y | NFC: Y | 5G Ready: Y | SIM Type: Dual SIM (with eSIM),SPECIFICATION,Display & User Interface,IP68: Y | Ai: Y,SPECIFICATION,Technical,Dimensions: 152.83mm X 71.98mm X 8.59mm | Weight: 204g | Display Size: 6.3 inch | Battery Size: 4970mAh,SPECIFICATION,Standard Features,Face Recognition: Y | Voice Recognition: Y,SPECIFICATION,Memory,Internal memory: 128GB | Expandable memory: No,SPECIFICATION,Key Features,"1.: Google AI & Gemini: Boost your creativity, simplify tasks and control apps with ease. | 2.: 4,970 mAh battery: Lasts all day, letting you power through from the morning to bedtime. | 3.: 6.3"" OLED screen: Stream shows with an awesome view that goes wherever you do. | 4.: Google Tensor G5 processor: Most powerful Pixel chip ever, providing rapid performance. | 5.: 48 MP triple camera system: Capture stunning photos and videos in almost any light. | 6.: IP68 rating: Water and dust resistant for everyday peace of mind.",SPECIFICATION,Phone Type,AI: Y | 5G: Y,,,,,,,,,,,,,,,,,,,,,,,,,,,
idmobile,2025-09-17,,https://www.idmobile.co.uk/shop/pay-monthly/google-pixel-10-128gb-obsidian,PX10128GB1,Google Pixel 10 128GB Obsidian,Google,,9.00,34.99,24,34.99,plan of  Unlimiteddata,24,848.76,N,848.76,,,,,,Contract,Unlimiteddata,,36.49,37.99,,Unlimiteddata | 24 | 24-month plan | Unlimitedminutes | Unlimitedtexts,Obsidian,New,,0840353926905,shop,pay-monthly,google-pixel-10,,,,,https://media.secure-mobiles.com/product-images/google-pixel-10-128gb-obsidian.idm_main_product1.centre.png,https://media.secure-mobiles.com/product-images/PX10128GB1.1.idm_main_product1.centre.png,https://media.secure-mobiles.com/product-images/PX10128GB1.2.idm_main_product1.centre.png,https://media.secure-mobiles.com/product-images/PX10128GB1.3.idm_main_product1.centre.png,https://media.secure-mobiles.com/product-images/PX10128GB1.4.idm_main_product1.centre.png,"Experience the next level in the Pixel series with the Google Pixel 10. It takes everything people loved about the Pixel 9 and pushes it further with major upgrades in performance, photography, and display technology. The new 6.3” Actua display now reaches a dazzling 3000 nits peak brightness, a big jump from the Pixel 9 (2700 nits), making it easy to see your screen in bright sunlight. Under the hood, the Google Tensor G5 delivers faster performance, improved energy efficiency, and sharper AI-powered features compared to the Pixel 9’s Tensor G4. The Pixel 10 delivers a precision-engineered photography experience with a 48MP Quad PD wide camera and 10.8 MP telephoto lens. You’ll also get a slightly larger 4970 mAh battery and Pixelsnap wireless charging, so you can power through your day more easily.",,,,,,,,,,,SPECIFICATION,Google AI & Gemini,GOOGLE AI & GEMINI,SPECIFICATION,"4,970 mAh battery","4,970 MAH BATTERY",SPECIFICATION,6.3 Inch OLED screen,6.3 INCH OLED SCREEN,SPECIFICATION,eSIM compatible,ESIM COMPATIBLE,SPECIFICATION,Connectivity,Bluetooth: Y | GPS: Y | Wi Fi: Y | NFC: Y | 5G Ready: Y | SIM Type: Dual SIM (with eSIM),SPECIFICATION,Display & User Interface,IP68: Y | Ai: Y,SPECIFICATION,Technical,Dimensions: 152.83mm X 71.98mm X 8.59mm | Weight: 204g | Display Size: 6.3 inch | Battery Size: 4970mAh,SPECIFICATION,Standard Features,Face Recognition: Y | Voice Recognition: Y,SPECIFICATION,Memory,Internal memory: 128GB | Expandable memory: No,SPECIFICATION,Key Features,"1.: Google AI & Gemini: Boost your creativity, simplify tasks and control apps with ease. | 2.: 4,970 mAh battery: Lasts all day, letting you power through from the morning to bedtime. | 3.: 6.3"" OLED screen: Stream shows with an awesome view that goes wherever you do. | 4.: Google Tensor G5 processor: Most powerful Pixel chip ever, providing rapid performance. | 5.: 48 MP triple camera system: Capture stunning photos and videos in almost any light. | 6.: IP68 rating: Water and dust resistant for everyday peace of mind.",SPECIFICATION,Phone Type,AI: Y | 5G: Y,,,,,,,,,,,,,,,,,,,,,,,,,,,
idmobile,2025-09-17,,https://www.idmobile.co.uk/shop/pay-monthly/google-pixel-10-128gb-indigo,PX10128GB4,Google Pixel 10 128GB Indigo,Google,,129.00,26.99,24,26.99,plan of  10GBdata,24,776.76,N,776.76,,,,,,Contract,10GBdata,,28.49,29.99,,10GBdata | 24 | 24-month plan | Unlimitedminutes | Unlimitedtexts,Indigo,New,,0840353926981,shop,pay-monthly,google-pixel-10,,,,,https://media.secure-mobiles.com/product-images/google-pixel-10-128gb-indigo.idm_main_product1.centre.png,https://media.secure-mobiles.com/product-images/PX10128GB4.1.idm_main_product1.centre.png,https://media.secure-mobiles.com/product-images/PX10128GB4.2.idm_main_product1.centre.png,https://media.secure-mobiles.com/product-images/PX10128GB4.3.idm_main_product1.centre.png,https://media.secure-mobiles.com/product-images/PX10128GB4.4.idm_main_product1.centre.png,"Experience the next level in the Pixel series with the Google Pixel 10. It takes everything people loved about the Pixel 9 and pushes it further with major upgrades in performance, photography, and display technology. The new 6.3” Actua display now reaches a dazzling 3000 nits peak brightness, a big jump from the Pixel 9 (2700 nits), making it easy to see your screen in bright sunlight. Under the hood, the Google Tensor G5 delivers faster performance, improved energy efficiency, and sharper AI-powered features compared to the Pixel 9’s Tensor G4. The Pixel 10 delivers a precision-engineered photography experience with a 48MP Quad PD wide camera and 10.8 MP telephoto lens. You’ll also get a slightly larger 4970 mAh battery and Pixelsnap wireless charging, so you can power through your day more easily.",,,,,,,,,,,SPECIFICATION,Google AI & Gemini,GOOGLE AI & GEMINI,SPECIFICATION,"4,970 mAh battery","4,970 MAH BATTERY",SPECIFICATION,6.3 Inch OLED screen,6.3 INCH OLED SCREEN,SPECIFICATION,eSIM compatible,ESIM COMPATIBLE,SPECIFICATION,Connectivity,Bluetooth: Y | GPS: Y | Wi Fi: Y | NFC: Y | 5G Ready: Y | SIM Type: Dual SIM (with eSIM),SPECIFICATION,Display & User Interface,IP68: Y | Ai: Y,SPECIFICATION,Technical,Dimensions: 152.83mm X 71.98mm X 8.59mm | Weight: 204g | Display Size: 6.3 inch | Battery Size: 4970mAh,SPECIFICATION,Standard Features,Face Recognition: Y | Voice Recognition: Y,SPECIFICATION,Memory,Internal memory: 128GB | Expandable memory: No,SPECIFICATION,Key Features,"1.: Google AI & Gemini: Boost your creativity, simplify tasks and control apps with ease. | 2.: 4,970 mAh battery: Lasts all day, letting you power through from the morning to bedtime. | 3.: 6.3"" OLED screen: Stream shows with an awesome view that goes wherever you do. | 4.: Google Tensor G5 processor: Most powerful Pixel chip ever, providing rapid performance. | 5.: 48 MP triple camera system: Capture stunning photos and videos in almost any light. | 6.: IP68 rating: Water and dust resistant for everyday peace of mind.",SPECIFICATION,Phone Type,AI: Y | 5G: Y,,,,,,,,,,,,,,,,,,,,,,,,,,,
idmobile,2025-09-17,,https://www.idmobile.co.uk/shop/pay-monthly/google-pixel-10-128gb-indigo,PX10128GB4,Google Pixel 10 128GB Indigo,Google,,29.00,31.99,24,31.99,plan of  10GBdata,24,796.76,N,796.76,,,,,,Contract,10GBdata,,33.49,34.99,,10GBdata | 24 | 24-month plan | Unlimitedminutes | Unlimitedtexts,Indigo,New,,0840353926981,shop,pay-monthly,google-pixel-10,,,,,https://media.secure-mobiles.com/product-images/google-pixel-10-128gb-indigo.idm_main_product1.centre.png,https://media.secure-mobiles.com/product-images/PX10128GB4.1.idm_main_product1.centre.png,https://media.secure-mobiles.com/product-images/PX10128GB4.2.idm_main_product1.centre.png,https://media.secure-mobiles.com/product-images/PX10128GB4.3.idm_main_product1.centre.png,https://media.secure-mobiles.com/product-images/PX10128GB4.4.idm_main_product1.centre.png,"Experience the next level in the Pixel series with the Google Pixel 10. It takes everything people loved about the Pixel 9 and pushes it further with major upgrades in performance, photography, and display technology. The new 6.3” Actua display now reaches a dazzling 3000 nits peak brightness, a big jump from the Pixel 9 (2700 nits), making it easy to see your screen in bright sunlight. Under the hood, the Google Tensor G5 delivers faster performance, improved energy efficiency, and sharper AI-powered features compared to the Pixel 9’s Tensor G4. The Pixel 10 delivers a precision-engineered photography experience with a 48MP Quad PD wide camera and 10.8 MP telephoto lens. You’ll also get a slightly larger 4970 mAh battery and Pixelsnap wireless charging, so you can power through your day more easily.",,,,,,,,,,,SPECIFICATION,Google AI & Gemini,GOOGLE AI & GEMINI,SPECIFICATION,"4,970 mAh battery","4,970 MAH BATTERY",SPECIFICATION,6.3 Inch OLED screen,6.3 INCH OLED SCREEN,SPECIFICATION,eSIM compatible,ESIM COMPATIBLE,SPECIFICATION,Connectivity,Bluetooth: Y | GPS: Y | Wi Fi: Y | NFC: Y | 5G Ready: Y | SIM Type: Dual SIM (with eSIM),SPECIFICATION,Display & User Interface,IP68: Y | Ai: Y,SPECIFICATION,Technical,Dimensions: 152.83mm X 71.98mm X 8.59mm | Weight: 204g | Display Size: 6.3 inch | Battery Size: 4970mAh,SPECIFICATION,Standard Features,Face Recognition: Y | Voice Recognition: Y,SPECIFICATION,Memory,Internal memory: 128GB | Expandable memory: No,SPECIFICATION,Key Features,"1.: Google AI & Gemini: Boost your creativity, simplify tasks and control apps with ease. | 2.: 4,970 mAh battery: Lasts all day, letting you power through from the morning to bedtime. | 3.: 6.3"" OLED screen: Stream shows with an awesome view that goes wherever you do. | 4.: Google Tensor G5 processor: Most powerful Pixel chip ever, providing rapid performance. | 5.: 48 MP triple camera system: Capture stunning photos and videos in almost any light. | 6.: IP68 rating: Water and dust resistant for everyday peace of mind.",SPECIFICATION,Phone Type,AI: Y | 5G: Y,,,,,,,,,,,,,,,,,,,,,,,,,,,
idmobile,2025-09-17,,https://www.idmobile.co.uk/shop/pay-monthly/google-pixel-10-128gb-indigo,PX10128GB4,Google Pixel 10 128GB Indigo,Google,,119.00,27.99,24,27.99,plan of  50GBdata,24,790.76,N,790.76,,,,,,Contract,50GBdata,,29.49,30.99,,50GBdata | 24 | 24-month plan | Unlimitedminutes | Unlimitedtexts,Indigo,New,,0840353926981,shop,pay-monthly,google-pixel-10,,,,,https://media.secure-mobiles.com/product-images/google-pixel-10-128gb-indigo.idm_main_product1.centre.png,https://media.secure-mobiles.com/product-images/PX10128GB4.1.idm_main_product1.centre.png,https://media.secure-mobiles.com/product-images/PX10128GB4.2.idm_main_product1.centre.png,https://media.secure-mobiles.com/product-images/PX10128GB4.3.idm_main_product1.centre.png,https://media.secure-mobiles.com/product-images/PX10128GB4.4.idm_main_product1.centre.png,"Experience the next level in the Pixel series with the Google Pixel 10. It takes everything people loved about the Pixel 9 and pushes it further with major upgrades in performance, photography, and display technology. The new 6.3” Actua display now reaches a dazzling 3000 nits peak brightness, a big jump from the Pixel 9 (2700 nits), making it easy to see your screen in bright sunlight. Under the hood, the Google Tensor G5 delivers faster performance, improved energy efficiency, and sharper AI-powered features compared to the Pixel 9’s Tensor G4. The Pixel 10 delivers a precision-engineered photography experience with a 48MP Quad PD wide camera and 10.8 MP telephoto lens. You’ll also get a slightly larger 4970 mAh battery and Pixelsnap wireless charging, so you can power through your day more easily.",,,,,,,,,,,SPECIFICATION,Google AI & Gemini,GOOGLE AI & GEMINI,SPECIFICATION,"4,970 mAh battery","4,970 MAH BATTERY",SPECIFICATION,6.3 Inch OLED screen,6.3 INCH OLED SCREEN,SPECIFICATION,eSIM compatible,ESIM COMPATIBLE,SPECIFICATION,Connectivity,Bluetooth: Y | GPS: Y | Wi Fi: Y | NFC: Y | 5G Ready: Y | SIM Type: Dual SIM (with eSIM),SPECIFICATION,Display & User Interface,IP68: Y | Ai: Y,SPECIFICATION,Technical,Dimensions: 152.83mm X 71.98mm X 8.59mm | Weight: 204g | Display Size: 6.3 inch | Battery Size: 4970mAh,SPECIFICATION,Standard Features,Face Recognition: Y | Voice Recognition: Y,SPECIFICATION,Memory,Internal memory: 128GB | Expandable memory: No,SPECIFICATION,Key Features,"1.: Google AI & Gemini: Boost your creativity, simplify tasks and control apps with ease. | 2.: 4,970 mAh battery: Lasts all day, letting you power through from the morning to bedtime. | 3.: 6.3"" OLED screen: Stream shows with an awesome view that goes wherever you do. | 4.: Google Tensor G5 processor: Most powerful Pixel chip ever, providing rapid performance. | 5.: 48 MP triple camera system: Capture stunning photos and videos in almost any light. | 6.: IP68 rating: Water and dust resistant for everyday peace of mind.",SPECIFICATION,Phone Type,AI: Y | 5G: Y,,,,,,,,,,,,,,,,,,,,,,,,,,,
idmobile,2025-09-17,,https://www.idmobile.co.uk/shop/pay-monthly/google-pixel-10-128gb-indigo,PX10128GB4,Google Pixel 10 128GB Indigo,Google,,19.00,32.99,24,32.99,plan of  50GBdata,24,810.76,N,810.76,,,,,,Contract,50GBdata,,34.49,35.99,,50GBdata | 24 | 24-month plan | Unlimitedminutes | Unlimitedtexts,Indigo,New,,0840353926981,shop,pay-monthly,google-pixel-10,,,,,https://media.secure-mobiles.com/product-images/google-pixel-10-128gb-indigo.idm_main_product1.centre.png,https://media.secure-mobiles.com/product-images/PX10128GB4.1.idm_main_product1.centre.png,https://media.secure-mobiles.com/product-images/PX10128GB4.2.idm_main_product1.centre.png,https://media.secure-mobiles.com/product-images/PX10128GB4.3.idm_main_product1.centre.png,https://media.secure-mobiles.com/product-images/PX10128GB4.4.idm_main_product1.centre.png,"Experience the next level in the Pixel series with the Google Pixel 10. It takes everything people loved about the Pixel 9 and pushes it further with major upgrades in performance, photography, and display technology. The new 6.3” Actua display now reaches a dazzling 3000 nits peak brightness, a big jump from the Pixel 9 (2700 nits), making it easy to see your screen in bright sunlight. Under the hood, the Google Tensor G5 delivers faster performance, improved energy efficiency, and sharper AI-powered features compared to the Pixel 9’s Tensor G4. The Pixel 10 delivers a precision-engineered photography experience with a 48MP Quad PD wide camera and 10.8 MP telephoto lens. You’ll also get a slightly larger 4970 mAh battery and Pixelsnap wireless charging, so you can power through your day more easily.",,,,,,,,,,,SPECIFICATION,Google AI & Gemini,GOOGLE AI & GEMINI,SPECIFICATION,"4,970 mAh battery","4,970 MAH BATTERY",SPECIFICATION,6.3 Inch OLED screen,6.3 INCH OLED SCREEN,SPECIFICATION,eSIM compatible,ESIM COMPATIBLE,SPECIFICATION,Connectivity,Bluetooth: Y | GPS: Y | Wi Fi: Y | NFC: Y | 5G Ready: Y | SIM Type: Dual SIM (with eSIM),SPECIFICATION,Display & User Interface,IP68: Y | Ai: Y,SPECIFICATION,Technical,Dimensions: 152.83mm X 71.98mm X 8.59mm | Weight: 204g | Display Size: 6.3 inch | Battery Size: 4970mAh,SPECIFICATION,Standard Features,Face Recognition: Y | Voice Recognition: Y,SPECIFICATION,Memory,Internal memory: 128GB | Expandable memory: No,SPECIFICATION,Key Features,"1.: Google AI & Gemini: Boost your creativity, simplify tasks and control apps with ease. | 2.: 4,970 mAh battery: Lasts all day, letting you power through from the morning to bedtime. | 3.: 6.3"" OLED screen: Stream shows with an awesome view that goes wherever you do. | 4.: Google Tensor G5 processor: Most powerful Pixel chip ever, providing rapid performance. | 5.: 48 MP triple camera system: Capture stunning photos and videos in almost any light. | 6.: IP68 rating: Water and dust resistant for everyday peace of mind.",SPECIFICATION,Phone Type,AI: Y | 5G: Y,,,,,,,,,,,,,,,,,,,,,,,,,,,
idmobile,2025-09-17,,https://www.idmobile.co.uk/shop/pay-monthly/google-pixel-10-128gb-indigo,PX10128GB4,Google Pixel 10 128GB Indigo,Google,,109.00,28.99,24,28.99,plan of  100GBdata,24,804.76,N,804.76,,,,,,Contract,100GBdata,,30.49,31.99,,100GBdata | 24 | 24-month plan | Unlimitedminutes | Unlimitedtexts,Indigo,New,,0840353926981,shop,pay-monthly,google-pixel-10,,,,,https://media.secure-mobiles.com/product-images/google-pixel-10-128gb-indigo.idm_main_product1.centre.png,https://media.secure-mobiles.com/product-images/PX10128GB4.1.idm_main_product1.centre.png,https://media.secure-mobiles.com/product-images/PX10128GB4.2.idm_main_product1.centre.png,https://media.secure-mobiles.com/product-images/PX10128GB4.3.idm_main_product1.centre.png,https://media.secure-mobiles.com/product-images/PX10128GB4.4.idm_main_product1.centre.png,"Experience the next level in the Pixel series with the Google Pixel 10. It takes everything people loved about the Pixel 9 and pushes it further with major upgrades in performance, photography, and display technology. The new 6.3” Actua display now reaches a dazzling 3000 nits peak brightness, a big jump from the Pixel 9 (2700 nits), making it easy to see your screen in bright sunlight. Under the hood, the Google Tensor G5 delivers faster performance, improved energy efficiency, and sharper AI-powered features compared to the Pixel 9’s Tensor G4. The Pixel 10 delivers a precision-engineered photography experience with a 48MP Quad PD wide camera and 10.8 MP telephoto lens. You’ll also get a slightly larger 4970 mAh battery and Pixelsnap wireless charging, so you can power through your day more easily.",,,,,,,,,,,SPECIFICATION,Google AI & Gemini,GOOGLE AI & GEMINI,SPECIFICATION,"4,970 mAh battery","4,970 MAH BATTERY",SPECIFICATION,6.3 Inch OLED screen,6.3 INCH OLED SCREEN,SPECIFICATION,eSIM compatible,ESIM COMPATIBLE,SPECIFICATION,Connectivity,Bluetooth: Y | GPS: Y | Wi Fi: Y | NFC: Y | 5G Ready: Y | SIM Type: Dual SIM (with eSIM),SPECIFICATION,Display & User Interface,IP68: Y | Ai: Y,SPECIFICATION,Technical,Dimensions: 152.83mm X 71.98mm X 8.59mm | Weight: 204g | Display Size: 6.3 inch | Battery Size: 4970mAh,SPECIFICATION,Standard Features,Face Recognition: Y | Voice Recognition: Y,SPECIFICATION,Memory,Internal memory: 128GB | Expandable memory: No,SPECIFICATION,Key Features,"1.: Google AI & Gemini: Boost your creativity, simplify tasks and control apps with ease. | 2.: 4,970 mAh battery: Lasts all day, letting you power through from the morning to bedtime. | 3.: 6.3"" OLED screen: Stream shows with an awesome view that goes wherever you do. | 4.: Google Tensor G5 processor: Most powerful Pixel chip ever, providing rapid performance. | 5.: 48 MP triple camera system: Capture stunning photos and videos in almost any light. | 6.: IP68 rating: Water and dust resistant for everyday peace of mind.",SPECIFICATION,Phone Type,AI: Y | 5G: Y,,,,,,,,,,,,,,,,,,,,,,,,,,,
idmobile,2025-09-17,,https://www.idmobile.co.uk/shop/pay-monthly/google-pixel-10-128gb-indigo,PX10128GB4,Google Pixel 10 128GB Indigo,Google,,9.00,33.99,24,33.99,plan of  100GBdata,24,824.76,N,824.76,,,,,,Contract,100GBdata,,35.49,36.99,,100GBdata | 24 | 24-month plan | Unlimitedminutes | Unlimitedtexts,Indigo,New,,0840353926981,shop,pay-monthly,google-pixel-10,,,,,https://media.secure-mobiles.com/product-images/google-pixel-10-128gb-indigo.idm_main_product1.centre.png,https://media.secure-mobiles.com/product-images/PX10128GB4.1.idm_main_product1.centre.png,https://media.secure-mobiles.com/product-images/PX10128GB4.2.idm_main_product1.centre.png,https://media.secure-mobiles.com/product-images/PX10128GB4.3.idm_main_product1.centre.png,https://media.secure-mobiles.com/product-images/PX10128GB4.4.idm_main_product1.centre.png,"Experience the next level in the Pixel series with the Google Pixel 10. It takes everything people loved about the Pixel 9 and pushes it further with major upgrades in performance, photography, and display technology. The new 6.3” Actua display now reaches a dazzling 3000 nits peak brightness, a big jump from the Pixel 9 (2700 nits), making it easy to see your screen in bright sunlight. Under the hood, the Google Tensor G5 delivers faster performance, improved energy efficiency, and sharper AI-powered features compared to the Pixel 9’s Tensor G4. The Pixel 10 delivers a precision-engineered photography experience with a 48MP Quad PD wide camera and 10.8 MP telephoto lens. You’ll also get a slightly larger 4970 mAh battery and Pixelsnap wireless charging, so you can power through your day more easily.",,,,,,,,,,,SPECIFICATION,Google AI & Gemini,GOOGLE AI & GEMINI,SPECIFICATION,"4,970 mAh battery","4,970 MAH BATTERY",SPECIFICATION,6.3 Inch OLED screen,6.3 INCH OLED SCREEN,SPECIFICATION,eSIM compatible,ESIM COMPATIBLE,SPECIFICATION,Connectivity,Bluetooth: Y | GPS: Y | Wi Fi: Y | NFC: Y | 5G Ready: Y | SIM Type: Dual SIM (with eSIM),SPECIFICATION,Display & User Interface,IP68: Y | Ai: Y,SPECIFICATION,Technical,Dimensions: 152.83mm X 71.98mm X 8.59mm | Weight: 204g | Display Size: 6.3 inch | Battery Size: 4970mAh,SPECIFICATION,Standard Features,Face Recognition: Y | Voice Recognition: Y,SPECIFICATION,Memory,Internal memory: 128GB | Expandable memory: No,SPECIFICATION,Key Features,"1.: Google AI & Gemini: Boost your creativity, simplify tasks and control apps with ease. | 2.: 4,970 mAh battery: Lasts all day, letting you power through from the morning to bedtime. | 3.: 6.3"" OLED screen: Stream shows with an awesome view that goes wherever you do. | 4.: Google Tensor G5 processor: Most powerful Pixel chip ever, providing rapid performance. | 5.: 48 MP triple camera system: Capture stunning photos and videos in almost any light. | 6.: IP68 rating: Water and dust resistant for everyday peace of mind.",SPECIFICATION,Phone Type,AI: Y | 5G: Y,,,,,,,,,,,,,,,,,,,,,,,,,,,
idmobile,2025-09-17,,https://www.idmobile.co.uk/shop/pay-monthly/google-pixel-10-128gb-indigo,PX10128GB4,Google Pixel 10 128GB Indigo,Google,,99.00,29.99,24,29.99,plan of  Unlimiteddata,24,818.76,N,818.76,,,,,,Contract,Unlimiteddata,,31.49,32.99,,Unlimiteddata | 24 | 24-month plan | Unlimitedminutes | Unlimitedtexts,Indigo,New,,0840353926981,shop,pay-monthly,google-pixel-10,,,,,https://media.secure-mobiles.com/product-images/google-pixel-10-128gb-indigo.idm_main_product1.centre.png,https://media.secure-mobiles.com/product-images/PX10128GB4.1.idm_main_product1.centre.png,https://media.secure-mobiles.com/product-images/PX10128GB4.2.idm_main_product1.centre.png,https://media.secure-mobiles.com/product-images/PX10128GB4.3.idm_main_product1.centre.png,https://media.secure-mobiles.com/product-images/PX10128GB4.4.idm_main_product1.centre.png,"Experience the next level in the Pixel series with the Google Pixel 10. It takes everything people loved about the Pixel 9 and pushes it further with major upgrades in performance, photography, and display technology. The new 6.3” Actua display now reaches a dazzling 3000 nits peak brightness, a big jump from the Pixel 9 (2700 nits), making it easy to see your screen in bright sunlight. Under the hood, the Google Tensor G5 delivers faster performance, improved energy efficiency, and sharper AI-powered features compared to the Pixel 9’s Tensor G4. The Pixel 10 delivers a precision-engineered photography experience with a 48MP Quad PD wide camera and 10.8 MP telephoto lens. You’ll also get a slightly larger 4970 mAh battery and Pixelsnap wireless charging, so you can power through your day more easily.",,,,,,,,,,,SPECIFICATION,Google AI & Gemini,GOOGLE AI & GEMINI,SPECIFICATION,"4,970 mAh battery","4,970 MAH BATTERY",SPECIFICATION,6.3 Inch OLED screen,6.3 INCH OLED SCREEN,SPECIFICATION,eSIM compatible,ESIM COMPATIBLE,SPECIFICATION,Connectivity,Bluetooth: Y | GPS: Y | Wi Fi: Y | NFC: Y | 5G Ready: Y | SIM Type: Dual SIM (with eSIM),SPECIFICATION,Display & User Interface,IP68: Y | Ai: Y,SPECIFICATION,Technical,Dimensions: 152.83mm X 71.98mm X 8.59mm | Weight: 204g | Display Size: 6.3 inch | Battery Size: 4970mAh,SPECIFICATION,Standard Features,Face Recognition: Y | Voice Recognition: Y,SPECIFICATION,Memory,Internal memory: 128GB | Expandable memory: No,SPECIFICATION,Key Features,"1.: Google AI & Gemini: Boost your creativity, simplify tasks and control apps with ease. | 2.: 4,970 mAh battery: Lasts all day, letting you power through from the morning to bedtime. | 3.: 6.3"" OLED screen: Stream shows with an awesome view that goes wherever you do. | 4.: Google Tensor G5 processor: Most powerful Pixel chip ever, providing rapid performance. | 5.: 48 MP triple camera system: Capture stunning photos and videos in almost any light. | 6.: IP68 rating: Water and dust resistant for everyday peace of mind.",SPECIFICATION,Phone Type,AI: Y | 5G: Y,,,,,,,,,,,,,,,,,,,,,,,,,,,
idmobile,2025-09-17,,https://www.idmobile.co.uk/shop/pay-monthly/google-pixel-10-128gb-indigo,PX10128GB4,Google Pixel 10 128GB Indigo,Google,,9.00,34.99,24,34.99,plan of  Unlimiteddata,24,848.76,N,848.76,,,,,,Contract,Unlimiteddata,,36.49,37.99,,Unlimiteddata | 24 | 24-month plan | Unlimitedminutes | Unlimitedtexts,Indigo,New,,0840353926981,shop,pay-monthly,google-pixel-10,,,,,https://media.secure-mobiles.com/product-images/google-pixel-10-128gb-indigo.idm_main_product1.centre.png,https://media.secure-mobiles.com/product-images/PX10128GB4.1.idm_main_product1.centre.png,https://media.secure-mobiles.com/product-images/PX10128GB4.2.idm_main_product1.centre.png,https://media.secure-mobiles.com/product-images/PX10128GB4.3.idm_main_product1.centre.png,https://media.secure-mobiles.com/product-images/PX10128GB4.4.idm_main_product1.centre.png,"Experience the next level in the Pixel series with the Google Pixel 10. It takes everything people loved about the Pixel 9 and pushes it further with major upgrades in performance, photography, and display technology. The new 6.3” Actua display now reaches a dazzling 3000 nits peak brightness, a big jump from the Pixel 9 (2700 nits), making it easy to see your screen in bright sunlight. Under the hood, the Google Tensor G5 delivers faster performance, improved energy efficiency, and sharper AI-powered features compared to the Pixel 9’s Tensor G4. The Pixel 10 delivers a precision-engineered photography experience with a 48MP Quad PD wide camera and 10.8 MP telephoto lens. You’ll also get a slightly larger 4970 mAh battery and Pixelsnap wireless charging, so you can power through your day more easily.",,,,,,,,,,,SPECIFICATION,Google AI & Gemini,GOOGLE AI & GEMINI,SPECIFICATION,"4,970 mAh battery","4,970 MAH BATTERY",SPECIFICATION,6.3 Inch OLED screen,6.3 INCH OLED SCREEN,SPECIFICATION,eSIM compatible,ESIM COMPATIBLE,SPECIFICATION,Connectivity,Bluetooth: Y | GPS: Y | Wi Fi: Y | NFC: Y | 5G Ready: Y | SIM Type: Dual SIM (with eSIM),SPECIFICATION,Display & User Interface,IP68: Y | Ai: Y,SPECIFICATION,Technical,Dimensions: 152.83mm X 71.98mm X 8.59mm | Weight: 204g | Display Size: 6.3 inch | Battery Size: 4970mAh,SPECIFICATION,Standard Features,Face Recognition: Y | Voice Recognition: Y,SPECIFICATION,Memory,Internal memory: 128GB | Expandable memory: No,SPECIFICATION,Key Features,"1.: Google AI & Gemini: Boost your creativity, simplify tasks and control apps with ease. | 2.: 4,970 mAh battery: Lasts all day, letting you power through from the morning to bedtime. | 3.: 6.3"" OLED screen: Stream shows with an awesome view that goes wherever you do. | 4.: Google Tensor G5 processor: Most powerful Pixel chip ever, providing rapid performance. | 5.: 48 MP triple camera system: Capture stunning photos and videos in almost any light. | 6.: IP68 rating: Water and dust resistant for everyday peace of mind.",SPECIFICATION,Phone Type,AI: Y | 5G: Y,,,,,,,,,,,,,,,,,,,,,,,,,,,
idmobile,2025-09-17,,https://www.idmobile.co.uk/shop/pay-monthly/google-pixel-10-128gb-frost,PX10128GB2,Google Pixel 10 128GB Frost,Google,,129.00,26.99,24,26.99,plan of  10GBdata,24,776.76,N,776.76,,,,,,Contract,10GBdata,,28.49,29.99,,10GBdata | 24 | 24-month plan | Unlimitedminutes | Unlimitedtexts,Frost,New,,0840353926943,shop,pay-monthly,google-pixel-10,,,,,https://media.secure-mobiles.com/product-images/google-pixel-10-128gb-frost.idm_main_product1.centre.png,https://media.secure-mobiles.com/product-images/PX10128GB2.1.idm_main_product1.centre.png,https://media.secure-mobiles.com/product-images/PX10128GB2.2.idm_main_product1.centre.png,https://media.secure-mobiles.com/product-images/PX10128GB2.3.idm_main_product1.centre.png,https://media.secure-mobiles.com/product-images/PX10128GB2.4.idm_main_product1.centre.png,"Experience the next level in the Pixel series with the Google Pixel 10. It takes everything people loved about the Pixel 9 and pushes it further with major upgrades in performance, photography, and display technology. The new 6.3” Actua display now reaches a dazzling 3000 nits peak brightness, a big jump from the Pixel 9 (2700 nits), making it easy to see your screen in bright sunlight. Under the hood, the Google Tensor G5 delivers faster performance, improved energy efficiency, and sharper AI-powered features compared to the Pixel 9’s Tensor G4. The Pixel 10 delivers a precision-engineered photography experience with a 48MP Quad PD wide camera and 10.8 MP telephoto lens. You’ll also get a slightly larger 4970 mAh battery and Pixelsnap wireless charging, so you can power through your day more easily.",,,,,,,,,,,SPECIFICATION,Google AI & Gemini,GOOGLE AI & GEMINI,SPECIFICATION,"4,970 mAh battery","4,970 MAH BATTERY",SPECIFICATION,6.3 Inch OLED screen,6.3 INCH OLED SCREEN,SPECIFICATION,eSIM compatible,ESIM COMPATIBLE,SPECIFICATION,Connectivity,Bluetooth: Y | GPS: Y | Wi Fi: Y | NFC: Y | 5G Ready: Y | SIM Type: Dual SIM (with eSIM),SPECIFICATION,Display & User Interface,IP68: Y | Ai: Y,SPECIFICATION,Technical,Dimensions: 152.83mm X 71.98mm X 8.59mm | Weight: 204g | Display Size: 6.3 inch | Battery Size: 4970mAh,SPECIFICATION,Standard Features,Face Recognition: Y | Voice Recognition: Y,SPECIFICATION,Memory,Internal memory: 128GB | Expandable memory: No,SPECIFICATION,Key Features,"1.: Google AI & Gemini: Boost your creativity, simplify tasks and control apps with ease. | 2.: 4,970 mAh battery: Lasts all day, letting you power through from the morning to bedtime. | 3.: 6.3"" OLED screen: Stream shows with an awesome view that goes wherever you do. | 4.: Google Tensor G5 processor: Most powerful Pixel chip ever, providing rapid performance. | 5.: 48 MP triple camera system: Capture stunning photos and videos in almost any light. | 6.: IP68 rating: Water and dust resistant for everyday peace of mind.",SPECIFICATION,Phone Type,AI: Y | 5G: Y,,,,,,,,,,,,,,,,,,,,,,,,,,,
idmobile,2025-09-17,,https://www.idmobile.co.uk/shop/pay-monthly/google-pixel-10-128gb-frost,PX10128GB2,Google Pixel 10 128GB Frost,Google,,29.00,31.99,24,31.99,plan of  10GBdata,24,796.76,N,796.76,,,,,,Contract,10GBdata,,33.49,34.99,,10GBdata | 24 | 24-month plan | Unlimitedminutes | Unlimitedtexts,Frost,New,,0840353926943,shop,pay-monthly,google-pixel-10,,,,,https://media.secure-mobiles.com/product-images/google-pixel-10-128gb-frost.idm_main_product1.centre.png,https://media.secure-mobiles.com/product-images/PX10128GB2.1.idm_main_product1.centre.png,https://media.secure-mobiles.com/product-images/PX10128GB2.2.idm_main_product1.centre.png,https://media.secure-mobiles.com/product-images/PX10128GB2.3.idm_main_product1.centre.png,https://media.secure-mobiles.com/product-images/PX10128GB2.4.idm_main_product1.centre.png,"Experience the next level in the Pixel series with the Google Pixel 10. It takes everything people loved about the Pixel 9 and pushes it further with major upgrades in performance, photography, and display technology. The new 6.3” Actua display now reaches a dazzling 3000 nits peak brightness, a big jump from the Pixel 9 (2700 nits), making it easy to see your screen in bright sunlight. Under the hood, the Google Tensor G5 delivers faster performance, improved energy efficiency, and sharper AI-powered features compared to the Pixel 9’s Tensor G4. The Pixel 10 delivers a precision-engineered photography experience with a 48MP Quad PD wide camera and 10.8 MP telephoto lens. You’ll also get a slightly larger 4970 mAh battery and Pixelsnap wireless charging, so you can power through your day more easily.",,,,,,,,,,,SPECIFICATION,Google AI & Gemini,GOOGLE AI & GEMINI,SPECIFICATION,"4,970 mAh battery","4,970 MAH BATTERY",SPECIFICATION,6.3 Inch OLED screen,6.3 INCH OLED SCREEN,SPECIFICATION,eSIM compatible,ESIM COMPATIBLE,SPECIFICATION,Connectivity,Bluetooth: Y | GPS: Y | Wi Fi: Y | NFC: Y | 5G Ready: Y | SIM Type: Dual SIM (with eSIM),SPECIFICATION,Display & User Interface,IP68: Y | Ai: Y,SPECIFICATION,Technical,Dimensions: 152.83mm X 71.98mm X 8.59mm | Weight: 204g | Display Size: 6.3 inch | Battery Size: 4970mAh,SPECIFICATION,Standard Features,Face Recognition: Y | Voice Recognition: Y,SPECIFICATION,Memory,Internal memory: 128GB | Expandable memory: No,SPECIFICATION,Key Features,"1.: Google AI & Gemini: Boost your creativity, simplify tasks and control apps with ease. | 2.: 4,970 mAh battery: Lasts all day, letting you power through from the morning to bedtime. | 3.: 6.3"" OLED screen: Stream shows with an awesome view that goes wherever you do. | 4.: Google Tensor G5 processor: Most powerful Pixel chip ever, providing rapid performance. | 5.: 48 MP triple camera system: Capture stunning photos and videos in almost any light. | 6.: IP68 rating: Water and dust resistant for everyday peace of mind.",SPECIFICATION,Phone Type,AI: Y | 5G: Y,,,,,,,,,,,,,,,,,,,,,,,,,,,
idmobile,2025-09-17,,https://www.idmobile.co.uk/shop/pay-monthly/google-pixel-10-128gb-frost,PX10128GB2,Google Pixel 10 128GB Frost,Google,,119.00,27.99,24,27.99,plan of  50GBdata,24,790.76,N,790.76,,,,,,Contract,50GBdata,,29.49,30.99,,50GBdata | 24 | 24-month plan | Unlimitedminutes | Unlimitedtexts,Frost,New,,0840353926943,shop,pay-monthly,google-pixel-10,,,,,https://media.secure-mobiles.com/product-images/google-pixel-10-128gb-frost.idm_main_product1.centre.png,https://media.secure-mobiles.com/product-images/PX10128GB2.1.idm_main_product1.centre.png,https://media.secure-mobiles.com/product-images/PX10128GB2.2.idm_main_product1.centre.png,https://media.secure-mobiles.com/product-images/PX10128GB2.3.idm_main_product1.centre.png,https://media.secure-mobiles.com/product-images/PX10128GB2.4.idm_main_product1.centre.png,"Experience the next level in the Pixel series with the Google Pixel 10. It takes everything people loved about the Pixel 9 and pushes it further with major upgrades in performance, photography, and display technology. The new 6.3” Actua display now reaches a dazzling 3000 nits peak brightness, a big jump from the Pixel 9 (2700 nits), making it easy to see your screen in bright sunlight. Under the hood, the Google Tensor G5 delivers faster performance, improved energy efficiency, and sharper AI-powered features compared to the Pixel 9’s Tensor G4. The Pixel 10 delivers a precision-engineered photography experience with a 48MP Quad PD wide camera and 10.8 MP telephoto lens. You’ll also get a slightly larger 4970 mAh battery and Pixelsnap wireless charging, so you can power through your day more easily.",,,,,,,,,,,SPECIFICATION,Google AI & Gemini,GOOGLE AI & GEMINI,SPECIFICATION,"4,970 mAh battery","4,970 MAH BATTERY",SPECIFICATION,6.3 Inch OLED screen,6.3 INCH OLED SCREEN,SPECIFICATION,eSIM compatible,ESIM COMPATIBLE,SPECIFICATION,Connectivity,Bluetooth: Y | GPS: Y | Wi Fi: Y | NFC: Y | 5G Ready: Y | SIM Type: Dual SIM (with eSIM),SPECIFICATION,Display & User Interface,IP68: Y | Ai: Y,SPECIFICATION,Technical,Dimensions: 152.83mm X 71.98mm X 8.59mm | Weight: 204g | Display Size: 6.3 inch | Battery Size: 4970mAh,SPECIFICATION,Standard Features,Face Recognition: Y | Voice Recognition: Y,SPECIFICATION,Memory,Internal memory: 128GB | Expandable memory: No,SPECIFICATION,Key Features,"1.: Google AI & Gemini: Boost your creativity, simplify tasks and control apps with ease. | 2.: 4,970 mAh battery: Lasts all day, letting you power through from the morning to bedtime. | 3.: 6.3"" OLED screen: Stream shows with an awesome view that goes wherever you do. | 4.: Google Tensor G5 processor: Most powerful Pixel chip ever, providing rapid performance. | 5.: 48 MP triple camera system: Capture stunning photos and videos in almost any light. | 6.: IP68 rating: Water and dust resistant for everyday peace of mind.",SPECIFICATION,Phone Type,AI: Y | 5G: Y,,,,,,,,,,,,,,,,,,,,,,,,,,,
idmobile,2025-09-17,,https://www.idmobile.co.uk/shop/pay-monthly/google-pixel-10-128gb-frost,PX10128GB2,Google Pixel 10 128GB Frost,Google,,19.00,32.99,24,32.99,plan of  50GBdata,24,810.76,N,810.76,,,,,,Contract,50GBdata,,34.49,35.99,,50GBdata | 24 | 24-month plan | Unlimitedminutes | Unlimitedtexts,Frost,New,,0840353926943,shop,pay-monthly,google-pixel-10,,,,,https://media.secure-mobiles.com/product-images/google-pixel-10-128gb-frost.idm_main_product1.centre.png,https://media.secure-mobiles.com/product-images/PX10128GB2.1.idm_main_product1.centre.png,https://media.secure-mobiles.com/product-images/PX10128GB2.2.idm_main_product1.centre.png,https://media.secure-mobiles.com/product-images/PX10128GB2.3.idm_main_product1.centre.png,https://media.secure-mobiles.com/product-images/PX10128GB2.4.idm_main_product1.centre.png,"Experience the next level in the Pixel series with the Google Pixel 10. It takes everything people loved about the Pixel 9 and pushes it further with major upgrades in performance, photography, and display technology. The new 6.3” Actua display now reaches a dazzling 3000 nits peak brightness, a big jump from the Pixel 9 (2700 nits), making it easy to see your screen in bright sunlight. Under the hood, the Google Tensor G5 delivers faster performance, improved energy efficiency, and sharper AI-powered features compared to the Pixel 9’s Tensor G4. The Pixel 10 delivers a precision-engineered photography experience with a 48MP Quad PD wide camera and 10.8 MP telephoto lens. You’ll also get a slightly larger 4970 mAh battery and Pixelsnap wireless charging, so you can power through your day more easily.",,,,,,,,,,,SPECIFICATION,Google AI & Gemini,GOOGLE AI & GEMINI,SPECIFICATION,"4,970 mAh battery","4,970 MAH BATTERY",SPECIFICATION,6.3 Inch OLED screen,6.3 INCH OLED SCREEN,SPECIFICATION,eSIM compatible,ESIM COMPATIBLE,SPECIFICATION,Connectivity,Bluetooth: Y | GPS: Y | Wi Fi: Y | NFC: Y | 5G Ready: Y | SIM Type: Dual SIM (with eSIM),SPECIFICATION,Display & User Interface,IP68: Y | Ai: Y,SPECIFICATION,Technical,Dimensions: 152.83mm X 71.98mm X 8.59mm | Weight: 204g | Display Size: 6.3 inch | Battery Size: 4970mAh,SPECIFICATION,Standard Features,Face Recognition: Y | Voice Recognition: Y,SPECIFICATION,Memory,Internal memory: 128GB | Expandable memory: No,SPECIFICATION,Key Features,"1.: Google AI & Gemini: Boost your creativity, simplify tasks and control apps with ease. | 2.: 4,970 mAh battery: Lasts all day, letting you power through from the morning to bedtime. | 3.: 6.3"" OLED screen: Stream shows with an awesome view that goes wherever you do. | 4.: Google Tensor G5 processor: Most powerful Pixel chip ever, providing rapid performance. | 5.: 48 MP triple camera system: Capture stunning photos and videos in almost any light. | 6.: IP68 rating: Water and dust resistant for everyday peace of mind.",SPECIFICATION,Phone Type,AI: Y | 5G: Y,,,,,,,,,,,,,,,,,,,,,,,,,,,
idmobile,2025-09-17,,https://www.idmobile.co.uk/shop/pay-monthly/google-pixel-10-128gb-frost,PX10128GB2,Google Pixel 10 128GB Frost,Google,,109.00,28.99,24,28.99,plan of  100GBdata,24,804.76,N,804.76,,,,,,Contract,100GBdata,,30.49,31.99,,100GBdata | 24 | 24-month plan | Unlimitedminutes | Unlimitedtexts,Frost,New,,0840353926943,shop,pay-monthly,google-pixel-10,,,,,https://media.secure-mobiles.com/product-images/google-pixel-10-128gb-frost.idm_main_product1.centre.png,https://media.secure-mobiles.com/product-images/PX10128GB2.1.idm_main_product1.centre.png,https://media.secure-mobiles.com/product-images/PX10128GB2.2.idm_main_product1.centre.png,https://media.secure-mobiles.com/product-images/PX10128GB2.3.idm_main_product1.centre.png,https://media.secure-mobiles.com/product-images/PX10128GB2.4.idm_main_product1.centre.png,"Experience the next level in the Pixel series with the Google Pixel 10. It takes everything people loved about the Pixel 9 and pushes it further with major upgrades in performance, photography, and display technology. The new 6.3” Actua display now reaches a dazzling 3000 nits peak brightness, a big jump from the Pixel 9 (2700 nits), making it easy to see your screen in bright sunlight. Under the hood, the Google Tensor G5 delivers faster performance, improved energy efficiency, and sharper AI-powered features compared to the Pixel 9’s Tensor G4. The Pixel 10 delivers a precision-engineered photography experience with a 48MP Quad PD wide camera and 10.8 MP telephoto lens. You’ll also get a slightly larger 4970 mAh battery and Pixelsnap wireless charging, so you can power through your day more easily.",,,,,,,,,,,SPECIFICATION,Google AI & Gemini,GOOGLE AI & GEMINI,SPECIFICATION,"4,970 mAh battery","4,970 MAH BATTERY",SPECIFICATION,6.3 Inch OLED screen,6.3 INCH OLED SCREEN,SPECIFICATION,eSIM compatible,ESIM COMPATIBLE,SPECIFICATION,Connectivity,Bluetooth: Y | GPS: Y | Wi Fi: Y | NFC: Y | 5G Ready: Y | SIM Type: Dual SIM (with eSIM),SPECIFICATION,Display & User Interface,IP68: Y | Ai: Y,SPECIFICATION,Technical,Dimensions: 152.83mm X 71.98mm X 8.59mm | Weight: 204g | Display Size: 6.3 inch | Battery Size: 4970mAh,SPECIFICATION,Standard Features,Face Recognition: Y | Voice Recognition: Y,SPECIFICATION,Memory,Internal memory: 128GB | Expandable memory: No,SPECIFICATION,Key Features,"1.: Google AI & Gemini: Boost your creativity, simplify tasks and control apps with ease. | 2.: 4,970 mAh battery: Lasts all day, letting you power through from the morning to bedtime. | 3.: 6.3"" OLED screen: Stream shows with an awesome view that goes wherever you do. | 4.: Google Tensor G5 processor: Most powerful Pixel chip ever, providing rapid performance. | 5.: 48 MP triple camera system: Capture stunning photos and videos in almost any light. | 6.: IP68 rating: Water and dust resistant for everyday peace of mind.",SPECIFICATION,Phone Type,AI: Y | 5G: Y,,,,,,,,,,,,,,,,,,,,,,,,,,,
idmobile,2025-09-17,,https://www.idmobile.co.uk/shop/pay-monthly/google-pixel-10-128gb-frost,PX10128GB2,Google Pixel 10 128GB Frost,Google,,9.00,33.99,24,33.99,plan of  100GBdata,24,824.76,N,824.76,,,,,,Contract,100GBdata,,35.49,36.99,,100GBdata | 24 | 24-month plan | Unlimitedminutes | Unlimitedtexts,Frost,New,,0840353926943,shop,pay-monthly,google-pixel-10,,,,,https://media.secure-mobiles.com/product-images/google-pixel-10-128gb-frost.idm_main_product1.centre.png,https://media.secure-mobiles.com/product-images/PX10128GB2.1.idm_main_product1.centre.png,https://media.secure-mobiles.com/product-images/PX10128GB2.2.idm_main_product1.centre.png,https://media.secure-mobiles.com/product-images/PX10128GB2.3.idm_main_product1.centre.png,https://media.secure-mobiles.com/product-images/PX10128GB2.4.idm_main_product1.centre.png,"Experience the next level in the Pixel series with the Google Pixel 10. It takes everything people loved about the Pixel 9 and pushes it further with major upgrades in performance, photography, and display technology. The new 6.3” Actua display now reaches a dazzling 3000 nits peak brightness, a big jump from the Pixel 9 (2700 nits), making it easy to see your screen in bright sunlight. Under the hood, the Google Tensor G5 delivers faster performance, improved energy efficiency, and sharper AI-powered features compared to the Pixel 9’s Tensor G4. The Pixel 10 delivers a precision-engineered photography experience with a 48MP Quad PD wide camera and 10.8 MP telephoto lens. You’ll also get a slightly larger 4970 mAh battery and Pixelsnap wireless charging, so you can power through your day more easily.",,,,,,,,,,,SPECIFICATION,Google AI & Gemini,GOOGLE AI & GEMINI,SPECIFICATION,"4,970 mAh battery","4,970 MAH BATTERY",SPECIFICATION,6.3 Inch OLED screen,6.3 INCH OLED SCREEN,SPECIFICATION,eSIM compatible,ESIM COMPATIBLE,SPECIFICATION,Connectivity,Bluetooth: Y | GPS: Y | Wi Fi: Y | NFC: Y | 5G Ready: Y | SIM Type: Dual SIM (with eSIM),SPECIFICATION,Display & User Interface,IP68: Y | Ai: Y,SPECIFICATION,Technical,Dimensions: 152.83mm X 71.98mm X 8.59mm | Weight: 204g | Display Size: 6.3 inch | Battery Size: 4970mAh,SPECIFICATION,Standard Features,Face Recognition: Y | Voice Recognition: Y,SPECIFICATION,Memory,Internal memory: 128GB | Expandable memory: No,SPECIFICATION,Key Features,"1.: Google AI & Gemini: Boost your creativity, simplify tasks and control apps with ease. | 2.: 4,970 mAh battery: Lasts all day, letting you power through from the morning to bedtime. | 3.: 6.3"" OLED screen: Stream shows with an awesome view that goes wherever you do. | 4.: Google Tensor G5 processor: Most powerful Pixel chip ever, providing rapid performance. | 5.: 48 MP triple camera system: Capture stunning photos and videos in almost any light. | 6.: IP68 rating: Water and dust resistant for everyday peace of mind.",SPECIFICATION,Phone Type,AI: Y | 5G: Y,,,,,,,,,,,,,,,,,,,,,,,,,,,
idmobile,2025-09-17,,https://www.idmobile.co.uk/shop/pay-monthly/google-pixel-10-128gb-frost,PX10128GB2,Google Pixel 10 128GB Frost,Google,,99.00,29.99,24,29.99,plan of  Unlimiteddata,24,818.76,N,818.76,,,,,,Contract,Unlimiteddata,,31.49,32.99,,Unlimiteddata | 24 | 24-month plan | Unlimitedminutes | Unlimitedtexts,Frost,New,,0840353926943,shop,pay-monthly,google-pixel-10,,,,,https://media.secure-mobiles.com/product-images/google-pixel-10-128gb-frost.idm_main_product1.centre.png,https://media.secure-mobiles.com/product-images/PX10128GB2.1.idm_main_product1.centre.png,https://media.secure-mobiles.com/product-images/PX10128GB2.2.idm_main_product1.centre.png,https://media.secure-mobiles.com/product-images/PX10128GB2.3.idm_main_product1.centre.png,https://media.secure-mobiles.com/product-images/PX10128GB2.4.idm_main_product1.centre.png,"Experience the next level in the Pixel series with the Google Pixel 10. It takes everything people loved about the Pixel 9 and pushes it further with major upgrades in performance, photography, and display technology. The new 6.3” Actua display now reaches a dazzling 3000 nits peak brightness, a big jump from the Pixel 9 (2700 nits), making it easy to see your screen in bright sunlight. Under the hood, the Google Tensor G5 delivers faster performance, improved energy efficiency, and sharper AI-powered features compared to the Pixel 9’s Tensor G4. The Pixel 10 delivers a precision-engineered photography experience with a 48MP Quad PD wide camera and 10.8 MP telephoto lens. You’ll also get a slightly larger 4970 mAh battery and Pixelsnap wireless charging, so you can power through your day more easily.",,,,,,,,,,,SPECIFICATION,Google AI & Gemini,GOOGLE AI & GEMINI,SPECIFICATION,"4,970 mAh battery","4,970 MAH BATTERY",SPECIFICATION,6.3 Inch OLED screen,6.3 INCH OLED SCREEN,SPECIFICATION,eSIM compatible,ESIM COMPATIBLE,SPECIFICATION,Connectivity,Bluetooth: Y | GPS: Y | Wi Fi: Y | NFC: Y | 5G Ready: Y | SIM Type: Dual SIM (with eSIM),SPECIFICATION,Display & User Interface,IP68: Y | Ai: Y,SPECIFICATION,Technical,Dimensions: 152.83mm X 71.98mm X 8.59mm | Weight: 204g | Display Size: 6.3 inch | Battery Size: 4970mAh,SPECIFICATION,Standard Features,Face Recognition: Y | Voice Recognition: Y,SPECIFICATION,Memory,Internal memory: 128GB | Expandable memory: No,SPECIFICATION,Key Features,"1.: Google AI & Gemini: Boost your creativity, simplify tasks and control apps with ease. | 2.: 4,970 mAh battery: Lasts all day, letting you power through from the morning to bedtime. | 3.: 6.3"" OLED screen: Stream shows with an awesome view that goes wherever you do. | 4.: Google Tensor G5 processor: Most powerful Pixel chip ever, providing rapid performance. | 5.: 48 MP triple camera system: Capture stunning photos and videos in almost any light. | 6.: IP68 rating: Water and dust resistant for everyday peace of mind.",SPECIFICATION,Phone Type,AI: Y | 5G: Y,,,,,,,,,,,,,,,,,,,,,,,,,,,
idmobile,2025-09-17,,https://www.idmobile.co.uk/shop/pay-monthly/google-pixel-10-128gb-frost,PX10128GB2,Google Pixel 10 128GB Frost,Google,,9.00,34.99,24,34.99,plan of  Unlimiteddata,24,848.76,N,848.76,,,,,,Contract,Unlimiteddata,,36.49,37.99,,Unlimiteddata | 24 | 24-month plan | Unlimitedminutes | Unlimitedtexts,Frost,New,,0840353926943,shop,pay-monthly,google-pixel-10,,,,,https://media.secure-mobiles.com/product-images/google-pixel-10-128gb-frost.idm_main_product1.centre.png,https://media.secure-mobiles.com/product-images/PX10128GB2.1.idm_main_product1.centre.png,https://media.secure-mobiles.com/product-images/PX10128GB2.2.idm_main_product1.centre.png,https://media.secure-mobiles.com/product-images/PX10128GB2.3.idm_main_product1.centre.png,https://media.secure-mobiles.com/product-images/PX10128GB2.4.idm_main_product1.centre.png,"Experience the next level in the Pixel series with the Google Pixel 10. It takes everything people loved about the Pixel 9 and pushes it further with major upgrades in performance, photography, and display technology. The new 6.3” Actua display now reaches a dazzling 3000 nits peak brightness, a big jump from the Pixel 9 (2700 nits), making it easy to see your screen in bright sunlight. Under the hood, the Google Tensor G5 delivers faster performance, improved energy efficiency, and sharper AI-powered features compared to the Pixel 9’s Tensor G4. The Pixel 10 delivers a precision-engineered photography experience with a 48MP Quad PD wide camera and 10.8 MP telephoto lens. You’ll also get a slightly larger 4970 mAh battery and Pixelsnap wireless charging, so you can power through your day more easily.",,,,,,,,,,,SPECIFICATION,Google AI & Gemini,GOOGLE AI & GEMINI,SPECIFICATION,"4,970 mAh battery","4,970 MAH BATTERY",SPECIFICATION,6.3 Inch OLED screen,6.3 INCH OLED SCREEN,SPECIFICATION,eSIM compatible,ESIM COMPATIBLE,SPECIFICATION,Connectivity,Bluetooth: Y | GPS: Y | Wi Fi: Y | NFC: Y | 5G Ready: Y | SIM Type: Dual SIM (with eSIM),SPECIFICATION,Display & User Interface,IP68: Y | Ai: Y,SPECIFICATION,Technical,Dimensions: 152.83mm X 71.98mm X 8.59mm | Weight: 204g | Display Size: 6.3 inch | Battery Size: 4970mAh,SPECIFICATION,Standard Features,Face Recognition: Y | Voice Recognition: Y,SPECIFICATION,Memory,Internal memory: 128GB | Expandable memory: No,SPECIFICATION,Key Features,"1.: Google AI & Gemini: Boost your creativity, simplify tasks and control apps with ease. | 2.: 4,970 mAh battery: Lasts all day, letting you power through from the morning to bedtime. | 3.: 6.3"" OLED screen: Stream shows with an awesome view that goes wherever you do. | 4.: Google Tensor G5 processor: Most powerful Pixel chip ever, providing rapid performance. | 5.: 48 MP triple camera system: Capture stunning photos and videos in almost any light. | 6.: IP68 rating: Water and dust resistant for everyday peace of mind.",SPECIFICATION,Phone Type,AI: Y | 5G: Y,,,,,,,,,,,,,,,,,,,,,,,,,,,
idmobile,2025-09-17,,https://www.idmobile.co.uk/shop/pay-monthly/google-pixel-10-128gb-lemongrass,PX10128GB3,Google Pixel 10 128GB Lemongrass,Google,,129.00,26.99,24,26.99,plan of  10GBdata,24,776.76,N,776.76,,,,,,Contract,10GBdata,,28.49,29.99,,10GBdata | 24 | 24-month plan | Unlimitedminutes | Unlimitedtexts,Lemongrass,New,,0840353926929,shop,pay-monthly,google-pixel-10,,,,,https://media.secure-mobiles.com/product-images/google-pixel-10-128gb-lemongrass.idm_main_product1.centre.png,https://media.secure-mobiles.com/product-images/PX10128GB3.1.idm_main_product1.centre.png,https://media.secure-mobiles.com/product-images/PX10128GB3.2.idm_main_product1.centre.png,https://media.secure-mobiles.com/product-images/PX10128GB3.3.idm_main_product1.centre.png,https://media.secure-mobiles.com/product-images/PX10128GB3.4.idm_main_product1.centre.png,"Experience the next level in the Pixel series with the Google Pixel 10. It takes everything people loved about the Pixel 9 and pushes it further with major upgrades in performance, photography, and display technology. The new 6.3” Actua display now reaches a dazzling 3000 nits peak brightness, a big jump from the Pixel 9 (2700 nits), making it easy to see your screen in bright sunlight. Under the hood, the Google Tensor G5 delivers faster performance, improved energy efficiency, and sharper AI-powered features compared to the Pixel 9’s Tensor G4. The Pixel 10 delivers a precision-engineered photography experience with a 48MP Quad PD wide camera and 10.8 MP telephoto lens. You’ll also get a slightly larger 4970 mAh battery and Pixelsnap wireless charging, so you can power through your day more easily.",,,,,,,,,,,SPECIFICATION,Google AI & Gemini,GOOGLE AI & GEMINI,SPECIFICATION,"4,970 mAh battery","4,970 MAH BATTERY",SPECIFICATION,6.3 Inch OLED screen,6.3 INCH OLED SCREEN,SPECIFICATION,eSIM compatible,ESIM COMPATIBLE,SPECIFICATION,Connectivity,Bluetooth: Y | GPS: Y | Wi Fi: Y | NFC: Y | 5G Ready: Y | SIM Type: Dual SIM (with eSIM),SPECIFICATION,Display & User Interface,IP68: Y | Ai: Y,SPECIFICATION,Technical,Dimensions: 152.83mm X 71.98mm X 8.59mm | Weight: 204g | Display Size: 6.3 inch | Battery Size: 4970mAh,SPECIFICATION,Standard Features,Face Recognition: Y | Voice Recognition: Y,SPECIFICATION,Memory,Internal memory: 128GB | Expandable memory: No,SPECIFICATION,Key Features,"1.: Google AI & Gemini: Boost your creativity, simplify tasks and control apps with ease. | 2.: 4,970 mAh battery: Lasts all day, letting you power through from the morning to bedtime. | 3.: 6.3"" OLED screen: Stream shows with an awesome view that goes wherever you do. | 4.: Google Tensor G5 processor: Most powerful Pixel chip ever, providing rapid performance. | 5.: 48 MP triple camera system: Capture stunning photos and videos in almost any light. | 6.: IP68 rating: Water and dust resistant for everyday peace of mind.",SPECIFICATION,Phone Type,AI: Y | 5G: Y,,,,,,,,,,,,,,,,,,,,,,,,,,,
idmobile,2025-09-17,,https://www.idmobile.co.uk/shop/pay-monthly/google-pixel-10-128gb-lemongrass,PX10128GB3,Google Pixel 10 128GB Lemongrass,Google,,29.00,31.99,24,31.99,plan of  10GBdata,24,796.76,N,796.76,,,,,,Contract,10GBdata,,33.49,34.99,,10GBdata | 24 | 24-month plan | Unlimitedminutes | Unlimitedtexts,Lemongrass,New,,0840353926929,shop,pay-monthly,google-pixel-10,,,,,https://media.secure-mobiles.com/product-images/google-pixel-10-128gb-lemongrass.idm_main_product1.centre.png,https://media.secure-mobiles.com/product-images/PX10128GB3.1.idm_main_product1.centre.png,https://media.secure-mobiles.com/product-images/PX10128GB3.2.idm_main_product1.centre.png,https://media.secure-mobiles.com/product-images/PX10128GB3.3.idm_main_product1.centre.png,https://media.secure-mobiles.com/product-images/PX10128GB3.4.idm_main_product1.centre.png,"Experience the next level in the Pixel series with the Google Pixel 10. It takes everything people loved about the Pixel 9 and pushes it further with major upgrades in performance, photography, and display technology. The new 6.3” Actua display now reaches a dazzling 3000 nits peak brightness, a big jump from the Pixel 9 (2700 nits), making it easy to see your screen in bright sunlight. Under the hood, the Google Tensor G5 delivers faster performance, improved energy efficiency, and sharper AI-powered features compared to the Pixel 9’s Tensor G4. The Pixel 10 delivers a precision-engineered photography experience with a 48MP Quad PD wide camera and 10.8 MP telephoto lens. You’ll also get a slightly larger 4970 mAh battery and Pixelsnap wireless charging, so you can power through your day more easily.",,,,,,,,,,,SPECIFICATION,Google AI & Gemini,GOOGLE AI & GEMINI,SPECIFICATION,"4,970 mAh battery","4,970 MAH BATTERY",SPECIFICATION,6.3 Inch OLED screen,6.3 INCH OLED SCREEN,SPECIFICATION,eSIM compatible,ESIM COMPATIBLE,SPECIFICATION,Connectivity,Bluetooth: Y | GPS: Y | Wi Fi: Y | NFC: Y | 5G Ready: Y | SIM Type: Dual SIM (with eSIM),SPECIFICATION,Display & User Interface,IP68: Y | Ai: Y,SPECIFICATION,Technical,Dimensions: 152.83mm X 71.98mm X 8.59mm | Weight: 204g | Display Size: 6.3 inch | Battery Size: 4970mAh,SPECIFICATION,Standard Features,Face Recognition: Y | Voice Recognition: Y,SPECIFICATION,Memory,Internal memory: 128GB | Expandable memory: No,SPECIFICATION,Key Features,"1.: Google AI & Gemini: Boost your creativity, simplify tasks and control apps with ease. | 2.: 4,970 mAh battery: Lasts all day, letting you power through from the morning to bedtime. | 3.: 6.3"" OLED screen: Stream shows with an awesome view that goes wherever you do. | 4.: Google Tensor G5 processor: Most powerful Pixel chip ever, providing rapid performance. | 5.: 48 MP triple camera system: Capture stunning photos and videos in almost any light. | 6.: IP68 rating: Water and dust resistant for everyday peace of mind.",SPECIFICATION,Phone Type,AI: Y | 5G: Y,,,,,,,,,,,,,,,,,,,,,,,,,,,
idmobile,2025-09-17,,https://www.idmobile.co.uk/shop/pay-monthly/google-pixel-10-128gb-lemongrass,PX10128GB3,Google Pixel 10 128GB Lemongrass,Google,,119.00,27.99,24,27.99,plan of  50GBdata,24,790.76,N,790.76,,,,,,Contract,50GBdata,,29.49,30.99,,50GBdata | 24 | 24-month plan | Unlimitedminutes | Unlimitedtexts,Lemongrass,New,,0840353926929,shop,pay-monthly,google-pixel-10,,,,,https://media.secure-mobiles.com/product-images/google-pixel-10-128gb-lemongrass.idm_main_product1.centre.png,https://media.secure-mobiles.com/product-images/PX10128GB3.1.idm_main_product1.centre.png,https://media.secure-mobiles.com/product-images/PX10128GB3.2.idm_main_product1.centre.png,https://media.secure-mobiles.com/product-images/PX10128GB3.3.idm_main_product1.centre.png,https://media.secure-mobiles.com/product-images/PX10128GB3.4.idm_main_product1.centre.png,"Experience the next level in the Pixel series with the Google Pixel 10. It takes everything people loved about the Pixel 9 and pushes it further with major upgrades in performance, photography, and display technology. The new 6.3” Actua display now reaches a dazzling 3000 nits peak brightness, a big jump from the Pixel 9 (2700 nits), making it easy to see your screen in bright sunlight. Under the hood, the Google Tensor G5 delivers faster performance, improved energy efficiency, and sharper AI-powered features compared to the Pixel 9’s Tensor G4. The Pixel 10 delivers a precision-engineered photography experience with a 48MP Quad PD wide camera and 10.8 MP telephoto lens. You’ll also get a slightly larger 4970 mAh battery and Pixelsnap wireless charging, so you can power through your day more easily.",,,,,,,,,,,SPECIFICATION,Google AI & Gemini,GOOGLE AI & GEMINI,SPECIFICATION,"4,970 mAh battery","4,970 MAH BATTERY",SPECIFICATION,6.3 Inch OLED screen,6.3 INCH OLED SCREEN,SPECIFICATION,eSIM compatible,ESIM COMPATIBLE,SPECIFICATION,Connectivity,Bluetooth: Y | GPS: Y | Wi Fi: Y | NFC: Y | 5G Ready: Y | SIM Type: Dual SIM (with eSIM),SPECIFICATION,Display & User Interface,IP68: Y | Ai: Y,SPECIFICATION,Technical,Dimensions: 152.83mm X 71.98mm X 8.59mm | Weight: 204g | Display Size: 6.3 inch | Battery Size: 4970mAh,SPECIFICATION,Standard Features,Face Recognition: Y | Voice Recognition: Y,SPECIFICATION,Memory,Internal memory: 128GB | Expandable memory: No,SPECIFICATION,Key Features,"1.: Google AI & Gemini: Boost your creativity, simplify tasks and control apps with ease. | 2.: 4,970 mAh battery: Lasts all day, letting you power through from the morning to bedtime. | 3.: 6.3"" OLED screen: Stream shows with an awesome view that goes wherever you do. | 4.: Google Tensor G5 processor: Most powerful Pixel chip ever, providing rapid performance. | 5.: 48 MP triple camera system: Capture stunning photos and videos in almost any light. | 6.: IP68 rating: Water and dust resistant for everyday peace of mind.",SPECIFICATION,Phone Type,AI: Y | 5G: Y,,,,,,,,,,,,,,,,,,,,,,,,,,,
idmobile,2025-09-17,,https://www.idmobile.co.uk/shop/pay-monthly/google-pixel-10-128gb-lemongrass,PX10128GB3,Google Pixel 10 128GB Lemongrass,Google,,19.00,32.99,24,32.99,plan of  50GBdata,24,810.76,N,810.76,,,,,,Contract,50GBdata,,34.49,35.99,,50GBdata | 24 | 24-month plan | Unlimitedminutes | Unlimitedtexts,Lemongrass,New,,0840353926929,shop,pay-monthly,google-pixel-10,,,,,https://media.secure-mobiles.com/product-images/google-pixel-10-128gb-lemongrass.idm_main_product1.centre.png,https://media.secure-mobiles.com/product-images/PX10128GB3.1.idm_main_product1.centre.png,https://media.secure-mobiles.com/product-images/PX10128GB3.2.idm_main_product1.centre.png,https://media.secure-mobiles.com/product-images/PX10128GB3.3.idm_main_product1.centre.png,https://media.secure-mobiles.com/product-images/PX10128GB3.4.idm_main_product1.centre.png,"Experience the next level in the Pixel series with the Google Pixel 10. It takes everything people loved about the Pixel 9 and pushes it further with major upgrades in performance, photography, and display technology. The new 6.3” Actua display now reaches a dazzling 3000 nits peak brightness, a big jump from the Pixel 9 (2700 nits), making it easy to see your screen in bright sunlight. Under the hood, the Google Tensor G5 delivers faster performance, improved energy efficiency, and sharper AI-powered features compared to the Pixel 9’s Tensor G4. The Pixel 10 delivers a precision-engineered photography experience with a 48MP Quad PD wide camera and 10.8 MP telephoto lens. You’ll also get a slightly larger 4970 mAh battery and Pixelsnap wireless charging, so you can power through your day more easily.",,,,,,,,,,,SPECIFICATION,Google AI & Gemini,GOOGLE AI & GEMINI,SPECIFICATION,"4,970 mAh battery","4,970 MAH BATTERY",SPECIFICATION,6.3 Inch OLED screen,6.3 INCH OLED SCREEN,SPECIFICATION,eSIM compatible,ESIM COMPATIBLE,SPECIFICATION,Connectivity,Bluetooth: Y | GPS: Y | Wi Fi: Y | NFC: Y | 5G Ready: Y | SIM Type: Dual SIM (with eSIM),SPECIFICATION,Display & User Interface,IP68: Y | Ai: Y,SPECIFICATION,Technical,Dimensions: 152.83mm X 71.98mm X 8.59mm | Weight: 204g | Display Size: 6.3 inch | Battery Size: 4970mAh,SPECIFICATION,Standard Features,Face Recognition: Y | Voice Recognition: Y,SPECIFICATION,Memory,Internal memory: 128GB | Expandable memory: No,SPECIFICATION,Key Features,"1.: Google AI & Gemini: Boost your creativity, simplify tasks and control apps with ease. | 2.: 4,970 mAh battery: Lasts all day, letting you power through from the morning to bedtime. | 3.: 6.3"" OLED screen: Stream shows with an awesome view that goes wherever you do. | 4.: Google Tensor G5 processor: Most powerful Pixel chip ever, providing rapid performance. | 5.: 48 MP triple camera system: Capture stunning photos and videos in almost any light. | 6.: IP68 rating: Water and dust resistant for everyday peace of mind.",SPECIFICATION,Phone Type,AI: Y | 5G: Y,,,,,,,,,,,,,,,,,,,,,,,,,,,
idmobile,2025-09-17,,https://www.idmobile.co.uk/shop/pay-monthly/google-pixel-10-128gb-lemongrass,PX10128GB3,Google Pixel 10 128GB Lemongrass,Google,,109.00,28.99,24,28.99,plan of  100GBdata,24,804.76,N,804.76,,,,,,Contract,100GBdata,,30.49,31.99,,100GBdata | 24 | 24-month plan | Unlimitedminutes | Unlimitedtexts,Lemongrass,New,,0840353926929,shop,pay-monthly,google-pixel-10,,,,,https://media.secure-mobiles.com/product-images/google-pixel-10-128gb-lemongrass.idm_main_product1.centre.png,https://media.secure-mobiles.com/product-images/PX10128GB3.1.idm_main_product1.centre.png,https://media.secure-mobiles.com/product-images/PX10128GB3.2.idm_main_product1.centre.png,https://media.secure-mobiles.com/product-images/PX10128GB3.3.idm_main_product1.centre.png,https://media.secure-mobiles.com/product-images/PX10128GB3.4.idm_main_product1.centre.png,"Experience the next level in the Pixel series with the Google Pixel 10. It takes everything people loved about the Pixel 9 and pushes it further with major upgrades in performance, photography, and display technology. The new 6.3” Actua display now reaches a dazzling 3000 nits peak brightness, a big jump from the Pixel 9 (2700 nits), making it easy to see your screen in bright sunlight. Under the hood, the Google Tensor G5 delivers faster performance, improved energy efficiency, and sharper AI-powered features compared to the Pixel 9’s Tensor G4. The Pixel 10 delivers a precision-engineered photography experience with a 48MP Quad PD wide camera and 10.8 MP telephoto lens. You’ll also get a slightly larger 4970 mAh battery and Pixelsnap wireless charging, so you can power through your day more easily.",,,,,,,,,,,SPECIFICATION,Google AI & Gemini,GOOGLE AI & GEMINI,SPECIFICATION,"4,970 mAh battery","4,970 MAH BATTERY",SPECIFICATION,6.3 Inch OLED screen,6.3 INCH OLED SCREEN,SPECIFICATION,eSIM compatible,ESIM COMPATIBLE,SPECIFICATION,Connectivity,Bluetooth: Y | GPS: Y | Wi Fi: Y | NFC: Y | 5G Ready: Y | SIM Type: Dual SIM (with eSIM),SPECIFICATION,Display & User Interface,IP68: Y | Ai: Y,SPECIFICATION,Technical,Dimensions: 152.83mm X 71.98mm X 8.59mm | Weight: 204g | Display Size: 6.3 inch | Battery Size: 4970mAh,SPECIFICATION,Standard Features,Face Recognition: Y | Voice Recognition: Y,SPECIFICATION,Memory,Internal memory: 128GB | Expandable memory: No,SPECIFICATION,Key Features,"1.: Google AI & Gemini: Boost your creativity, simplify tasks and control apps with ease. | 2.: 4,970 mAh battery: Lasts all day, letting you power through from the morning to bedtime. | 3.: 6.3"" OLED screen: Stream shows with an awesome view that goes wherever you do. | 4.: Google Tensor G5 processor: Most powerful Pixel chip ever, providing rapid performance. | 5.: 48 MP triple camera system: Capture stunning photos and videos in almost any light. | 6.: IP68 rating: Water and dust resistant for everyday peace of mind.",SPECIFICATION,Phone Type,AI: Y | 5G: Y,,,,,,,,,,,,,,,,,,,,,,,,,,,
idmobile,2025-09-17,,https://www.idmobile.co.uk/shop/pay-monthly/google-pixel-10-128gb-lemongrass,PX10128GB3,Google Pixel 10 128GB Lemongrass,Google,,9.00,33.99,24,33.99,plan of  100GBdata,24,824.76,N,824.76,,,,,,Contract,100GBdata,,35.49,36.99,,100GBdata | 24 | 24-month plan | Unlimitedminutes | Unlimitedtexts,Lemongrass,New,,0840353926929,shop,pay-monthly,google-pixel-10,,,,,https://media.secure-mobiles.com/product-images/google-pixel-10-128gb-lemongrass.idm_main_product1.centre.png,https://media.secure-mobiles.com/product-images/PX10128GB3.1.idm_main_product1.centre.png,https://media.secure-mobiles.com/product-images/PX10128GB3.2.idm_main_product1.centre.png,https://media.secure-mobiles.com/product-images/PX10128GB3.3.idm_main_product1.centre.png,https://media.secure-mobiles.com/product-images/PX10128GB3.4.idm_main_product1.centre.png,"Experience the next level in the Pixel series with the Google Pixel 10. It takes everything people loved about the Pixel 9 and pushes it further with major upgrades in performance, photography, and display technology. The new 6.3” Actua display now reaches a dazzling 3000 nits peak brightness, a big jump from the Pixel 9 (2700 nits), making it easy to see your screen in bright sunlight. Under the hood, the Google Tensor G5 delivers faster performance, improved energy efficiency, and sharper AI-powered features compared to the Pixel 9’s Tensor G4. The Pixel 10 delivers a precision-engineered photography experience with a 48MP Quad PD wide camera and 10.8 MP telephoto lens. You’ll also get a slightly larger 4970 mAh battery and Pixelsnap wireless charging, so you can power through your day more easily.",,,,,,,,,,,SPECIFICATION,Google AI & Gemini,GOOGLE AI & GEMINI,SPECIFICATION,"4,970 mAh battery","4,970 MAH BATTERY",SPECIFICATION,6.3 Inch OLED screen,6.3 INCH OLED SCREEN,SPECIFICATION,eSIM compatible,ESIM COMPATIBLE,SPECIFICATION,Connectivity,Bluetooth: Y | GPS: Y | Wi Fi: Y | NFC: Y | 5G Ready: Y | SIM Type: Dual SIM (with eSIM),SPECIFICATION,Display & User Interface,IP68: Y | Ai: Y,SPECIFICATION,Technical,Dimensions: 152.83mm X 71.98mm X 8.59mm | Weight: 204g | Display Size: 6.3 inch | Battery Size: 4970mAh,SPECIFICATION,Standard Features,Face Recognition: Y | Voice Recognition: Y,SPECIFICATION,Memory,Internal memory: 128GB | Expandable memory: No,SPECIFICATION,Key Features,"1.: Google AI & Gemini: Boost your creativity, simplify tasks and control apps with ease. | 2.: 4,970 mAh battery: Lasts all day, letting you power through from the morning to bedtime. | 3.: 6.3"" OLED screen: Stream shows with an awesome view that goes wherever you do. | 4.: Google Tensor G5 processor: Most powerful Pixel chip ever, providing rapid performance. | 5.: 48 MP triple camera system: Capture stunning photos and videos in almost any light. | 6.: IP68 rating: Water and dust resistant for everyday peace of mind.",SPECIFICATION,Phone Type,AI: Y | 5G: Y,,,,,,,,,,,,,,,,,,,,,,,,,,,
idmobile,2025-09-17,,https://www.idmobile.co.uk/shop/pay-monthly/google-pixel-10-128gb-lemongrass,PX10128GB3,Google Pixel 10 128GB Lemongrass,Google,,99.00,29.99,24,29.99,plan of  Unlimiteddata,24,818.76,N,818.76,,,,,,Contract,Unlimiteddata,,31.49,32.99,,Unlimiteddata | 24 | 24-month plan | Unlimitedminutes | Unlimitedtexts,Lemongrass,New,,0840353926929,shop,pay-monthly,google-pixel-10,,,,,https://media.secure-mobiles.com/product-images/google-pixel-10-128gb-lemongrass.idm_main_product1.centre.png,https://media.secure-mobiles.com/product-images/PX10128GB3.1.idm_main_product1.centre.png,https://media.secure-mobiles.com/product-images/PX10128GB3.2.idm_main_product1.centre.png,https://media.secure-mobiles.com/product-images/PX10128GB3.3.idm_main_product1.centre.png,https://media.secure-mobiles.com/product-images/PX10128GB3.4.idm_main_product1.centre.png,"Experience the next level in the Pixel series with the Google Pixel 10. It takes everything people loved about the Pixel 9 and pushes it further with major upgrades in performance, photography, and display technology. The new 6.3” Actua display now reaches a dazzling 3000 nits peak brightness, a big jump from the Pixel 9 (2700 nits), making it easy to see your screen in bright sunlight. Under the hood, the Google Tensor G5 delivers faster performance, improved energy efficiency, and sharper AI-powered features compared to the Pixel 9’s Tensor G4. The Pixel 10 delivers a precision-engineered photography experience with a 48MP Quad PD wide camera and 10.8 MP telephoto lens. You’ll also get a slightly larger 4970 mAh battery and Pixelsnap wireless charging, so you can power through your day more easily.",,,,,,,,,,,SPECIFICATION,Google AI & Gemini,GOOGLE AI & GEMINI,SPECIFICATION,"4,970 mAh battery","4,970 MAH BATTERY",SPECIFICATION,6.3 Inch OLED screen,6.3 INCH OLED SCREEN,SPECIFICATION,eSIM compatible,ESIM COMPATIBLE,SPECIFICATION,Connectivity,Bluetooth: Y | GPS: Y | Wi Fi: Y | NFC: Y | 5G Ready: Y | SIM Type: Dual SIM (with eSIM),SPECIFICATION,Display & User Interface,IP68: Y | Ai: Y,SPECIFICATION,Technical,Dimensions: 152.83mm X 71.98mm X 8.59mm | Weight: 204g | Display Size: 6.3 inch | Battery Size: 4970mAh,SPECIFICATION,Standard Features,Face Recognition: Y | Voice Recognition: Y,SPECIFICATION,Memory,Internal memory: 128GB | Expandable memory: No,SPECIFICATION,Key Features,"1.: Google AI & Gemini: Boost your creativity, simplify tasks and control apps with ease. | 2.: 4,970 mAh battery: Lasts all day, letting you power through from the morning to bedtime. | 3.: 6.3"" OLED screen: Stream shows with an awesome view that goes wherever you do. | 4.: Google Tensor G5 processor: Most powerful Pixel chip ever, providing rapid performance. | 5.: 48 MP triple camera system: Capture stunning photos and videos in almost any light. | 6.: IP68 rating: Water and dust resistant for everyday peace of mind.",SPECIFICATION,Phone Type,AI: Y | 5G: Y,,,,,,,,,,,,,,,,,,,,,,,,,,,
idmobile,2025-09-17,,https://www.idmobile.co.uk/shop/pay-monthly/google-pixel-10-128gb-lemongrass,PX10128GB3,Google Pixel 10 128GB Lemongrass,Google,,9.00,34.99,24,34.99,plan of  Unlimiteddata,24,848.76,N,848.76,,,,,,Contract,Unlimiteddata,,36.49,37.99,,Unlimiteddata | 24 | 24-month plan | Unlimitedminutes | Unlimitedtexts,Lemongrass,New,,0840353926929,shop,pay-monthly,google-pixel-10,,,,,https://media.secure-mobiles.com/product-images/google-pixel-10-128gb-lemongrass.idm_main_product1.centre.png,https://media.secure-mobiles.com/product-images/PX10128GB3.1.idm_main_product1.centre.png,https://media.secure-mobiles.com/product-images/PX10128GB3.2.idm_main_product1.centre.png,https://media.secure-mobiles.com/product-images/PX10128GB3.3.idm_main_product1.centre.png,https://media.secure-mobiles.com/product-images/PX10128GB3.4.idm_main_product1.centre.png,"Experience the next level in the Pixel series with the Google Pixel 10. It takes everything people loved about the Pixel 9 and pushes it further with major upgrades in performance, photography, and display technology. The new 6.3” Actua display now reaches a dazzling 3000 nits peak brightness, a big jump from the Pixel 9 (2700 nits), making it easy to see your screen in bright sunlight. Under the hood, the Google Tensor G5 delivers faster performance, improved energy efficiency, and sharper AI-powered features compared to the Pixel 9’s Tensor G4. The Pixel 10 delivers a precision-engineered photography experience with a 48MP Quad PD wide camera and 10.8 MP telephoto lens. You’ll also get a slightly larger 4970 mAh battery and Pixelsnap wireless charging, so you can power through your day more easily.",,,,,,,,,,,SPECIFICATION,Google AI & Gemini,GOOGLE AI & GEMINI,SPECIFICATION,"4,970 mAh battery","4,970 MAH BATTERY",SPECIFICATION,6.3 Inch OLED screen,6.3 INCH OLED SCREEN,SPECIFICATION,eSIM compatible,ESIM COMPATIBLE,SPECIFICATION,Connectivity,Bluetooth: Y | GPS: Y | Wi Fi: Y | NFC: Y | 5G Ready: Y | SIM Type: Dual SIM (with eSIM),SPECIFICATION,Display & User Interface,IP68: Y | Ai: Y,SPECIFICATION,Technical,Dimensions: 152.83mm X 71.98mm X 8.59mm | Weight: 204g | Display Size: 6.3 inch | Battery Size: 4970mAh,SPECIFICATION,Standard Features,Face Recognition: Y | Voice Recognition: Y,SPECIFICATION,Memory,Internal memory: 128GB | Expandable memory: No,SPECIFICATION,Key Features,"1.: Google AI & Gemini: Boost your creativity, simplify tasks and control apps with ease. | 2.: 4,970 mAh battery: Lasts all day, letting you power through from the morning to bedtime. | 3.: 6.3"" OLED screen: Stream shows with an awesome view that goes wherever you do. | 4.: Google Tensor G5 processor: Most powerful Pixel chip ever, providing rapid performance. | 5.: 48 MP triple camera system: Capture stunning photos and videos in almost any light. | 6.: IP68 rating: Water and dust resistant for everyday peace of mind.",SPECIFICATION,Phone Type,AI: Y | 5G: Y,,,,,,,,,,,,,,,,,,,,,,,,,,,
idmobile,2025-09-17,,https://www.idmobile.co.uk/shop/pay-monthly/google-pixel-10-256gb-lemongrass,PX10256GB3,Google Pixel 10 256GB Lemongrass,Google,,99.00,32.99,24,32.99,plan of  10GBdata,24,890.76,N,890.76,,,,,,Contract,10GBdata,,34.49,35.99,,10GBdata | 24 | 24-month plan | Unlimitedminutes | Unlimitedtexts,Lemongrass,New,,0840353926639,shop,pay-monthly,google-pixel-10,,,,,https://media.secure-mobiles.com/product-images/google-pixel-10-256gb-lemongrass.idm_main_product1.centre.png,https://media.secure-mobiles.com/product-images/PX10256GB3.1.idm_main_product1.centre.png,https://media.secure-mobiles.com/product-images/PX10256GB3.2.idm_main_product1.centre.png,https://media.secure-mobiles.com/product-images/PX10256GB3.3.idm_main_product1.centre.png,https://media.secure-mobiles.com/product-images/PX10256GB3.4.idm_main_product1.centre.png,"Experience the next level in the Pixel series with the Google Pixel 10. It takes everything people loved about the Pixel 9 and pushes it further with major upgrades in performance, photography, and display technology. The new 6.3” Actua display now reaches a dazzling 3000 nits peak brightness, a big jump from the Pixel 9 (2700 nits), making it easy to see your screen in bright sunlight. Under the hood, the Google Tensor G5 delivers faster performance, improved energy efficiency, and sharper AI-powered features compared to the Pixel 9’s Tensor G4. The Pixel 10 delivers a precision-engineered photography experience with a 48MP Quad PD wide camera and 10.8 MP telephoto lens. You’ll also get a slightly larger 4970 mAh battery and Pixelsnap wireless charging, so you can power through your day more easily.",,,,,,,,,,,SPECIFICATION,Google AI & Gemini,GOOGLE AI & GEMINI,SPECIFICATION,"4,970 mAh battery","4,970 MAH BATTERY",SPECIFICATION,6.3 Inch OLED screen,6.3 INCH OLED SCREEN,SPECIFICATION,eSIM compatible,ESIM COMPATIBLE,SPECIFICATION,Connectivity,Bluetooth: Y | GPS: Y | Wi Fi: Y | NFC: Y | 5G Ready: Y | SIM Type: Dual SIM (with eSIM),SPECIFICATION,Display & User Interface,IP68: Y | Ai: Y,SPECIFICATION,Technical,Dimensions: 152.83mm X 71.98mm X 8.59mm | Weight: 204g | Display Size: 6.3 inch | Battery Size: 4970mAh,SPECIFICATION,Standard Features,Face Recognition: Y | Voice Recognition: Y,SPECIFICATION,Memory,Internal memory: 128GB | Expandable memory: No,SPECIFICATION,Key Features,"1.: Google AI & Gemini: Boost your creativity, simplify tasks and control apps with ease. | 2.: 4,970 mAh battery: Lasts all day, letting you power through from the morning to bedtime. | 3.: 6.3"" OLED screen: Stream shows with an awesome view that goes wherever you do. | 4.: Google Tensor G5 processor: Most powerful Pixel chip ever, providing rapid performance. | 5.: 48 MP triple camera system: Capture stunning photos and videos in almost any light. | 6.: IP68 rating: Water and dust resistant for everyday peace of mind.",SPECIFICATION,Phone Type,AI: Y | 5G: Y,,,,,,,,,,,,,,,,,,,,,,,,,,,
idmobile,2025-09-17,,https://www.idmobile.co.uk/shop/pay-monthly/google-pixel-10-256gb-lemongrass,PX10256GB3,Google Pixel 10 256GB Lemongrass,Google,,9.00,36.99,24,36.99,plan of  10GBdata,24,896.76,N,896.76,,,,,,Contract,10GBdata,,38.49,39.99,,10GBdata | 24 | 24-month plan | Unlimitedminutes | Unlimitedtexts,Lemongrass,New,,0840353926639,shop,pay-monthly,google-pixel-10,,,,,https://media.secure-mobiles.com/product-images/google-pixel-10-256gb-lemongrass.idm_main_product1.centre.png,https://media.secure-mobiles.com/product-images/PX10256GB3.1.idm_main_product1.centre.png,https://media.secure-mobiles.com/product-images/PX10256GB3.2.idm_main_product1.centre.png,https://media.secure-mobiles.com/product-images/PX10256GB3.3.idm_main_product1.centre.png,https://media.secure-mobiles.com/product-images/PX10256GB3.4.idm_main_product1.centre.png,"Experience the next level in the Pixel series with the Google Pixel 10. It takes everything people loved about the Pixel 9 and pushes it further with major upgrades in performance, photography, and display technology. The new 6.3” Actua display now reaches a dazzling 3000 nits peak brightness, a big jump from the Pixel 9 (2700 nits), making it easy to see your screen in bright sunlight. Under the hood, the Google Tensor G5 delivers faster performance, improved energy efficiency, and sharper AI-powered features compared to the Pixel 9’s Tensor G4. The Pixel 10 delivers a precision-engineered photography experience with a 48MP Quad PD wide camera and 10.8 MP telephoto lens. You’ll also get a slightly larger 4970 mAh battery and Pixelsnap wireless charging, so you can power through your day more easily.",,,,,,,,,,,SPECIFICATION,Google AI & Gemini,GOOGLE AI & GEMINI,SPECIFICATION,"4,970 mAh battery","4,970 MAH BATTERY",SPECIFICATION,6.3 Inch OLED screen,6.3 INCH OLED SCREEN,SPECIFICATION,eSIM compatible,ESIM COMPATIBLE,SPECIFICATION,Connectivity,Bluetooth: Y | GPS: Y | Wi Fi: Y | NFC: Y | 5G Ready: Y | SIM Type: Dual SIM (with eSIM),SPECIFICATION,Display & User Interface,IP68: Y | Ai: Y,SPECIFICATION,Technical,Dimensions: 152.83mm X 71.98mm X 8.59mm | Weight: 204g | Display Size: 6.3 inch | Battery Size: 4970mAh,SPECIFICATION,Standard Features,Face Recognition: Y | Voice Recognition: Y,SPECIFICATION,Memory,Internal memory: 128GB | Expandable memory: No,SPECIFICATION,Key Features,"1.: Google AI & Gemini: Boost your creativity, simplify tasks and control apps with ease. | 2.: 4,970 mAh battery: Lasts all day, letting you power through from the morning to bedtime. | 3.: 6.3"" OLED screen: Stream shows with an awesome view that goes wherever you do. | 4.: Google Tensor G5 processor: Most powerful Pixel chip ever, providing rapid performance. | 5.: 48 MP triple camera system: Capture stunning photos and videos in almost any light. | 6.: IP68 rating: Water and dust resistant for everyday peace of mind.",SPECIFICATION,Phone Type,AI: Y | 5G: Y,,,,,,,,,,,,,,,,,,,,,,,,,,,
idmobile,2025-09-17,,https://www.idmobile.co.uk/shop/pay-monthly/google-pixel-10-256gb-lemongrass,PX10256GB3,Google Pixel 10 256GB Lemongrass,Google,,99.00,33.99,24,33.99,plan of  50GBdata,24,914.76,N,914.76,,,,,,Contract,50GBdata,,35.49,36.99,,50GBdata | 24 | 24-month plan | Unlimitedminutes | Unlimitedtexts,Lemongrass,New,,0840353926639,shop,pay-monthly,google-pixel-10,,,,,https://media.secure-mobiles.com/product-images/google-pixel-10-256gb-lemongrass.idm_main_product1.centre.png,https://media.secure-mobiles.com/product-images/PX10256GB3.1.idm_main_product1.centre.png,https://media.secure-mobiles.com/product-images/PX10256GB3.2.idm_main_product1.centre.png,https://media.secure-mobiles.com/product-images/PX10256GB3.3.idm_main_product1.centre.png,https://media.secure-mobiles.com/product-images/PX10256GB3.4.idm_main_product1.centre.png,"Experience the next level in the Pixel series with the Google Pixel 10. It takes everything people loved about the Pixel 9 and pushes it further with major upgrades in performance, photography, and display technology. The new 6.3” Actua display now reaches a dazzling 3000 nits peak brightness, a big jump from the Pixel 9 (2700 nits), making it easy to see your screen in bright sunlight. Under the hood, the Google Tensor G5 delivers faster performance, improved energy efficiency, and sharper AI-powered features compared to the Pixel 9’s Tensor G4. The Pixel 10 delivers a precision-engineered photography experience with a 48MP Quad PD wide camera and 10.8 MP telephoto lens. You’ll also get a slightly larger 4970 mAh battery and Pixelsnap wireless charging, so you can power through your day more easily.",,,,,,,,,,,SPECIFICATION,Google AI & Gemini,GOOGLE AI & GEMINI,SPECIFICATION,"4,970 mAh battery","4,970 MAH BATTERY",SPECIFICATION,6.3 Inch OLED screen,6.3 INCH OLED SCREEN,SPECIFICATION,eSIM compatible,ESIM COMPATIBLE,SPECIFICATION,Connectivity,Bluetooth: Y | GPS: Y | Wi Fi: Y | NFC: Y | 5G Ready: Y | SIM Type: Dual SIM (with eSIM),SPECIFICATION,Display & User Interface,IP68: Y | Ai: Y,SPECIFICATION,Technical,Dimensions: 152.83mm X 71.98mm X 8.59mm | Weight: 204g | Display Size: 6.3 inch | Battery Size: 4970mAh,SPECIFICATION,Standard Features,Face Recognition: Y | Voice Recognition: Y,SPECIFICATION,Memory,Internal memory: 128GB | Expandable memory: No,SPECIFICATION,Key Features,"1.: Google AI & Gemini: Boost your creativity, simplify tasks and control apps with ease. | 2.: 4,970 mAh battery: Lasts all day, letting you power through from the morning to bedtime. | 3.: 6.3"" OLED screen: Stream shows with an awesome view that goes wherever you do. | 4.: Google Tensor G5 processor: Most powerful Pixel chip ever, providing rapid performance. | 5.: 48 MP triple camera system: Capture stunning photos and videos in almost any light. | 6.: IP68 rating: Water and dust resistant for everyday peace of mind.",SPECIFICATION,Phone Type,AI: Y | 5G: Y,,,,,,,,,,,,,,,,,,,,,,,,,,,
idmobile,2025-09-17,,https://www.idmobile.co.uk/shop/pay-monthly/google-pixel-10-256gb-lemongrass,PX10256GB3,Google Pixel 10 256GB Lemongrass,Google,,9.00,37.99,24,37.99,plan of  50GBdata,24,920.76,N,920.76,,,,,,Contract,50GBdata,,39.49,40.99,,50GBdata | 24 | 24-month plan | Unlimitedminutes | Unlimitedtexts,Lemongrass,New,,0840353926639,shop,pay-monthly,google-pixel-10,,,,,https://media.secure-mobiles.com/product-images/google-pixel-10-256gb-lemongrass.idm_main_product1.centre.png,https://media.secure-mobiles.com/product-images/PX10256GB3.1.idm_main_product1.centre.png,https://media.secure-mobiles.com/product-images/PX10256GB3.2.idm_main_product1.centre.png,https://media.secure-mobiles.com/product-images/PX10256GB3.3.idm_main_product1.centre.png,https://media.secure-mobiles.com/product-images/PX10256GB3.4.idm_main_product1.centre.png,"Experience the next level in the Pixel series with the Google Pixel 10. It takes everything people loved about the Pixel 9 and pushes it further with major upgrades in performance, photography, and display technology. The new 6.3” Actua display now reaches a dazzling 3000 nits peak brightness, a big jump from the Pixel 9 (2700 nits), making it easy to see your screen in bright sunlight. Under the hood, the Google Tensor G5 delivers faster performance, improved energy efficiency, and sharper AI-powered features compared to the Pixel 9’s Tensor G4. The Pixel 10 delivers a precision-engineered photography experience with a 48MP Quad PD wide camera and 10.8 MP telephoto lens. You’ll also get a slightly larger 4970 mAh battery and Pixelsnap wireless charging, so you can power through your day more easily.",,,,,,,,,,,SPECIFICATION,Google AI & Gemini,GOOGLE AI & GEMINI,SPECIFICATION,"4,970 mAh battery","4,970 MAH BATTERY",SPECIFICATION,6.3 Inch OLED screen,6.3 INCH OLED SCREEN,SPECIFICATION,eSIM compatible,ESIM COMPATIBLE,SPECIFICATION,Connectivity,Bluetooth: Y | GPS: Y | Wi Fi: Y | NFC: Y | 5G Ready: Y | SIM Type: Dual SIM (with eSIM),SPECIFICATION,Display & User Interface,IP68: Y | Ai: Y,SPECIFICATION,Technical,Dimensions: 152.83mm X 71.98mm X 8.59mm | Weight: 204g | Display Size: 6.3 inch | Battery Size: 4970mAh,SPECIFICATION,Standard Features,Face Recognition: Y | Voice Recognition: Y,SPECIFICATION,Memory,Internal memory: 128GB | Expandable memory: No,SPECIFICATION,Key Features,"1.: Google AI & Gemini: Boost your creativity, simplify tasks and control apps with ease. | 2.: 4,970 mAh battery: Lasts all day, letting you power through from the morning to bedtime. | 3.: 6.3"" OLED screen: Stream shows with an awesome view that goes wherever you do. | 4.: Google Tensor G5 processor: Most powerful Pixel chip ever, providing rapid performance. | 5.: 48 MP triple camera system: Capture stunning photos and videos in almost any light. | 6.: IP68 rating: Water and dust resistant for everyday peace of mind.",SPECIFICATION,Phone Type,AI: Y | 5G: Y,,,,,,,,,,,,,,,,,,,,,,,,,,,
idmobile,2025-09-17,,https://www.idmobile.co.uk/shop/pay-monthly/google-pixel-10-256gb-lemongrass,PX10256GB3,Google Pixel 10 256GB Lemongrass,Google,,99.00,34.99,24,34.99,plan of  100GBdata,24,938.76,N,938.76,,,,,,Contract,100GBdata,,36.49,37.99,,100GBdata | 24 | 24-month plan | Unlimitedminutes | Unlimitedtexts,Lemongrass,New,,0840353926639,shop,pay-monthly,google-pixel-10,,,,,https://media.secure-mobiles.com/product-images/google-pixel-10-256gb-lemongrass.idm_main_product1.centre.png,https://media.secure-mobiles.com/product-images/PX10256GB3.1.idm_main_product1.centre.png,https://media.secure-mobiles.com/product-images/PX10256GB3.2.idm_main_product1.centre.png,https://media.secure-mobiles.com/product-images/PX10256GB3.3.idm_main_product1.centre.png,https://media.secure-mobiles.com/product-images/PX10256GB3.4.idm_main_product1.centre.png,"Experience the next level in the Pixel series with the Google Pixel 10. It takes everything people loved about the Pixel 9 and pushes it further with major upgrades in performance, photography, and display technology. The new 6.3” Actua display now reaches a dazzling 3000 nits peak brightness, a big jump from the Pixel 9 (2700 nits), making it easy to see your screen in bright sunlight. Under the hood, the Google Tensor G5 delivers faster performance, improved energy efficiency, and sharper AI-powered features compared to the Pixel 9’s Tensor G4. The Pixel 10 delivers a precision-engineered photography experience with a 48MP Quad PD wide camera and 10.8 MP telephoto lens. You’ll also get a slightly larger 4970 mAh battery and Pixelsnap wireless charging, so you can power through your day more easily.",,,,,,,,,,,SPECIFICATION,Google AI & Gemini,GOOGLE AI & GEMINI,SPECIFICATION,"4,970 mAh battery","4,970 MAH BATTERY",SPECIFICATION,6.3 Inch OLED screen,6.3 INCH OLED SCREEN,SPECIFICATION,eSIM compatible,ESIM COMPATIBLE,SPECIFICATION,Connectivity,Bluetooth: Y | GPS: Y | Wi Fi: Y | NFC: Y | 5G Ready: Y | SIM Type: Dual SIM (with eSIM),SPECIFICATION,Display & User Interface,IP68: Y | Ai: Y,SPECIFICATION,Technical,Dimensions: 152.83mm X 71.98mm X 8.59mm | Weight: 204g | Display Size: 6.3 inch | Battery Size: 4970mAh,SPECIFICATION,Standard Features,Face Recognition: Y | Voice Recognition: Y,SPECIFICATION,Memory,Internal memory: 128GB | Expandable memory: No,SPECIFICATION,Key Features,"1.: Google AI & Gemini: Boost your creativity, simplify tasks and control apps with ease. | 2.: 4,970 mAh battery: Lasts all day, letting you power through from the morning to bedtime. | 3.: 6.3"" OLED screen: Stream shows with an awesome view that goes wherever you do. | 4.: Google Tensor G5 processor: Most powerful Pixel chip ever, providing rapid performance. | 5.: 48 MP triple camera system: Capture stunning photos and videos in almost any light. | 6.: IP68 rating: Water and dust resistant for everyday peace of mind.",SPECIFICATION,Phone Type,AI: Y | 5G: Y,,,,,,,,,,,,,,,,,,,,,,,,,,,
idmobile,2025-09-17,,https://www.idmobile.co.uk/shop/pay-monthly/google-pixel-10-256gb-lemongrass,PX10256GB3,Google Pixel 10 256GB Lemongrass,Google,,9.00,38.99,24,38.99,plan of  100GBdata,24,944.76,N,944.76,,,,,,Contract,100GBdata,,40.49,41.99,,100GBdata | 24 | 24-month plan | Unlimitedminutes | Unlimitedtexts,Lemongrass,New,,0840353926639,shop,pay-monthly,google-pixel-10,,,,,https://media.secure-mobiles.com/product-images/google-pixel-10-256gb-lemongrass.idm_main_product1.centre.png,https://media.secure-mobiles.com/product-images/PX10256GB3.1.idm_main_product1.centre.png,https://media.secure-mobiles.com/product-images/PX10256GB3.2.idm_main_product1.centre.png,https://media.secure-mobiles.com/product-images/PX10256GB3.3.idm_main_product1.centre.png,https://media.secure-mobiles.com/product-images/PX10256GB3.4.idm_main_product1.centre.png,"Experience the next level in the Pixel series with the Google Pixel 10. It takes everything people loved about the Pixel 9 and pushes it further with major upgrades in performance, photography, and display technology. The new 6.3” Actua display now reaches a dazzling 3000 nits peak brightness, a big jump from the Pixel 9 (2700 nits), making it easy to see your screen in bright sunlight. Under the hood, the Google Tensor G5 delivers faster performance, improved energy efficiency, and sharper AI-powered features compared to the Pixel 9’s Tensor G4. The Pixel 10 delivers a precision-engineered photography experience with a 48MP Quad PD wide camera and 10.8 MP telephoto lens. You’ll also get a slightly larger 4970 mAh battery and Pixelsnap wireless charging, so you can power through your day more easily.",,,,,,,,,,,SPECIFICATION,Google AI & Gemini,GOOGLE AI & GEMINI,SPECIFICATION,"4,970 mAh battery","4,970 MAH BATTERY",SPECIFICATION,6.3 Inch OLED screen,6.3 INCH OLED SCREEN,SPECIFICATION,eSIM compatible,ESIM COMPATIBLE,SPECIFICATION,Connectivity,Bluetooth: Y | GPS: Y | Wi Fi: Y | NFC: Y | 5G Ready: Y | SIM Type: Dual SIM (with eSIM),SPECIFICATION,Display & User Interface,IP68: Y | Ai: Y,SPECIFICATION,Technical,Dimensions: 152.83mm X 71.98mm X 8.59mm | Weight: 204g | Display Size: 6.3 inch | Battery Size: 4970mAh,SPECIFICATION,Standard Features,Face Recognition: Y | Voice Recognition: Y,SPECIFICATION,Memory,Internal memory: 128GB | Expandable memory: No,SPECIFICATION,Key Features,"1.: Google AI & Gemini: Boost your creativity, simplify tasks and control apps with ease. | 2.: 4,970 mAh battery: Lasts all day, letting you power through from the morning to bedtime. | 3.: 6.3"" OLED screen: Stream shows with an awesome view that goes wherever you do. | 4.: Google Tensor G5 processor: Most powerful Pixel chip ever, providing rapid performance. | 5.: 48 MP triple camera system: Capture stunning photos and videos in almost any light. | 6.: IP68 rating: Water and dust resistant for everyday peace of mind.",SPECIFICATION,Phone Type,AI: Y | 5G: Y,,,,,,,,,,,,,,,,,,,,,,,,,,,
idmobile,2025-09-17,,https://www.idmobile.co.uk/shop/pay-monthly/google-pixel-10-256gb-lemongrass,PX10256GB3,Google Pixel 10 256GB Lemongrass,Google,,99.00,35.99,24,35.99,plan of  Unlimiteddata,24,962.76,N,962.76,,,,,,Contract,Unlimiteddata,,37.49,38.99,,Unlimiteddata | 24 | 24-month plan | Unlimitedminutes | Unlimitedtexts,Lemongrass,New,,0840353926639,shop,pay-monthly,google-pixel-10,,,,,https://media.secure-mobiles.com/product-images/google-pixel-10-256gb-lemongrass.idm_main_product1.centre.png,https://media.secure-mobiles.com/product-images/PX10256GB3.1.idm_main_product1.centre.png,https://media.secure-mobiles.com/product-images/PX10256GB3.2.idm_main_product1.centre.png,https://media.secure-mobiles.com/product-images/PX10256GB3.3.idm_main_product1.centre.png,https://media.secure-mobiles.com/product-images/PX10256GB3.4.idm_main_product1.centre.png,"Experience the next level in the Pixel series with the Google Pixel 10. It takes everything people loved about the Pixel 9 and pushes it further with major upgrades in performance, photography, and display technology. The new 6.3” Actua display now reaches a dazzling 3000 nits peak brightness, a big jump from the Pixel 9 (2700 nits), making it easy to see your screen in bright sunlight. Under the hood, the Google Tensor G5 delivers faster performance, improved energy efficiency, and sharper AI-powered features compared to the Pixel 9’s Tensor G4. The Pixel 10 delivers a precision-engineered photography experience with a 48MP Quad PD wide camera and 10.8 MP telephoto lens. You’ll also get a slightly larger 4970 mAh battery and Pixelsnap wireless charging, so you can power through your day more easily.",,,,,,,,,,,SPECIFICATION,Google AI & Gemini,GOOGLE AI & GEMINI,SPECIFICATION,"4,970 mAh battery","4,970 MAH BATTERY",SPECIFICATION,6.3 Inch OLED screen,6.3 INCH OLED SCREEN,SPECIFICATION,eSIM compatible,ESIM COMPATIBLE,SPECIFICATION,Connectivity,Bluetooth: Y | GPS: Y | Wi Fi: Y | NFC: Y | 5G Ready: Y | SIM Type: Dual SIM (with eSIM),SPECIFICATION,Display & User Interface,IP68: Y | Ai: Y,SPECIFICATION,Technical,Dimensions: 152.83mm X 71.98mm X 8.59mm | Weight: 204g | Display Size: 6.3 inch | Battery Size: 4970mAh,SPECIFICATION,Standard Features,Face Recognition: Y | Voice Recognition: Y,SPECIFICATION,Memory,Internal memory: 128GB | Expandable memory: No,SPECIFICATION,Key Features,"1.: Google AI & Gemini: Boost your creativity, simplify tasks and control apps with ease. | 2.: 4,970 mAh battery: Lasts all day, letting you power through from the morning to bedtime. | 3.: 6.3"" OLED screen: Stream shows with an awesome view that goes wherever you do. | 4.: Google Tensor G5 processor: Most powerful Pixel chip ever, providing rapid performance. | 5.: 48 MP triple camera system: Capture stunning photos and videos in almost any light. | 6.: IP68 rating: Water and dust resistant for everyday peace of mind.",SPECIFICATION,Phone Type,AI: Y | 5G: Y,,,,,,,,,,,,,,,,,,,,,,,,,,,
idmobile,2025-09-17,,https://www.idmobile.co.uk/shop/pay-monthly/google-pixel-10-256gb-lemongrass,PX10256GB3,Google Pixel 10 256GB Lemongrass,Google,,9.00,39.99,24,39.99,plan of  Unlimiteddata,24,968.76,N,968.76,,,,,,Contract,Unlimiteddata,,41.49,42.99,,Unlimiteddata | 24 | 24-month plan | Unlimitedminutes | Unlimitedtexts,Lemongrass,New,,0840353926639,shop,pay-monthly,google-pixel-10,,,,,https://media.secure-mobiles.com/product-images/google-pixel-10-256gb-lemongrass.idm_main_product1.centre.png,https://media.secure-mobiles.com/product-images/PX10256GB3.1.idm_main_product1.centre.png,https://media.secure-mobiles.com/product-images/PX10256GB3.2.idm_main_product1.centre.png,https://media.secure-mobiles.com/product-images/PX10256GB3.3.idm_main_product1.centre.png,https://media.secure-mobiles.com/product-images/PX10256GB3.4.idm_main_product1.centre.png,"Experience the next level in the Pixel series with the Google Pixel 10. It takes everything people loved about the Pixel 9 and pushes it further with major upgrades in performance, photography, and display technology. The new 6.3” Actua display now reaches a dazzling 3000 nits peak brightness, a big jump from the Pixel 9 (2700 nits), making it easy to see your screen in bright sunlight. Under the hood, the Google Tensor G5 delivers faster performance, improved energy efficiency, and sharper AI-powered features compared to the Pixel 9’s Tensor G4. The Pixel 10 delivers a precision-engineered photography experience with a 48MP Quad PD wide camera and 10.8 MP telephoto lens. You’ll also get a slightly larger 4970 mAh battery and Pixelsnap wireless charging, so you can power through your day more easily.",,,,,,,,,,,SPECIFICATION,Google AI & Gemini,GOOGLE AI & GEMINI,SPECIFICATION,"4,970 mAh battery","4,970 MAH BATTERY",SPECIFICATION,6.3 Inch OLED screen,6.3 INCH OLED SCREEN,SPECIFICATION,eSIM compatible,ESIM COMPATIBLE,SPECIFICATION,Connectivity,Bluetooth: Y | GPS: Y | Wi Fi: Y | NFC: Y | 5G Ready: Y | SIM Type: Dual SIM (with eSIM),SPECIFICATION,Display & User Interface,IP68: Y | Ai: Y,SPECIFICATION,Technical,Dimensions: 152.83mm X 71.98mm X 8.59mm | Weight: 204g | Display Size: 6.3 inch | Battery Size: 4970mAh,SPECIFICATION,Standard Features,Face Recognition: Y | Voice Recognition: Y,SPECIFICATION,Memory,Internal memory: 128GB | Expandable memory: No,SPECIFICATION,Key Features,"1.: Google AI & Gemini: Boost your creativity, simplify tasks and control apps with ease. | 2.: 4,970 mAh battery: Lasts all day, letting you power through from the morning to bedtime. | 3.: 6.3"" OLED screen: Stream shows with an awesome view that goes wherever you do. | 4.: Google Tensor G5 processor: Most powerful Pixel chip ever, providing rapid performance. | 5.: 48 MP triple camera system: Capture stunning photos and videos in almost any light. | 6.: IP68 rating: Water and dust resistant for everyday peace of mind.",SPECIFICATION,Phone Type,AI: Y | 5G: Y,,,,,,,,,,,,,,,,,,,,,,,,,,,
idmobile,2025-09-17,,https://www.idmobile.co.uk/shop/pay-monthly/google-pixel-10-256gb-obsidian,PX10256GB1,Google Pixel 10 256GB Obsidian,Google,,99.00,32.99,24,32.99,plan of  10GBdata,24,890.76,N,890.76,,,,,,Contract,10GBdata,,34.49,35.99,,10GBdata | 24 | 24-month plan | Unlimitedminutes | Unlimitedtexts,Obsidian,New,,0840353926547,shop,pay-monthly,google-pixel-10,,,,,https://media.secure-mobiles.com/product-images/google-pixel-10-256gb-obsidian.idm_main_product1.centre.png,https://media.secure-mobiles.com/product-images/PX10256GB1.1.idm_main_product1.centre.png,https://media.secure-mobiles.com/product-images/PX10256GB1.2.idm_main_product1.centre.png,https://media.secure-mobiles.com/product-images/PX10256GB1.3.idm_main_product1.centre.png,https://media.secure-mobiles.com/product-images/PX10256GB1.4.idm_main_product1.centre.png,"Experience the next level in the Pixel series with the Google Pixel 10. It takes everything people loved about the Pixel 9 and pushes it further with major upgrades in performance, photography, and display technology. The new 6.3” Actua display now reaches a dazzling 3000 nits peak brightness, a big jump from the Pixel 9 (2700 nits), making it easy to see your screen in bright sunlight. Under the hood, the Google Tensor G5 delivers faster performance, improved energy efficiency, and sharper AI-powered features compared to the Pixel 9’s Tensor G4. The Pixel 10 delivers a precision-engineered photography experience with a 48MP Quad PD wide camera and 10.8 MP telephoto lens. You’ll also get a slightly larger 4970 mAh battery and Pixelsnap wireless charging, so you can power through your day more easily.",,,,,,,,,,,SPECIFICATION,Google AI & Gemini,GOOGLE AI & GEMINI,SPECIFICATION,"4,970 mAh battery","4,970 MAH BATTERY",SPECIFICATION,6.3 Inch OLED screen,6.3 INCH OLED SCREEN,SPECIFICATION,eSIM compatible,ESIM COMPATIBLE,SPECIFICATION,Connectivity,Bluetooth: Y | GPS: Y | Wi Fi: Y | NFC: Y | 5G Ready: Y | SIM Type: Dual SIM (with eSIM),SPECIFICATION,Display & User Interface,IP68: Y | Ai: Y,SPECIFICATION,Technical,Dimensions: 152.83mm X 71.98mm X 8.59mm | Weight: 204g | Display Size: 6.3 inch | Battery Size: 4970mAh,SPECIFICATION,Standard Features,Face Recognition: Y | Voice Recognition: Y,SPECIFICATION,Memory,Internal memory: 128GB | Expandable memory: No,SPECIFICATION,Key Features,"1.: Google AI & Gemini: Boost your creativity, simplify tasks and control apps with ease. | 2.: 4,970 mAh battery: Lasts all day, letting you power through from the morning to bedtime. | 3.: 6.3"" OLED screen: Stream shows with an awesome view that goes wherever you do. | 4.: Google Tensor G5 processor: Most powerful Pixel chip ever, providing rapid performance. | 5.: 48 MP triple camera system: Capture stunning photos and videos in almost any light. | 6.: IP68 rating: Water and dust resistant for everyday peace of mind.",SPECIFICATION,Phone Type,AI: Y | 5G: Y,,,,,,,,,,,,,,,,,,,,,,,,,,,
idmobile,2025-09-17,,https://www.idmobile.co.uk/shop/pay-monthly/google-pixel-10-256gb-obsidian,PX10256GB1,Google Pixel 10 256GB Obsidian,Google,,9.00,36.99,24,36.99,plan of  10GBdata,24,896.76,N,896.76,,,,,,Contract,10GBdata,,38.49,39.99,,10GBdata | 24 | 24-month plan | Unlimitedminutes | Unlimitedtexts,Obsidian,New,,0840353926547,shop,pay-monthly,google-pixel-10,,,,,https://media.secure-mobiles.com/product-images/google-pixel-10-256gb-obsidian.idm_main_product1.centre.png,https://media.secure-mobiles.com/product-images/PX10256GB1.1.idm_main_product1.centre.png,https://media.secure-mobiles.com/product-images/PX10256GB1.2.idm_main_product1.centre.png,https://media.secure-mobiles.com/product-images/PX10256GB1.3.idm_main_product1.centre.png,https://media.secure-mobiles.com/product-images/PX10256GB1.4.idm_main_product1.centre.png,"Experience the next level in the Pixel series with the Google Pixel 10. It takes everything people loved about the Pixel 9 and pushes it further with major upgrades in performance, photography, and display technology. The new 6.3” Actua display now reaches a dazzling 3000 nits peak brightness, a big jump from the Pixel 9 (2700 nits), making it easy to see your screen in bright sunlight. Under the hood, the Google Tensor G5 delivers faster performance, improved energy efficiency, and sharper AI-powered features compared to the Pixel 9’s Tensor G4. The Pixel 10 delivers a precision-engineered photography experience with a 48MP Quad PD wide camera and 10.8 MP telephoto lens. You’ll also get a slightly larger 4970 mAh battery and Pixelsnap wireless charging, so you can power through your day more easily.",,,,,,,,,,,SPECIFICATION,Google AI & Gemini,GOOGLE AI & GEMINI,SPECIFICATION,"4,970 mAh battery","4,970 MAH BATTERY",SPECIFICATION,6.3 Inch OLED screen,6.3 INCH OLED SCREEN,SPECIFICATION,eSIM compatible,ESIM COMPATIBLE,SPECIFICATION,Connectivity,Bluetooth: Y | GPS: Y | Wi Fi: Y | NFC: Y | 5G Ready: Y | SIM Type: Dual SIM (with eSIM),SPECIFICATION,Display & User Interface,IP68: Y | Ai: Y,SPECIFICATION,Technical,Dimensions: 152.83mm X 71.98mm X 8.59mm | Weight: 204g | Display Size: 6.3 inch | Battery Size: 4970mAh,SPECIFICATION,Standard Features,Face Recognition: Y | Voice Recognition: Y,SPECIFICATION,Memory,Internal memory: 128GB | Expandable memory: No,SPECIFICATION,Key Features,"1.: Google AI & Gemini: Boost your creativity, simplify tasks and control apps with ease. | 2.: 4,970 mAh battery: Lasts all day, letting you power through from the morning to bedtime. | 3.: 6.3"" OLED screen: Stream shows with an awesome view that goes wherever you do. | 4.: Google Tensor G5 processor: Most powerful Pixel chip ever, providing rapid performance. | 5.: 48 MP triple camera system: Capture stunning photos and videos in almost any light. | 6.: IP68 rating: Water and dust resistant for everyday peace of mind.",SPECIFICATION,Phone Type,AI: Y | 5G: Y,,,,,,,,,,,,,,,,,,,,,,,,,,,
idmobile,2025-09-17,,https://www.idmobile.co.uk/shop/pay-monthly/google-pixel-10-256gb-obsidian,PX10256GB1,Google Pixel 10 256GB Obsidian,Google,,99.00,33.99,24,33.99,plan of  50GBdata,24,914.76,N,914.76,,,,,,Contract,50GBdata,,35.49,36.99,,50GBdata | 24 | 24-month plan | Unlimitedminutes | Unlimitedtexts,Obsidian,New,,0840353926547,shop,pay-monthly,google-pixel-10,,,,,https://media.secure-mobiles.com/product-images/google-pixel-10-256gb-obsidian.idm_main_product1.centre.png,https://media.secure-mobiles.com/product-images/PX10256GB1.1.idm_main_product1.centre.png,https://media.secure-mobiles.com/product-images/PX10256GB1.2.idm_main_product1.centre.png,https://media.secure-mobiles.com/product-images/PX10256GB1.3.idm_main_product1.centre.png,https://media.secure-mobiles.com/product-images/PX10256GB1.4.idm_main_product1.centre.png,"Experience the next level in the Pixel series with the Google Pixel 10. It takes everything people loved about the Pixel 9 and pushes it further with major upgrades in performance, photography, and display technology. The new 6.3” Actua display now reaches a dazzling 3000 nits peak brightness, a big jump from the Pixel 9 (2700 nits), making it easy to see your screen in bright sunlight. Under the hood, the Google Tensor G5 delivers faster performance, improved energy efficiency, and sharper AI-powered features compared to the Pixel 9’s Tensor G4. The Pixel 10 delivers a precision-engineered photography experience with a 48MP Quad PD wide camera and 10.8 MP telephoto lens. You’ll also get a slightly larger 4970 mAh battery and Pixelsnap wireless charging, so you can power through your day more easily.",,,,,,,,,,,SPECIFICATION,Google AI & Gemini,GOOGLE AI & GEMINI,SPECIFICATION,"4,970 mAh battery","4,970 MAH BATTERY",SPECIFICATION,6.3 Inch OLED screen,6.3 INCH OLED SCREEN,SPECIFICATION,eSIM compatible,ESIM COMPATIBLE,SPECIFICATION,Connectivity,Bluetooth: Y | GPS: Y | Wi Fi: Y | NFC: Y | 5G Ready: Y | SIM Type: Dual SIM (with eSIM),SPECIFICATION,Display & User Interface,IP68: Y | Ai: Y,SPECIFICATION,Technical,Dimensions: 152.83mm X 71.98mm X 8.59mm | Weight: 204g | Display Size: 6.3 inch | Battery Size: 4970mAh,SPECIFICATION,Standard Features,Face Recognition: Y | Voice Recognition: Y,SPECIFICATION,Memory,Internal memory: 128GB | Expandable memory: No,SPECIFICATION,Key Features,"1.: Google AI & Gemini: Boost your creativity, simplify tasks and control apps with ease. | 2.: 4,970 mAh battery: Lasts all day, letting you power through from the morning to bedtime. | 3.: 6.3"" OLED screen: Stream shows with an awesome view that goes wherever you do. | 4.: Google Tensor G5 processor: Most powerful Pixel chip ever, providing rapid performance. | 5.: 48 MP triple camera system: Capture stunning photos and videos in almost any light. | 6.: IP68 rating: Water and dust resistant for everyday peace of mind.",SPECIFICATION,Phone Type,AI: Y | 5G: Y,,,,,,,,,,,,,,,,,,,,,,,,,,,
idmobile,2025-09-17,,https://www.idmobile.co.uk/shop/pay-monthly/google-pixel-10-256gb-obsidian,PX10256GB1,Google Pixel 10 256GB Obsidian,Google,,9.00,37.99,24,37.99,plan of  50GBdata,24,920.76,N,920.76,,,,,,Contract,50GBdata,,39.49,40.99,,50GBdata | 24 | 24-month plan | Unlimitedminutes | Unlimitedtexts,Obsidian,New,,0840353926547,shop,pay-monthly,google-pixel-10,,,,,https://media.secure-mobiles.com/product-images/google-pixel-10-256gb-obsidian.idm_main_product1.centre.png,https://media.secure-mobiles.com/product-images/PX10256GB1.1.idm_main_product1.centre.png,https://media.secure-mobiles.com/product-images/PX10256GB1.2.idm_main_product1.centre.png,https://media.secure-mobiles.com/product-images/PX10256GB1.3.idm_main_product1.centre.png,https://media.secure-mobiles.com/product-images/PX10256GB1.4.idm_main_product1.centre.png,"Experience the next level in the Pixel series with the Google Pixel 10. It takes everything people loved about the Pixel 9 and pushes it further with major upgrades in performance, photography, and display technology. The new 6.3” Actua display now reaches a dazzling 3000 nits peak brightness, a big jump from the Pixel 9 (2700 nits), making it easy to see your screen in bright sunlight. Under the hood, the Google Tensor G5 delivers faster performance, improved energy efficiency, and sharper AI-powered features compared to the Pixel 9’s Tensor G4. The Pixel 10 delivers a precision-engineered photography experience with a 48MP Quad PD wide camera and 10.8 MP telephoto lens. You’ll also get a slightly larger 4970 mAh battery and Pixelsnap wireless charging, so you can power through your day more easily.",,,,,,,,,,,SPECIFICATION,Google AI & Gemini,GOOGLE AI & GEMINI,SPECIFICATION,"4,970 mAh battery","4,970 MAH BATTERY",SPECIFICATION,6.3 Inch OLED screen,6.3 INCH OLED SCREEN,SPECIFICATION,eSIM compatible,ESIM COMPATIBLE,SPECIFICATION,Connectivity,Bluetooth: Y | GPS: Y | Wi Fi: Y | NFC: Y | 5G Ready: Y | SIM Type: Dual SIM (with eSIM),SPECIFICATION,Display & User Interface,IP68: Y | Ai: Y,SPECIFICATION,Technical,Dimensions: 152.83mm X 71.98mm X 8.59mm | Weight: 204g | Display Size: 6.3 inch | Battery Size: 4970mAh,SPECIFICATION,Standard Features,Face Recognition: Y | Voice Recognition: Y,SPECIFICATION,Memory,Internal memory: 128GB | Expandable memory: No,SPECIFICATION,Key Features,"1.: Google AI & Gemini: Boost your creativity, simplify tasks and control apps with ease. | 2.: 4,970 mAh battery: Lasts all day, letting you power through from the morning to bedtime. | 3.: 6.3"" OLED screen: Stream shows with an awesome view that goes wherever you do. | 4.: Google Tensor G5 processor: Most powerful Pixel chip ever, providing rapid performance. | 5.: 48 MP triple camera system: Capture stunning photos and videos in almost any light. | 6.: IP68 rating: Water and dust resistant for everyday peace of mind.",SPECIFICATION,Phone Type,AI: Y | 5G: Y,,,,,,,,,,,,,,,,,,,,,,,,,,,
idmobile,2025-09-17,,https://www.idmobile.co.uk/shop/pay-monthly/google-pixel-10-256gb-obsidian,PX10256GB1,Google Pixel 10 256GB Obsidian,Google,,99.00,34.99,24,34.99,plan of  100GBdata,24,938.76,N,938.76,,,,,,Contract,100GBdata,,36.49,37.99,,100GBdata | 24 | 24-month plan | Unlimitedminutes | Unlimitedtexts,Obsidian,New,,0840353926547,shop,pay-monthly,google-pixel-10,,,,,https://media.secure-mobiles.com/product-images/google-pixel-10-256gb-obsidian.idm_main_product1.centre.png,https://media.secure-mobiles.com/product-images/PX10256GB1.1.idm_main_product1.centre.png,https://media.secure-mobiles.com/product-images/PX10256GB1.2.idm_main_product1.centre.png,https://media.secure-mobiles.com/product-images/PX10256GB1.3.idm_main_product1.centre.png,https://media.secure-mobiles.com/product-images/PX10256GB1.4.idm_main_product1.centre.png,"Experience the next level in the Pixel series with the Google Pixel 10. It takes everything people loved about the Pixel 9 and pushes it further with major upgrades in performance, photography, and display technology. The new 6.3” Actua display now reaches a dazzling 3000 nits peak brightness, a big jump from the Pixel 9 (2700 nits), making it easy to see your screen in bright sunlight. Under the hood, the Google Tensor G5 delivers faster performance, improved energy efficiency, and sharper AI-powered features compared to the Pixel 9’s Tensor G4. The Pixel 10 delivers a precision-engineered photography experience with a 48MP Quad PD wide camera and 10.8 MP telephoto lens. You’ll also get a slightly larger 4970 mAh battery and Pixelsnap wireless charging, so you can power through your day more easily.",,,,,,,,,,,SPECIFICATION,Google AI & Gemini,GOOGLE AI & GEMINI,SPECIFICATION,"4,970 mAh battery","4,970 MAH BATTERY",SPECIFICATION,6.3 Inch OLED screen,6.3 INCH OLED SCREEN,SPECIFICATION,eSIM compatible,ESIM COMPATIBLE,SPECIFICATION,Connectivity,Bluetooth: Y | GPS: Y | Wi Fi: Y | NFC: Y | 5G Ready: Y | SIM Type: Dual SIM (with eSIM),SPECIFICATION,Display & User Interface,IP68: Y | Ai: Y,SPECIFICATION,Technical,Dimensions: 152.83mm X 71.98mm X 8.59mm | Weight: 204g | Display Size: 6.3 inch | Battery Size: 4970mAh,SPECIFICATION,Standard Features,Face Recognition: Y | Voice Recognition: Y,SPECIFICATION,Memory,Internal memory: 128GB | Expandable memory: No,SPECIFICATION,Key Features,"1.: Google AI & Gemini: Boost your creativity, simplify tasks and control apps with ease. | 2.: 4,970 mAh battery: Lasts all day, letting you power through from the morning to bedtime. | 3.: 6.3"" OLED screen: Stream shows with an awesome view that goes wherever you do. | 4.: Google Tensor G5 processor: Most powerful Pixel chip ever, providing rapid performance. | 5.: 48 MP triple camera system: Capture stunning photos and videos in almost any light. | 6.: IP68 rating: Water and dust resistant for everyday peace of mind.",SPECIFICATION,Phone Type,AI: Y | 5G: Y,,,,,,,,,,,,,,,,,,,,,,,,,,,
idmobile,2025-09-17,,https://www.idmobile.co.uk/shop/pay-monthly/google-pixel-10-256gb-obsidian,PX10256GB1,Google Pixel 10 256GB Obsidian,Google,,9.00,38.99,24,38.99,plan of  100GBdata,24,944.76,N,944.76,,,,,,Contract,100GBdata,,40.49,41.99,,100GBdata | 24 | 24-month plan | Unlimitedminutes | Unlimitedtexts,Obsidian,New,,0840353926547,shop,pay-monthly,google-pixel-10,,,,,https://media.secure-mobiles.com/product-images/google-pixel-10-256gb-obsidian.idm_main_product1.centre.png,https://media.secure-mobiles.com/product-images/PX10256GB1.1.idm_main_product1.centre.png,https://media.secure-mobiles.com/product-images/PX10256GB1.2.idm_main_product1.centre.png,https://media.secure-mobiles.com/product-images/PX10256GB1.3.idm_main_product1.centre.png,https://media.secure-mobiles.com/product-images/PX10256GB1.4.idm_main_product1.centre.png,"Experience the next level in the Pixel series with the Google Pixel 10. It takes everything people loved about the Pixel 9 and pushes it further with major upgrades in performance, photography, and display technology. The new 6.3” Actua display now reaches a dazzling 3000 nits peak brightness, a big jump from the Pixel 9 (2700 nits), making it easy to see your screen in bright sunlight. Under the hood, the Google Tensor G5 delivers faster performance, improved energy efficiency, and sharper AI-powered features compared to the Pixel 9’s Tensor G4. The Pixel 10 delivers a precision-engineered photography experience with a 48MP Quad PD wide camera and 10.8 MP telephoto lens. You’ll also get a slightly larger 4970 mAh battery and Pixelsnap wireless charging, so you can power through your day more easily.",,,,,,,,,,,SPECIFICATION,Google AI & Gemini,GOOGLE AI & GEMINI,SPECIFICATION,"4,970 mAh battery","4,970 MAH BATTERY",SPECIFICATION,6.3 Inch OLED screen,6.3 INCH OLED SCREEN,SPECIFICATION,eSIM compatible,ESIM COMPATIBLE,SPECIFICATION,Connectivity,Bluetooth: Y | GPS: Y | Wi Fi: Y | NFC: Y | 5G Ready: Y | SIM Type: Dual SIM (with eSIM),SPECIFICATION,Display & User Interface,IP68: Y | Ai: Y,SPECIFICATION,Technical,Dimensions: 152.83mm X 71.98mm X 8.59mm | Weight: 204g | Display Size: 6.3 inch | Battery Size: 4970mAh,SPECIFICATION,Standard Features,Face Recognition: Y | Voice Recognition: Y,SPECIFICATION,Memory,Internal memory: 128GB | Expandable memory: No,SPECIFICATION,Key Features,"1.: Google AI & Gemini: Boost your creativity, simplify tasks and control apps with ease. | 2.: 4,970 mAh battery: Lasts all day, letting you power through from the morning to bedtime. | 3.: 6.3"" OLED screen: Stream shows with an awesome view that goes wherever you do. | 4.: Google Tensor G5 processor: Most powerful Pixel chip ever, providing rapid performance. | 5.: 48 MP triple camera system: Capture stunning photos and videos in almost any light. | 6.: IP68 rating: Water and dust resistant for everyday peace of mind.",SPECIFICATION,Phone Type,AI: Y | 5G: Y,,,,,,,,,,,,,,,,,,,,,,,,,,,
idmobile,2025-09-17,,https://www.idmobile.co.uk/shop/pay-monthly/google-pixel-10-256gb-obsidian,PX10256GB1,Google Pixel 10 256GB Obsidian,Google,,99.00,35.99,24,35.99,plan of  Unlimiteddata,24,962.76,N,962.76,,,,,,Contract,Unlimiteddata,,37.49,38.99,,Unlimiteddata | 24 | 24-month plan | Unlimitedminutes | Unlimitedtexts,Obsidian,New,,0840353926547,shop,pay-monthly,google-pixel-10,,,,,https://media.secure-mobiles.com/product-images/google-pixel-10-256gb-obsidian.idm_main_product1.centre.png,https://media.secure-mobiles.com/product-images/PX10256GB1.1.idm_main_product1.centre.png,https://media.secure-mobiles.com/product-images/PX10256GB1.2.idm_main_product1.centre.png,https://media.secure-mobiles.com/product-images/PX10256GB1.3.idm_main_product1.centre.png,https://media.secure-mobiles.com/product-images/PX10256GB1.4.idm_main_product1.centre.png,"Experience the next level in the Pixel series with the Google Pixel 10. It takes everything people loved about the Pixel 9 and pushes it further with major upgrades in performance, photography, and display technology. The new 6.3” Actua display now reaches a dazzling 3000 nits peak brightness, a big jump from the Pixel 9 (2700 nits), making it easy to see your screen in bright sunlight. Under the hood, the Google Tensor G5 delivers faster performance, improved energy efficiency, and sharper AI-powered features compared to the Pixel 9’s Tensor G4. The Pixel 10 delivers a precision-engineered photography experience with a 48MP Quad PD wide camera and 10.8 MP telephoto lens. You’ll also get a slightly larger 4970 mAh battery and Pixelsnap wireless charging, so you can power through your day more easily.",,,,,,,,,,,SPECIFICATION,Google AI & Gemini,GOOGLE AI & GEMINI,SPECIFICATION,"4,970 mAh battery","4,970 MAH BATTERY",SPECIFICATION,6.3 Inch OLED screen,6.3 INCH OLED SCREEN,SPECIFICATION,eSIM compatible,ESIM COMPATIBLE,SPECIFICATION,Connectivity,Bluetooth: Y | GPS: Y | Wi Fi: Y | NFC: Y | 5G Ready: Y | SIM Type: Dual SIM (with eSIM),SPECIFICATION,Display & User Interface,IP68: Y | Ai: Y,SPECIFICATION,Technical,Dimensions: 152.83mm X 71.98mm X 8.59mm | Weight: 204g | Display Size: 6.3 inch | Battery Size: 4970mAh,SPECIFICATION,Standard Features,Face Recognition: Y | Voice Recognition: Y,SPECIFICATION,Memory,Internal memory: 128GB | Expandable memory: No,SPECIFICATION,Key Features,"1.: Google AI & Gemini: Boost your creativity, simplify tasks and control apps with ease. | 2.: 4,970 mAh battery: Lasts all day, letting you power through from the morning to bedtime. | 3.: 6.3"" OLED screen: Stream shows with an awesome view that goes wherever you do. | 4.: Google Tensor G5 processor: Most powerful Pixel chip ever, providing rapid performance. | 5.: 48 MP triple camera system: Capture stunning photos and videos in almost any light. | 6.: IP68 rating: Water and dust resistant for everyday peace of mind.",SPECIFICATION,Phone Type,AI: Y | 5G: Y,,,,,,,,,,,,,,,,,,,,,,,,,,,
idmobile,2025-09-17,,https://www.idmobile.co.uk/shop/pay-monthly/google-pixel-10-256gb-obsidian,PX10256GB1,Google Pixel 10 256GB Obsidian,Google,,9.00,39.99,24,39.99,plan of  Unlimiteddata,24,968.76,N,968.76,,,,,,Contract,Unlimiteddata,,41.49,42.99,,Unlimiteddata | 24 | 24-month plan | Unlimitedminutes | Unlimitedtexts,Obsidian,New,,0840353926547,shop,pay-monthly,google-pixel-10,,,,,https://media.secure-mobiles.com/product-images/google-pixel-10-256gb-obsidian.idm_main_product1.centre.png,https://media.secure-mobiles.com/product-images/PX10256GB1.1.idm_main_product1.centre.png,https://media.secure-mobiles.com/product-images/PX10256GB1.2.idm_main_product1.centre.png,https://media.secure-mobiles.com/product-images/PX10256GB1.3.idm_main_product1.centre.png,https://media.secure-mobiles.com/product-images/PX10256GB1.4.idm_main_product1.centre.png,"Experience the next level in the Pixel series with the Google Pixel 10. It takes everything people loved about the Pixel 9 and pushes it further with major upgrades in performance, photography, and display technology. The new 6.3” Actua display now reaches a dazzling 3000 nits peak brightness, a big jump from the Pixel 9 (2700 nits), making it easy to see your screen in bright sunlight. Under the hood, the Google Tensor G5 delivers faster performance, improved energy efficiency, and sharper AI-powered features compared to the Pixel 9’s Tensor G4. The Pixel 10 delivers a precision-engineered photography experience with a 48MP Quad PD wide camera and 10.8 MP telephoto lens. You’ll also get a slightly larger 4970 mAh battery and Pixelsnap wireless charging, so you can power through your day more easily.",,,,,,,,,,,SPECIFICATION,Google AI & Gemini,GOOGLE AI & GEMINI,SPECIFICATION,"4,970 mAh battery","4,970 MAH BATTERY",SPECIFICATION,6.3 Inch OLED screen,6.3 INCH OLED SCREEN,SPECIFICATION,eSIM compatible,ESIM COMPATIBLE,SPECIFICATION,Connectivity,Bluetooth: Y | GPS: Y | Wi Fi: Y | NFC: Y | 5G Ready: Y | SIM Type: Dual SIM (with eSIM),SPECIFICATION,Display & User Interface,IP68: Y | Ai: Y,SPECIFICATION,Technical,Dimensions: 152.83mm X 71.98mm X 8.59mm | Weight: 204g | Display Size: 6.3 inch | Battery Size: 4970mAh,SPECIFICATION,Standard Features,Face Recognition: Y | Voice Recognition: Y,SPECIFICATION,Memory,Internal memory: 128GB | Expandable memory: No,SPECIFICATION,Key Features,"1.: Google AI & Gemini: Boost your creativity, simplify tasks and control apps with ease. | 2.: 4,970 mAh battery: Lasts all day, letting you power through from the morning to bedtime. | 3.: 6.3"" OLED screen: Stream shows with an awesome view that goes wherever you do. | 4.: Google Tensor G5 processor: Most powerful Pixel chip ever, providing rapid performance. | 5.: 48 MP triple camera system: Capture stunning photos and videos in almost any light. | 6.: IP68 rating: Water and dust resistant for everyday peace of mind.",SPECIFICATION,Phone Type,AI: Y | 5G: Y,,,,,,,,,,,,,,,,,,,,,,,,,,,
idmobile,2025-09-17,,https://www.idmobile.co.uk/shop/pay-monthly/google-pixel-10-256gb-indigo,PX10256GB4,Google Pixel 10 256GB Indigo,Google,,99.00,32.99,24,32.99,plan of  10GBdata,24,890.76,N,890.76,,,,,,Contract,10GBdata,,34.49,35.99,,10GBdata | 24 | 24-month plan | Unlimitedminutes | Unlimitedtexts,Indigo,New,,0840353926608,shop,pay-monthly,google-pixel-10,,,,,https://media.secure-mobiles.com/product-images/google-pixel-10-256gb-indigo.idm_main_product1.centre.png,https://media.secure-mobiles.com/product-images/PX10256GB4.1.idm_main_product1.centre.png,https://media.secure-mobiles.com/product-images/PX10256GB4.2.idm_main_product1.centre.png,https://media.secure-mobiles.com/product-images/PX10256GB4.3.idm_main_product1.centre.png,https://media.secure-mobiles.com/product-images/PX10256GB4.4.idm_main_product1.centre.png,"Experience the next level in the Pixel series with the Google Pixel 10. It takes everything people loved about the Pixel 9 and pushes it further with major upgrades in performance, photography, and display technology. The new 6.3” Actua display now reaches a dazzling 3000 nits peak brightness, a big jump from the Pixel 9 (2700 nits), making it easy to see your screen in bright sunlight. Under the hood, the Google Tensor G5 delivers faster performance, improved energy efficiency, and sharper AI-powered features compared to the Pixel 9’s Tensor G4. The Pixel 10 delivers a precision-engineered photography experience with a 48MP Quad PD wide camera and 10.8 MP telephoto lens. You’ll also get a slightly larger 4970 mAh battery and Pixelsnap wireless charging, so you can power through your day more easily.",,,,,,,,,,,SPECIFICATION,Google AI & Gemini,GOOGLE AI & GEMINI,SPECIFICATION,"4,970 mAh battery","4,970 MAH BATTERY",SPECIFICATION,6.3 Inch OLED screen,6.3 INCH OLED SCREEN,SPECIFICATION,eSIM compatible,ESIM COMPATIBLE,SPECIFICATION,Connectivity,Bluetooth: Y | GPS: Y | Wi Fi: Y | NFC: Y | 5G Ready: Y | SIM Type: Dual SIM (with eSIM),SPECIFICATION,Display & User Interface,IP68: Y | Ai: Y,SPECIFICATION,Technical,Dimensions: 152.83mm X 71.98mm X 8.59mm | Weight: 204g | Display Size: 6.3 inch | Battery Size: 4970mAh,SPECIFICATION,Standard Features,Face Recognition: Y | Voice Recognition: Y,SPECIFICATION,Memory,Internal memory: 128GB | Expandable memory: No,SPECIFICATION,Key Features,"1.: Google AI & Gemini: Boost your creativity, simplify tasks and control apps with ease. | 2.: 4,970 mAh battery: Lasts all day, letting you power through from the morning to bedtime. | 3.: 6.3"" OLED screen: Stream shows with an awesome view that goes wherever you do. | 4.: Google Tensor G5 processor: Most powerful Pixel chip ever, providing rapid performance. | 5.: 48 MP triple camera system: Capture stunning photos and videos in almost any light. | 6.: IP68 rating: Water and dust resistant for everyday peace of mind.",SPECIFICATION,Phone Type,AI: Y | 5G: Y,,,,,,,,,,,,,,,,,,,,,,,,,,,
idmobile,2025-09-17,,https://www.idmobile.co.uk/shop/pay-monthly/google-pixel-10-256gb-indigo,PX10256GB4,Google Pixel 10 256GB Indigo,Google,,9.00,36.99,24,36.99,plan of  10GBdata,24,896.76,N,896.76,,,,,,Contract,10GBdata,,38.49,39.99,,10GBdata | 24 | 24-month plan | Unlimitedminutes | Unlimitedtexts,Indigo,New,,0840353926608,shop,pay-monthly,google-pixel-10,,,,,https://media.secure-mobiles.com/product-images/google-pixel-10-256gb-indigo.idm_main_product1.centre.png,https://media.secure-mobiles.com/product-images/PX10256GB4.1.idm_main_product1.centre.png,https://media.secure-mobiles.com/product-images/PX10256GB4.2.idm_main_product1.centre.png,https://media.secure-mobiles.com/product-images/PX10256GB4.3.idm_main_product1.centre.png,https://media.secure-mobiles.com/product-images/PX10256GB4.4.idm_main_product1.centre.png,"Experience the next level in the Pixel series with the Google Pixel 10. It takes everything people loved about the Pixel 9 and pushes it further with major upgrades in performance, photography, and display technology. The new 6.3” Actua display now reaches a dazzling 3000 nits peak brightness, a big jump from the Pixel 9 (2700 nits), making it easy to see your screen in bright sunlight. Under the hood, the Google Tensor G5 delivers faster performance, improved energy efficiency, and sharper AI-powered features compared to the Pixel 9’s Tensor G4. The Pixel 10 delivers a precision-engineered photography experience with a 48MP Quad PD wide camera and 10.8 MP telephoto lens. You’ll also get a slightly larger 4970 mAh battery and Pixelsnap wireless charging, so you can power through your day more easily.",,,,,,,,,,,SPECIFICATION,Google AI & Gemini,GOOGLE AI & GEMINI,SPECIFICATION,"4,970 mAh battery","4,970 MAH BATTERY",SPECIFICATION,6.3 Inch OLED screen,6.3 INCH OLED SCREEN,SPECIFICATION,eSIM compatible,ESIM COMPATIBLE,SPECIFICATION,Connectivity,Bluetooth: Y | GPS: Y | Wi Fi: Y | NFC: Y | 5G Ready: Y | SIM Type: Dual SIM (with eSIM),SPECIFICATION,Display & User Interface,IP68: Y | Ai: Y,SPECIFICATION,Technical,Dimensions: 152.83mm X 71.98mm X 8.59mm | Weight: 204g | Display Size: 6.3 inch | Battery Size: 4970mAh,SPECIFICATION,Standard Features,Face Recognition: Y | Voice Recognition: Y,SPECIFICATION,Memory,Internal memory: 128GB | Expandable memory: No,SPECIFICATION,Key Features,"1.: Google AI & Gemini: Boost your creativity, simplify tasks and control apps with ease. | 2.: 4,970 mAh battery: Lasts all day, letting you power through from the morning to bedtime. | 3.: 6.3"" OLED screen: Stream shows with an awesome view that goes wherever you do. | 4.: Google Tensor G5 processor: Most powerful Pixel chip ever, providing rapid performance. | 5.: 48 MP triple camera system: Capture stunning photos and videos in almost any light. | 6.: IP68 rating: Water and dust resistant for everyday peace of mind.",SPECIFICATION,Phone Type,AI: Y | 5G: Y,,,,,,,,,,,,,,,,,,,,,,,,,,,
idmobile,2025-09-17,,https://www.idmobile.co.uk/shop/pay-monthly/google-pixel-10-256gb-indigo,PX10256GB4,Google Pixel 10 256GB Indigo,Google,,99.00,33.99,24,33.99,plan of  50GBdata,24,914.76,N,914.76,,,,,,Contract,50GBdata,,35.49,36.99,,50GBdata | 24 | 24-month plan | Unlimitedminutes | Unlimitedtexts,Indigo,New,,0840353926608,shop,pay-monthly,google-pixel-10,,,,,https://media.secure-mobiles.com/product-images/google-pixel-10-256gb-indigo.idm_main_product1.centre.png,https://media.secure-mobiles.com/product-images/PX10256GB4.1.idm_main_product1.centre.png,https://media.secure-mobiles.com/product-images/PX10256GB4.2.idm_main_product1.centre.png,https://media.secure-mobiles.com/product-images/PX10256GB4.3.idm_main_product1.centre.png,https://media.secure-mobiles.com/product-images/PX10256GB4.4.idm_main_product1.centre.png,"Experience the next level in the Pixel series with the Google Pixel 10. It takes everything people loved about the Pixel 9 and pushes it further with major upgrades in performance, photography, and display technology. The new 6.3” Actua display now reaches a dazzling 3000 nits peak brightness, a big jump from the Pixel 9 (2700 nits), making it easy to see your screen in bright sunlight. Under the hood, the Google Tensor G5 delivers faster performance, improved energy efficiency, and sharper AI-powered features compared to the Pixel 9’s Tensor G4. The Pixel 10 delivers a precision-engineered photography experience with a 48MP Quad PD wide camera and 10.8 MP telephoto lens. You’ll also get a slightly larger 4970 mAh battery and Pixelsnap wireless charging, so you can power through your day more easily.",,,,,,,,,,,SPECIFICATION,Google AI & Gemini,GOOGLE AI & GEMINI,SPECIFICATION,"4,970 mAh battery","4,970 MAH BATTERY",SPECIFICATION,6.3 Inch OLED screen,6.3 INCH OLED SCREEN,SPECIFICATION,eSIM compatible,ESIM COMPATIBLE,SPECIFICATION,Connectivity,Bluetooth: Y | GPS: Y | Wi Fi: Y | NFC: Y | 5G Ready: Y | SIM Type: Dual SIM (with eSIM),SPECIFICATION,Display & User Interface,IP68: Y | Ai: Y,SPECIFICATION,Technical,Dimensions: 152.83mm X 71.98mm X 8.59mm | Weight: 204g | Display Size: 6.3 inch | Battery Size: 4970mAh,SPECIFICATION,Standard Features,Face Recognition: Y | Voice Recognition: Y,SPECIFICATION,Memory,Internal memory: 128GB | Expandable memory: No,SPECIFICATION,Key Features,"1.: Google AI & Gemini: Boost your creativity, simplify tasks and control apps with ease. | 2.: 4,970 mAh battery: Lasts all day, letting you power through from the morning to bedtime. | 3.: 6.3"" OLED screen: Stream shows with an awesome view that goes wherever you do. | 4.: Google Tensor G5 processor: Most powerful Pixel chip ever, providing rapid performance. | 5.: 48 MP triple camera system: Capture stunning photos and videos in almost any light. | 6.: IP68 rating: Water and dust resistant for everyday peace of mind.",SPECIFICATION,Phone Type,AI: Y | 5G: Y,,,,,,,,,,,,,,,,,,,,,,,,,,,
idmobile,2025-09-17,,https://www.idmobile.co.uk/shop/pay-monthly/google-pixel-10-256gb-indigo,PX10256GB4,Google Pixel 10 256GB Indigo,Google,,9.00,37.99,24,37.99,plan of  50GBdata,24,920.76,N,920.76,,,,,,Contract,50GBdata,,39.49,40.99,,50GBdata | 24 | 24-month plan | Unlimitedminutes | Unlimitedtexts,Indigo,New,,0840353926608,shop,pay-monthly,google-pixel-10,,,,,https://media.secure-mobiles.com/product-images/google-pixel-10-256gb-indigo.idm_main_product1.centre.png,https://media.secure-mobiles.com/product-images/PX10256GB4.1.idm_main_product1.centre.png,https://media.secure-mobiles.com/product-images/PX10256GB4.2.idm_main_product1.centre.png,https://media.secure-mobiles.com/product-images/PX10256GB4.3.idm_main_product1.centre.png,https://media.secure-mobiles.com/product-images/PX10256GB4.4.idm_main_product1.centre.png,"Experience the next level in the Pixel series with the Google Pixel 10. It takes everything people loved about the Pixel 9 and pushes it further with major upgrades in performance, photography, and display technology. The new 6.3” Actua display now reaches a dazzling 3000 nits peak brightness, a big jump from the Pixel 9 (2700 nits), making it easy to see your screen in bright sunlight. Under the hood, the Google Tensor G5 delivers faster performance, improved energy efficiency, and sharper AI-powered features compared to the Pixel 9’s Tensor G4. The Pixel 10 delivers a precision-engineered photography experience with a 48MP Quad PD wide camera and 10.8 MP telephoto lens. You’ll also get a slightly larger 4970 mAh battery and Pixelsnap wireless charging, so you can power through your day more easily.",,,,,,,,,,,SPECIFICATION,Google AI & Gemini,GOOGLE AI & GEMINI,SPECIFICATION,"4,970 mAh battery","4,970 MAH BATTERY",SPECIFICATION,6.3 Inch OLED screen,6.3 INCH OLED SCREEN,SPECIFICATION,eSIM compatible,ESIM COMPATIBLE,SPECIFICATION,Connectivity,Bluetooth: Y | GPS: Y | Wi Fi: Y | NFC: Y | 5G Ready: Y | SIM Type: Dual SIM (with eSIM),SPECIFICATION,Display & User Interface,IP68: Y | Ai: Y,SPECIFICATION,Technical,Dimensions: 152.83mm X 71.98mm X 8.59mm | Weight: 204g | Display Size: 6.3 inch | Battery Size: 4970mAh,SPECIFICATION,Standard Features,Face Recognition: Y | Voice Recognition: Y,SPECIFICATION,Memory,Internal memory: 128GB | Expandable memory: No,SPECIFICATION,Key Features,"1.: Google AI & Gemini: Boost your creativity, simplify tasks and control apps with ease. | 2.: 4,970 mAh battery: Lasts all day, letting you power through from the morning to bedtime. | 3.: 6.3"" OLED screen: Stream shows with an awesome view that goes wherever you do. | 4.: Google Tensor G5 processor: Most powerful Pixel chip ever, providing rapid performance. | 5.: 48 MP triple camera system: Capture stunning photos and videos in almost any light. | 6.: IP68 rating: Water and dust resistant for everyday peace of mind.",SPECIFICATION,Phone Type,AI: Y | 5G: Y,,,,,,,,,,,,,,,,,,,,,,,,,,,
idmobile,2025-09-17,,https://www.idmobile.co.uk/shop/pay-monthly/google-pixel-10-256gb-indigo,PX10256GB4,Google Pixel 10 256GB Indigo,Google,,99.00,34.99,24,34.99,plan of  100GBdata,24,938.76,N,938.76,,,,,,Contract,100GBdata,,36.49,37.99,,100GBdata | 24 | 24-month plan | Unlimitedminutes | Unlimitedtexts,Indigo,New,,0840353926608,shop,pay-monthly,google-pixel-10,,,,,https://media.secure-mobiles.com/product-images/google-pixel-10-256gb-indigo.idm_main_product1.centre.png,https://media.secure-mobiles.com/product-images/PX10256GB4.1.idm_main_product1.centre.png,https://media.secure-mobiles.com/product-images/PX10256GB4.2.idm_main_product1.centre.png,https://media.secure-mobiles.com/product-images/PX10256GB4.3.idm_main_product1.centre.png,https://media.secure-mobiles.com/product-images/PX10256GB4.4.idm_main_product1.centre.png,"Experience the next level in the Pixel series with the Google Pixel 10. It takes everything people loved about the Pixel 9 and pushes it further with major upgrades in performance, photography, and display technology. The new 6.3” Actua display now reaches a dazzling 3000 nits peak brightness, a big jump from the Pixel 9 (2700 nits), making it easy to see your screen in bright sunlight. Under the hood, the Google Tensor G5 delivers faster performance, improved energy efficiency, and sharper AI-powered features compared to the Pixel 9’s Tensor G4. The Pixel 10 delivers a precision-engineered photography experience with a 48MP Quad PD wide camera and 10.8 MP telephoto lens. You’ll also get a slightly larger 4970 mAh battery and Pixelsnap wireless charging, so you can power through your day more easily.",,,,,,,,,,,SPECIFICATION,Google AI & Gemini,GOOGLE AI & GEMINI,SPECIFICATION,"4,970 mAh battery","4,970 MAH BATTERY",SPECIFICATION,6.3 Inch OLED screen,6.3 INCH OLED SCREEN,SPECIFICATION,eSIM compatible,ESIM COMPATIBLE,SPECIFICATION,Connectivity,Bluetooth: Y | GPS: Y | Wi Fi: Y | NFC: Y | 5G Ready: Y | SIM Type: Dual SIM (with eSIM),SPECIFICATION,Display & User Interface,IP68: Y | Ai: Y,SPECIFICATION,Technical,Dimensions: 152.83mm X 71.98mm X 8.59mm | Weight: 204g | Display Size: 6.3 inch | Battery Size: 4970mAh,SPECIFICATION,Standard Features,Face Recognition: Y | Voice Recognition: Y,SPECIFICATION,Memory,Internal memory: 128GB | Expandable memory: No,SPECIFICATION,Key Features,"1.: Google AI & Gemini: Boost your creativity, simplify tasks and control apps with ease. | 2.: 4,970 mAh battery: Lasts all day, letting you power through from the morning to bedtime. | 3.: 6.3"" OLED screen: Stream shows with an awesome view that goes wherever you do. | 4.: Google Tensor G5 processor: Most powerful Pixel chip ever, providing rapid performance. | 5.: 48 MP triple camera system: Capture stunning photos and videos in almost any light. | 6.: IP68 rating: Water and dust resistant for everyday peace of mind.",SPECIFICATION,Phone Type,AI: Y | 5G: Y,,,,,,,,,,,,,,,,,,,,,,,,,,,
idmobile,2025-09-17,,https://www.idmobile.co.uk/shop/pay-monthly/google-pixel-10-256gb-indigo,PX10256GB4,Google Pixel 10 256GB Indigo,Google,,9.00,38.99,24,38.99,plan of  100GBdata,24,944.76,N,944.76,,,,,,Contract,100GBdata,,40.49,41.99,,100GBdata | 24 | 24-month plan | Unlimitedminutes | Unlimitedtexts,Indigo,New,,0840353926608,shop,pay-monthly,google-pixel-10,,,,,https://media.secure-mobiles.com/product-images/google-pixel-10-256gb-indigo.idm_main_product1.centre.png,https://media.secure-mobiles.com/product-images/PX10256GB4.1.idm_main_product1.centre.png,https://media.secure-mobiles.com/product-images/PX10256GB4.2.idm_main_product1.centre.png,https://media.secure-mobiles.com/product-images/PX10256GB4.3.idm_main_product1.centre.png,https://media.secure-mobiles.com/product-images/PX10256GB4.4.idm_main_product1.centre.png,"Experience the next level in the Pixel series with the Google Pixel 10. It takes everything people loved about the Pixel 9 and pushes it further with major upgrades in performance, photography, and display technology. The new 6.3” Actua display now reaches a dazzling 3000 nits peak brightness, a big jump from the Pixel 9 (2700 nits), making it easy to see your screen in bright sunlight. Under the hood, the Google Tensor G5 delivers faster performance, improved energy efficiency, and sharper AI-powered features compared to the Pixel 9’s Tensor G4. The Pixel 10 delivers a precision-engineered photography experience with a 48MP Quad PD wide camera and 10.8 MP telephoto lens. You’ll also get a slightly larger 4970 mAh battery and Pixelsnap wireless charging, so you can power through your day more easily.",,,,,,,,,,,SPECIFICATION,Google AI & Gemini,GOOGLE AI & GEMINI,SPECIFICATION,"4,970 mAh battery","4,970 MAH BATTERY",SPECIFICATION,6.3 Inch OLED screen,6.3 INCH OLED SCREEN,SPECIFICATION,eSIM compatible,ESIM COMPATIBLE,SPECIFICATION,Connectivity,Bluetooth: Y | GPS: Y | Wi Fi: Y | NFC: Y | 5G Ready: Y | SIM Type: Dual SIM (with eSIM),SPECIFICATION,Display & User Interface,IP68: Y | Ai: Y,SPECIFICATION,Technical,Dimensions: 152.83mm X 71.98mm X 8.59mm | Weight: 204g | Display Size: 6.3 inch | Battery Size: 4970mAh,SPECIFICATION,Standard Features,Face Recognition: Y | Voice Recognition: Y,SPECIFICATION,Memory,Internal memory: 128GB | Expandable memory: No,SPECIFICATION,Key Features,"1.: Google AI & Gemini: Boost your creativity, simplify tasks and control apps with ease. | 2.: 4,970 mAh battery: Lasts all day, letting you power through from the morning to bedtime. | 3.: 6.3"" OLED screen: Stream shows with an awesome view that goes wherever you do. | 4.: Google Tensor G5 processor: Most powerful Pixel chip ever, providing rapid performance. | 5.: 48 MP triple camera system: Capture stunning photos and videos in almost any light. | 6.: IP68 rating: Water and dust resistant for everyday peace of mind.",SPECIFICATION,Phone Type,AI: Y | 5G: Y,,,,,,,,,,,,,,,,,,,,,,,,,,,
idmobile,2025-09-17,,https://www.idmobile.co.uk/shop/pay-monthly/google-pixel-10-256gb-indigo,PX10256GB4,Google Pixel 10 256GB Indigo,Google,,99.00,35.99,24,35.99,plan of  Unlimiteddata,24,962.76,N,962.76,,,,,,Contract,Unlimiteddata,,37.49,38.99,,Unlimiteddata | 24 | 24-month plan | Unlimitedminutes | Unlimitedtexts,Indigo,New,,0840353926608,shop,pay-monthly,google-pixel-10,,,,,https://media.secure-mobiles.com/product-images/google-pixel-10-256gb-indigo.idm_main_product1.centre.png,https://media.secure-mobiles.com/product-images/PX10256GB4.1.idm_main_product1.centre.png,https://media.secure-mobiles.com/product-images/PX10256GB4.2.idm_main_product1.centre.png,https://media.secure-mobiles.com/product-images/PX10256GB4.3.idm_main_product1.centre.png,https://media.secure-mobiles.com/product-images/PX10256GB4.4.idm_main_product1.centre.png,"Experience the next level in the Pixel series with the Google Pixel 10. It takes everything people loved about the Pixel 9 and pushes it further with major upgrades in performance, photography, and display technology. The new 6.3” Actua display now reaches a dazzling 3000 nits peak brightness, a big jump from the Pixel 9 (2700 nits), making it easy to see your screen in bright sunlight. Under the hood, the Google Tensor G5 delivers faster performance, improved energy efficiency, and sharper AI-powered features compared to the Pixel 9’s Tensor G4. The Pixel 10 delivers a precision-engineered photography experience with a 48MP Quad PD wide camera and 10.8 MP telephoto lens. You’ll also get a slightly larger 4970 mAh battery and Pixelsnap wireless charging, so you can power through your day more easily.",,,,,,,,,,,SPECIFICATION,Google AI & Gemini,GOOGLE AI & GEMINI,SPECIFICATION,"4,970 mAh battery","4,970 MAH BATTERY",SPECIFICATION,6.3 Inch OLED screen,6.3 INCH OLED SCREEN,SPECIFICATION,eSIM compatible,ESIM COMPATIBLE,SPECIFICATION,Connectivity,Bluetooth: Y | GPS: Y | Wi Fi: Y | NFC: Y | 5G Ready: Y | SIM Type: Dual SIM (with eSIM),SPECIFICATION,Display & User Interface,IP68: Y | Ai: Y,SPECIFICATION,Technical,Dimensions: 152.83mm X 71.98mm X 8.59mm | Weight: 204g | Display Size: 6.3 inch | Battery Size: 4970mAh,SPECIFICATION,Standard Features,Face Recognition: Y | Voice Recognition: Y,SPECIFICATION,Memory,Internal memory: 128GB | Expandable memory: No,SPECIFICATION,Key Features,"1.: Google AI & Gemini: Boost your creativity, simplify tasks and control apps with ease. | 2.: 4,970 mAh battery: Lasts all day, letting you power through from the morning to bedtime. | 3.: 6.3"" OLED screen: Stream shows with an awesome view that goes wherever you do. | 4.: Google Tensor G5 processor: Most powerful Pixel chip ever, providing rapid performance. | 5.: 48 MP triple camera system: Capture stunning photos and videos in almost any light. | 6.: IP68 rating: Water and dust resistant for everyday peace of mind.",SPECIFICATION,Phone Type,AI: Y | 5G: Y,,,,,,,,,,,,,,,,,,,,,,,,,,,
idmobile,2025-09-17,,https://www.idmobile.co.uk/shop/pay-monthly/google-pixel-10-256gb-indigo,PX10256GB4,Google Pixel 10 256GB Indigo,Google,,9.00,39.99,24,39.99,plan of  Unlimiteddata,24,968.76,N,968.76,,,,,,Contract,Unlimiteddata,,41.49,42.99,,Unlimiteddata | 24 | 24-month plan | Unlimitedminutes | Unlimitedtexts,Indigo,New,,0840353926608,shop,pay-monthly,google-pixel-10,,,,,https://media.secure-mobiles.com/product-images/google-pixel-10-256gb-indigo.idm_main_product1.centre.png,https://media.secure-mobiles.com/product-images/PX10256GB4.1.idm_main_product1.centre.png,https://media.secure-mobiles.com/product-images/PX10256GB4.2.idm_main_product1.centre.png,https://media.secure-mobiles.com/product-images/PX10256GB4.3.idm_main_product1.centre.png,https://media.secure-mobiles.com/product-images/PX10256GB4.4.idm_main_product1.centre.png,"Experience the next level in the Pixel series with the Google Pixel 10. It takes everything people loved about the Pixel 9 and pushes it further with major upgrades in performance, photography, and display technology. The new 6.3” Actua display now reaches a dazzling 3000 nits peak brightness, a big jump from the Pixel 9 (2700 nits), making it easy to see your screen in bright sunlight. Under the hood, the Google Tensor G5 delivers faster performance, improved energy efficiency, and sharper AI-powered features compared to the Pixel 9’s Tensor G4. The Pixel 10 delivers a precision-engineered photography experience with a 48MP Quad PD wide camera and 10.8 MP telephoto lens. You’ll also get a slightly larger 4970 mAh battery and Pixelsnap wireless charging, so you can power through your day more easily.",,,,,,,,,,,SPECIFICATION,Google AI & Gemini,GOOGLE AI & GEMINI,SPECIFICATION,"4,970 mAh battery","4,970 MAH BATTERY",SPECIFICATION,6.3 Inch OLED screen,6.3 INCH OLED SCREEN,SPECIFICATION,eSIM compatible,ESIM COMPATIBLE,SPECIFICATION,Connectivity,Bluetooth: Y | GPS: Y | Wi Fi: Y | NFC: Y | 5G Ready: Y | SIM Type: Dual SIM (with eSIM),SPECIFICATION,Display & User Interface,IP68: Y | Ai: Y,SPECIFICATION,Technical,Dimensions: 152.83mm X 71.98mm X 8.59mm | Weight: 204g | Display Size: 6.3 inch | Battery Size: 4970mAh,SPECIFICATION,Standard Features,Face Recognition: Y | Voice Recognition: Y,SPECIFICATION,Memory,Internal memory: 128GB | Expandable memory: No,SPECIFICATION,Key Features,"1.: Google AI & Gemini: Boost your creativity, simplify tasks and control apps with ease. | 2.: 4,970 mAh battery: Lasts all day, letting you power through from the morning to bedtime. | 3.: 6.3"" OLED screen: Stream shows with an awesome view that goes wherever you do. | 4.: Google Tensor G5 processor: Most powerful Pixel chip ever, providing rapid performance. | 5.: 48 MP triple camera system: Capture stunning photos and videos in almost any light. | 6.: IP68 rating: Water and dust resistant for everyday peace of mind.",SPECIFICATION,Phone Type,AI: Y | 5G: Y,,,,,,,,,,,,,,,,,,,,,,,,,,,
idmobile,2025-09-17,,https://www.idmobile.co.uk/shop/pay-monthly/google-pixel-10-256gb-frost,PX10256GB2,Google Pixel 10 256GB Frost,Google,,99.00,32.99,24,32.99,plan of  10GBdata,24,890.76,N,890.76,,,,,,Contract,10GBdata,,34.49,35.99,,10GBdata | 24 | 24-month plan | Unlimitedminutes | Unlimitedtexts,Frost,New,,0840353926646,shop,pay-monthly,google-pixel-10,,,,,https://media.secure-mobiles.com/product-images/google-pixel-10-256gb-frost.idm_main_product1.centre.png,https://media.secure-mobiles.com/product-images/PX10256GB2.1.idm_main_product1.centre.png,https://media.secure-mobiles.com/product-images/PX10256GB2.2.idm_main_product1.centre.png,https://media.secure-mobiles.com/product-images/PX10256GB2.3.idm_main_product1.centre.png,https://media.secure-mobiles.com/product-images/PX10256GB2.4.idm_main_product1.centre.png,"Experience the next level in the Pixel series with the Google Pixel 10. It takes everything people loved about the Pixel 9 and pushes it further with major upgrades in performance, photography, and display technology. The new 6.3” Actua display now reaches a dazzling 3000 nits peak brightness, a big jump from the Pixel 9 (2700 nits), making it easy to see your screen in bright sunlight. Under the hood, the Google Tensor G5 delivers faster performance, improved energy efficiency, and sharper AI-powered features compared to the Pixel 9’s Tensor G4. The Pixel 10 delivers a precision-engineered photography experience with a 48MP Quad PD wide camera and 10.8 MP telephoto lens. You’ll also get a slightly larger 4970 mAh battery and Pixelsnap wireless charging, so you can power through your day more easily.",,,,,,,,,,,SPECIFICATION,Google AI & Gemini,GOOGLE AI & GEMINI,SPECIFICATION,"4,970 mAh battery","4,970 MAH BATTERY",SPECIFICATION,6.3 Inch OLED screen,6.3 INCH OLED SCREEN,SPECIFICATION,eSIM compatible,ESIM COMPATIBLE,SPECIFICATION,Connectivity,Bluetooth: Y | GPS: Y | Wi Fi: Y | NFC: Y | 5G Ready: Y | SIM Type: Dual SIM (with eSIM),SPECIFICATION,Display & User Interface,IP68: Y | Ai: Y,SPECIFICATION,Technical,Dimensions: 152.83mm X 71.98mm X 8.59mm | Weight: 204g | Display Size: 6.3 inch | Battery Size: 4970mAh,SPECIFICATION,Standard Features,Face Recognition: Y | Voice Recognition: Y,SPECIFICATION,Memory,Internal memory: 128GB | Expandable memory: No,SPECIFICATION,Key Features,"1.: Google AI & Gemini: Boost your creativity, simplify tasks and control apps with ease. | 2.: 4,970 mAh battery: Lasts all day, letting you power through from the morning to bedtime. | 3.: 6.3"" OLED screen: Stream shows with an awesome view that goes wherever you do. | 4.: Google Tensor G5 processor: Most powerful Pixel chip ever, providing rapid performance. | 5.: 48 MP triple camera system: Capture stunning photos and videos in almost any light. | 6.: IP68 rating: Water and dust resistant for everyday peace of mind.",SPECIFICATION,Phone Type,AI: Y | 5G: Y,,,,,,,,,,,,,,,,,,,,,,,,,,,
idmobile,2025-09-17,,https://www.idmobile.co.uk/shop/pay-monthly/google-pixel-10-256gb-frost,PX10256GB2,Google Pixel 10 256GB Frost,Google,,9.00,36.99,24,36.99,plan of  10GBdata,24,896.76,N,896.76,,,,,,Contract,10GBdata,,38.49,39.99,,10GBdata | 24 | 24-month plan | Unlimitedminutes | Unlimitedtexts,Frost,New,,0840353926646,shop,pay-monthly,google-pixel-10,,,,,https://media.secure-mobiles.com/product-images/google-pixel-10-256gb-frost.idm_main_product1.centre.png,https://media.secure-mobiles.com/product-images/PX10256GB2.1.idm_main_product1.centre.png,https://media.secure-mobiles.com/product-images/PX10256GB2.2.idm_main_product1.centre.png,https://media.secure-mobiles.com/product-images/PX10256GB2.3.idm_main_product1.centre.png,https://media.secure-mobiles.com/product-images/PX10256GB2.4.idm_main_product1.centre.png,"Experience the next level in the Pixel series with the Google Pixel 10. It takes everything people loved about the Pixel 9 and pushes it further with major upgrades in performance, photography, and display technology. The new 6.3” Actua display now reaches a dazzling 3000 nits peak brightness, a big jump from the Pixel 9 (2700 nits), making it easy to see your screen in bright sunlight. Under the hood, the Google Tensor G5 delivers faster performance, improved energy efficiency, and sharper AI-powered features compared to the Pixel 9’s Tensor G4. The Pixel 10 delivers a precision-engineered photography experience with a 48MP Quad PD wide camera and 10.8 MP telephoto lens. You’ll also get a slightly larger 4970 mAh battery and Pixelsnap wireless charging, so you can power through your day more easily.",,,,,,,,,,,SPECIFICATION,Google AI & Gemini,GOOGLE AI & GEMINI,SPECIFICATION,"4,970 mAh battery","4,970 MAH BATTERY",SPECIFICATION,6.3 Inch OLED screen,6.3 INCH OLED SCREEN,SPECIFICATION,eSIM compatible,ESIM COMPATIBLE,SPECIFICATION,Connectivity,Bluetooth: Y | GPS: Y | Wi Fi: Y | NFC: Y | 5G Ready: Y | SIM Type: Dual SIM (with eSIM),SPECIFICATION,Display & User Interface,IP68: Y | Ai: Y,SPECIFICATION,Technical,Dimensions: 152.83mm X 71.98mm X 8.59mm | Weight: 204g | Display Size: 6.3 inch | Battery Size: 4970mAh,SPECIFICATION,Standard Features,Face Recognition: Y | Voice Recognition: Y,SPECIFICATION,Memory,Internal memory: 128GB | Expandable memory: No,SPECIFICATION,Key Features,"1.: Google AI & Gemini: Boost your creativity, simplify tasks and control apps with ease. | 2.: 4,970 mAh battery: Lasts all day, letting you power through from the morning to bedtime. | 3.: 6.3"" OLED screen: Stream shows with an awesome view that goes wherever you do. | 4.: Google Tensor G5 processor: Most powerful Pixel chip ever, providing rapid performance. | 5.: 48 MP triple camera system: Capture stunning photos and videos in almost any light. | 6.: IP68 rating: Water and dust resistant for everyday peace of mind.",SPECIFICATION,Phone Type,AI: Y | 5G: Y,,,,,,,,,,,,,,,,,,,,,,,,,,,
idmobile,2025-09-17,,https://www.idmobile.co.uk/shop/pay-monthly/google-pixel-10-256gb-frost,PX10256GB2,Google Pixel 10 256GB Frost,Google,,99.00,33.99,24,33.99,plan of  50GBdata,24,914.76,N,914.76,,,,,,Contract,50GBdata,,35.49,36.99,,50GBdata | 24 | 24-month plan | Unlimitedminutes | Unlimitedtexts,Frost,New,,0840353926646,shop,pay-monthly,google-pixel-10,,,,,https://media.secure-mobiles.com/product-images/google-pixel-10-256gb-frost.idm_main_product1.centre.png,https://media.secure-mobiles.com/product-images/PX10256GB2.1.idm_main_product1.centre.png,https://media.secure-mobiles.com/product-images/PX10256GB2.2.idm_main_product1.centre.png,https://media.secure-mobiles.com/product-images/PX10256GB2.3.idm_main_product1.centre.png,https://media.secure-mobiles.com/product-images/PX10256GB2.4.idm_main_product1.centre.png,"Experience the next level in the Pixel series with the Google Pixel 10. It takes everything people loved about the Pixel 9 and pushes it further with major upgrades in performance, photography, and display technology. The new 6.3” Actua display now reaches a dazzling 3000 nits peak brightness, a big jump from the Pixel 9 (2700 nits), making it easy to see your screen in bright sunlight. Under the hood, the Google Tensor G5 delivers faster performance, improved energy efficiency, and sharper AI-powered features compared to the Pixel 9’s Tensor G4. The Pixel 10 delivers a precision-engineered photography experience with a 48MP Quad PD wide camera and 10.8 MP telephoto lens. You’ll also get a slightly larger 4970 mAh battery and Pixelsnap wireless charging, so you can power through your day more easily.",,,,,,,,,,,SPECIFICATION,Google AI & Gemini,GOOGLE AI & GEMINI,SPECIFICATION,"4,970 mAh battery","4,970 MAH BATTERY",SPECIFICATION,6.3 Inch OLED screen,6.3 INCH OLED SCREEN,SPECIFICATION,eSIM compatible,ESIM COMPATIBLE,SPECIFICATION,Connectivity,Bluetooth: Y | GPS: Y | Wi Fi: Y | NFC: Y | 5G Ready: Y | SIM Type: Dual SIM (with eSIM),SPECIFICATION,Display & User Interface,IP68: Y | Ai: Y,SPECIFICATION,Technical,Dimensions: 152.83mm X 71.98mm X 8.59mm | Weight: 204g | Display Size: 6.3 inch | Battery Size: 4970mAh,SPECIFICATION,Standard Features,Face Recognition: Y | Voice Recognition: Y,SPECIFICATION,Memory,Internal memory: 128GB | Expandable memory: No,SPECIFICATION,Key Features,"1.: Google AI & Gemini: Boost your creativity, simplify tasks and control apps with ease. | 2.: 4,970 mAh battery: Lasts all day, letting you power through from the morning to bedtime. | 3.: 6.3"" OLED screen: Stream shows with an awesome view that goes wherever you do. | 4.: Google Tensor G5 processor: Most powerful Pixel chip ever, providing rapid performance. | 5.: 48 MP triple camera system: Capture stunning photos and videos in almost any light. | 6.: IP68 rating: Water and dust resistant for everyday peace of mind.",SPECIFICATION,Phone Type,AI: Y | 5G: Y,,,,,,,,,,,,,,,,,,,,,,,,,,,
idmobile,2025-09-17,,https://www.idmobile.co.uk/shop/pay-monthly/google-pixel-10-256gb-frost,PX10256GB2,Google Pixel 10 256GB Frost,Google,,9.00,37.99,24,37.99,plan of  50GBdata,24,920.76,N,920.76,,,,,,Contract,50GBdata,,39.49,40.99,,50GBdata | 24 | 24-month plan | Unlimitedminutes | Unlimitedtexts,Frost,New,,0840353926646,shop,pay-monthly,google-pixel-10,,,,,https://media.secure-mobiles.com/product-images/google-pixel-10-256gb-frost.idm_main_product1.centre.png,https://media.secure-mobiles.com/product-images/PX10256GB2.1.idm_main_product1.centre.png,https://media.secure-mobiles.com/product-images/PX10256GB2.2.idm_main_product1.centre.png,https://media.secure-mobiles.com/product-images/PX10256GB2.3.idm_main_product1.centre.png,https://media.secure-mobiles.com/product-images/PX10256GB2.4.idm_main_product1.centre.png,"Experience the next level in the Pixel series with the Google Pixel 10. It takes everything people loved about the Pixel 9 and pushes it further with major upgrades in performance, photography, and display technology. The new 6.3” Actua display now reaches a dazzling 3000 nits peak brightness, a big jump from the Pixel 9 (2700 nits), making it easy to see your screen in bright sunlight. Under the hood, the Google Tensor G5 delivers faster performance, improved energy efficiency, and sharper AI-powered features compared to the Pixel 9’s Tensor G4. The Pixel 10 delivers a precision-engineered photography experience with a 48MP Quad PD wide camera and 10.8 MP telephoto lens. You’ll also get a slightly larger 4970 mAh battery and Pixelsnap wireless charging, so you can power through your day more easily.",,,,,,,,,,,SPECIFICATION,Google AI & Gemini,GOOGLE AI & GEMINI,SPECIFICATION,"4,970 mAh battery","4,970 MAH BATTERY",SPECIFICATION,6.3 Inch OLED screen,6.3 INCH OLED SCREEN,SPECIFICATION,eSIM compatible,ESIM COMPATIBLE,SPECIFICATION,Connectivity,Bluetooth: Y | GPS: Y | Wi Fi: Y | NFC: Y | 5G Ready: Y | SIM Type: Dual SIM (with eSIM),SPECIFICATION,Display & User Interface,IP68: Y | Ai: Y,SPECIFICATION,Technical,Dimensions: 152.83mm X 71.98mm X 8.59mm | Weight: 204g | Display Size: 6.3 inch | Battery Size: 4970mAh,SPECIFICATION,Standard Features,Face Recognition: Y | Voice Recognition: Y,SPECIFICATION,Memory,Internal memory: 128GB | Expandable memory: No,SPECIFICATION,Key Features,"1.: Google AI & Gemini: Boost your creativity, simplify tasks and control apps with ease. | 2.: 4,970 mAh battery: Lasts all day, letting you power through from the morning to bedtime. | 3.: 6.3"" OLED screen: Stream shows with an awesome view that goes wherever you do. | 4.: Google Tensor G5 processor: Most powerful Pixel chip ever, providing rapid performance. | 5.: 48 MP triple camera system: Capture stunning photos and videos in almost any light. | 6.: IP68 rating: Water and dust resistant for everyday peace of mind.",SPECIFICATION,Phone Type,AI: Y | 5G: Y,,,,,,,,,,,,,,,,,,,,,,,,,,,
idmobile,2025-09-17,,https://www.idmobile.co.uk/shop/pay-monthly/google-pixel-10-256gb-frost,PX10256GB2,Google Pixel 10 256GB Frost,Google,,99.00,34.99,24,34.99,plan of  100GBdata,24,938.76,N,938.76,,,,,,Contract,100GBdata,,36.49,37.99,,100GBdata | 24 | 24-month plan | Unlimitedminutes | Unlimitedtexts,Frost,New,,0840353926646,shop,pay-monthly,google-pixel-10,,,,,https://media.secure-mobiles.com/product-images/google-pixel-10-256gb-frost.idm_main_product1.centre.png,https://media.secure-mobiles.com/product-images/PX10256GB2.1.idm_main_product1.centre.png,https://media.secure-mobiles.com/product-images/PX10256GB2.2.idm_main_product1.centre.png,https://media.secure-mobiles.com/product-images/PX10256GB2.3.idm_main_product1.centre.png,https://media.secure-mobiles.com/product-images/PX10256GB2.4.idm_main_product1.centre.png,"Experience the next level in the Pixel series with the Google Pixel 10. It takes everything people loved about the Pixel 9 and pushes it further with major upgrades in performance, photography, and display technology. The new 6.3” Actua display now reaches a dazzling 3000 nits peak brightness, a big jump from the Pixel 9 (2700 nits), making it easy to see your screen in bright sunlight. Under the hood, the Google Tensor G5 delivers faster performance, improved energy efficiency, and sharper AI-powered features compared to the Pixel 9’s Tensor G4. The Pixel 10 delivers a precision-engineered photography experience with a 48MP Quad PD wide camera and 10.8 MP telephoto lens. You’ll also get a slightly larger 4970 mAh battery and Pixelsnap wireless charging, so you can power through your day more easily.",,,,,,,,,,,SPECIFICATION,Google AI & Gemini,GOOGLE AI & GEMINI,SPECIFICATION,"4,970 mAh battery","4,970 MAH BATTERY",SPECIFICATION,6.3 Inch OLED screen,6.3 INCH OLED SCREEN,SPECIFICATION,eSIM compatible,ESIM COMPATIBLE,SPECIFICATION,Connectivity,Bluetooth: Y | GPS: Y | Wi Fi: Y | NFC: Y | 5G Ready: Y | SIM Type: Dual SIM (with eSIM),SPECIFICATION,Display & User Interface,IP68: Y | Ai: Y,SPECIFICATION,Technical,Dimensions: 152.83mm X 71.98mm X 8.59mm | Weight: 204g | Display Size: 6.3 inch | Battery Size: 4970mAh,SPECIFICATION,Standard Features,Face Recognition: Y | Voice Recognition: Y,SPECIFICATION,Memory,Internal memory: 128GB | Expandable memory: No,SPECIFICATION,Key Features,"1.: Google AI & Gemini: Boost your creativity, simplify tasks and control apps with ease. | 2.: 4,970 mAh battery: Lasts all day, letting you power through from the morning to bedtime. | 3.: 6.3"" OLED screen: Stream shows with an awesome view that goes wherever you do. | 4.: Google Tensor G5 processor: Most powerful Pixel chip ever, providing rapid performance. | 5.: 48 MP triple camera system: Capture stunning photos and videos in almost any light. | 6.: IP68 rating: Water and dust resistant for everyday peace of mind.",SPECIFICATION,Phone Type,AI: Y | 5G: Y,,,,,,,,,,,,,,,,,,,,,,,,,,,
idmobile,2025-09-17,,https://www.idmobile.co.uk/shop/pay-monthly/google-pixel-10-256gb-frost,PX10256GB2,Google Pixel 10 256GB Frost,Google,,9.00,38.99,24,38.99,plan of  100GBdata,24,944.76,N,944.76,,,,,,Contract,100GBdata,,40.49,41.99,,100GBdata | 24 | 24-month plan | Unlimitedminutes | Unlimitedtexts,Frost,New,,0840353926646,shop,pay-monthly,google-pixel-10,,,,,https://media.secure-mobiles.com/product-images/google-pixel-10-256gb-frost.idm_main_product1.centre.png,https://media.secure-mobiles.com/product-images/PX10256GB2.1.idm_main_product1.centre.png,https://media.secure-mobiles.com/product-images/PX10256GB2.2.idm_main_product1.centre.png,https://media.secure-mobiles.com/product-images/PX10256GB2.3.idm_main_product1.centre.png,https://media.secure-mobiles.com/product-images/PX10256GB2.4.idm_main_product1.centre.png,"Experience the next level in the Pixel series with the Google Pixel 10. It takes everything people loved about the Pixel 9 and pushes it further with major upgrades in performance, photography, and display technology. The new 6.3” Actua display now reaches a dazzling 3000 nits peak brightness, a big jump from the Pixel 9 (2700 nits), making it easy to see your screen in bright sunlight. Under the hood, the Google Tensor G5 delivers faster performance, improved energy efficiency, and sharper AI-powered features compared to the Pixel 9’s Tensor G4. The Pixel 10 delivers a precision-engineered photography experience with a 48MP Quad PD wide camera and 10.8 MP telephoto lens. You’ll also get a slightly larger 4970 mAh battery and Pixelsnap wireless charging, so you can power through your day more easily.",,,,,,,,,,,SPECIFICATION,Google AI & Gemini,GOOGLE AI & GEMINI,SPECIFICATION,"4,970 mAh battery","4,970 MAH BATTERY",SPECIFICATION,6.3 Inch OLED screen,6.3 INCH OLED SCREEN,SPECIFICATION,eSIM compatible,ESIM COMPATIBLE,SPECIFICATION,Connectivity,Bluetooth: Y | GPS: Y | Wi Fi: Y | NFC: Y | 5G Ready: Y | SIM Type: Dual SIM (with eSIM),SPECIFICATION,Display & User Interface,IP68: Y | Ai: Y,SPECIFICATION,Technical,Dimensions: 152.83mm X 71.98mm X 8.59mm | Weight: 204g | Display Size: 6.3 inch | Battery Size: 4970mAh,SPECIFICATION,Standard Features,Face Recognition: Y | Voice Recognition: Y,SPECIFICATION,Memory,Internal memory: 128GB | Expandable memory: No,SPECIFICATION,Key Features,"1.: Google AI & Gemini: Boost your creativity, simplify tasks and control apps with ease. | 2.: 4,970 mAh battery: Lasts all day, letting you power through from the morning to bedtime. | 3.: 6.3"" OLED screen: Stream shows with an awesome view that goes wherever you do. | 4.: Google Tensor G5 processor: Most powerful Pixel chip ever, providing rapid performance. | 5.: 48 MP triple camera system: Capture stunning photos and videos in almost any light. | 6.: IP68 rating: Water and dust resistant for everyday peace of mind.",SPECIFICATION,Phone Type,AI: Y | 5G: Y,,,,,,,,,,,,,,,,,,,,,,,,,,,
idmobile,2025-09-17,,https://www.idmobile.co.uk/shop/pay-monthly/google-pixel-10-256gb-frost,PX10256GB2,Google Pixel 10 256GB Frost,Google,,99.00,35.99,24,35.99,plan of  Unlimiteddata,24,962.76,N,962.76,,,,,,Contract,Unlimiteddata,,37.49,38.99,,Unlimiteddata | 24 | 24-month plan | Unlimitedminutes | Unlimitedtexts,Frost,New,,0840353926646,shop,pay-monthly,google-pixel-10,,,,,https://media.secure-mobiles.com/product-images/google-pixel-10-256gb-frost.idm_main_product1.centre.png,https://media.secure-mobiles.com/product-images/PX10256GB2.1.idm_main_product1.centre.png,https://media.secure-mobiles.com/product-images/PX10256GB2.2.idm_main_product1.centre.png,https://media.secure-mobiles.com/product-images/PX10256GB2.3.idm_main_product1.centre.png,https://media.secure-mobiles.com/product-images/PX10256GB2.4.idm_main_product1.centre.png,"Experience the next level in the Pixel series with the Google Pixel 10. It takes everything people loved about the Pixel 9 and pushes it further with major upgrades in performance, photography, and display technology. The new 6.3” Actua display now reaches a dazzling 3000 nits peak brightness, a big jump from the Pixel 9 (2700 nits), making it easy to see your screen in bright sunlight. Under the hood, the Google Tensor G5 delivers faster performance, improved energy efficiency, and sharper AI-powered features compared to the Pixel 9’s Tensor G4. The Pixel 10 delivers a precision-engineered photography experience with a 48MP Quad PD wide camera and 10.8 MP telephoto lens. You’ll also get a slightly larger 4970 mAh battery and Pixelsnap wireless charging, so you can power through your day more easily.",,,,,,,,,,,SPECIFICATION,Google AI & Gemini,GOOGLE AI & GEMINI,SPECIFICATION,"4,970 mAh battery","4,970 MAH BATTERY",SPECIFICATION,6.3 Inch OLED screen,6.3 INCH OLED SCREEN,SPECIFICATION,eSIM compatible,ESIM COMPATIBLE,SPECIFICATION,Connectivity,Bluetooth: Y | GPS: Y | Wi Fi: Y | NFC: Y | 5G Ready: Y | SIM Type: Dual SIM (with eSIM),SPECIFICATION,Display & User Interface,IP68: Y | Ai: Y,SPECIFICATION,Technical,Dimensions: 152.83mm X 71.98mm X 8.59mm | Weight: 204g | Display Size: 6.3 inch | Battery Size: 4970mAh,SPECIFICATION,Standard Features,Face Recognition: Y | Voice Recognition: Y,SPECIFICATION,Memory,Internal memory: 128GB | Expandable memory: No,SPECIFICATION,Key Features,"1.: Google AI & Gemini: Boost your creativity, simplify tasks and control apps with ease. | 2.: 4,970 mAh battery: Lasts all day, letting you power through from the morning to bedtime. | 3.: 6.3"" OLED screen: Stream shows with an awesome view that goes wherever you do. | 4.: Google Tensor G5 processor: Most powerful Pixel chip ever, providing rapid performance. | 5.: 48 MP triple camera system: Capture stunning photos and videos in almost any light. | 6.: IP68 rating: Water and dust resistant for everyday peace of mind.",SPECIFICATION,Phone Type,AI: Y | 5G: Y,,,,,,,,,,,,,,,,,,,,,,,,,,,
idmobile,2025-09-17,,https://www.idmobile.co.uk/shop/pay-monthly/google-pixel-10-256gb-frost,PX10256GB2,Google Pixel 10 256GB Frost,Google,,9.00,39.99,24,39.99,plan of  Unlimiteddata,24,968.76,N,968.76,,,,,,Contract,Unlimiteddata,,41.49,42.99,,Unlimiteddata | 24 | 24-month plan | Unlimitedminutes | Unlimitedtexts,Frost,New,,0840353926646,shop,pay-monthly,google-pixel-10,,,,,https://media.secure-mobiles.com/product-images/google-pixel-10-256gb-frost.idm_main_product1.centre.png,https://media.secure-mobiles.com/product-images/PX10256GB2.1.idm_main_product1.centre.png,https://media.secure-mobiles.com/product-images/PX10256GB2.2.idm_main_product1.centre.png,https://media.secure-mobiles.com/product-images/PX10256GB2.3.idm_main_product1.centre.png,https://media.secure-mobiles.com/product-images/PX10256GB2.4.idm_main_product1.centre.png,"Experience the next level in the Pixel series with the Google Pixel 10. It takes everything people loved about the Pixel 9 and pushes it further with major upgrades in performance, photography, and display technology. The new 6.3” Actua display now reaches a dazzling 3000 nits peak brightness, a big jump from the Pixel 9 (2700 nits), making it easy to see your screen in bright sunlight. Under the hood, the Google Tensor G5 delivers faster performance, improved energy efficiency, and sharper AI-powered features compared to the Pixel 9’s Tensor G4. The Pixel 10 delivers a precision-engineered photography experience with a 48MP Quad PD wide camera and 10.8 MP telephoto lens. You’ll also get a slightly larger 4970 mAh battery and Pixelsnap wireless charging, so you can power through your day more easily.",,,,,,,,,,,SPECIFICATION,Google AI & Gemini,GOOGLE AI & GEMINI,SPECIFICATION,"4,970 mAh battery","4,970 MAH BATTERY",SPECIFICATION,6.3 Inch OLED screen,6.3 INCH OLED SCREEN,SPECIFICATION,eSIM compatible,ESIM COMPATIBLE,SPECIFICATION,Connectivity,Bluetooth: Y | GPS: Y | Wi Fi: Y | NFC: Y | 5G Ready: Y | SIM Type: Dual SIM (with eSIM),SPECIFICATION,Display & User Interface,IP68: Y | Ai: Y,SPECIFICATION,Technical,Dimensions: 152.83mm X 71.98mm X 8.59mm | Weight: 204g | Display Size: 6.3 inch | Battery Size: 4970mAh,SPECIFICATION,Standard Features,Face Recognition: Y | Voice Recognition: Y,SPECIFICATION,Memory,Internal memory: 128GB | Expandable memory: No,SPECIFICATION,Key Features,"1.: Google AI & Gemini: Boost your creativity, simplify tasks and control apps with ease. | 2.: 4,970 mAh battery: Lasts all day, letting you power through from the morning to bedtime. | 3.: 6.3"" OLED screen: Stream shows with an awesome view that goes wherever you do. | 4.: Google Tensor G5 processor: Most powerful Pixel chip ever, providing rapid performance. | 5.: 48 MP triple camera system: Capture stunning photos and videos in almost any light. | 6.: IP68 rating: Water and dust resistant for everyday peace of mind.",SPECIFICATION,Phone Type,AI: Y | 5G: Y,,,,,,,,,,,,,,,,,,,,,,,,,,,
idmobile,2025-09-17,,https://www.idmobile.co.uk/shop/sim-free/google-pixel-10-pro-128gb-porcelain,P10P128GB2,Google Pixel 10 Pro 128GB Porcelain,Google,,0,0,0,0.0,,0,0.0,N,0.0,999.00,,,,,sim-free,,,,,,,Porcelain,128GB,,,shop,pay-monthly,google-pixel-10-pro,,,,,https://media.secure-mobiles.com/product-images/google-pixel-10-pro-128gb-porcelain.idm_main_product1.centre.png,https://media.secure-mobiles.com/product-images/P10P128GB2.1.idm_main_product1.centre.png,https://media.secure-mobiles.com/product-images/P10P128GB2.2.idm_main_product1.centre.png,https://media.secure-mobiles.com/product-images/P10P128GB2.3.idm_main_product1.centre.png,https://media.secure-mobiles.com/product-images/P10P128GB2.4.idm_main_product1.centre.png,"Discover the Google Pixel 10 Pro at iD Mobile, available on pay monthly contracts and SIM free deals. Crafted with Gorilla Glass Victus 2 front and back and spacecraft-grade aluminium frame, this flagship blends premium design with durability, backed by IP68 water resistance. The 6.3” Super Actua display now reaches an incredible 3300 nits peak brightness with 120Hz refresh rate for ultra-smooth, vivid viewing in any light. The new Google Tensor G5 chipset and 16GB RAM deliver faster performance and better efficiency compared to the Tensor G4 in the previous model. Engineered for professional-grade photography, the Pixel 10 features triple rear camera – 50MP main, 48MP ultrawide and 48MP telephoto (5× optical zoom) plus a 42MP front camera to deliver exceptional clarity and detail even at a distance. With a larger 4870 mAh battery, 30W wired charging, and 15W Pixelsnap wireless charging, plus features like Magic Cue and Gemini Nano, the Pixel 10 Pro is smarter, brighter, and more powerful than ever.",,,,,,,,,,,SPECIFICATION,Google AI & Gemini,GOOGLE AI & GEMINI,SPECIFICATION,"4,870 mAh battery","4,870 MAH BATTERY",SPECIFICATION,6.3 Inch pOLED screen,6.3 INCH POLED SCREEN,SPECIFICATION,eSIM compatible,ESIM COMPATIBLE,SPECIFICATION,Connectivity,Bluetooth: Y | GPS: Y | Wi Fi: Y | NFC: Y | 5G Ready: Y | SIM Type: Dual SIM (with eSIM),SPECIFICATION,Display & User Interface,IP68: Y | Ai: Y,SPECIFICATION,Camera Features,Face Detection: Y,SPECIFICATION,Technical,Dimensions: 152.8mm X 72.0mm X 8.59mm | Weight: 207g | Display Size: 6.3 inch | Battery Size: 4870 mAh,SPECIFICATION,Standard Features,Face Recognition: Y | Voice Recognition: Y,SPECIFICATION,Memory,Internal memory: 128GB | Expandable memory: No,SPECIFICATION,Key Features,"1.: Google AI & Gemini: Boost your creativity, simplify tasks and control apps with ease. | 2.: 4,870 mAh battery: Lasts all day, letting you power through from the morning to bedtime. | 3.: 6.3"" pOLED screen: Stream, scroll and game on a display that looks great anywhere. | 4.: Google Tensor G5 processor: Most powerful Pixel chip ever, providing rapid performance. | 5.: 50 MP triple camera system: Makes everything look amazing, even in low light. | 6.: IP68 rating: Water and dust resistant for everyday peace of mind.",SPECIFICATION,Phone Type,AI: Y | 5G: Y,,,,,,,,,,,,,,,,,,,,,,,,
idmobile,2025-09-17,,https://www.idmobile.co.uk/shop/sim-free/google-pixel-10-pro-128gb-moonstone,P10P128GB3,Google Pixel 10 Pro 128GB Moonstone,Google,,0,0,0,0.0,,0,0.0,N,0.0,999.00,,,,,sim-free,,,,,,,Moonstone,128GB,,,shop,pay-monthly,google-pixel-10-pro,,,,,https://media.secure-mobiles.com/product-images/google-pixel-10-pro-128gb-moonstone.idm_main_product1.centre.png,https://media.secure-mobiles.com/product-images/P10P128GB3.1.idm_main_product1.centre.png,https://media.secure-mobiles.com/product-images/P10P128GB3.2.idm_main_product1.centre.png,https://media.secure-mobiles.com/product-images/P10P128GB3.3.idm_main_product1.centre.png,https://media.secure-mobiles.com/product-images/P10P128GB3.4.idm_main_product1.centre.png,"Discover the Google Pixel 10 Pro at iD Mobile, available on pay monthly contracts and SIM free deals. Crafted with Gorilla Glass Victus 2 front and back and spacecraft-grade aluminium frame, this flagship blends premium design with durability, backed by IP68 water resistance. The 6.3” Super Actua display now reaches an incredible 3300 nits peak brightness with 120Hz refresh rate for ultra-smooth, vivid viewing in any light. The new Google Tensor G5 chipset and 16GB RAM deliver faster performance and better efficiency compared to the Tensor G4 in the previous model. Engineered for professional-grade photography, the Pixel 10 features triple rear camera – 50MP main, 48MP ultrawide and 48MP telephoto (5× optical zoom) plus a 42MP front camera to deliver exceptional clarity and detail even at a distance. With a larger 4870 mAh battery, 30W wired charging, and 15W Pixelsnap wireless charging, plus features like Magic Cue and Gemini Nano, the Pixel 10 Pro is smarter, brighter, and more powerful than ever.",,,,,,,,,,,SPECIFICATION,Google AI & Gemini,GOOGLE AI & GEMINI,SPECIFICATION,"4,870 mAh battery","4,870 MAH BATTERY",SPECIFICATION,6.3 Inch pOLED screen,6.3 INCH POLED SCREEN,SPECIFICATION,eSIM compatible,ESIM COMPATIBLE,SPECIFICATION,Connectivity,Bluetooth: Y | GPS: Y | Wi Fi: Y | NFC: Y | 5G Ready: Y | SIM Type: Dual SIM (with eSIM),SPECIFICATION,Display & User Interface,IP68: Y | Ai: Y,SPECIFICATION,Camera Features,Face Detection: Y,SPECIFICATION,Technical,Dimensions: 152.8mm X 72.0mm X 8.59mm | Weight: 207g | Display Size: 6.3 inch | Battery Size: 4870 mAh,SPECIFICATION,Standard Features,Face Recognition: Y | Voice Recognition: Y,SPECIFICATION,Memory,Internal memory: 128GB | Expandable memory: No,SPECIFICATION,Key Features,"1.: Google AI & Gemini: Boost your creativity, simplify tasks and control apps with ease. | 2.: 4,870 mAh battery: Lasts all day, letting you power through from the morning to bedtime. | 3.: 6.3"" pOLED screen: Stream, scroll and game on a display that looks great anywhere. | 4.: Google Tensor G5 processor: Most powerful Pixel chip ever, providing rapid performance. | 5.: 50 MP triple camera system: Makes everything look amazing, even in low light. | 6.: IP68 rating: Water and dust resistant for everyday peace of mind.",SPECIFICATION,Phone Type,AI: Y | 5G: Y,,,,,,,,,,,,,,,,,,,,,,,,
idmobile,2025-09-17,,https://www.idmobile.co.uk/shop/sim-free/google-pixel-10-pro-128gb-obsidian,P10P128GB1,Google Pixel 10 Pro 128GB Obsidian,Google,,0,0,0,0.0,,0,0.0,N,0.0,999.00,,,,,sim-free,,,,,,,Obsidian,128GB,,,shop,pay-monthly,google-pixel-10-pro,,,,,https://media.secure-mobiles.com/product-images/google-pixel-10-pro-128gb-obsidian.idm_main_product1.centre.png,https://media.secure-mobiles.com/product-images/P10P128GB1.1.idm_main_product1.centre.png,https://media.secure-mobiles.com/product-images/P10P128GB1.2.idm_main_product1.centre.png,https://media.secure-mobiles.com/product-images/P10P128GB1.3.idm_main_product1.centre.png,https://media.secure-mobiles.com/product-images/P10P128GB1.4.idm_main_product1.centre.png,"Discover the Google Pixel 10 Pro at iD Mobile, available on pay monthly contracts and SIM free deals. Crafted with Gorilla Glass Victus 2 front and back and spacecraft-grade aluminium frame, this flagship blends premium design with durability, backed by IP68 water resistance. The 6.3” Super Actua display now reaches an incredible 3300 nits peak brightness with 120Hz refresh rate for ultra-smooth, vivid viewing in any light. The new Google Tensor G5 chipset and 16GB RAM deliver faster performance and better efficiency compared to the Tensor G4 in the previous model. Engineered for professional-grade photography, the Pixel 10 features triple rear camera – 50MP main, 48MP ultrawide and 48MP telephoto (5× optical zoom) plus a 42MP front camera to deliver exceptional clarity and detail even at a distance. With a larger 4870 mAh battery, 30W wired charging, and 15W Pixelsnap wireless charging, plus features like Magic Cue and Gemini Nano, the Pixel 10 Pro is smarter, brighter, and more powerful than ever.",,,,,,,,,,,SPECIFICATION,Google AI & Gemini,GOOGLE AI & GEMINI,SPECIFICATION,"4,870 mAh battery","4,870 MAH BATTERY",SPECIFICATION,6.3 Inch pOLED screen,6.3 INCH POLED SCREEN,SPECIFICATION,eSIM compatible,ESIM COMPATIBLE,SPECIFICATION,Connectivity,Bluetooth: Y | GPS: Y | Wi Fi: Y | NFC: Y | 5G Ready: Y | SIM Type: Dual SIM (with eSIM),SPECIFICATION,Display & User Interface,IP68: Y | Ai: Y,SPECIFICATION,Camera Features,Face Detection: Y,SPECIFICATION,Technical,Dimensions: 152.8mm X 72.0mm X 8.59mm | Weight: 207g | Display Size: 6.3 inch | Battery Size: 4870 mAh,SPECIFICATION,Standard Features,Face Recognition: Y | Voice Recognition: Y,SPECIFICATION,Memory,Internal memory: 128GB | Expandable memory: No,SPECIFICATION,Key Features,"1.: Google AI & Gemini: Boost your creativity, simplify tasks and control apps with ease. | 2.: 4,870 mAh battery: Lasts all day, letting you power through from the morning to bedtime. | 3.: 6.3"" pOLED screen: Stream, scroll and game on a display that looks great anywhere. | 4.: Google Tensor G5 processor: Most powerful Pixel chip ever, providing rapid performance. | 5.: 50 MP triple camera system: Makes everything look amazing, even in low light. | 6.: IP68 rating: Water and dust resistant for everyday peace of mind.",SPECIFICATION,Phone Type,AI: Y | 5G: Y,,,,,,,,,,,,,,,,,,,,,,,,
idmobile,2025-09-17,,https://www.idmobile.co.uk/shop/sim-free/google-pixel-10-pro-256gb-porcelain,P10P256GB2,Google Pixel 10 Pro 256GB Porcelain,Google,,0,0,0,0.0,,0,0.0,N,0.0,"1,099.00",,,,,sim-free,,,,,,,Porcelain,256GB,,,shop,pay-monthly,google-pixel-10-pro,,,,,https://media.secure-mobiles.com/product-images/google-pixel-10-pro-256gb-porcelain.idm_main_product1.centre.png,https://media.secure-mobiles.com/product-images/P10P256GB2.1.idm_main_product1.centre.png,https://media.secure-mobiles.com/product-images/P10P256GB2.2.idm_main_product1.centre.png,https://media.secure-mobiles.com/product-images/P10P256GB2.3.idm_main_product1.centre.png,https://media.secure-mobiles.com/product-images/P10P256GB2.4.idm_main_product1.centre.png,"Discover the Google Pixel 10 Pro at iD Mobile, available on pay monthly contracts and SIM free deals. Crafted with Gorilla Glass Victus 2 front and back and spacecraft-grade aluminium frame, this flagship blends premium design with durability, backed by IP68 water resistance. The 6.3” Super Actua display now reaches an incredible 3300 nits peak brightness with 120Hz refresh rate for ultra-smooth, vivid viewing in any light. The new Google Tensor G5 chipset and 16GB RAM deliver faster performance and better efficiency compared to the Tensor G4 in the previous model. Engineered for professional-grade photography, the Pixel 10 features triple rear camera – 50MP main, 48MP ultrawide and 48MP telephoto (5× optical zoom) plus a 42MP front camera to deliver exceptional clarity and detail even at a distance. With a larger 4870 mAh battery, 30W wired charging, and 15W Pixelsnap wireless charging, plus features like Magic Cue and Gemini Nano, the Pixel 10 Pro is smarter, brighter, and more powerful than ever.",,,,,,,,,,,SPECIFICATION,Google AI & Gemini,GOOGLE AI & GEMINI,SPECIFICATION,"4,870 mAh battery","4,870 MAH BATTERY",SPECIFICATION,6.3 Inch pOLED screen,6.3 INCH POLED SCREEN,SPECIFICATION,eSIM compatible,ESIM COMPATIBLE,SPECIFICATION,Connectivity,Bluetooth: Y | GPS: Y | Wi Fi: Y | NFC: Y | 5G Ready: Y | SIM Type: Dual SIM (with eSIM),SPECIFICATION,Display & User Interface,IP68: Y | Ai: Y,SPECIFICATION,Camera Features,Face Detection: Y,SPECIFICATION,Technical,Dimensions: 152.8mm X 72.0mm X 8.59mm | Weight: 207g | Display Size: 6.3 inch | Battery Size: 4870 mAh,SPECIFICATION,Standard Features,Face Recognition: Y | Voice Recognition: Y,SPECIFICATION,Memory,Internal memory: 128GB | Expandable memory: No,SPECIFICATION,Key Features,"1.: Google AI & Gemini: Boost your creativity, simplify tasks and control apps with ease. | 2.: 4,870 mAh battery: Lasts all day, letting you power through from the morning to bedtime. | 3.: 6.3"" pOLED screen: Stream, scroll and game on a display that looks great anywhere. | 4.: Google Tensor G5 processor: Most powerful Pixel chip ever, providing rapid performance. | 5.: 50 MP triple camera system: Makes everything look amazing, even in low light. | 6.: IP68 rating: Water and dust resistant for everyday peace of mind.",SPECIFICATION,Phone Type,AI: Y | 5G: Y,,,,,,,,,,,,,,,,,,,,,,,,
idmobile,2025-09-17,,https://www.idmobile.co.uk/shop/sim-free/google-pixel-10-pro-256gb-jade,P10P256GB4,Google Pixel 10 Pro 256GB Jade,Google,,0,0,0,0.0,,0,0.0,N,0.0,"1,099.00",,,,,sim-free,,,,,,,Jade,256GB,,,shop,pay-monthly,google-pixel-10-pro,,,,,https://media.secure-mobiles.com/product-images/google-pixel-10-pro-256gb-jade.idm_main_product1.centre.png,https://media.secure-mobiles.com/product-images/P10P256GB4.1.idm_main_product1.centre.png,https://media.secure-mobiles.com/product-images/P10P256GB4.2.idm_main_product1.centre.png,https://media.secure-mobiles.com/product-images/P10P256GB4.3.idm_main_product1.centre.png,https://media.secure-mobiles.com/product-images/P10P256GB4.4.idm_main_product1.centre.png,"Discover the Google Pixel 10 Pro at iD Mobile, available on pay monthly contracts and SIM free deals. Crafted with Gorilla Glass Victus 2 front and back and spacecraft-grade aluminium frame, this flagship blends premium design with durability, backed by IP68 water resistance. The 6.3” Super Actua display now reaches an incredible 3300 nits peak brightness with 120Hz refresh rate for ultra-smooth, vivid viewing in any light. The new Google Tensor G5 chipset and 16GB RAM deliver faster performance and better efficiency compared to the Tensor G4 in the previous model. Engineered for professional-grade photography, the Pixel 10 features triple rear camera – 50MP main, 48MP ultrawide and 48MP telephoto (5× optical zoom) plus a 42MP front camera to deliver exceptional clarity and detail even at a distance. With a larger 4870 mAh battery, 30W wired charging, and 15W Pixelsnap wireless charging, plus features like Magic Cue and Gemini Nano, the Pixel 10 Pro is smarter, brighter, and more powerful than ever.",,,,,,,,,,,SPECIFICATION,Google AI & Gemini,GOOGLE AI & GEMINI,SPECIFICATION,"4,870 mAh battery","4,870 MAH BATTERY",SPECIFICATION,6.3 Inch pOLED screen,6.3 INCH POLED SCREEN,SPECIFICATION,eSIM compatible,ESIM COMPATIBLE,SPECIFICATION,Connectivity,Bluetooth: Y | GPS: Y | Wi Fi: Y | NFC: Y | 5G Ready: Y | SIM Type: Dual SIM (with eSIM),SPECIFICATION,Display & User Interface,IP68: Y | Ai: Y,SPECIFICATION,Camera Features,Face Detection: Y,SPECIFICATION,Technical,Dimensions: 152.8mm X 72.0mm X 8.59mm | Weight: 207g | Display Size: 6.3 inch | Battery Size: 4870 mAh,SPECIFICATION,Standard Features,Face Recognition: Y | Voice Recognition: Y,SPECIFICATION,Memory,Internal memory: 128GB | Expandable memory: No,SPECIFICATION,Key Features,"1.: Google AI & Gemini: Boost your creativity, simplify tasks and control apps with ease. | 2.: 4,870 mAh battery: Lasts all day, letting you power through from the morning to bedtime. | 3.: 6.3"" pOLED screen: Stream, scroll and game on a display that looks great anywhere. | 4.: Google Tensor G5 processor: Most powerful Pixel chip ever, providing rapid performance. | 5.: 50 MP triple camera system: Makes everything look amazing, even in low light. | 6.: IP68 rating: Water and dust resistant for everyday peace of mind.",SPECIFICATION,Phone Type,AI: Y | 5G: Y,,,,,,,,,,,,,,,,,,,,,,,,
idmobile,2025-09-17,,https://www.idmobile.co.uk/shop/sim-free/google-pixel-10-pro-256gb-obsidian,P10P256GB1,Google Pixel 10 Pro 256GB Obsidian,Google,,0,0,0,0.0,,0,0.0,N,0.0,"1,099.00",,,,,sim-free,,,,,,,Obsidian,256GB,,,shop,pay-monthly,google-pixel-10-pro,,,,,https://media.secure-mobiles.com/product-images/google-pixel-10-pro-256gb-obsidian.idm_main_product1.centre.png,https://media.secure-mobiles.com/product-images/P10P256GB1.1.idm_main_product1.centre.png,https://media.secure-mobiles.com/product-images/P10P256GB1.2.idm_main_product1.centre.png,https://media.secure-mobiles.com/product-images/P10P256GB1.3.idm_main_product1.centre.png,https://media.secure-mobiles.com/product-images/P10P256GB1.4.idm_main_product1.centre.png,"Discover the Google Pixel 10 Pro at iD Mobile, available on pay monthly contracts and SIM free deals. Crafted with Gorilla Glass Victus 2 front and back and spacecraft-grade aluminium frame, this flagship blends premium design with durability, backed by IP68 water resistance. The 6.3” Super Actua display now reaches an incredible 3300 nits peak brightness with 120Hz refresh rate for ultra-smooth, vivid viewing in any light. The new Google Tensor G5 chipset and 16GB RAM deliver faster performance and better efficiency compared to the Tensor G4 in the previous model. Engineered for professional-grade photography, the Pixel 10 features triple rear camera – 50MP main, 48MP ultrawide and 48MP telephoto (5× optical zoom) plus a 42MP front camera to deliver exceptional clarity and detail even at a distance. With a larger 4870 mAh battery, 30W wired charging, and 15W Pixelsnap wireless charging, plus features like Magic Cue and Gemini Nano, the Pixel 10 Pro is smarter, brighter, and more powerful than ever.",,,,,,,,,,,SPECIFICATION,Google AI & Gemini,GOOGLE AI & GEMINI,SPECIFICATION,"4,870 mAh battery","4,870 MAH BATTERY",SPECIFICATION,6.3 Inch pOLED screen,6.3 INCH POLED SCREEN,SPECIFICATION,eSIM compatible,ESIM COMPATIBLE,SPECIFICATION,Connectivity,Bluetooth: Y | GPS: Y | Wi Fi: Y | NFC: Y | 5G Ready: Y | SIM Type: Dual SIM (with eSIM),SPECIFICATION,Display & User Interface,IP68: Y | Ai: Y,SPECIFICATION,Camera Features,Face Detection: Y,SPECIFICATION,Technical,Dimensions: 152.8mm X 72.0mm X 8.59mm | Weight: 207g | Display Size: 6.3 inch | Battery Size: 4870 mAh,SPECIFICATION,Standard Features,Face Recognition: Y | Voice Recognition: Y,SPECIFICATION,Memory,Internal memory: 128GB | Expandable memory: No,SPECIFICATION,Key Features,"1.: Google AI & Gemini: Boost your creativity, simplify tasks and control apps with ease. | 2.: 4,870 mAh battery: Lasts all day, letting you power through from the morning to bedtime. | 3.: 6.3"" pOLED screen: Stream, scroll and game on a display that looks great anywhere. | 4.: Google Tensor G5 processor: Most powerful Pixel chip ever, providing rapid performance. | 5.: 50 MP triple camera system: Makes everything look amazing, even in low light. | 6.: IP68 rating: Water and dust resistant for everyday peace of mind.",SPECIFICATION,Phone Type,AI: Y | 5G: Y,,,,,,,,,,,,,,,,,,,,,,,,
idmobile,2025-09-17,,https://www.idmobile.co.uk/shop/sim-free/google-pixel-10-pro-256gb-moonstone,P10P256GB3,Google Pixel 10 Pro 256GB Moonstone,Google,,0,0,0,0.0,,0,0.0,N,0.0,"1,099.00",,,,,sim-free,,,,,,,Moonstone,256GB,,,shop,pay-monthly,google-pixel-10-pro,,,,,https://media.secure-mobiles.com/product-images/google-pixel-10-pro-256gb-moonstone.idm_main_product1.centre.png,https://media.secure-mobiles.com/product-images/P10P256GB3.1.idm_main_product1.centre.png,https://media.secure-mobiles.com/product-images/P10P256GB3.2.idm_main_product1.centre.png,https://media.secure-mobiles.com/product-images/P10P256GB3.3.idm_main_product1.centre.png,https://media.secure-mobiles.com/product-images/P10P256GB3.4.idm_main_product1.centre.png,"Discover the Google Pixel 10 Pro at iD Mobile, available on pay monthly contracts and SIM free deals. Crafted with Gorilla Glass Victus 2 front and back and spacecraft-grade aluminium frame, this flagship blends premium design with durability, backed by IP68 water resistance. The 6.3” Super Actua display now reaches an incredible 3300 nits peak brightness with 120Hz refresh rate for ultra-smooth, vivid viewing in any light. The new Google Tensor G5 chipset and 16GB RAM deliver faster performance and better efficiency compared to the Tensor G4 in the previous model. Engineered for professional-grade photography, the Pixel 10 features triple rear camera – 50MP main, 48MP ultrawide and 48MP telephoto (5× optical zoom) plus a 42MP front camera to deliver exceptional clarity and detail even at a distance. With a larger 4870 mAh battery, 30W wired charging, and 15W Pixelsnap wireless charging, plus features like Magic Cue and Gemini Nano, the Pixel 10 Pro is smarter, brighter, and more powerful than ever.",,,,,,,,,,,SPECIFICATION,Google AI & Gemini,GOOGLE AI & GEMINI,SPECIFICATION,"4,870 mAh battery","4,870 MAH BATTERY",SPECIFICATION,6.3 Inch pOLED screen,6.3 INCH POLED SCREEN,SPECIFICATION,eSIM compatible,ESIM COMPATIBLE,SPECIFICATION,Connectivity,Bluetooth: Y | GPS: Y | Wi Fi: Y | NFC: Y | 5G Ready: Y | SIM Type: Dual SIM (with eSIM),SPECIFICATION,Display & User Interface,IP68: Y | Ai: Y,SPECIFICATION,Camera Features,Face Detection: Y,SPECIFICATION,Technical,Dimensions: 152.8mm X 72.0mm X 8.59mm | Weight: 207g | Display Size: 6.3 inch | Battery Size: 4870 mAh,SPECIFICATION,Standard Features,Face Recognition: Y | Voice Recognition: Y,SPECIFICATION,Memory,Internal memory: 128GB | Expandable memory: No,SPECIFICATION,Key Features,"1.: Google AI & Gemini: Boost your creativity, simplify tasks and control apps with ease. | 2.: 4,870 mAh battery: Lasts all day, letting you power through from the morning to bedtime. | 3.: 6.3"" pOLED screen: Stream, scroll and game on a display that looks great anywhere. | 4.: Google Tensor G5 processor: Most powerful Pixel chip ever, providing rapid performance. | 5.: 50 MP triple camera system: Makes everything look amazing, even in low light. | 6.: IP68 rating: Water and dust resistant for everyday peace of mind.",SPECIFICATION,Phone Type,AI: Y | 5G: Y,,,,,,,,,,,,,,,,,,,,,,,,
idmobile,2025-09-17,,https://www.idmobile.co.uk/shop/sim-free/google-pixel-10-pro-512gb-moonstone,P10P512GB3,Google Pixel 10 Pro 512GB Moonstone,Google,,0,0,0,0.0,,0,0.0,N,0.0,"1,219.00",,,,,sim-free,,,,,,,Moonstone,512GB,,,shop,pay-monthly,google-pixel-10-pro,,,,,https://media.secure-mobiles.com/product-images/google-pixel-10-pro-512gb-moonstone.idm_main_product1.centre.png,https://media.secure-mobiles.com/product-images/P10P512GB3.1.idm_main_product1.centre.png,https://media.secure-mobiles.com/product-images/P10P512GB3.2.idm_main_product1.centre.png,https://media.secure-mobiles.com/product-images/P10P512GB3.3.idm_main_product1.centre.png,https://media.secure-mobiles.com/product-images/P10P512GB3.4.idm_main_product1.centre.png,"Discover the Google Pixel 10 Pro at iD Mobile, available on pay monthly contracts and SIM free deals. Crafted with Gorilla Glass Victus 2 front and back and spacecraft-grade aluminium frame, this flagship blends premium design with durability, backed by IP68 water resistance. The 6.3” Super Actua display now reaches an incredible 3300 nits peak brightness with 120Hz refresh rate for ultra-smooth, vivid viewing in any light. The new Google Tensor G5 chipset and 16GB RAM deliver faster performance and better efficiency compared to the Tensor G4 in the previous model. Engineered for professional-grade photography, the Pixel 10 features triple rear camera – 50MP main, 48MP ultrawide and 48MP telephoto (5× optical zoom) plus a 42MP front camera to deliver exceptional clarity and detail even at a distance. With a larger 4870 mAh battery, 30W wired charging, and 15W Pixelsnap wireless charging, plus features like Magic Cue and Gemini Nano, the Pixel 10 Pro is smarter, brighter, and more powerful than ever.",,,,,,,,,,,SPECIFICATION,Google AI & Gemini,GOOGLE AI & GEMINI,SPECIFICATION,"4,870 mAh battery","4,870 MAH BATTERY",SPECIFICATION,6.3 Inch pOLED screen,6.3 INCH POLED SCREEN,SPECIFICATION,eSIM compatible,ESIM COMPATIBLE,SPECIFICATION,Connectivity,Bluetooth: Y | GPS: Y | Wi Fi: Y | NFC: Y | 5G Ready: Y | SIM Type: Dual SIM (with eSIM),SPECIFICATION,Display & User Interface,IP68: Y | Ai: Y,SPECIFICATION,Camera Features,Face Detection: Y,SPECIFICATION,Technical,Dimensions: 152.8mm X 72.0mm X 8.59mm | Weight: 207g | Display Size: 6.3 inch | Battery Size: 4870 mAh,SPECIFICATION,Standard Features,Face Recognition: Y | Voice Recognition: Y,SPECIFICATION,Memory,Internal memory: 128GB | Expandable memory: No,SPECIFICATION,Key Features,"1.: Google AI & Gemini: Boost your creativity, simplify tasks and control apps with ease. | 2.: 4,870 mAh battery: Lasts all day, letting you power through from the morning to bedtime. | 3.: 6.3"" pOLED screen: Stream, scroll and game on a display that looks great anywhere. | 4.: Google Tensor G5 processor: Most powerful Pixel chip ever, providing rapid performance. | 5.: 50 MP triple camera system: Makes everything look amazing, even in low light. | 6.: IP68 rating: Water and dust resistant for everyday peace of mind.",SPECIFICATION,Phone Type,AI: Y | 5G: Y,,,,,,,,,,,,,,,,,,,,,,,,
idmobile,2025-09-17,,https://www.idmobile.co.uk/shop/sim-free/google-pixel-10-pro-512gb-porcelain,P10P512GB2,Google Pixel 10 Pro 512GB Porcelain,Google,,0,0,0,0.0,,0,0.0,N,0.0,"1,219.00",,,,,sim-free,,,,,,,Porcelain,512GB,,,shop,pay-monthly,google-pixel-10-pro,,,,,https://media.secure-mobiles.com/product-images/google-pixel-10-pro-512gb-porcelain.idm_main_product1.centre.png,https://media.secure-mobiles.com/product-images/P10P512GB2.1.idm_main_product1.centre.png,https://media.secure-mobiles.com/product-images/P10P512GB2.2.idm_main_product1.centre.png,https://media.secure-mobiles.com/product-images/P10P512GB2.3.idm_main_product1.centre.png,https://media.secure-mobiles.com/product-images/P10P512GB2.4.idm_main_product1.centre.png,"Discover the Google Pixel 10 Pro at iD Mobile, available on pay monthly contracts and SIM free deals. Crafted with Gorilla Glass Victus 2 front and back and spacecraft-grade aluminium frame, this flagship blends premium design with durability, backed by IP68 water resistance. The 6.3” Super Actua display now reaches an incredible 3300 nits peak brightness with 120Hz refresh rate for ultra-smooth, vivid viewing in any light. The new Google Tensor G5 chipset and 16GB RAM deliver faster performance and better efficiency compared to the Tensor G4 in the previous model. Engineered for professional-grade photography, the Pixel 10 features triple rear camera – 50MP main, 48MP ultrawide and 48MP telephoto (5× optical zoom) plus a 42MP front camera to deliver exceptional clarity and detail even at a distance. With a larger 4870 mAh battery, 30W wired charging, and 15W Pixelsnap wireless charging, plus features like Magic Cue and Gemini Nano, the Pixel 10 Pro is smarter, brighter, and more powerful than ever.",,,,,,,,,,,SPECIFICATION,Google AI & Gemini,GOOGLE AI & GEMINI,SPECIFICATION,"4,870 mAh battery","4,870 MAH BATTERY",SPECIFICATION,6.3 Inch pOLED screen,6.3 INCH POLED SCREEN,SPECIFICATION,eSIM compatible,ESIM COMPATIBLE,SPECIFICATION,Connectivity,Bluetooth: Y | GPS: Y | Wi Fi: Y | NFC: Y | 5G Ready: Y | SIM Type: Dual SIM (with eSIM),SPECIFICATION,Display & User Interface,IP68: Y | Ai: Y,SPECIFICATION,Camera Features,Face Detection: Y,SPECIFICATION,Technical,Dimensions: 152.8mm X 72.0mm X 8.59mm | Weight: 207g | Display Size: 6.3 inch | Battery Size: 4870 mAh,SPECIFICATION,Standard Features,Face Recognition: Y | Voice Recognition: Y,SPECIFICATION,Memory,Internal memory: 128GB | Expandable memory: No,SPECIFICATION,Key Features,"1.: Google AI & Gemini: Boost your creativity, simplify tasks and control apps with ease. | 2.: 4,870 mAh battery: Lasts all day, letting you power through from the morning to bedtime. | 3.: 6.3"" pOLED screen: Stream, scroll and game on a display that looks great anywhere. | 4.: Google Tensor G5 processor: Most powerful Pixel chip ever, providing rapid performance. | 5.: 50 MP triple camera system: Makes everything look amazing, even in low light. | 6.: IP68 rating: Water and dust resistant for everyday peace of mind.",SPECIFICATION,Phone Type,AI: Y | 5G: Y,,,,,,,,,,,,,,,,,,,,,,,,
idmobile,2025-09-17,,https://www.idmobile.co.uk/shop/sim-free/google-pixel-10-pro-512gb-obsidian,P10P512GB1,Google Pixel 10 Pro 512GB Obsidian,Google,,0,0,0,0.0,,0,0.0,N,0.0,"1,219.00",,,,,sim-free,,,,,,,Obsidian,512GB,,,shop,pay-monthly,google-pixel-10-pro,,,,,https://media.secure-mobiles.com/product-images/google-pixel-10-pro-512gb-obsidian.idm_main_product1.centre.png,https://media.secure-mobiles.com/product-images/P10P512GB1.1.idm_main_product1.centre.png,https://media.secure-mobiles.com/product-images/P10P512GB1.2.idm_main_product1.centre.png,https://media.secure-mobiles.com/product-images/P10P512GB1.3.idm_main_product1.centre.png,https://media.secure-mobiles.com/product-images/P10P512GB1.4.idm_main_product1.centre.png,"Discover the Google Pixel 10 Pro at iD Mobile, available on pay monthly contracts and SIM free deals. Crafted with Gorilla Glass Victus 2 front and back and spacecraft-grade aluminium frame, this flagship blends premium design with durability, backed by IP68 water resistance. The 6.3” Super Actua display now reaches an incredible 3300 nits peak brightness with 120Hz refresh rate for ultra-smooth, vivid viewing in any light. The new Google Tensor G5 chipset and 16GB RAM deliver faster performance and better efficiency compared to the Tensor G4 in the previous model. Engineered for professional-grade photography, the Pixel 10 features triple rear camera – 50MP main, 48MP ultrawide and 48MP telephoto (5× optical zoom) plus a 42MP front camera to deliver exceptional clarity and detail even at a distance. With a larger 4870 mAh battery, 30W wired charging, and 15W Pixelsnap wireless charging, plus features like Magic Cue and Gemini Nano, the Pixel 10 Pro is smarter, brighter, and more powerful than ever.",,,,,,,,,,,SPECIFICATION,Google AI & Gemini,GOOGLE AI & GEMINI,SPECIFICATION,"4,870 mAh battery","4,870 MAH BATTERY",SPECIFICATION,6.3 Inch pOLED screen,6.3 INCH POLED SCREEN,SPECIFICATION,eSIM compatible,ESIM COMPATIBLE,SPECIFICATION,Connectivity,Bluetooth: Y | GPS: Y | Wi Fi: Y | NFC: Y | 5G Ready: Y | SIM Type: Dual SIM (with eSIM),SPECIFICATION,Display & User Interface,IP68: Y | Ai: Y,SPECIFICATION,Camera Features,Face Detection: Y,SPECIFICATION,Technical,Dimensions: 152.8mm X 72.0mm X 8.59mm | Weight: 207g | Display Size: 6.3 inch | Battery Size: 4870 mAh,SPECIFICATION,Standard Features,Face Recognition: Y | Voice Recognition: Y,SPECIFICATION,Memory,Internal memory: 128GB | Expandable memory: No,SPECIFICATION,Key Features,"1.: Google AI & Gemini: Boost your creativity, simplify tasks and control apps with ease. | 2.: 4,870 mAh battery: Lasts all day, letting you power through from the morning to bedtime. | 3.: 6.3"" pOLED screen: Stream, scroll and game on a display that looks great anywhere. | 4.: Google Tensor G5 processor: Most powerful Pixel chip ever, providing rapid performance. | 5.: 50 MP triple camera system: Makes everything look amazing, even in low light. | 6.: IP68 rating: Water and dust resistant for everyday peace of mind.",SPECIFICATION,Phone Type,AI: Y | 5G: Y,,,,,,,,,,,,,,,,,,,,,,,,
