source,date,apiURL,url,sku,name,brand,stock,advance,paymentAmount,phoneContractDuration,sim_price,simContractname,simContractDuration,phoneContractPrice,isPhoneContractAvailableWOsim,phoneContractSimPackage,handsetOnlyCostCash,handsetOnlyContract,previousPrice,onSale,saleText,plan_type,sim_data,simOfferData,sim1YearIncrease,sim2YearIncrease,sim3YearIncrease,simDesc,colour,size,UPC,EAN,cat,subcat1,subcat2,subcat3,subcat4,subcat5,warranty,image1,image2,image3,image4,image5,desc,shortDesc,reviewCount,reviewRating,videoURL,isSellingFast,isRestockingSoon,isPromotion,isOutletPrice,lowestPriceText,lowestPriceValue,attributeType1,attributeTitle1,attributeValue1,attributeType2,attributeTitle2,attributeValue2,attributeType3,attributeTitle3,attributeValue3,attributeType4,attributeTitle4,attributeValue4,attributeType5,attributeTitle5,attributeValue5,attributeType6,attributeTitle6,attributeValue6,attributeType7,attributeTitle7,attributeValue7,attributeType8,attributeTitle8,attributeValue8,attributeType9,attributeTitle9,attributeValue9,attributeType10,attributeTitle10,attributeValue10,attributeType11,attributeTitle11,attributeValue11,attributeType12,attributeTitle12,attributeValue12,attributeType13,attributeTitle13,attributeValue13,attributeType14,attributeTitle14,attributeValue14,attributeType15,attributeTitle15,attributeValue15,attributeType16,attributeTitle16,attributeValue16,attributeType17,attributeTitle17,attributeValue17,attributeType18,attributeTitle18,attributeValue18,attributeType19,attributeTitle19,attributeValue19,attributeType20,attributeTitle20,attributeValue20
Vodafone,2025-09-05,api_url_varites,https://www.vodafone.co.uk/mobile/pay-monthly-contracts/apple/iphone-11-refurbished-great,210160,Apple iPhone 11 64GB (Refurbished-Great) Green,Apple,Y,10,4,36,23,5GB Xtra,24 Months,154.0,N,27,154,,,,,contract,5GB,,24.8,26.6,,,Green,64 GB,,,mobile,pay-monthly-contracts,apple,iphone-11-refurbished-great,,,,http://images.vodafone.co.uk/gbnnsauqav4t/3bMxVGTbjz85G4dsnulfdv/b21ba7a5bfd8251fd56ac27ee58b16bf/Apple_iPhone_11_green-full-product-front-600.png,http://images.vodafone.co.uk/gbnnsauqav4t/3bMxVGTbjz85G4dsnulfdv/b21ba7a5bfd8251fd56ac27ee58b16bf/Apple_iPhone_11_green-full-product-front-600.png,http://images.vodafone.co.uk/gbnnsauqav4t/KFk1CkBd9Ssaiy2It8aUy/9a42781a83b447008b8a2060b1fa0da3/Apple_iPhone_11_new_green-grid-product-front.png,,,"All-new powerful dual-camera system, Night mode, stunning video quality and all-day battery life – experience iPhone at 11.",,,,,,,,,,,SPECIFICATION,Battery,NON-REMOVABLE | FAST BATTERY CHARGING | QI WIRELESS CHARGING,SPECIFICATION,Body,"FRONT/BACK GLASS, ALUMINIUM FRAME | DUAL SIM (NANO-SIM AND ESIM) | SPLASH, WATER AND DUST RESISTANT (IP68)",SPECIFICATION,Camera details,12MP (F/1.8) + 12MP (F/2.4) | 12MP (F/2.2) | AUTO IMAGE STABILISATION | BURST MODE | LED FLASH (BRIGHTER TRUE TONE FLASH WITH SLOW SYNC) | NIGHT MODE | OIS (OPTICAL IMAGE STABILIZATION) | OPTICAL ZOOM OUT (2X) | PANORAMA | PORTRAIT MODE WITH ADVANCED BOKEH AND DEPTH CONTROL | PORTRAIT LIGHTING WITH SIX EFFECTS | SMART HDR,SPECIFICATION,Capacity,64GB,SPECIFICATION,Colour,GREEN,SPECIFICATION,Connectivity,"2G / 3G / 4G | WI-FI 802.11 A/B/G/N/AC/AX, DUAL-BAND, HOTSPOT | BLUETOOTH 5.0 | GPS WITH A-GPS, GLONASS, GALILEO AND QZSS | NFC | USB 2.0, PROPRIETARY REVERSIBLE CONNECTOR",SPECIFICATION,Display details,LCD CAPACITIVE TOUCHSCREEN | 1792 X 828 PIXELS | FINGERPRINT-RESISTANT OLEOPHOBIC COATING | HAPTIC TOUCH | HDR DISPLAY | TRUE TONE DISPLAY | WIDE COLOUR DISPLAY (P3),SPECIFICATION,Features,ACCELEROMETER | APPLE PAY | BAROMETER | DIGITAL COMPASS | FACE ID | GYROSCOPE | ICLOUD CLOUD SERVICE | PROXIMITY SENSOR | SIRI NATURAL LANGUAGE COMMANDS AND DICTATION | HEVC/MP4/H.264 PLAYER | MP3/WAV/AAX+/AIFF/APPLE LOSSLESS PLAYER | SUPPORTS 4G CALLING ABROAD * | * SUBJECT TO 4G CALLING CAPABILITY BEING AVAILABLE IN THE ROAMING DESTINATION,SPECIFICATION,Platform,IOS 13 | APPLE A13 BIONIC | HEXA-CORE | APPLE GPU,SPECIFICATION,Memory,64GB | 4GB RAM,SPECIFICATION,Video,"2160P (4K) VIDEO RECORDING AT 24FPS, 30FPS OR 60FPS | 1080P (FHD) VIDEO RECORDING AT 30FPS OR 60FPS | 720P (HD) VIDEO RECORDING AT 30FPS | SLOW MOTION VIDEO SUPPORT FOR 1080P AT 120FPS OR 240FPS | AUDIO ZOOM | CINEMATIC VIDEO STABILISATION (4K, 1080P AND 720P) | CONTINUOUS AUTOFOCUS VIDEO | EXTENDED DYNAMIC RANGE FOR VIDEO UP TO 30 FPS | OIS (OPTICAL IMAGE STABILIZATION) | OPTICAL ZOOM OUT (2X) | TAKE 8MP STILL PHOTOS WHILE RECORDING 4K VIDEO | TIME‑LAPSE VIDEO WITH STABILISATION",SPECIFICATION,Box contains,LIGHTNING CABLE | EJECTION PIN,,,,,,,,,,,,,,,,,,,,,,,,
Vodafone,2025-09-05,api_url_varites,https://www.vodafone.co.uk/mobile/pay-monthly-contracts/apple/iphone-11-refurbished-great,210160,Apple iPhone 11 64GB (Refurbished-Great) Green,Apple,Y,10,4,36,30,120GB Xtra,24 Months,154.0,N,34,154,,,,,contract,120GB,,31.8,33.6,,,Green,64 GB,,,mobile,pay-monthly-contracts,apple,iphone-11-refurbished-great,,,,http://images.vodafone.co.uk/gbnnsauqav4t/3bMxVGTbjz85G4dsnulfdv/b21ba7a5bfd8251fd56ac27ee58b16bf/Apple_iPhone_11_green-full-product-front-600.png,http://images.vodafone.co.uk/gbnnsauqav4t/3bMxVGTbjz85G4dsnulfdv/b21ba7a5bfd8251fd56ac27ee58b16bf/Apple_iPhone_11_green-full-product-front-600.png,http://images.vodafone.co.uk/gbnnsauqav4t/KFk1CkBd9Ssaiy2It8aUy/9a42781a83b447008b8a2060b1fa0da3/Apple_iPhone_11_new_green-grid-product-front.png,,,"All-new powerful dual-camera system, Night mode, stunning video quality and all-day battery life – experience iPhone at 11.",,,,,,,,,,,SPECIFICATION,Battery,NON-REMOVABLE | FAST BATTERY CHARGING | QI WIRELESS CHARGING,SPECIFICATION,Body,"FRONT/BACK GLASS, ALUMINIUM FRAME | DUAL SIM (NANO-SIM AND ESIM) | SPLASH, WATER AND DUST RESISTANT (IP68)",SPECIFICATION,Camera details,12MP (F/1.8) + 12MP (F/2.4) | 12MP (F/2.2) | AUTO IMAGE STABILISATION | BURST MODE | LED FLASH (BRIGHTER TRUE TONE FLASH WITH SLOW SYNC) | NIGHT MODE | OIS (OPTICAL IMAGE STABILIZATION) | OPTICAL ZOOM OUT (2X) | PANORAMA | PORTRAIT MODE WITH ADVANCED BOKEH AND DEPTH CONTROL | PORTRAIT LIGHTING WITH SIX EFFECTS | SMART HDR,SPECIFICATION,Capacity,64GB,SPECIFICATION,Colour,GREEN,SPECIFICATION,Connectivity,"2G / 3G / 4G | WI-FI 802.11 A/B/G/N/AC/AX, DUAL-BAND, HOTSPOT | BLUETOOTH 5.0 | GPS WITH A-GPS, GLONASS, GALILEO AND QZSS | NFC | USB 2.0, PROPRIETARY REVERSIBLE CONNECTOR",SPECIFICATION,Display details,LCD CAPACITIVE TOUCHSCREEN | 1792 X 828 PIXELS | FINGERPRINT-RESISTANT OLEOPHOBIC COATING | HAPTIC TOUCH | HDR DISPLAY | TRUE TONE DISPLAY | WIDE COLOUR DISPLAY (P3),SPECIFICATION,Features,ACCELEROMETER | APPLE PAY | BAROMETER | DIGITAL COMPASS | FACE ID | GYROSCOPE | ICLOUD CLOUD SERVICE | PROXIMITY SENSOR | SIRI NATURAL LANGUAGE COMMANDS AND DICTATION | HEVC/MP4/H.264 PLAYER | MP3/WAV/AAX+/AIFF/APPLE LOSSLESS PLAYER | SUPPORTS 4G CALLING ABROAD * | * SUBJECT TO 4G CALLING CAPABILITY BEING AVAILABLE IN THE ROAMING DESTINATION,SPECIFICATION,Platform,IOS 13 | APPLE A13 BIONIC | HEXA-CORE | APPLE GPU,SPECIFICATION,Memory,64GB | 4GB RAM,SPECIFICATION,Video,"2160P (4K) VIDEO RECORDING AT 24FPS, 30FPS OR 60FPS | 1080P (FHD) VIDEO RECORDING AT 30FPS OR 60FPS | 720P (HD) VIDEO RECORDING AT 30FPS | SLOW MOTION VIDEO SUPPORT FOR 1080P AT 120FPS OR 240FPS | AUDIO ZOOM | CINEMATIC VIDEO STABILISATION (4K, 1080P AND 720P) | CONTINUOUS AUTOFOCUS VIDEO | EXTENDED DYNAMIC RANGE FOR VIDEO UP TO 30 FPS | OIS (OPTICAL IMAGE STABILIZATION) | OPTICAL ZOOM OUT (2X) | TAKE 8MP STILL PHOTOS WHILE RECORDING 4K VIDEO | TIME‑LAPSE VIDEO WITH STABILISATION",SPECIFICATION,Box contains,LIGHTNING CABLE | EJECTION PIN,,,,,,,,,,,,,,,,,,,,,,,,
Vodafone,2025-09-05,api_url_varites,https://www.vodafone.co.uk/mobile/pay-monthly-contracts/apple/iphone-11-refurbished-great,210160,Apple iPhone 11 64GB (Refurbished-Great) Green,Apple,Y,10,4,36,39,Unlimited Max Xtra,24 Months,154.0,N,43,154,,,,,contract,Unlimited,,40.8,42.6,,,Green,64 GB,,,mobile,pay-monthly-contracts,apple,iphone-11-refurbished-great,,,,http://images.vodafone.co.uk/gbnnsauqav4t/3bMxVGTbjz85G4dsnulfdv/b21ba7a5bfd8251fd56ac27ee58b16bf/Apple_iPhone_11_green-full-product-front-600.png,http://images.vodafone.co.uk/gbnnsauqav4t/3bMxVGTbjz85G4dsnulfdv/b21ba7a5bfd8251fd56ac27ee58b16bf/Apple_iPhone_11_green-full-product-front-600.png,http://images.vodafone.co.uk/gbnnsauqav4t/KFk1CkBd9Ssaiy2It8aUy/9a42781a83b447008b8a2060b1fa0da3/Apple_iPhone_11_new_green-grid-product-front.png,,,"All-new powerful dual-camera system, Night mode, stunning video quality and all-day battery life – experience iPhone at 11.",,,,,,,,,,,SPECIFICATION,Battery,NON-REMOVABLE | FAST BATTERY CHARGING | QI WIRELESS CHARGING,SPECIFICATION,Body,"FRONT/BACK GLASS, ALUMINIUM FRAME | DUAL SIM (NANO-SIM AND ESIM) | SPLASH, WATER AND DUST RESISTANT (IP68)",SPECIFICATION,Camera details,12MP (F/1.8) + 12MP (F/2.4) | 12MP (F/2.2) | AUTO IMAGE STABILISATION | BURST MODE | LED FLASH (BRIGHTER TRUE TONE FLASH WITH SLOW SYNC) | NIGHT MODE | OIS (OPTICAL IMAGE STABILIZATION) | OPTICAL ZOOM OUT (2X) | PANORAMA | PORTRAIT MODE WITH ADVANCED BOKEH AND DEPTH CONTROL | PORTRAIT LIGHTING WITH SIX EFFECTS | SMART HDR,SPECIFICATION,Capacity,64GB,SPECIFICATION,Colour,GREEN,SPECIFICATION,Connectivity,"2G / 3G / 4G | WI-FI 802.11 A/B/G/N/AC/AX, DUAL-BAND, HOTSPOT | BLUETOOTH 5.0 | GPS WITH A-GPS, GLONASS, GALILEO AND QZSS | NFC | USB 2.0, PROPRIETARY REVERSIBLE CONNECTOR",SPECIFICATION,Display details,LCD CAPACITIVE TOUCHSCREEN | 1792 X 828 PIXELS | FINGERPRINT-RESISTANT OLEOPHOBIC COATING | HAPTIC TOUCH | HDR DISPLAY | TRUE TONE DISPLAY | WIDE COLOUR DISPLAY (P3),SPECIFICATION,Features,ACCELEROMETER | APPLE PAY | BAROMETER | DIGITAL COMPASS | FACE ID | GYROSCOPE | ICLOUD CLOUD SERVICE | PROXIMITY SENSOR | SIRI NATURAL LANGUAGE COMMANDS AND DICTATION | HEVC/MP4/H.264 PLAYER | MP3/WAV/AAX+/AIFF/APPLE LOSSLESS PLAYER | SUPPORTS 4G CALLING ABROAD * | * SUBJECT TO 4G CALLING CAPABILITY BEING AVAILABLE IN THE ROAMING DESTINATION,SPECIFICATION,Platform,IOS 13 | APPLE A13 BIONIC | HEXA-CORE | APPLE GPU,SPECIFICATION,Memory,64GB | 4GB RAM,SPECIFICATION,Video,"2160P (4K) VIDEO RECORDING AT 24FPS, 30FPS OR 60FPS | 1080P (FHD) VIDEO RECORDING AT 30FPS OR 60FPS | 720P (HD) VIDEO RECORDING AT 30FPS | SLOW MOTION VIDEO SUPPORT FOR 1080P AT 120FPS OR 240FPS | AUDIO ZOOM | CINEMATIC VIDEO STABILISATION (4K, 1080P AND 720P) | CONTINUOUS AUTOFOCUS VIDEO | EXTENDED DYNAMIC RANGE FOR VIDEO UP TO 30 FPS | OIS (OPTICAL IMAGE STABILIZATION) | OPTICAL ZOOM OUT (2X) | TAKE 8MP STILL PHOTOS WHILE RECORDING 4K VIDEO | TIME‑LAPSE VIDEO WITH STABILISATION",SPECIFICATION,Box contains,LIGHTNING CABLE | EJECTION PIN,,,,,,,,,,,,,,,,,,,,,,,,
Vodafone,2025-09-05,api_url_varites,https://www.vodafone.co.uk/mobile/pay-monthly-contracts/apple/iphone-11-refurbished-great,210160,Apple iPhone 11 64GB (Refurbished-Great) Green,Apple,Y,10,6,24,23,5GB Xtra,24 Months,154.0,N,29,154,,,,,contract,5GB,,24.8,26.6,,,Green,64 GB,,,mobile,pay-monthly-contracts,apple,iphone-11-refurbished-great,,,,http://images.vodafone.co.uk/gbnnsauqav4t/3bMxVGTbjz85G4dsnulfdv/b21ba7a5bfd8251fd56ac27ee58b16bf/Apple_iPhone_11_green-full-product-front-600.png,http://images.vodafone.co.uk/gbnnsauqav4t/3bMxVGTbjz85G4dsnulfdv/b21ba7a5bfd8251fd56ac27ee58b16bf/Apple_iPhone_11_green-full-product-front-600.png,http://images.vodafone.co.uk/gbnnsauqav4t/KFk1CkBd9Ssaiy2It8aUy/9a42781a83b447008b8a2060b1fa0da3/Apple_iPhone_11_new_green-grid-product-front.png,,,"All-new powerful dual-camera system, Night mode, stunning video quality and all-day battery life – experience iPhone at 11.",,,,,,,,,,,SPECIFICATION,Battery,NON-REMOVABLE | FAST BATTERY CHARGING | QI WIRELESS CHARGING,SPECIFICATION,Body,"FRONT/BACK GLASS, ALUMINIUM FRAME | DUAL SIM (NANO-SIM AND ESIM) | SPLASH, WATER AND DUST RESISTANT (IP68)",SPECIFICATION,Camera details,12MP (F/1.8) + 12MP (F/2.4) | 12MP (F/2.2) | AUTO IMAGE STABILISATION | BURST MODE | LED FLASH (BRIGHTER TRUE TONE FLASH WITH SLOW SYNC) | NIGHT MODE | OIS (OPTICAL IMAGE STABILIZATION) | OPTICAL ZOOM OUT (2X) | PANORAMA | PORTRAIT MODE WITH ADVANCED BOKEH AND DEPTH CONTROL | PORTRAIT LIGHTING WITH SIX EFFECTS | SMART HDR,SPECIFICATION,Capacity,64GB,SPECIFICATION,Colour,GREEN,SPECIFICATION,Connectivity,"2G / 3G / 4G | WI-FI 802.11 A/B/G/N/AC/AX, DUAL-BAND, HOTSPOT | BLUETOOTH 5.0 | GPS WITH A-GPS, GLONASS, GALILEO AND QZSS | NFC | USB 2.0, PROPRIETARY REVERSIBLE CONNECTOR",SPECIFICATION,Display details,LCD CAPACITIVE TOUCHSCREEN | 1792 X 828 PIXELS | FINGERPRINT-RESISTANT OLEOPHOBIC COATING | HAPTIC TOUCH | HDR DISPLAY | TRUE TONE DISPLAY | WIDE COLOUR DISPLAY (P3),SPECIFICATION,Features,ACCELEROMETER | APPLE PAY | BAROMETER | DIGITAL COMPASS | FACE ID | GYROSCOPE | ICLOUD CLOUD SERVICE | PROXIMITY SENSOR | SIRI NATURAL LANGUAGE COMMANDS AND DICTATION | HEVC/MP4/H.264 PLAYER | MP3/WAV/AAX+/AIFF/APPLE LOSSLESS PLAYER | SUPPORTS 4G CALLING ABROAD * | * SUBJECT TO 4G CALLING CAPABILITY BEING AVAILABLE IN THE ROAMING DESTINATION,SPECIFICATION,Platform,IOS 13 | APPLE A13 BIONIC | HEXA-CORE | APPLE GPU,SPECIFICATION,Memory,64GB | 4GB RAM,SPECIFICATION,Video,"2160P (4K) VIDEO RECORDING AT 24FPS, 30FPS OR 60FPS | 1080P (FHD) VIDEO RECORDING AT 30FPS OR 60FPS | 720P (HD) VIDEO RECORDING AT 30FPS | SLOW MOTION VIDEO SUPPORT FOR 1080P AT 120FPS OR 240FPS | AUDIO ZOOM | CINEMATIC VIDEO STABILISATION (4K, 1080P AND 720P) | CONTINUOUS AUTOFOCUS VIDEO | EXTENDED DYNAMIC RANGE FOR VIDEO UP TO 30 FPS | OIS (OPTICAL IMAGE STABILIZATION) | OPTICAL ZOOM OUT (2X) | TAKE 8MP STILL PHOTOS WHILE RECORDING 4K VIDEO | TIME‑LAPSE VIDEO WITH STABILISATION",SPECIFICATION,Box contains,LIGHTNING CABLE | EJECTION PIN,,,,,,,,,,,,,,,,,,,,,,,,
Vodafone,2025-09-05,api_url_varites,https://www.vodafone.co.uk/mobile/pay-monthly-contracts/apple/iphone-11-refurbished-great,210160,Apple iPhone 11 64GB (Refurbished-Great) Green,Apple,Y,10,6,24,30,120GB Xtra,24 Months,154.0,N,36,154,,,,,contract,120GB,,31.8,33.6,,,Green,64 GB,,,mobile,pay-monthly-contracts,apple,iphone-11-refurbished-great,,,,http://images.vodafone.co.uk/gbnnsauqav4t/3bMxVGTbjz85G4dsnulfdv/b21ba7a5bfd8251fd56ac27ee58b16bf/Apple_iPhone_11_green-full-product-front-600.png,http://images.vodafone.co.uk/gbnnsauqav4t/3bMxVGTbjz85G4dsnulfdv/b21ba7a5bfd8251fd56ac27ee58b16bf/Apple_iPhone_11_green-full-product-front-600.png,http://images.vodafone.co.uk/gbnnsauqav4t/KFk1CkBd9Ssaiy2It8aUy/9a42781a83b447008b8a2060b1fa0da3/Apple_iPhone_11_new_green-grid-product-front.png,,,"All-new powerful dual-camera system, Night mode, stunning video quality and all-day battery life – experience iPhone at 11.",,,,,,,,,,,SPECIFICATION,Battery,NON-REMOVABLE | FAST BATTERY CHARGING | QI WIRELESS CHARGING,SPECIFICATION,Body,"FRONT/BACK GLASS, ALUMINIUM FRAME | DUAL SIM (NANO-SIM AND ESIM) | SPLASH, WATER AND DUST RESISTANT (IP68)",SPECIFICATION,Camera details,12MP (F/1.8) + 12MP (F/2.4) | 12MP (F/2.2) | AUTO IMAGE STABILISATION | BURST MODE | LED FLASH (BRIGHTER TRUE TONE FLASH WITH SLOW SYNC) | NIGHT MODE | OIS (OPTICAL IMAGE STABILIZATION) | OPTICAL ZOOM OUT (2X) | PANORAMA | PORTRAIT MODE WITH ADVANCED BOKEH AND DEPTH CONTROL | PORTRAIT LIGHTING WITH SIX EFFECTS | SMART HDR,SPECIFICATION,Capacity,64GB,SPECIFICATION,Colour,GREEN,SPECIFICATION,Connectivity,"2G / 3G / 4G | WI-FI 802.11 A/B/G/N/AC/AX, DUAL-BAND, HOTSPOT | BLUETOOTH 5.0 | GPS WITH A-GPS, GLONASS, GALILEO AND QZSS | NFC | USB 2.0, PROPRIETARY REVERSIBLE CONNECTOR",SPECIFICATION,Display details,LCD CAPACITIVE TOUCHSCREEN | 1792 X 828 PIXELS | FINGERPRINT-RESISTANT OLEOPHOBIC COATING | HAPTIC TOUCH | HDR DISPLAY | TRUE TONE DISPLAY | WIDE COLOUR DISPLAY (P3),SPECIFICATION,Features,ACCELEROMETER | APPLE PAY | BAROMETER | DIGITAL COMPASS | FACE ID | GYROSCOPE | ICLOUD CLOUD SERVICE | PROXIMITY SENSOR | SIRI NATURAL LANGUAGE COMMANDS AND DICTATION | HEVC/MP4/H.264 PLAYER | MP3/WAV/AAX+/AIFF/APPLE LOSSLESS PLAYER | SUPPORTS 4G CALLING ABROAD * | * SUBJECT TO 4G CALLING CAPABILITY BEING AVAILABLE IN THE ROAMING DESTINATION,SPECIFICATION,Platform,IOS 13 | APPLE A13 BIONIC | HEXA-CORE | APPLE GPU,SPECIFICATION,Memory,64GB | 4GB RAM,SPECIFICATION,Video,"2160P (4K) VIDEO RECORDING AT 24FPS, 30FPS OR 60FPS | 1080P (FHD) VIDEO RECORDING AT 30FPS OR 60FPS | 720P (HD) VIDEO RECORDING AT 30FPS | SLOW MOTION VIDEO SUPPORT FOR 1080P AT 120FPS OR 240FPS | AUDIO ZOOM | CINEMATIC VIDEO STABILISATION (4K, 1080P AND 720P) | CONTINUOUS AUTOFOCUS VIDEO | EXTENDED DYNAMIC RANGE FOR VIDEO UP TO 30 FPS | OIS (OPTICAL IMAGE STABILIZATION) | OPTICAL ZOOM OUT (2X) | TAKE 8MP STILL PHOTOS WHILE RECORDING 4K VIDEO | TIME‑LAPSE VIDEO WITH STABILISATION",SPECIFICATION,Box contains,LIGHTNING CABLE | EJECTION PIN,,,,,,,,,,,,,,,,,,,,,,,,
Vodafone,2025-09-05,api_url_varites,https://www.vodafone.co.uk/mobile/pay-monthly-contracts/apple/iphone-11-refurbished-great,210160,Apple iPhone 11 64GB (Refurbished-Great) Green,Apple,Y,10,6,24,39,Unlimited Max Xtra,24 Months,154.0,N,45,154,,,,,contract,Unlimited,,40.8,42.6,,,Green,64 GB,,,mobile,pay-monthly-contracts,apple,iphone-11-refurbished-great,,,,http://images.vodafone.co.uk/gbnnsauqav4t/3bMxVGTbjz85G4dsnulfdv/b21ba7a5bfd8251fd56ac27ee58b16bf/Apple_iPhone_11_green-full-product-front-600.png,http://images.vodafone.co.uk/gbnnsauqav4t/3bMxVGTbjz85G4dsnulfdv/b21ba7a5bfd8251fd56ac27ee58b16bf/Apple_iPhone_11_green-full-product-front-600.png,http://images.vodafone.co.uk/gbnnsauqav4t/KFk1CkBd9Ssaiy2It8aUy/9a42781a83b447008b8a2060b1fa0da3/Apple_iPhone_11_new_green-grid-product-front.png,,,"All-new powerful dual-camera system, Night mode, stunning video quality and all-day battery life – experience iPhone at 11.",,,,,,,,,,,SPECIFICATION,Battery,NON-REMOVABLE | FAST BATTERY CHARGING | QI WIRELESS CHARGING,SPECIFICATION,Body,"FRONT/BACK GLASS, ALUMINIUM FRAME | DUAL SIM (NANO-SIM AND ESIM) | SPLASH, WATER AND DUST RESISTANT (IP68)",SPECIFICATION,Camera details,12MP (F/1.8) + 12MP (F/2.4) | 12MP (F/2.2) | AUTO IMAGE STABILISATION | BURST MODE | LED FLASH (BRIGHTER TRUE TONE FLASH WITH SLOW SYNC) | NIGHT MODE | OIS (OPTICAL IMAGE STABILIZATION) | OPTICAL ZOOM OUT (2X) | PANORAMA | PORTRAIT MODE WITH ADVANCED BOKEH AND DEPTH CONTROL | PORTRAIT LIGHTING WITH SIX EFFECTS | SMART HDR,SPECIFICATION,Capacity,64GB,SPECIFICATION,Colour,GREEN,SPECIFICATION,Connectivity,"2G / 3G / 4G | WI-FI 802.11 A/B/G/N/AC/AX, DUAL-BAND, HOTSPOT | BLUETOOTH 5.0 | GPS WITH A-GPS, GLONASS, GALILEO AND QZSS | NFC | USB 2.0, PROPRIETARY REVERSIBLE CONNECTOR",SPECIFICATION,Display details,LCD CAPACITIVE TOUCHSCREEN | 1792 X 828 PIXELS | FINGERPRINT-RESISTANT OLEOPHOBIC COATING | HAPTIC TOUCH | HDR DISPLAY | TRUE TONE DISPLAY | WIDE COLOUR DISPLAY (P3),SPECIFICATION,Features,ACCELEROMETER | APPLE PAY | BAROMETER | DIGITAL COMPASS | FACE ID | GYROSCOPE | ICLOUD CLOUD SERVICE | PROXIMITY SENSOR | SIRI NATURAL LANGUAGE COMMANDS AND DICTATION | HEVC/MP4/H.264 PLAYER | MP3/WAV/AAX+/AIFF/APPLE LOSSLESS PLAYER | SUPPORTS 4G CALLING ABROAD * | * SUBJECT TO 4G CALLING CAPABILITY BEING AVAILABLE IN THE ROAMING DESTINATION,SPECIFICATION,Platform,IOS 13 | APPLE A13 BIONIC | HEXA-CORE | APPLE GPU,SPECIFICATION,Memory,64GB | 4GB RAM,SPECIFICATION,Video,"2160P (4K) VIDEO RECORDING AT 24FPS, 30FPS OR 60FPS | 1080P (FHD) VIDEO RECORDING AT 30FPS OR 60FPS | 720P (HD) VIDEO RECORDING AT 30FPS | SLOW MOTION VIDEO SUPPORT FOR 1080P AT 120FPS OR 240FPS | AUDIO ZOOM | CINEMATIC VIDEO STABILISATION (4K, 1080P AND 720P) | CONTINUOUS AUTOFOCUS VIDEO | EXTENDED DYNAMIC RANGE FOR VIDEO UP TO 30 FPS | OIS (OPTICAL IMAGE STABILIZATION) | OPTICAL ZOOM OUT (2X) | TAKE 8MP STILL PHOTOS WHILE RECORDING 4K VIDEO | TIME‑LAPSE VIDEO WITH STABILISATION",SPECIFICATION,Box contains,LIGHTNING CABLE | EJECTION PIN,,,,,,,,,,,,,,,,,,,,,,,,
Vodafone,2025-09-05,api_url_varites,https://www.vodafone.co.uk/mobile/pay-monthly-contracts/apple/iphone-11-refurbished-great,210163,Apple iPhone 11 64GB (Refurbished-Great) (PRODUCT)RED,Apple,Y,10,4,36,23,5GB Xtra,24 Months,154.0,N,27,154,,,,,contract,5GB,,24.8,26.6,,,(PRODUCT)RED,64 GB,,,mobile,pay-monthly-contracts,apple,iphone-11-refurbished-great,,,,http://images.vodafone.co.uk/gbnnsauqav4t/5389Zok2egakIypRwJgiHJ/1ab472e1a49100e1735b0f83daeb040b/Apple_iPhone_11_product_red-full-product-front-600.png,http://images.vodafone.co.uk/gbnnsauqav4t/5389Zok2egakIypRwJgiHJ/1ab472e1a49100e1735b0f83daeb040b/Apple_iPhone_11_product_red-full-product-front-600.png,http://images.vodafone.co.uk/gbnnsauqav4t/6oXujpbTrUnqkTNBQCOnn3/912d7748f4893fd29e051d42ebc40ea8/Apple_iPhone_11_new_product_red-grid-product-front.png,,,"All-new powerful dual-camera system, Night mode, stunning video quality and all-day battery life – experience iPhone at 11.",,,,,,,,,,,SPECIFICATION,Battery,NON-REMOVABLE | FAST BATTERY CHARGING | QI WIRELESS CHARGING,SPECIFICATION,Body,"FRONT/BACK GLASS, ALUMINIUM FRAME | DUAL SIM (NANO-SIM AND ESIM) | SPLASH, WATER AND DUST RESISTANT (IP68)",SPECIFICATION,Camera details,12MP (F/1.8) + 12MP (F/2.4) | 12MP (F/2.2) | AUTO IMAGE STABILISATION | BURST MODE | LED FLASH (BRIGHTER TRUE TONE FLASH WITH SLOW SYNC) | NIGHT MODE | OIS (OPTICAL IMAGE STABILIZATION) | OPTICAL ZOOM OUT (2X) | PANORAMA | PORTRAIT MODE WITH ADVANCED BOKEH AND DEPTH CONTROL | PORTRAIT LIGHTING WITH SIX EFFECTS | SMART HDR,SPECIFICATION,Capacity,64GB,SPECIFICATION,Colour,(PRODUCT)RED,SPECIFICATION,Connectivity,"2G / 3G / 4G | WI-FI 802.11 A/B/G/N/AC/AX, DUAL-BAND, HOTSPOT | BLUETOOTH 5.0 | GPS WITH A-GPS, GLONASS, GALILEO AND QZSS | NFC | USB 2.0, PROPRIETARY REVERSIBLE CONNECTOR",SPECIFICATION,Display details,LCD CAPACITIVE TOUCHSCREEN | 1792 X 828 PIXELS | FINGERPRINT-RESISTANT OLEOPHOBIC COATING | HAPTIC TOUCH | HDR DISPLAY | TRUE TONE DISPLAY | WIDE COLOUR DISPLAY (P3),SPECIFICATION,Features,ACCELEROMETER | APPLE PAY | BAROMETER | DIGITAL COMPASS | FACE ID | GYROSCOPE | ICLOUD CLOUD SERVICE | PROXIMITY SENSOR | SIRI NATURAL LANGUAGE COMMANDS AND DICTATION | HEVC/MP4/H.264 PLAYER | MP3/WAV/AAX+/AIFF/APPLE LOSSLESS PLAYER | SUPPORTS 4G CALLING ABROAD * | * SUBJECT TO 4G CALLING CAPABILITY BEING AVAILABLE IN THE ROAMING DESTINATION,SPECIFICATION,Platform,IOS 13 | APPLE A13 BIONIC | HEXA-CORE | APPLE GPU,SPECIFICATION,Memory,64GB | 4GB RAM,SPECIFICATION,Video,"2160P (4K) VIDEO RECORDING AT 24FPS, 30FPS OR 60FPS | 1080P (FHD) VIDEO RECORDING AT 30FPS OR 60FPS | 720P (HD) VIDEO RECORDING AT 30FPS | SLOW MOTION VIDEO SUPPORT FOR 1080P AT 120FPS OR 240FPS | AUDIO ZOOM | CINEMATIC VIDEO STABILISATION (4K, 1080P AND 720P) | CONTINUOUS AUTOFOCUS VIDEO | EXTENDED DYNAMIC RANGE FOR VIDEO UP TO 30 FPS | OIS (OPTICAL IMAGE STABILIZATION) | OPTICAL ZOOM OUT (2X) | TAKE 8MP STILL PHOTOS WHILE RECORDING 4K VIDEO | TIME‑LAPSE VIDEO WITH STABILISATION",SPECIFICATION,Box contains,LIGHTNING CABLE | EJECTION PIN,,,,,,,,,,,,,,,,,,,,,,,,
Vodafone,2025-09-05,api_url_varites,https://www.vodafone.co.uk/mobile/pay-monthly-contracts/apple/iphone-11-refurbished-great,210163,Apple iPhone 11 64GB (Refurbished-Great) (PRODUCT)RED,Apple,Y,10,4,36,30,120GB Xtra,24 Months,154.0,N,34,154,,,,,contract,120GB,,31.8,33.6,,,(PRODUCT)RED,64 GB,,,mobile,pay-monthly-contracts,apple,iphone-11-refurbished-great,,,,http://images.vodafone.co.uk/gbnnsauqav4t/5389Zok2egakIypRwJgiHJ/1ab472e1a49100e1735b0f83daeb040b/Apple_iPhone_11_product_red-full-product-front-600.png,http://images.vodafone.co.uk/gbnnsauqav4t/5389Zok2egakIypRwJgiHJ/1ab472e1a49100e1735b0f83daeb040b/Apple_iPhone_11_product_red-full-product-front-600.png,http://images.vodafone.co.uk/gbnnsauqav4t/6oXujpbTrUnqkTNBQCOnn3/912d7748f4893fd29e051d42ebc40ea8/Apple_iPhone_11_new_product_red-grid-product-front.png,,,"All-new powerful dual-camera system, Night mode, stunning video quality and all-day battery life – experience iPhone at 11.",,,,,,,,,,,SPECIFICATION,Battery,NON-REMOVABLE | FAST BATTERY CHARGING | QI WIRELESS CHARGING,SPECIFICATION,Body,"FRONT/BACK GLASS, ALUMINIUM FRAME | DUAL SIM (NANO-SIM AND ESIM) | SPLASH, WATER AND DUST RESISTANT (IP68)",SPECIFICATION,Camera details,12MP (F/1.8) + 12MP (F/2.4) | 12MP (F/2.2) | AUTO IMAGE STABILISATION | BURST MODE | LED FLASH (BRIGHTER TRUE TONE FLASH WITH SLOW SYNC) | NIGHT MODE | OIS (OPTICAL IMAGE STABILIZATION) | OPTICAL ZOOM OUT (2X) | PANORAMA | PORTRAIT MODE WITH ADVANCED BOKEH AND DEPTH CONTROL | PORTRAIT LIGHTING WITH SIX EFFECTS | SMART HDR,SPECIFICATION,Capacity,64GB,SPECIFICATION,Colour,(PRODUCT)RED,SPECIFICATION,Connectivity,"2G / 3G / 4G | WI-FI 802.11 A/B/G/N/AC/AX, DUAL-BAND, HOTSPOT | BLUETOOTH 5.0 | GPS WITH A-GPS, GLONASS, GALILEO AND QZSS | NFC | USB 2.0, PROPRIETARY REVERSIBLE CONNECTOR",SPECIFICATION,Display details,LCD CAPACITIVE TOUCHSCREEN | 1792 X 828 PIXELS | FINGERPRINT-RESISTANT OLEOPHOBIC COATING | HAPTIC TOUCH | HDR DISPLAY | TRUE TONE DISPLAY | WIDE COLOUR DISPLAY (P3),SPECIFICATION,Features,ACCELEROMETER | APPLE PAY | BAROMETER | DIGITAL COMPASS | FACE ID | GYROSCOPE | ICLOUD CLOUD SERVICE | PROXIMITY SENSOR | SIRI NATURAL LANGUAGE COMMANDS AND DICTATION | HEVC/MP4/H.264 PLAYER | MP3/WAV/AAX+/AIFF/APPLE LOSSLESS PLAYER | SUPPORTS 4G CALLING ABROAD * | * SUBJECT TO 4G CALLING CAPABILITY BEING AVAILABLE IN THE ROAMING DESTINATION,SPECIFICATION,Platform,IOS 13 | APPLE A13 BIONIC | HEXA-CORE | APPLE GPU,SPECIFICATION,Memory,64GB | 4GB RAM,SPECIFICATION,Video,"2160P (4K) VIDEO RECORDING AT 24FPS, 30FPS OR 60FPS | 1080P (FHD) VIDEO RECORDING AT 30FPS OR 60FPS | 720P (HD) VIDEO RECORDING AT 30FPS | SLOW MOTION VIDEO SUPPORT FOR 1080P AT 120FPS OR 240FPS | AUDIO ZOOM | CINEMATIC VIDEO STABILISATION (4K, 1080P AND 720P) | CONTINUOUS AUTOFOCUS VIDEO | EXTENDED DYNAMIC RANGE FOR VIDEO UP TO 30 FPS | OIS (OPTICAL IMAGE STABILIZATION) | OPTICAL ZOOM OUT (2X) | TAKE 8MP STILL PHOTOS WHILE RECORDING 4K VIDEO | TIME‑LAPSE VIDEO WITH STABILISATION",SPECIFICATION,Box contains,LIGHTNING CABLE | EJECTION PIN,,,,,,,,,,,,,,,,,,,,,,,,
Vodafone,2025-09-05,api_url_varites,https://www.vodafone.co.uk/mobile/pay-monthly-contracts/apple/iphone-11-refurbished-great,210163,Apple iPhone 11 64GB (Refurbished-Great) (PRODUCT)RED,Apple,Y,10,4,36,39,Unlimited Max Xtra,24 Months,154.0,N,43,154,,,,,contract,Unlimited,,40.8,42.6,,,(PRODUCT)RED,64 GB,,,mobile,pay-monthly-contracts,apple,iphone-11-refurbished-great,,,,http://images.vodafone.co.uk/gbnnsauqav4t/5389Zok2egakIypRwJgiHJ/1ab472e1a49100e1735b0f83daeb040b/Apple_iPhone_11_product_red-full-product-front-600.png,http://images.vodafone.co.uk/gbnnsauqav4t/5389Zok2egakIypRwJgiHJ/1ab472e1a49100e1735b0f83daeb040b/Apple_iPhone_11_product_red-full-product-front-600.png,http://images.vodafone.co.uk/gbnnsauqav4t/6oXujpbTrUnqkTNBQCOnn3/912d7748f4893fd29e051d42ebc40ea8/Apple_iPhone_11_new_product_red-grid-product-front.png,,,"All-new powerful dual-camera system, Night mode, stunning video quality and all-day battery life – experience iPhone at 11.",,,,,,,,,,,SPECIFICATION,Battery,NON-REMOVABLE | FAST BATTERY CHARGING | QI WIRELESS CHARGING,SPECIFICATION,Body,"FRONT/BACK GLASS, ALUMINIUM FRAME | DUAL SIM (NANO-SIM AND ESIM) | SPLASH, WATER AND DUST RESISTANT (IP68)",SPECIFICATION,Camera details,12MP (F/1.8) + 12MP (F/2.4) | 12MP (F/2.2) | AUTO IMAGE STABILISATION | BURST MODE | LED FLASH (BRIGHTER TRUE TONE FLASH WITH SLOW SYNC) | NIGHT MODE | OIS (OPTICAL IMAGE STABILIZATION) | OPTICAL ZOOM OUT (2X) | PANORAMA | PORTRAIT MODE WITH ADVANCED BOKEH AND DEPTH CONTROL | PORTRAIT LIGHTING WITH SIX EFFECTS | SMART HDR,SPECIFICATION,Capacity,64GB,SPECIFICATION,Colour,(PRODUCT)RED,SPECIFICATION,Connectivity,"2G / 3G / 4G | WI-FI 802.11 A/B/G/N/AC/AX, DUAL-BAND, HOTSPOT | BLUETOOTH 5.0 | GPS WITH A-GPS, GLONASS, GALILEO AND QZSS | NFC | USB 2.0, PROPRIETARY REVERSIBLE CONNECTOR",SPECIFICATION,Display details,LCD CAPACITIVE TOUCHSCREEN | 1792 X 828 PIXELS | FINGERPRINT-RESISTANT OLEOPHOBIC COATING | HAPTIC TOUCH | HDR DISPLAY | TRUE TONE DISPLAY | WIDE COLOUR DISPLAY (P3),SPECIFICATION,Features,ACCELEROMETER | APPLE PAY | BAROMETER | DIGITAL COMPASS | FACE ID | GYROSCOPE | ICLOUD CLOUD SERVICE | PROXIMITY SENSOR | SIRI NATURAL LANGUAGE COMMANDS AND DICTATION | HEVC/MP4/H.264 PLAYER | MP3/WAV/AAX+/AIFF/APPLE LOSSLESS PLAYER | SUPPORTS 4G CALLING ABROAD * | * SUBJECT TO 4G CALLING CAPABILITY BEING AVAILABLE IN THE ROAMING DESTINATION,SPECIFICATION,Platform,IOS 13 | APPLE A13 BIONIC | HEXA-CORE | APPLE GPU,SPECIFICATION,Memory,64GB | 4GB RAM,SPECIFICATION,Video,"2160P (4K) VIDEO RECORDING AT 24FPS, 30FPS OR 60FPS | 1080P (FHD) VIDEO RECORDING AT 30FPS OR 60FPS | 720P (HD) VIDEO RECORDING AT 30FPS | SLOW MOTION VIDEO SUPPORT FOR 1080P AT 120FPS OR 240FPS | AUDIO ZOOM | CINEMATIC VIDEO STABILISATION (4K, 1080P AND 720P) | CONTINUOUS AUTOFOCUS VIDEO | EXTENDED DYNAMIC RANGE FOR VIDEO UP TO 30 FPS | OIS (OPTICAL IMAGE STABILIZATION) | OPTICAL ZOOM OUT (2X) | TAKE 8MP STILL PHOTOS WHILE RECORDING 4K VIDEO | TIME‑LAPSE VIDEO WITH STABILISATION",SPECIFICATION,Box contains,LIGHTNING CABLE | EJECTION PIN,,,,,,,,,,,,,,,,,,,,,,,,
Vodafone,2025-09-05,api_url_varites,https://www.vodafone.co.uk/mobile/pay-monthly-contracts/apple/iphone-11-refurbished-great,210163,Apple iPhone 11 64GB (Refurbished-Great) (PRODUCT)RED,Apple,Y,10,6,24,23,5GB Xtra,24 Months,154.0,N,29,154,,,,,contract,5GB,,24.8,26.6,,,(PRODUCT)RED,64 GB,,,mobile,pay-monthly-contracts,apple,iphone-11-refurbished-great,,,,http://images.vodafone.co.uk/gbnnsauqav4t/5389Zok2egakIypRwJgiHJ/1ab472e1a49100e1735b0f83daeb040b/Apple_iPhone_11_product_red-full-product-front-600.png,http://images.vodafone.co.uk/gbnnsauqav4t/5389Zok2egakIypRwJgiHJ/1ab472e1a49100e1735b0f83daeb040b/Apple_iPhone_11_product_red-full-product-front-600.png,http://images.vodafone.co.uk/gbnnsauqav4t/6oXujpbTrUnqkTNBQCOnn3/912d7748f4893fd29e051d42ebc40ea8/Apple_iPhone_11_new_product_red-grid-product-front.png,,,"All-new powerful dual-camera system, Night mode, stunning video quality and all-day battery life – experience iPhone at 11.",,,,,,,,,,,SPECIFICATION,Battery,NON-REMOVABLE | FAST BATTERY CHARGING | QI WIRELESS CHARGING,SPECIFICATION,Body,"FRONT/BACK GLASS, ALUMINIUM FRAME | DUAL SIM (NANO-SIM AND ESIM) | SPLASH, WATER AND DUST RESISTANT (IP68)",SPECIFICATION,Camera details,12MP (F/1.8) + 12MP (F/2.4) | 12MP (F/2.2) | AUTO IMAGE STABILISATION | BURST MODE | LED FLASH (BRIGHTER TRUE TONE FLASH WITH SLOW SYNC) | NIGHT MODE | OIS (OPTICAL IMAGE STABILIZATION) | OPTICAL ZOOM OUT (2X) | PANORAMA | PORTRAIT MODE WITH ADVANCED BOKEH AND DEPTH CONTROL | PORTRAIT LIGHTING WITH SIX EFFECTS | SMART HDR,SPECIFICATION,Capacity,64GB,SPECIFICATION,Colour,(PRODUCT)RED,SPECIFICATION,Connectivity,"2G / 3G / 4G | WI-FI 802.11 A/B/G/N/AC/AX, DUAL-BAND, HOTSPOT | BLUETOOTH 5.0 | GPS WITH A-GPS, GLONASS, GALILEO AND QZSS | NFC | USB 2.0, PROPRIETARY REVERSIBLE CONNECTOR",SPECIFICATION,Display details,LCD CAPACITIVE TOUCHSCREEN | 1792 X 828 PIXELS | FINGERPRINT-RESISTANT OLEOPHOBIC COATING | HAPTIC TOUCH | HDR DISPLAY | TRUE TONE DISPLAY | WIDE COLOUR DISPLAY (P3),SPECIFICATION,Features,ACCELEROMETER | APPLE PAY | BAROMETER | DIGITAL COMPASS | FACE ID | GYROSCOPE | ICLOUD CLOUD SERVICE | PROXIMITY SENSOR | SIRI NATURAL LANGUAGE COMMANDS AND DICTATION | HEVC/MP4/H.264 PLAYER | MP3/WAV/AAX+/AIFF/APPLE LOSSLESS PLAYER | SUPPORTS 4G CALLING ABROAD * | * SUBJECT TO 4G CALLING CAPABILITY BEING AVAILABLE IN THE ROAMING DESTINATION,SPECIFICATION,Platform,IOS 13 | APPLE A13 BIONIC | HEXA-CORE | APPLE GPU,SPECIFICATION,Memory,64GB | 4GB RAM,SPECIFICATION,Video,"2160P (4K) VIDEO RECORDING AT 24FPS, 30FPS OR 60FPS | 1080P (FHD) VIDEO RECORDING AT 30FPS OR 60FPS | 720P (HD) VIDEO RECORDING AT 30FPS | SLOW MOTION VIDEO SUPPORT FOR 1080P AT 120FPS OR 240FPS | AUDIO ZOOM | CINEMATIC VIDEO STABILISATION (4K, 1080P AND 720P) | CONTINUOUS AUTOFOCUS VIDEO | EXTENDED DYNAMIC RANGE FOR VIDEO UP TO 30 FPS | OIS (OPTICAL IMAGE STABILIZATION) | OPTICAL ZOOM OUT (2X) | TAKE 8MP STILL PHOTOS WHILE RECORDING 4K VIDEO | TIME‑LAPSE VIDEO WITH STABILISATION",SPECIFICATION,Box contains,LIGHTNING CABLE | EJECTION PIN,,,,,,,,,,,,,,,,,,,,,,,,
Vodafone,2025-09-05,api_url_varites,https://www.vodafone.co.uk/mobile/pay-monthly-contracts/apple/iphone-11-refurbished-great,210163,Apple iPhone 11 64GB (Refurbished-Great) (PRODUCT)RED,Apple,Y,10,6,24,30,120GB Xtra,24 Months,154.0,N,36,154,,,,,contract,120GB,,31.8,33.6,,,(PRODUCT)RED,64 GB,,,mobile,pay-monthly-contracts,apple,iphone-11-refurbished-great,,,,http://images.vodafone.co.uk/gbnnsauqav4t/5389Zok2egakIypRwJgiHJ/1ab472e1a49100e1735b0f83daeb040b/Apple_iPhone_11_product_red-full-product-front-600.png,http://images.vodafone.co.uk/gbnnsauqav4t/5389Zok2egakIypRwJgiHJ/1ab472e1a49100e1735b0f83daeb040b/Apple_iPhone_11_product_red-full-product-front-600.png,http://images.vodafone.co.uk/gbnnsauqav4t/6oXujpbTrUnqkTNBQCOnn3/912d7748f4893fd29e051d42ebc40ea8/Apple_iPhone_11_new_product_red-grid-product-front.png,,,"All-new powerful dual-camera system, Night mode, stunning video quality and all-day battery life – experience iPhone at 11.",,,,,,,,,,,SPECIFICATION,Battery,NON-REMOVABLE | FAST BATTERY CHARGING | QI WIRELESS CHARGING,SPECIFICATION,Body,"FRONT/BACK GLASS, ALUMINIUM FRAME | DUAL SIM (NANO-SIM AND ESIM) | SPLASH, WATER AND DUST RESISTANT (IP68)",SPECIFICATION,Camera details,12MP (F/1.8) + 12MP (F/2.4) | 12MP (F/2.2) | AUTO IMAGE STABILISATION | BURST MODE | LED FLASH (BRIGHTER TRUE TONE FLASH WITH SLOW SYNC) | NIGHT MODE | OIS (OPTICAL IMAGE STABILIZATION) | OPTICAL ZOOM OUT (2X) | PANORAMA | PORTRAIT MODE WITH ADVANCED BOKEH AND DEPTH CONTROL | PORTRAIT LIGHTING WITH SIX EFFECTS | SMART HDR,SPECIFICATION,Capacity,64GB,SPECIFICATION,Colour,(PRODUCT)RED,SPECIFICATION,Connectivity,"2G / 3G / 4G | WI-FI 802.11 A/B/G/N/AC/AX, DUAL-BAND, HOTSPOT | BLUETOOTH 5.0 | GPS WITH A-GPS, GLONASS, GALILEO AND QZSS | NFC | USB 2.0, PROPRIETARY REVERSIBLE CONNECTOR",SPECIFICATION,Display details,LCD CAPACITIVE TOUCHSCREEN | 1792 X 828 PIXELS | FINGERPRINT-RESISTANT OLEOPHOBIC COATING | HAPTIC TOUCH | HDR DISPLAY | TRUE TONE DISPLAY | WIDE COLOUR DISPLAY (P3),SPECIFICATION,Features,ACCELEROMETER | APPLE PAY | BAROMETER | DIGITAL COMPASS | FACE ID | GYROSCOPE | ICLOUD CLOUD SERVICE | PROXIMITY SENSOR | SIRI NATURAL LANGUAGE COMMANDS AND DICTATION | HEVC/MP4/H.264 PLAYER | MP3/WAV/AAX+/AIFF/APPLE LOSSLESS PLAYER | SUPPORTS 4G CALLING ABROAD * | * SUBJECT TO 4G CALLING CAPABILITY BEING AVAILABLE IN THE ROAMING DESTINATION,SPECIFICATION,Platform,IOS 13 | APPLE A13 BIONIC | HEXA-CORE | APPLE GPU,SPECIFICATION,Memory,64GB | 4GB RAM,SPECIFICATION,Video,"2160P (4K) VIDEO RECORDING AT 24FPS, 30FPS OR 60FPS | 1080P (FHD) VIDEO RECORDING AT 30FPS OR 60FPS | 720P (HD) VIDEO RECORDING AT 30FPS | SLOW MOTION VIDEO SUPPORT FOR 1080P AT 120FPS OR 240FPS | AUDIO ZOOM | CINEMATIC VIDEO STABILISATION (4K, 1080P AND 720P) | CONTINUOUS AUTOFOCUS VIDEO | EXTENDED DYNAMIC RANGE FOR VIDEO UP TO 30 FPS | OIS (OPTICAL IMAGE STABILIZATION) | OPTICAL ZOOM OUT (2X) | TAKE 8MP STILL PHOTOS WHILE RECORDING 4K VIDEO | TIME‑LAPSE VIDEO WITH STABILISATION",SPECIFICATION,Box contains,LIGHTNING CABLE | EJECTION PIN,,,,,,,,,,,,,,,,,,,,,,,,
Vodafone,2025-09-05,api_url_varites,https://www.vodafone.co.uk/mobile/pay-monthly-contracts/apple/iphone-11-refurbished-great,210163,Apple iPhone 11 64GB (Refurbished-Great) (PRODUCT)RED,Apple,Y,10,6,24,39,Unlimited Max Xtra,24 Months,154.0,N,45,154,,,,,contract,Unlimited,,40.8,42.6,,,(PRODUCT)RED,64 GB,,,mobile,pay-monthly-contracts,apple,iphone-11-refurbished-great,,,,http://images.vodafone.co.uk/gbnnsauqav4t/5389Zok2egakIypRwJgiHJ/1ab472e1a49100e1735b0f83daeb040b/Apple_iPhone_11_product_red-full-product-front-600.png,http://images.vodafone.co.uk/gbnnsauqav4t/5389Zok2egakIypRwJgiHJ/1ab472e1a49100e1735b0f83daeb040b/Apple_iPhone_11_product_red-full-product-front-600.png,http://images.vodafone.co.uk/gbnnsauqav4t/6oXujpbTrUnqkTNBQCOnn3/912d7748f4893fd29e051d42ebc40ea8/Apple_iPhone_11_new_product_red-grid-product-front.png,,,"All-new powerful dual-camera system, Night mode, stunning video quality and all-day battery life – experience iPhone at 11.",,,,,,,,,,,SPECIFICATION,Battery,NON-REMOVABLE | FAST BATTERY CHARGING | QI WIRELESS CHARGING,SPECIFICATION,Body,"FRONT/BACK GLASS, ALUMINIUM FRAME | DUAL SIM (NANO-SIM AND ESIM) | SPLASH, WATER AND DUST RESISTANT (IP68)",SPECIFICATION,Camera details,12MP (F/1.8) + 12MP (F/2.4) | 12MP (F/2.2) | AUTO IMAGE STABILISATION | BURST MODE | LED FLASH (BRIGHTER TRUE TONE FLASH WITH SLOW SYNC) | NIGHT MODE | OIS (OPTICAL IMAGE STABILIZATION) | OPTICAL ZOOM OUT (2X) | PANORAMA | PORTRAIT MODE WITH ADVANCED BOKEH AND DEPTH CONTROL | PORTRAIT LIGHTING WITH SIX EFFECTS | SMART HDR,SPECIFICATION,Capacity,64GB,SPECIFICATION,Colour,(PRODUCT)RED,SPECIFICATION,Connectivity,"2G / 3G / 4G | WI-FI 802.11 A/B/G/N/AC/AX, DUAL-BAND, HOTSPOT | BLUETOOTH 5.0 | GPS WITH A-GPS, GLONASS, GALILEO AND QZSS | NFC | USB 2.0, PROPRIETARY REVERSIBLE CONNECTOR",SPECIFICATION,Display details,LCD CAPACITIVE TOUCHSCREEN | 1792 X 828 PIXELS | FINGERPRINT-RESISTANT OLEOPHOBIC COATING | HAPTIC TOUCH | HDR DISPLAY | TRUE TONE DISPLAY | WIDE COLOUR DISPLAY (P3),SPECIFICATION,Features,ACCELEROMETER | APPLE PAY | BAROMETER | DIGITAL COMPASS | FACE ID | GYROSCOPE | ICLOUD CLOUD SERVICE | PROXIMITY SENSOR | SIRI NATURAL LANGUAGE COMMANDS AND DICTATION | HEVC/MP4/H.264 PLAYER | MP3/WAV/AAX+/AIFF/APPLE LOSSLESS PLAYER | SUPPORTS 4G CALLING ABROAD * | * SUBJECT TO 4G CALLING CAPABILITY BEING AVAILABLE IN THE ROAMING DESTINATION,SPECIFICATION,Platform,IOS 13 | APPLE A13 BIONIC | HEXA-CORE | APPLE GPU,SPECIFICATION,Memory,64GB | 4GB RAM,SPECIFICATION,Video,"2160P (4K) VIDEO RECORDING AT 24FPS, 30FPS OR 60FPS | 1080P (FHD) VIDEO RECORDING AT 30FPS OR 60FPS | 720P (HD) VIDEO RECORDING AT 30FPS | SLOW MOTION VIDEO SUPPORT FOR 1080P AT 120FPS OR 240FPS | AUDIO ZOOM | CINEMATIC VIDEO STABILISATION (4K, 1080P AND 720P) | CONTINUOUS AUTOFOCUS VIDEO | EXTENDED DYNAMIC RANGE FOR VIDEO UP TO 30 FPS | OIS (OPTICAL IMAGE STABILIZATION) | OPTICAL ZOOM OUT (2X) | TAKE 8MP STILL PHOTOS WHILE RECORDING 4K VIDEO | TIME‑LAPSE VIDEO WITH STABILISATION",SPECIFICATION,Box contains,LIGHTNING CABLE | EJECTION PIN,,,,,,,,,,,,,,,,,,,,,,,,
Vodafone,2025-09-05,api_url_varites,https://www.vodafone.co.uk/mobile/pay-monthly-contracts/apple/iphone-11-refurbished-great,210162,Apple iPhone 11 64GB (Refurbished-Great) Purple,Apple,Y,10,4,36,23,5GB Xtra,24 Months,154.0,N,27,154,,,,,contract,5GB,,24.8,26.6,,,Purple,64 GB,,,mobile,pay-monthly-contracts,apple,iphone-11-refurbished-great,,,,http://images.vodafone.co.uk/gbnnsauqav4t/wXp1IyYOfNoDabxMY9daI/25531ee51757e2d3a9c1c6310871f478/Apple_iPhone_11_purple-full-product-front-600.png,http://images.vodafone.co.uk/gbnnsauqav4t/wXp1IyYOfNoDabxMY9daI/25531ee51757e2d3a9c1c6310871f478/Apple_iPhone_11_purple-full-product-front-600.png,http://images.vodafone.co.uk/gbnnsauqav4t/kFUjUUkwNoD6kBeQEPh7F/6e225b233711a96c36be9330de923ef8/Apple_iPhone_11_new_purple-grid-product-front.png,,,"All-new powerful dual-camera system, Night mode, stunning video quality and all-day battery life – experience iPhone at 11.",,,,,,,,,,,SPECIFICATION,Battery,NON-REMOVABLE | FAST BATTERY CHARGING | QI WIRELESS CHARGING,SPECIFICATION,Body,"FRONT/BACK GLASS, ALUMINIUM FRAME | DUAL SIM (NANO-SIM AND ESIM) | SPLASH, WATER AND DUST RESISTANT (IP68)",SPECIFICATION,Camera details,12MP (F/1.8) + 12MP (F/2.4) | 12MP (F/2.2) | AUTO IMAGE STABILISATION | BURST MODE | LED FLASH (BRIGHTER TRUE TONE FLASH WITH SLOW SYNC) | NIGHT MODE | OIS (OPTICAL IMAGE STABILIZATION) | OPTICAL ZOOM OUT (2X) | PANORAMA | PORTRAIT MODE WITH ADVANCED BOKEH AND DEPTH CONTROL | PORTRAIT LIGHTING WITH SIX EFFECTS | SMART HDR,SPECIFICATION,Capacity,64GB,SPECIFICATION,Colour,PURPLE,SPECIFICATION,Connectivity,"2G / 3G / 4G | WI-FI 802.11 A/B/G/N/AC/AX, DUAL-BAND, HOTSPOT | BLUETOOTH 5.0 | GPS WITH A-GPS, GLONASS, GALILEO AND QZSS | NFC | USB 2.0, PROPRIETARY REVERSIBLE CONNECTOR",SPECIFICATION,Display details,LCD CAPACITIVE TOUCHSCREEN | 1792 X 828 PIXELS | FINGERPRINT-RESISTANT OLEOPHOBIC COATING | HAPTIC TOUCH | HDR DISPLAY | TRUE TONE DISPLAY | WIDE COLOUR DISPLAY (P3),SPECIFICATION,Features,ACCELEROMETER | APPLE PAY | BAROMETER | DIGITAL COMPASS | FACE ID | GYROSCOPE | ICLOUD CLOUD SERVICE | PROXIMITY SENSOR | SIRI NATURAL LANGUAGE COMMANDS AND DICTATION | HEVC/MP4/H.264 PLAYER | MP3/WAV/AAX+/AIFF/APPLE LOSSLESS PLAYER | SUPPORTS 4G CALLING ABROAD * | * SUBJECT TO 4G CALLING CAPABILITY BEING AVAILABLE IN THE ROAMING DESTINATION,SPECIFICATION,Platform,IOS 13 | APPLE A13 BIONIC | HEXA-CORE | APPLE GPU,SPECIFICATION,Memory,64GB | 4GB RAM,SPECIFICATION,Video,"2160P (4K) VIDEO RECORDING AT 24FPS, 30FPS OR 60FPS | 1080P (FHD) VIDEO RECORDING AT 30FPS OR 60FPS | 720P (HD) VIDEO RECORDING AT 30FPS | SLOW MOTION VIDEO SUPPORT FOR 1080P AT 120FPS OR 240FPS | AUDIO ZOOM | CINEMATIC VIDEO STABILISATION (4K, 1080P AND 720P) | CONTINUOUS AUTOFOCUS VIDEO | EXTENDED DYNAMIC RANGE FOR VIDEO UP TO 30 FPS | OIS (OPTICAL IMAGE STABILIZATION) | OPTICAL ZOOM OUT (2X) | TAKE 8MP STILL PHOTOS WHILE RECORDING 4K VIDEO | TIME‑LAPSE VIDEO WITH STABILISATION",SPECIFICATION,Box contains,LIGHTNING CABLE | EJECTION PIN,,,,,,,,,,,,,,,,,,,,,,,,
Vodafone,2025-09-05,api_url_varites,https://www.vodafone.co.uk/mobile/pay-monthly-contracts/apple/iphone-11-refurbished-great,210162,Apple iPhone 11 64GB (Refurbished-Great) Purple,Apple,Y,10,4,36,30,120GB Xtra,24 Months,154.0,N,34,154,,,,,contract,120GB,,31.8,33.6,,,Purple,64 GB,,,mobile,pay-monthly-contracts,apple,iphone-11-refurbished-great,,,,http://images.vodafone.co.uk/gbnnsauqav4t/wXp1IyYOfNoDabxMY9daI/25531ee51757e2d3a9c1c6310871f478/Apple_iPhone_11_purple-full-product-front-600.png,http://images.vodafone.co.uk/gbnnsauqav4t/wXp1IyYOfNoDabxMY9daI/25531ee51757e2d3a9c1c6310871f478/Apple_iPhone_11_purple-full-product-front-600.png,http://images.vodafone.co.uk/gbnnsauqav4t/kFUjUUkwNoD6kBeQEPh7F/6e225b233711a96c36be9330de923ef8/Apple_iPhone_11_new_purple-grid-product-front.png,,,"All-new powerful dual-camera system, Night mode, stunning video quality and all-day battery life – experience iPhone at 11.",,,,,,,,,,,SPECIFICATION,Battery,NON-REMOVABLE | FAST BATTERY CHARGING | QI WIRELESS CHARGING,SPECIFICATION,Body,"FRONT/BACK GLASS, ALUMINIUM FRAME | DUAL SIM (NANO-SIM AND ESIM) | SPLASH, WATER AND DUST RESISTANT (IP68)",SPECIFICATION,Camera details,12MP (F/1.8) + 12MP (F/2.4) | 12MP (F/2.2) | AUTO IMAGE STABILISATION | BURST MODE | LED FLASH (BRIGHTER TRUE TONE FLASH WITH SLOW SYNC) | NIGHT MODE | OIS (OPTICAL IMAGE STABILIZATION) | OPTICAL ZOOM OUT (2X) | PANORAMA | PORTRAIT MODE WITH ADVANCED BOKEH AND DEPTH CONTROL | PORTRAIT LIGHTING WITH SIX EFFECTS | SMART HDR,SPECIFICATION,Capacity,64GB,SPECIFICATION,Colour,PURPLE,SPECIFICATION,Connectivity,"2G / 3G / 4G | WI-FI 802.11 A/B/G/N/AC/AX, DUAL-BAND, HOTSPOT | BLUETOOTH 5.0 | GPS WITH A-GPS, GLONASS, GALILEO AND QZSS | NFC | USB 2.0, PROPRIETARY REVERSIBLE CONNECTOR",SPECIFICATION,Display details,LCD CAPACITIVE TOUCHSCREEN | 1792 X 828 PIXELS | FINGERPRINT-RESISTANT OLEOPHOBIC COATING | HAPTIC TOUCH | HDR DISPLAY | TRUE TONE DISPLAY | WIDE COLOUR DISPLAY (P3),SPECIFICATION,Features,ACCELEROMETER | APPLE PAY | BAROMETER | DIGITAL COMPASS | FACE ID | GYROSCOPE | ICLOUD CLOUD SERVICE | PROXIMITY SENSOR | SIRI NATURAL LANGUAGE COMMANDS AND DICTATION | HEVC/MP4/H.264 PLAYER | MP3/WAV/AAX+/AIFF/APPLE LOSSLESS PLAYER | SUPPORTS 4G CALLING ABROAD * | * SUBJECT TO 4G CALLING CAPABILITY BEING AVAILABLE IN THE ROAMING DESTINATION,SPECIFICATION,Platform,IOS 13 | APPLE A13 BIONIC | HEXA-CORE | APPLE GPU,SPECIFICATION,Memory,64GB | 4GB RAM,SPECIFICATION,Video,"2160P (4K) VIDEO RECORDING AT 24FPS, 30FPS OR 60FPS | 1080P (FHD) VIDEO RECORDING AT 30FPS OR 60FPS | 720P (HD) VIDEO RECORDING AT 30FPS | SLOW MOTION VIDEO SUPPORT FOR 1080P AT 120FPS OR 240FPS | AUDIO ZOOM | CINEMATIC VIDEO STABILISATION (4K, 1080P AND 720P) | CONTINUOUS AUTOFOCUS VIDEO | EXTENDED DYNAMIC RANGE FOR VIDEO UP TO 30 FPS | OIS (OPTICAL IMAGE STABILIZATION) | OPTICAL ZOOM OUT (2X) | TAKE 8MP STILL PHOTOS WHILE RECORDING 4K VIDEO | TIME‑LAPSE VIDEO WITH STABILISATION",SPECIFICATION,Box contains,LIGHTNING CABLE | EJECTION PIN,,,,,,,,,,,,,,,,,,,,,,,,
Vodafone,2025-09-05,api_url_varites,https://www.vodafone.co.uk/mobile/pay-monthly-contracts/apple/iphone-11-refurbished-great,210162,Apple iPhone 11 64GB (Refurbished-Great) Purple,Apple,Y,10,4,36,39,Unlimited Max Xtra,24 Months,154.0,N,43,154,,,,,contract,Unlimited,,40.8,42.6,,,Purple,64 GB,,,mobile,pay-monthly-contracts,apple,iphone-11-refurbished-great,,,,http://images.vodafone.co.uk/gbnnsauqav4t/wXp1IyYOfNoDabxMY9daI/25531ee51757e2d3a9c1c6310871f478/Apple_iPhone_11_purple-full-product-front-600.png,http://images.vodafone.co.uk/gbnnsauqav4t/wXp1IyYOfNoDabxMY9daI/25531ee51757e2d3a9c1c6310871f478/Apple_iPhone_11_purple-full-product-front-600.png,http://images.vodafone.co.uk/gbnnsauqav4t/kFUjUUkwNoD6kBeQEPh7F/6e225b233711a96c36be9330de923ef8/Apple_iPhone_11_new_purple-grid-product-front.png,,,"All-new powerful dual-camera system, Night mode, stunning video quality and all-day battery life – experience iPhone at 11.",,,,,,,,,,,SPECIFICATION,Battery,NON-REMOVABLE | FAST BATTERY CHARGING | QI WIRELESS CHARGING,SPECIFICATION,Body,"FRONT/BACK GLASS, ALUMINIUM FRAME | DUAL SIM (NANO-SIM AND ESIM) | SPLASH, WATER AND DUST RESISTANT (IP68)",SPECIFICATION,Camera details,12MP (F/1.8) + 12MP (F/2.4) | 12MP (F/2.2) | AUTO IMAGE STABILISATION | BURST MODE | LED FLASH (BRIGHTER TRUE TONE FLASH WITH SLOW SYNC) | NIGHT MODE | OIS (OPTICAL IMAGE STABILIZATION) | OPTICAL ZOOM OUT (2X) | PANORAMA | PORTRAIT MODE WITH ADVANCED BOKEH AND DEPTH CONTROL | PORTRAIT LIGHTING WITH SIX EFFECTS | SMART HDR,SPECIFICATION,Capacity,64GB,SPECIFICATION,Colour,PURPLE,SPECIFICATION,Connectivity,"2G / 3G / 4G | WI-FI 802.11 A/B/G/N/AC/AX, DUAL-BAND, HOTSPOT | BLUETOOTH 5.0 | GPS WITH A-GPS, GLONASS, GALILEO AND QZSS | NFC | USB 2.0, PROPRIETARY REVERSIBLE CONNECTOR",SPECIFICATION,Display details,LCD CAPACITIVE TOUCHSCREEN | 1792 X 828 PIXELS | FINGERPRINT-RESISTANT OLEOPHOBIC COATING | HAPTIC TOUCH | HDR DISPLAY | TRUE TONE DISPLAY | WIDE COLOUR DISPLAY (P3),SPECIFICATION,Features,ACCELEROMETER | APPLE PAY | BAROMETER | DIGITAL COMPASS | FACE ID | GYROSCOPE | ICLOUD CLOUD SERVICE | PROXIMITY SENSOR | SIRI NATURAL LANGUAGE COMMANDS AND DICTATION | HEVC/MP4/H.264 PLAYER | MP3/WAV/AAX+/AIFF/APPLE LOSSLESS PLAYER | SUPPORTS 4G CALLING ABROAD * | * SUBJECT TO 4G CALLING CAPABILITY BEING AVAILABLE IN THE ROAMING DESTINATION,SPECIFICATION,Platform,IOS 13 | APPLE A13 BIONIC | HEXA-CORE | APPLE GPU,SPECIFICATION,Memory,64GB | 4GB RAM,SPECIFICATION,Video,"2160P (4K) VIDEO RECORDING AT 24FPS, 30FPS OR 60FPS | 1080P (FHD) VIDEO RECORDING AT 30FPS OR 60FPS | 720P (HD) VIDEO RECORDING AT 30FPS | SLOW MOTION VIDEO SUPPORT FOR 1080P AT 120FPS OR 240FPS | AUDIO ZOOM | CINEMATIC VIDEO STABILISATION (4K, 1080P AND 720P) | CONTINUOUS AUTOFOCUS VIDEO | EXTENDED DYNAMIC RANGE FOR VIDEO UP TO 30 FPS | OIS (OPTICAL IMAGE STABILIZATION) | OPTICAL ZOOM OUT (2X) | TAKE 8MP STILL PHOTOS WHILE RECORDING 4K VIDEO | TIME‑LAPSE VIDEO WITH STABILISATION",SPECIFICATION,Box contains,LIGHTNING CABLE | EJECTION PIN,,,,,,,,,,,,,,,,,,,,,,,,
Vodafone,2025-09-05,api_url_varites,https://www.vodafone.co.uk/mobile/pay-monthly-contracts/apple/iphone-11-refurbished-great,210162,Apple iPhone 11 64GB (Refurbished-Great) Purple,Apple,Y,10,6,24,23,5GB Xtra,24 Months,154.0,N,29,154,,,,,contract,5GB,,24.8,26.6,,,Purple,64 GB,,,mobile,pay-monthly-contracts,apple,iphone-11-refurbished-great,,,,http://images.vodafone.co.uk/gbnnsauqav4t/wXp1IyYOfNoDabxMY9daI/25531ee51757e2d3a9c1c6310871f478/Apple_iPhone_11_purple-full-product-front-600.png,http://images.vodafone.co.uk/gbnnsauqav4t/wXp1IyYOfNoDabxMY9daI/25531ee51757e2d3a9c1c6310871f478/Apple_iPhone_11_purple-full-product-front-600.png,http://images.vodafone.co.uk/gbnnsauqav4t/kFUjUUkwNoD6kBeQEPh7F/6e225b233711a96c36be9330de923ef8/Apple_iPhone_11_new_purple-grid-product-front.png,,,"All-new powerful dual-camera system, Night mode, stunning video quality and all-day battery life – experience iPhone at 11.",,,,,,,,,,,SPECIFICATION,Battery,NON-REMOVABLE | FAST BATTERY CHARGING | QI WIRELESS CHARGING,SPECIFICATION,Body,"FRONT/BACK GLASS, ALUMINIUM FRAME | DUAL SIM (NANO-SIM AND ESIM) | SPLASH, WATER AND DUST RESISTANT (IP68)",SPECIFICATION,Camera details,12MP (F/1.8) + 12MP (F/2.4) | 12MP (F/2.2) | AUTO IMAGE STABILISATION | BURST MODE | LED FLASH (BRIGHTER TRUE TONE FLASH WITH SLOW SYNC) | NIGHT MODE | OIS (OPTICAL IMAGE STABILIZATION) | OPTICAL ZOOM OUT (2X) | PANORAMA | PORTRAIT MODE WITH ADVANCED BOKEH AND DEPTH CONTROL | PORTRAIT LIGHTING WITH SIX EFFECTS | SMART HDR,SPECIFICATION,Capacity,64GB,SPECIFICATION,Colour,PURPLE,SPECIFICATION,Connectivity,"2G / 3G / 4G | WI-FI 802.11 A/B/G/N/AC/AX, DUAL-BAND, HOTSPOT | BLUETOOTH 5.0 | GPS WITH A-GPS, GLONASS, GALILEO AND QZSS | NFC | USB 2.0, PROPRIETARY REVERSIBLE CONNECTOR",SPECIFICATION,Display details,LCD CAPACITIVE TOUCHSCREEN | 1792 X 828 PIXELS | FINGERPRINT-RESISTANT OLEOPHOBIC COATING | HAPTIC TOUCH | HDR DISPLAY | TRUE TONE DISPLAY | WIDE COLOUR DISPLAY (P3),SPECIFICATION,Features,ACCELEROMETER | APPLE PAY | BAROMETER | DIGITAL COMPASS | FACE ID | GYROSCOPE | ICLOUD CLOUD SERVICE | PROXIMITY SENSOR | SIRI NATURAL LANGUAGE COMMANDS AND DICTATION | HEVC/MP4/H.264 PLAYER | MP3/WAV/AAX+/AIFF/APPLE LOSSLESS PLAYER | SUPPORTS 4G CALLING ABROAD * | * SUBJECT TO 4G CALLING CAPABILITY BEING AVAILABLE IN THE ROAMING DESTINATION,SPECIFICATION,Platform,IOS 13 | APPLE A13 BIONIC | HEXA-CORE | APPLE GPU,SPECIFICATION,Memory,64GB | 4GB RAM,SPECIFICATION,Video,"2160P (4K) VIDEO RECORDING AT 24FPS, 30FPS OR 60FPS | 1080P (FHD) VIDEO RECORDING AT 30FPS OR 60FPS | 720P (HD) VIDEO RECORDING AT 30FPS | SLOW MOTION VIDEO SUPPORT FOR 1080P AT 120FPS OR 240FPS | AUDIO ZOOM | CINEMATIC VIDEO STABILISATION (4K, 1080P AND 720P) | CONTINUOUS AUTOFOCUS VIDEO | EXTENDED DYNAMIC RANGE FOR VIDEO UP TO 30 FPS | OIS (OPTICAL IMAGE STABILIZATION) | OPTICAL ZOOM OUT (2X) | TAKE 8MP STILL PHOTOS WHILE RECORDING 4K VIDEO | TIME‑LAPSE VIDEO WITH STABILISATION",SPECIFICATION,Box contains,LIGHTNING CABLE | EJECTION PIN,,,,,,,,,,,,,,,,,,,,,,,,
Vodafone,2025-09-05,api_url_varites,https://www.vodafone.co.uk/mobile/pay-monthly-contracts/apple/iphone-11-refurbished-great,210162,Apple iPhone 11 64GB (Refurbished-Great) Purple,Apple,Y,10,6,24,30,120GB Xtra,24 Months,154.0,N,36,154,,,,,contract,120GB,,31.8,33.6,,,Purple,64 GB,,,mobile,pay-monthly-contracts,apple,iphone-11-refurbished-great,,,,http://images.vodafone.co.uk/gbnnsauqav4t/wXp1IyYOfNoDabxMY9daI/25531ee51757e2d3a9c1c6310871f478/Apple_iPhone_11_purple-full-product-front-600.png,http://images.vodafone.co.uk/gbnnsauqav4t/wXp1IyYOfNoDabxMY9daI/25531ee51757e2d3a9c1c6310871f478/Apple_iPhone_11_purple-full-product-front-600.png,http://images.vodafone.co.uk/gbnnsauqav4t/kFUjUUkwNoD6kBeQEPh7F/6e225b233711a96c36be9330de923ef8/Apple_iPhone_11_new_purple-grid-product-front.png,,,"All-new powerful dual-camera system, Night mode, stunning video quality and all-day battery life – experience iPhone at 11.",,,,,,,,,,,SPECIFICATION,Battery,NON-REMOVABLE | FAST BATTERY CHARGING | QI WIRELESS CHARGING,SPECIFICATION,Body,"FRONT/BACK GLASS, ALUMINIUM FRAME | DUAL SIM (NANO-SIM AND ESIM) | SPLASH, WATER AND DUST RESISTANT (IP68)",SPECIFICATION,Camera details,12MP (F/1.8) + 12MP (F/2.4) | 12MP (F/2.2) | AUTO IMAGE STABILISATION | BURST MODE | LED FLASH (BRIGHTER TRUE TONE FLASH WITH SLOW SYNC) | NIGHT MODE | OIS (OPTICAL IMAGE STABILIZATION) | OPTICAL ZOOM OUT (2X) | PANORAMA | PORTRAIT MODE WITH ADVANCED BOKEH AND DEPTH CONTROL | PORTRAIT LIGHTING WITH SIX EFFECTS | SMART HDR,SPECIFICATION,Capacity,64GB,SPECIFICATION,Colour,PURPLE,SPECIFICATION,Connectivity,"2G / 3G / 4G | WI-FI 802.11 A/B/G/N/AC/AX, DUAL-BAND, HOTSPOT | BLUETOOTH 5.0 | GPS WITH A-GPS, GLONASS, GALILEO AND QZSS | NFC | USB 2.0, PROPRIETARY REVERSIBLE CONNECTOR",SPECIFICATION,Display details,LCD CAPACITIVE TOUCHSCREEN | 1792 X 828 PIXELS | FINGERPRINT-RESISTANT OLEOPHOBIC COATING | HAPTIC TOUCH | HDR DISPLAY | TRUE TONE DISPLAY | WIDE COLOUR DISPLAY (P3),SPECIFICATION,Features,ACCELEROMETER | APPLE PAY | BAROMETER | DIGITAL COMPASS | FACE ID | GYROSCOPE | ICLOUD CLOUD SERVICE | PROXIMITY SENSOR | SIRI NATURAL LANGUAGE COMMANDS AND DICTATION | HEVC/MP4/H.264 PLAYER | MP3/WAV/AAX+/AIFF/APPLE LOSSLESS PLAYER | SUPPORTS 4G CALLING ABROAD * | * SUBJECT TO 4G CALLING CAPABILITY BEING AVAILABLE IN THE ROAMING DESTINATION,SPECIFICATION,Platform,IOS 13 | APPLE A13 BIONIC | HEXA-CORE | APPLE GPU,SPECIFICATION,Memory,64GB | 4GB RAM,SPECIFICATION,Video,"2160P (4K) VIDEO RECORDING AT 24FPS, 30FPS OR 60FPS | 1080P (FHD) VIDEO RECORDING AT 30FPS OR 60FPS | 720P (HD) VIDEO RECORDING AT 30FPS | SLOW MOTION VIDEO SUPPORT FOR 1080P AT 120FPS OR 240FPS | AUDIO ZOOM | CINEMATIC VIDEO STABILISATION (4K, 1080P AND 720P) | CONTINUOUS AUTOFOCUS VIDEO | EXTENDED DYNAMIC RANGE FOR VIDEO UP TO 30 FPS | OIS (OPTICAL IMAGE STABILIZATION) | OPTICAL ZOOM OUT (2X) | TAKE 8MP STILL PHOTOS WHILE RECORDING 4K VIDEO | TIME‑LAPSE VIDEO WITH STABILISATION",SPECIFICATION,Box contains,LIGHTNING CABLE | EJECTION PIN,,,,,,,,,,,,,,,,,,,,,,,,
Vodafone,2025-09-05,api_url_varites,https://www.vodafone.co.uk/mobile/pay-monthly-contracts/apple/iphone-11-refurbished-great,210162,Apple iPhone 11 64GB (Refurbished-Great) Purple,Apple,Y,10,6,24,39,Unlimited Max Xtra,24 Months,154.0,N,45,154,,,,,contract,Unlimited,,40.8,42.6,,,Purple,64 GB,,,mobile,pay-monthly-contracts,apple,iphone-11-refurbished-great,,,,http://images.vodafone.co.uk/gbnnsauqav4t/wXp1IyYOfNoDabxMY9daI/25531ee51757e2d3a9c1c6310871f478/Apple_iPhone_11_purple-full-product-front-600.png,http://images.vodafone.co.uk/gbnnsauqav4t/wXp1IyYOfNoDabxMY9daI/25531ee51757e2d3a9c1c6310871f478/Apple_iPhone_11_purple-full-product-front-600.png,http://images.vodafone.co.uk/gbnnsauqav4t/kFUjUUkwNoD6kBeQEPh7F/6e225b233711a96c36be9330de923ef8/Apple_iPhone_11_new_purple-grid-product-front.png,,,"All-new powerful dual-camera system, Night mode, stunning video quality and all-day battery life – experience iPhone at 11.",,,,,,,,,,,SPECIFICATION,Battery,NON-REMOVABLE | FAST BATTERY CHARGING | QI WIRELESS CHARGING,SPECIFICATION,Body,"FRONT/BACK GLASS, ALUMINIUM FRAME | DUAL SIM (NANO-SIM AND ESIM) | SPLASH, WATER AND DUST RESISTANT (IP68)",SPECIFICATION,Camera details,12MP (F/1.8) + 12MP (F/2.4) | 12MP (F/2.2) | AUTO IMAGE STABILISATION | BURST MODE | LED FLASH (BRIGHTER TRUE TONE FLASH WITH SLOW SYNC) | NIGHT MODE | OIS (OPTICAL IMAGE STABILIZATION) | OPTICAL ZOOM OUT (2X) | PANORAMA | PORTRAIT MODE WITH ADVANCED BOKEH AND DEPTH CONTROL | PORTRAIT LIGHTING WITH SIX EFFECTS | SMART HDR,SPECIFICATION,Capacity,64GB,SPECIFICATION,Colour,PURPLE,SPECIFICATION,Connectivity,"2G / 3G / 4G | WI-FI 802.11 A/B/G/N/AC/AX, DUAL-BAND, HOTSPOT | BLUETOOTH 5.0 | GPS WITH A-GPS, GLONASS, GALILEO AND QZSS | NFC | USB 2.0, PROPRIETARY REVERSIBLE CONNECTOR",SPECIFICATION,Display details,LCD CAPACITIVE TOUCHSCREEN | 1792 X 828 PIXELS | FINGERPRINT-RESISTANT OLEOPHOBIC COATING | HAPTIC TOUCH | HDR DISPLAY | TRUE TONE DISPLAY | WIDE COLOUR DISPLAY (P3),SPECIFICATION,Features,ACCELEROMETER | APPLE PAY | BAROMETER | DIGITAL COMPASS | FACE ID | GYROSCOPE | ICLOUD CLOUD SERVICE | PROXIMITY SENSOR | SIRI NATURAL LANGUAGE COMMANDS AND DICTATION | HEVC/MP4/H.264 PLAYER | MP3/WAV/AAX+/AIFF/APPLE LOSSLESS PLAYER | SUPPORTS 4G CALLING ABROAD * | * SUBJECT TO 4G CALLING CAPABILITY BEING AVAILABLE IN THE ROAMING DESTINATION,SPECIFICATION,Platform,IOS 13 | APPLE A13 BIONIC | HEXA-CORE | APPLE GPU,SPECIFICATION,Memory,64GB | 4GB RAM,SPECIFICATION,Video,"2160P (4K) VIDEO RECORDING AT 24FPS, 30FPS OR 60FPS | 1080P (FHD) VIDEO RECORDING AT 30FPS OR 60FPS | 720P (HD) VIDEO RECORDING AT 30FPS | SLOW MOTION VIDEO SUPPORT FOR 1080P AT 120FPS OR 240FPS | AUDIO ZOOM | CINEMATIC VIDEO STABILISATION (4K, 1080P AND 720P) | CONTINUOUS AUTOFOCUS VIDEO | EXTENDED DYNAMIC RANGE FOR VIDEO UP TO 30 FPS | OIS (OPTICAL IMAGE STABILIZATION) | OPTICAL ZOOM OUT (2X) | TAKE 8MP STILL PHOTOS WHILE RECORDING 4K VIDEO | TIME‑LAPSE VIDEO WITH STABILISATION",SPECIFICATION,Box contains,LIGHTNING CABLE | EJECTION PIN,,,,,,,,,,,,,,,,,,,,,,,,
Vodafone,2025-09-05,api_url_varites,https://www.vodafone.co.uk/mobile/pay-monthly-contracts/apple/iphone-11-refurbished-great,210159,Apple iPhone 11 64GB (Refurbished-Great) White,Apple,Y,10,4,36,23,5GB Xtra,24 Months,154.0,N,27,154,,,,,contract,5GB,,24.8,26.6,,,White,64 GB,,,mobile,pay-monthly-contracts,apple,iphone-11-refurbished-great,,,,http://images.vodafone.co.uk/gbnnsauqav4t/1hMoqf6PTDYirR4du5Hxet/b030593243d23ccff76567455c741099/Apple_iPhone_11_white-full-product-front-600.png,http://images.vodafone.co.uk/gbnnsauqav4t/1hMoqf6PTDYirR4du5Hxet/b030593243d23ccff76567455c741099/Apple_iPhone_11_white-full-product-front-600.png,http://images.vodafone.co.uk/gbnnsauqav4t/2BmbsfBHn30lYOMEq6hRrN/35282436578d057707cd35f4aadba1dd/Apple_iPhone_11_new_white-grid-product-front.png,,,"All-new powerful dual-camera system, Night mode, stunning video quality and all-day battery life – experience iPhone at 11.",,,,,,,,,,,SPECIFICATION,Battery,NON-REMOVABLE | FAST BATTERY CHARGING | QI WIRELESS CHARGING,SPECIFICATION,Body,"FRONT/BACK GLASS, ALUMINIUM FRAME | DUAL SIM (NANO-SIM AND ESIM) | SPLASH, WATER AND DUST RESISTANT (IP68)",SPECIFICATION,Camera details,12MP (F/1.8) + 12MP (F/2.4) | 12MP (F/2.2) | AUTO IMAGE STABILISATION | BURST MODE | LED FLASH (BRIGHTER TRUE TONE FLASH WITH SLOW SYNC) | NIGHT MODE | OIS (OPTICAL IMAGE STABILIZATION) | OPTICAL ZOOM OUT (2X) | PANORAMA | PORTRAIT MODE WITH ADVANCED BOKEH AND DEPTH CONTROL | PORTRAIT LIGHTING WITH SIX EFFECTS | SMART HDR,SPECIFICATION,Capacity,64GB,SPECIFICATION,Colour,WHITE,SPECIFICATION,Connectivity,"2G / 3G / 4G | WI-FI 802.11 A/B/G/N/AC/AX, DUAL-BAND, HOTSPOT | BLUETOOTH 5.0 | GPS WITH A-GPS, GLONASS, GALILEO AND QZSS | NFC | USB 2.0, PROPRIETARY REVERSIBLE CONNECTOR",SPECIFICATION,Display details,LCD CAPACITIVE TOUCHSCREEN | 1792 X 828 PIXELS | FINGERPRINT-RESISTANT OLEOPHOBIC COATING | HAPTIC TOUCH | HDR DISPLAY | TRUE TONE DISPLAY | WIDE COLOUR DISPLAY (P3),SPECIFICATION,Features,ACCELEROMETER | APPLE PAY | BAROMETER | DIGITAL COMPASS | FACE ID | GYROSCOPE | ICLOUD CLOUD SERVICE | PROXIMITY SENSOR | SIRI NATURAL LANGUAGE COMMANDS AND DICTATION | HEVC/MP4/H.264 PLAYER | MP3/WAV/AAX+/AIFF/APPLE LOSSLESS PLAYER | SUPPORTS 4G CALLING ABROAD * | * SUBJECT TO 4G CALLING CAPABILITY BEING AVAILABLE IN THE ROAMING DESTINATION,SPECIFICATION,Platform,IOS 13 | APPLE A13 BIONIC | HEXA-CORE | APPLE GPU,SPECIFICATION,Memory,64GB | 4GB RAM,SPECIFICATION,Video,"2160P (4K) VIDEO RECORDING AT 24FPS, 30FPS OR 60FPS | 1080P (FHD) VIDEO RECORDING AT 30FPS OR 60FPS | 720P (HD) VIDEO RECORDING AT 30FPS | SLOW MOTION VIDEO SUPPORT FOR 1080P AT 120FPS OR 240FPS | AUDIO ZOOM | CINEMATIC VIDEO STABILISATION (4K, 1080P AND 720P) | CONTINUOUS AUTOFOCUS VIDEO | EXTENDED DYNAMIC RANGE FOR VIDEO UP TO 30 FPS | OIS (OPTICAL IMAGE STABILIZATION) | OPTICAL ZOOM OUT (2X) | TAKE 8MP STILL PHOTOS WHILE RECORDING 4K VIDEO | TIME‑LAPSE VIDEO WITH STABILISATION",SPECIFICATION,Box contains,LIGHTNING CABLE | EJECTION PIN,,,,,,,,,,,,,,,,,,,,,,,,
Vodafone,2025-09-05,api_url_varites,https://www.vodafone.co.uk/mobile/pay-monthly-contracts/apple/iphone-11-refurbished-great,210159,Apple iPhone 11 64GB (Refurbished-Great) White,Apple,Y,10,4,36,30,120GB Xtra,24 Months,154.0,N,34,154,,,,,contract,120GB,,31.8,33.6,,,White,64 GB,,,mobile,pay-monthly-contracts,apple,iphone-11-refurbished-great,,,,http://images.vodafone.co.uk/gbnnsauqav4t/1hMoqf6PTDYirR4du5Hxet/b030593243d23ccff76567455c741099/Apple_iPhone_11_white-full-product-front-600.png,http://images.vodafone.co.uk/gbnnsauqav4t/1hMoqf6PTDYirR4du5Hxet/b030593243d23ccff76567455c741099/Apple_iPhone_11_white-full-product-front-600.png,http://images.vodafone.co.uk/gbnnsauqav4t/2BmbsfBHn30lYOMEq6hRrN/35282436578d057707cd35f4aadba1dd/Apple_iPhone_11_new_white-grid-product-front.png,,,"All-new powerful dual-camera system, Night mode, stunning video quality and all-day battery life – experience iPhone at 11.",,,,,,,,,,,SPECIFICATION,Battery,NON-REMOVABLE | FAST BATTERY CHARGING | QI WIRELESS CHARGING,SPECIFICATION,Body,"FRONT/BACK GLASS, ALUMINIUM FRAME | DUAL SIM (NANO-SIM AND ESIM) | SPLASH, WATER AND DUST RESISTANT (IP68)",SPECIFICATION,Camera details,12MP (F/1.8) + 12MP (F/2.4) | 12MP (F/2.2) | AUTO IMAGE STABILISATION | BURST MODE | LED FLASH (BRIGHTER TRUE TONE FLASH WITH SLOW SYNC) | NIGHT MODE | OIS (OPTICAL IMAGE STABILIZATION) | OPTICAL ZOOM OUT (2X) | PANORAMA | PORTRAIT MODE WITH ADVANCED BOKEH AND DEPTH CONTROL | PORTRAIT LIGHTING WITH SIX EFFECTS | SMART HDR,SPECIFICATION,Capacity,64GB,SPECIFICATION,Colour,WHITE,SPECIFICATION,Connectivity,"2G / 3G / 4G | WI-FI 802.11 A/B/G/N/AC/AX, DUAL-BAND, HOTSPOT | BLUETOOTH 5.0 | GPS WITH A-GPS, GLONASS, GALILEO AND QZSS | NFC | USB 2.0, PROPRIETARY REVERSIBLE CONNECTOR",SPECIFICATION,Display details,LCD CAPACITIVE TOUCHSCREEN | 1792 X 828 PIXELS | FINGERPRINT-RESISTANT OLEOPHOBIC COATING | HAPTIC TOUCH | HDR DISPLAY | TRUE TONE DISPLAY | WIDE COLOUR DISPLAY (P3),SPECIFICATION,Features,ACCELEROMETER | APPLE PAY | BAROMETER | DIGITAL COMPASS | FACE ID | GYROSCOPE | ICLOUD CLOUD SERVICE | PROXIMITY SENSOR | SIRI NATURAL LANGUAGE COMMANDS AND DICTATION | HEVC/MP4/H.264 PLAYER | MP3/WAV/AAX+/AIFF/APPLE LOSSLESS PLAYER | SUPPORTS 4G CALLING ABROAD * | * SUBJECT TO 4G CALLING CAPABILITY BEING AVAILABLE IN THE ROAMING DESTINATION,SPECIFICATION,Platform,IOS 13 | APPLE A13 BIONIC | HEXA-CORE | APPLE GPU,SPECIFICATION,Memory,64GB | 4GB RAM,SPECIFICATION,Video,"2160P (4K) VIDEO RECORDING AT 24FPS, 30FPS OR 60FPS | 1080P (FHD) VIDEO RECORDING AT 30FPS OR 60FPS | 720P (HD) VIDEO RECORDING AT 30FPS | SLOW MOTION VIDEO SUPPORT FOR 1080P AT 120FPS OR 240FPS | AUDIO ZOOM | CINEMATIC VIDEO STABILISATION (4K, 1080P AND 720P) | CONTINUOUS AUTOFOCUS VIDEO | EXTENDED DYNAMIC RANGE FOR VIDEO UP TO 30 FPS | OIS (OPTICAL IMAGE STABILIZATION) | OPTICAL ZOOM OUT (2X) | TAKE 8MP STILL PHOTOS WHILE RECORDING 4K VIDEO | TIME‑LAPSE VIDEO WITH STABILISATION",SPECIFICATION,Box contains,LIGHTNING CABLE | EJECTION PIN,,,,,,,,,,,,,,,,,,,,,,,,
Vodafone,2025-09-05,api_url_varites,https://www.vodafone.co.uk/mobile/pay-monthly-contracts/apple/iphone-11-refurbished-great,210159,Apple iPhone 11 64GB (Refurbished-Great) White,Apple,Y,10,4,36,39,Unlimited Max Xtra,24 Months,154.0,N,43,154,,,,,contract,Unlimited,,40.8,42.6,,,White,64 GB,,,mobile,pay-monthly-contracts,apple,iphone-11-refurbished-great,,,,http://images.vodafone.co.uk/gbnnsauqav4t/1hMoqf6PTDYirR4du5Hxet/b030593243d23ccff76567455c741099/Apple_iPhone_11_white-full-product-front-600.png,http://images.vodafone.co.uk/gbnnsauqav4t/1hMoqf6PTDYirR4du5Hxet/b030593243d23ccff76567455c741099/Apple_iPhone_11_white-full-product-front-600.png,http://images.vodafone.co.uk/gbnnsauqav4t/2BmbsfBHn30lYOMEq6hRrN/35282436578d057707cd35f4aadba1dd/Apple_iPhone_11_new_white-grid-product-front.png,,,"All-new powerful dual-camera system, Night mode, stunning video quality and all-day battery life – experience iPhone at 11.",,,,,,,,,,,SPECIFICATION,Battery,NON-REMOVABLE | FAST BATTERY CHARGING | QI WIRELESS CHARGING,SPECIFICATION,Body,"FRONT/BACK GLASS, ALUMINIUM FRAME | DUAL SIM (NANO-SIM AND ESIM) | SPLASH, WATER AND DUST RESISTANT (IP68)",SPECIFICATION,Camera details,12MP (F/1.8) + 12MP (F/2.4) | 12MP (F/2.2) | AUTO IMAGE STABILISATION | BURST MODE | LED FLASH (BRIGHTER TRUE TONE FLASH WITH SLOW SYNC) | NIGHT MODE | OIS (OPTICAL IMAGE STABILIZATION) | OPTICAL ZOOM OUT (2X) | PANORAMA | PORTRAIT MODE WITH ADVANCED BOKEH AND DEPTH CONTROL | PORTRAIT LIGHTING WITH SIX EFFECTS | SMART HDR,SPECIFICATION,Capacity,64GB,SPECIFICATION,Colour,WHITE,SPECIFICATION,Connectivity,"2G / 3G / 4G | WI-FI 802.11 A/B/G/N/AC/AX, DUAL-BAND, HOTSPOT | BLUETOOTH 5.0 | GPS WITH A-GPS, GLONASS, GALILEO AND QZSS | NFC | USB 2.0, PROPRIETARY REVERSIBLE CONNECTOR",SPECIFICATION,Display details,LCD CAPACITIVE TOUCHSCREEN | 1792 X 828 PIXELS | FINGERPRINT-RESISTANT OLEOPHOBIC COATING | HAPTIC TOUCH | HDR DISPLAY | TRUE TONE DISPLAY | WIDE COLOUR DISPLAY (P3),SPECIFICATION,Features,ACCELEROMETER | APPLE PAY | BAROMETER | DIGITAL COMPASS | FACE ID | GYROSCOPE | ICLOUD CLOUD SERVICE | PROXIMITY SENSOR | SIRI NATURAL LANGUAGE COMMANDS AND DICTATION | HEVC/MP4/H.264 PLAYER | MP3/WAV/AAX+/AIFF/APPLE LOSSLESS PLAYER | SUPPORTS 4G CALLING ABROAD * | * SUBJECT TO 4G CALLING CAPABILITY BEING AVAILABLE IN THE ROAMING DESTINATION,SPECIFICATION,Platform,IOS 13 | APPLE A13 BIONIC | HEXA-CORE | APPLE GPU,SPECIFICATION,Memory,64GB | 4GB RAM,SPECIFICATION,Video,"2160P (4K) VIDEO RECORDING AT 24FPS, 30FPS OR 60FPS | 1080P (FHD) VIDEO RECORDING AT 30FPS OR 60FPS | 720P (HD) VIDEO RECORDING AT 30FPS | SLOW MOTION VIDEO SUPPORT FOR 1080P AT 120FPS OR 240FPS | AUDIO ZOOM | CINEMATIC VIDEO STABILISATION (4K, 1080P AND 720P) | CONTINUOUS AUTOFOCUS VIDEO | EXTENDED DYNAMIC RANGE FOR VIDEO UP TO 30 FPS | OIS (OPTICAL IMAGE STABILIZATION) | OPTICAL ZOOM OUT (2X) | TAKE 8MP STILL PHOTOS WHILE RECORDING 4K VIDEO | TIME‑LAPSE VIDEO WITH STABILISATION",SPECIFICATION,Box contains,LIGHTNING CABLE | EJECTION PIN,,,,,,,,,,,,,,,,,,,,,,,,
Vodafone,2025-09-05,api_url_varites,https://www.vodafone.co.uk/mobile/pay-monthly-contracts/apple/iphone-11-refurbished-great,210159,Apple iPhone 11 64GB (Refurbished-Great) White,Apple,Y,10,6,24,23,5GB Xtra,24 Months,154.0,N,29,154,,,,,contract,5GB,,24.8,26.6,,,White,64 GB,,,mobile,pay-monthly-contracts,apple,iphone-11-refurbished-great,,,,http://images.vodafone.co.uk/gbnnsauqav4t/1hMoqf6PTDYirR4du5Hxet/b030593243d23ccff76567455c741099/Apple_iPhone_11_white-full-product-front-600.png,http://images.vodafone.co.uk/gbnnsauqav4t/1hMoqf6PTDYirR4du5Hxet/b030593243d23ccff76567455c741099/Apple_iPhone_11_white-full-product-front-600.png,http://images.vodafone.co.uk/gbnnsauqav4t/2BmbsfBHn30lYOMEq6hRrN/35282436578d057707cd35f4aadba1dd/Apple_iPhone_11_new_white-grid-product-front.png,,,"All-new powerful dual-camera system, Night mode, stunning video quality and all-day battery life – experience iPhone at 11.",,,,,,,,,,,SPECIFICATION,Battery,NON-REMOVABLE | FAST BATTERY CHARGING | QI WIRELESS CHARGING,SPECIFICATION,Body,"FRONT/BACK GLASS, ALUMINIUM FRAME | DUAL SIM (NANO-SIM AND ESIM) | SPLASH, WATER AND DUST RESISTANT (IP68)",SPECIFICATION,Camera details,12MP (F/1.8) + 12MP (F/2.4) | 12MP (F/2.2) | AUTO IMAGE STABILISATION | BURST MODE | LED FLASH (BRIGHTER TRUE TONE FLASH WITH SLOW SYNC) | NIGHT MODE | OIS (OPTICAL IMAGE STABILIZATION) | OPTICAL ZOOM OUT (2X) | PANORAMA | PORTRAIT MODE WITH ADVANCED BOKEH AND DEPTH CONTROL | PORTRAIT LIGHTING WITH SIX EFFECTS | SMART HDR,SPECIFICATION,Capacity,64GB,SPECIFICATION,Colour,WHITE,SPECIFICATION,Connectivity,"2G / 3G / 4G | WI-FI 802.11 A/B/G/N/AC/AX, DUAL-BAND, HOTSPOT | BLUETOOTH 5.0 | GPS WITH A-GPS, GLONASS, GALILEO AND QZSS | NFC | USB 2.0, PROPRIETARY REVERSIBLE CONNECTOR",SPECIFICATION,Display details,LCD CAPACITIVE TOUCHSCREEN | 1792 X 828 PIXELS | FINGERPRINT-RESISTANT OLEOPHOBIC COATING | HAPTIC TOUCH | HDR DISPLAY | TRUE TONE DISPLAY | WIDE COLOUR DISPLAY (P3),SPECIFICATION,Features,ACCELEROMETER | APPLE PAY | BAROMETER | DIGITAL COMPASS | FACE ID | GYROSCOPE | ICLOUD CLOUD SERVICE | PROXIMITY SENSOR | SIRI NATURAL LANGUAGE COMMANDS AND DICTATION | HEVC/MP4/H.264 PLAYER | MP3/WAV/AAX+/AIFF/APPLE LOSSLESS PLAYER | SUPPORTS 4G CALLING ABROAD * | * SUBJECT TO 4G CALLING CAPABILITY BEING AVAILABLE IN THE ROAMING DESTINATION,SPECIFICATION,Platform,IOS 13 | APPLE A13 BIONIC | HEXA-CORE | APPLE GPU,SPECIFICATION,Memory,64GB | 4GB RAM,SPECIFICATION,Video,"2160P (4K) VIDEO RECORDING AT 24FPS, 30FPS OR 60FPS | 1080P (FHD) VIDEO RECORDING AT 30FPS OR 60FPS | 720P (HD) VIDEO RECORDING AT 30FPS | SLOW MOTION VIDEO SUPPORT FOR 1080P AT 120FPS OR 240FPS | AUDIO ZOOM | CINEMATIC VIDEO STABILISATION (4K, 1080P AND 720P) | CONTINUOUS AUTOFOCUS VIDEO | EXTENDED DYNAMIC RANGE FOR VIDEO UP TO 30 FPS | OIS (OPTICAL IMAGE STABILIZATION) | OPTICAL ZOOM OUT (2X) | TAKE 8MP STILL PHOTOS WHILE RECORDING 4K VIDEO | TIME‑LAPSE VIDEO WITH STABILISATION",SPECIFICATION,Box contains,LIGHTNING CABLE | EJECTION PIN,,,,,,,,,,,,,,,,,,,,,,,,
Vodafone,2025-09-05,api_url_varites,https://www.vodafone.co.uk/mobile/pay-monthly-contracts/apple/iphone-11-refurbished-great,210159,Apple iPhone 11 64GB (Refurbished-Great) White,Apple,Y,10,6,24,30,120GB Xtra,24 Months,154.0,N,36,154,,,,,contract,120GB,,31.8,33.6,,,White,64 GB,,,mobile,pay-monthly-contracts,apple,iphone-11-refurbished-great,,,,http://images.vodafone.co.uk/gbnnsauqav4t/1hMoqf6PTDYirR4du5Hxet/b030593243d23ccff76567455c741099/Apple_iPhone_11_white-full-product-front-600.png,http://images.vodafone.co.uk/gbnnsauqav4t/1hMoqf6PTDYirR4du5Hxet/b030593243d23ccff76567455c741099/Apple_iPhone_11_white-full-product-front-600.png,http://images.vodafone.co.uk/gbnnsauqav4t/2BmbsfBHn30lYOMEq6hRrN/35282436578d057707cd35f4aadba1dd/Apple_iPhone_11_new_white-grid-product-front.png,,,"All-new powerful dual-camera system, Night mode, stunning video quality and all-day battery life – experience iPhone at 11.",,,,,,,,,,,SPECIFICATION,Battery,NON-REMOVABLE | FAST BATTERY CHARGING | QI WIRELESS CHARGING,SPECIFICATION,Body,"FRONT/BACK GLASS, ALUMINIUM FRAME | DUAL SIM (NANO-SIM AND ESIM) | SPLASH, WATER AND DUST RESISTANT (IP68)",SPECIFICATION,Camera details,12MP (F/1.8) + 12MP (F/2.4) | 12MP (F/2.2) | AUTO IMAGE STABILISATION | BURST MODE | LED FLASH (BRIGHTER TRUE TONE FLASH WITH SLOW SYNC) | NIGHT MODE | OIS (OPTICAL IMAGE STABILIZATION) | OPTICAL ZOOM OUT (2X) | PANORAMA | PORTRAIT MODE WITH ADVANCED BOKEH AND DEPTH CONTROL | PORTRAIT LIGHTING WITH SIX EFFECTS | SMART HDR,SPECIFICATION,Capacity,64GB,SPECIFICATION,Colour,WHITE,SPECIFICATION,Connectivity,"2G / 3G / 4G | WI-FI 802.11 A/B/G/N/AC/AX, DUAL-BAND, HOTSPOT | BLUETOOTH 5.0 | GPS WITH A-GPS, GLONASS, GALILEO AND QZSS | NFC | USB 2.0, PROPRIETARY REVERSIBLE CONNECTOR",SPECIFICATION,Display details,LCD CAPACITIVE TOUCHSCREEN | 1792 X 828 PIXELS | FINGERPRINT-RESISTANT OLEOPHOBIC COATING | HAPTIC TOUCH | HDR DISPLAY | TRUE TONE DISPLAY | WIDE COLOUR DISPLAY (P3),SPECIFICATION,Features,ACCELEROMETER | APPLE PAY | BAROMETER | DIGITAL COMPASS | FACE ID | GYROSCOPE | ICLOUD CLOUD SERVICE | PROXIMITY SENSOR | SIRI NATURAL LANGUAGE COMMANDS AND DICTATION | HEVC/MP4/H.264 PLAYER | MP3/WAV/AAX+/AIFF/APPLE LOSSLESS PLAYER | SUPPORTS 4G CALLING ABROAD * | * SUBJECT TO 4G CALLING CAPABILITY BEING AVAILABLE IN THE ROAMING DESTINATION,SPECIFICATION,Platform,IOS 13 | APPLE A13 BIONIC | HEXA-CORE | APPLE GPU,SPECIFICATION,Memory,64GB | 4GB RAM,SPECIFICATION,Video,"2160P (4K) VIDEO RECORDING AT 24FPS, 30FPS OR 60FPS | 1080P (FHD) VIDEO RECORDING AT 30FPS OR 60FPS | 720P (HD) VIDEO RECORDING AT 30FPS | SLOW MOTION VIDEO SUPPORT FOR 1080P AT 120FPS OR 240FPS | AUDIO ZOOM | CINEMATIC VIDEO STABILISATION (4K, 1080P AND 720P) | CONTINUOUS AUTOFOCUS VIDEO | EXTENDED DYNAMIC RANGE FOR VIDEO UP TO 30 FPS | OIS (OPTICAL IMAGE STABILIZATION) | OPTICAL ZOOM OUT (2X) | TAKE 8MP STILL PHOTOS WHILE RECORDING 4K VIDEO | TIME‑LAPSE VIDEO WITH STABILISATION",SPECIFICATION,Box contains,LIGHTNING CABLE | EJECTION PIN,,,,,,,,,,,,,,,,,,,,,,,,
Vodafone,2025-09-05,api_url_varites,https://www.vodafone.co.uk/mobile/pay-monthly-contracts/apple/iphone-11-refurbished-great,210159,Apple iPhone 11 64GB (Refurbished-Great) White,Apple,Y,10,6,24,39,Unlimited Max Xtra,24 Months,154.0,N,45,154,,,,,contract,Unlimited,,40.8,42.6,,,White,64 GB,,,mobile,pay-monthly-contracts,apple,iphone-11-refurbished-great,,,,http://images.vodafone.co.uk/gbnnsauqav4t/1hMoqf6PTDYirR4du5Hxet/b030593243d23ccff76567455c741099/Apple_iPhone_11_white-full-product-front-600.png,http://images.vodafone.co.uk/gbnnsauqav4t/1hMoqf6PTDYirR4du5Hxet/b030593243d23ccff76567455c741099/Apple_iPhone_11_white-full-product-front-600.png,http://images.vodafone.co.uk/gbnnsauqav4t/2BmbsfBHn30lYOMEq6hRrN/35282436578d057707cd35f4aadba1dd/Apple_iPhone_11_new_white-grid-product-front.png,,,"All-new powerful dual-camera system, Night mode, stunning video quality and all-day battery life – experience iPhone at 11.",,,,,,,,,,,SPECIFICATION,Battery,NON-REMOVABLE | FAST BATTERY CHARGING | QI WIRELESS CHARGING,SPECIFICATION,Body,"FRONT/BACK GLASS, ALUMINIUM FRAME | DUAL SIM (NANO-SIM AND ESIM) | SPLASH, WATER AND DUST RESISTANT (IP68)",SPECIFICATION,Camera details,12MP (F/1.8) + 12MP (F/2.4) | 12MP (F/2.2) | AUTO IMAGE STABILISATION | BURST MODE | LED FLASH (BRIGHTER TRUE TONE FLASH WITH SLOW SYNC) | NIGHT MODE | OIS (OPTICAL IMAGE STABILIZATION) | OPTICAL ZOOM OUT (2X) | PANORAMA | PORTRAIT MODE WITH ADVANCED BOKEH AND DEPTH CONTROL | PORTRAIT LIGHTING WITH SIX EFFECTS | SMART HDR,SPECIFICATION,Capacity,64GB,SPECIFICATION,Colour,WHITE,SPECIFICATION,Connectivity,"2G / 3G / 4G | WI-FI 802.11 A/B/G/N/AC/AX, DUAL-BAND, HOTSPOT | BLUETOOTH 5.0 | GPS WITH A-GPS, GLONASS, GALILEO AND QZSS | NFC | USB 2.0, PROPRIETARY REVERSIBLE CONNECTOR",SPECIFICATION,Display details,LCD CAPACITIVE TOUCHSCREEN | 1792 X 828 PIXELS | FINGERPRINT-RESISTANT OLEOPHOBIC COATING | HAPTIC TOUCH | HDR DISPLAY | TRUE TONE DISPLAY | WIDE COLOUR DISPLAY (P3),SPECIFICATION,Features,ACCELEROMETER | APPLE PAY | BAROMETER | DIGITAL COMPASS | FACE ID | GYROSCOPE | ICLOUD CLOUD SERVICE | PROXIMITY SENSOR | SIRI NATURAL LANGUAGE COMMANDS AND DICTATION | HEVC/MP4/H.264 PLAYER | MP3/WAV/AAX+/AIFF/APPLE LOSSLESS PLAYER | SUPPORTS 4G CALLING ABROAD * | * SUBJECT TO 4G CALLING CAPABILITY BEING AVAILABLE IN THE ROAMING DESTINATION,SPECIFICATION,Platform,IOS 13 | APPLE A13 BIONIC | HEXA-CORE | APPLE GPU,SPECIFICATION,Memory,64GB | 4GB RAM,SPECIFICATION,Video,"2160P (4K) VIDEO RECORDING AT 24FPS, 30FPS OR 60FPS | 1080P (FHD) VIDEO RECORDING AT 30FPS OR 60FPS | 720P (HD) VIDEO RECORDING AT 30FPS | SLOW MOTION VIDEO SUPPORT FOR 1080P AT 120FPS OR 240FPS | AUDIO ZOOM | CINEMATIC VIDEO STABILISATION (4K, 1080P AND 720P) | CONTINUOUS AUTOFOCUS VIDEO | EXTENDED DYNAMIC RANGE FOR VIDEO UP TO 30 FPS | OIS (OPTICAL IMAGE STABILIZATION) | OPTICAL ZOOM OUT (2X) | TAKE 8MP STILL PHOTOS WHILE RECORDING 4K VIDEO | TIME‑LAPSE VIDEO WITH STABILISATION",SPECIFICATION,Box contains,LIGHTNING CABLE | EJECTION PIN,,,,,,,,,,,,,,,,,,,,,,,,
Vodafone,2025-09-05,api_url_varites,https://www.vodafone.co.uk/mobile/pay-monthly-contracts/apple/iphone-11-refurbished-great,210161,Apple iPhone 11 64GB (Refurbished-Great) Yellow,Apple,Y,10,4,36,23,5GB Xtra,24 Months,154.0,N,27,154,,,,,contract,5GB,,24.8,26.6,,,Yellow,64 GB,,,mobile,pay-monthly-contracts,apple,iphone-11-refurbished-great,,,,http://images.vodafone.co.uk/gbnnsauqav4t/5lPdyT7zMLQBxFf66b0KxF/5c5aa7cf5ae0f55332c53836c32d7941/Apple_iPhone_11_yellow-full-product-front-600.png,http://images.vodafone.co.uk/gbnnsauqav4t/5lPdyT7zMLQBxFf66b0KxF/5c5aa7cf5ae0f55332c53836c32d7941/Apple_iPhone_11_yellow-full-product-front-600.png,http://images.vodafone.co.uk/gbnnsauqav4t/1sUDqKm22Md7TzcNAPQab8/e4732f98482078ea8669e4dafe8ff70f/Apple_iPhone_11_new_yellow-grid-product-front.png,,,"All-new powerful dual-camera system, Night mode, stunning video quality and all-day battery life – experience iPhone at 11.",,,,,,,,,,,SPECIFICATION,Battery,NON-REMOVABLE | FAST BATTERY CHARGING | QI WIRELESS CHARGING,SPECIFICATION,Body,"FRONT/BACK GLASS, ALUMINIUM FRAME | DUAL SIM (NANO-SIM AND ESIM) | SPLASH, WATER AND DUST RESISTANT (IP68)",SPECIFICATION,Camera details,12MP (F/1.8) + 12MP (F/2.4) | 12MP (F/2.2) | AUTO IMAGE STABILISATION | BURST MODE | LED FLASH (BRIGHTER TRUE TONE FLASH WITH SLOW SYNC) | NIGHT MODE | OIS (OPTICAL IMAGE STABILIZATION) | OPTICAL ZOOM OUT (2X) | PANORAMA | PORTRAIT MODE WITH ADVANCED BOKEH AND DEPTH CONTROL | PORTRAIT LIGHTING WITH SIX EFFECTS | SMART HDR,SPECIFICATION,Capacity,64GB,SPECIFICATION,Colour,YELLOW,SPECIFICATION,Connectivity,"2G / 3G / 4G | WI-FI 802.11 A/B/G/N/AC/AX, DUAL-BAND, HOTSPOT | BLUETOOTH 5.0 | GPS WITH A-GPS, GLONASS, GALILEO AND QZSS | NFC | USB 2.0, PROPRIETARY REVERSIBLE CONNECTOR",SPECIFICATION,Display details,LCD CAPACITIVE TOUCHSCREEN | 1792 X 828 PIXELS | FINGERPRINT-RESISTANT OLEOPHOBIC COATING | HAPTIC TOUCH | HDR DISPLAY | TRUE TONE DISPLAY | WIDE COLOUR DISPLAY (P3),SPECIFICATION,Features,ACCELEROMETER | APPLE PAY | BAROMETER | DIGITAL COMPASS | FACE ID | GYROSCOPE | ICLOUD CLOUD SERVICE | PROXIMITY SENSOR | SIRI NATURAL LANGUAGE COMMANDS AND DICTATION | HEVC/MP4/H.264 PLAYER | MP3/WAV/AAX+/AIFF/APPLE LOSSLESS PLAYER | SUPPORTS 4G CALLING ABROAD * | * SUBJECT TO 4G CALLING CAPABILITY BEING AVAILABLE IN THE ROAMING DESTINATION,SPECIFICATION,Platform,IOS 13 | APPLE A13 BIONIC | HEXA-CORE | APPLE GPU,SPECIFICATION,Memory,64GB | 4GB RAM,SPECIFICATION,Video,"2160P (4K) VIDEO RECORDING AT 24FPS, 30FPS OR 60FPS | 1080P (FHD) VIDEO RECORDING AT 30FPS OR 60FPS | 720P (HD) VIDEO RECORDING AT 30FPS | SLOW MOTION VIDEO SUPPORT FOR 1080P AT 120FPS OR 240FPS | AUDIO ZOOM | CINEMATIC VIDEO STABILISATION (4K, 1080P AND 720P) | CONTINUOUS AUTOFOCUS VIDEO | EXTENDED DYNAMIC RANGE FOR VIDEO UP TO 30 FPS | OIS (OPTICAL IMAGE STABILIZATION) | OPTICAL ZOOM OUT (2X) | TAKE 8MP STILL PHOTOS WHILE RECORDING 4K VIDEO | TIME‑LAPSE VIDEO WITH STABILISATION",SPECIFICATION,Box contains,LIGHTNING CABLE | EJECTION PIN,,,,,,,,,,,,,,,,,,,,,,,,
Vodafone,2025-09-05,api_url_varites,https://www.vodafone.co.uk/mobile/pay-monthly-contracts/apple/iphone-11-refurbished-great,210161,Apple iPhone 11 64GB (Refurbished-Great) Yellow,Apple,Y,10,4,36,30,120GB Xtra,24 Months,154.0,N,34,154,,,,,contract,120GB,,31.8,33.6,,,Yellow,64 GB,,,mobile,pay-monthly-contracts,apple,iphone-11-refurbished-great,,,,http://images.vodafone.co.uk/gbnnsauqav4t/5lPdyT7zMLQBxFf66b0KxF/5c5aa7cf5ae0f55332c53836c32d7941/Apple_iPhone_11_yellow-full-product-front-600.png,http://images.vodafone.co.uk/gbnnsauqav4t/5lPdyT7zMLQBxFf66b0KxF/5c5aa7cf5ae0f55332c53836c32d7941/Apple_iPhone_11_yellow-full-product-front-600.png,http://images.vodafone.co.uk/gbnnsauqav4t/1sUDqKm22Md7TzcNAPQab8/e4732f98482078ea8669e4dafe8ff70f/Apple_iPhone_11_new_yellow-grid-product-front.png,,,"All-new powerful dual-camera system, Night mode, stunning video quality and all-day battery life – experience iPhone at 11.",,,,,,,,,,,SPECIFICATION,Battery,NON-REMOVABLE | FAST BATTERY CHARGING | QI WIRELESS CHARGING,SPECIFICATION,Body,"FRONT/BACK GLASS, ALUMINIUM FRAME | DUAL SIM (NANO-SIM AND ESIM) | SPLASH, WATER AND DUST RESISTANT (IP68)",SPECIFICATION,Camera details,12MP (F/1.8) + 12MP (F/2.4) | 12MP (F/2.2) | AUTO IMAGE STABILISATION | BURST MODE | LED FLASH (BRIGHTER TRUE TONE FLASH WITH SLOW SYNC) | NIGHT MODE | OIS (OPTICAL IMAGE STABILIZATION) | OPTICAL ZOOM OUT (2X) | PANORAMA | PORTRAIT MODE WITH ADVANCED BOKEH AND DEPTH CONTROL | PORTRAIT LIGHTING WITH SIX EFFECTS | SMART HDR,SPECIFICATION,Capacity,64GB,SPECIFICATION,Colour,YELLOW,SPECIFICATION,Connectivity,"2G / 3G / 4G | WI-FI 802.11 A/B/G/N/AC/AX, DUAL-BAND, HOTSPOT | BLUETOOTH 5.0 | GPS WITH A-GPS, GLONASS, GALILEO AND QZSS | NFC | USB 2.0, PROPRIETARY REVERSIBLE CONNECTOR",SPECIFICATION,Display details,LCD CAPACITIVE TOUCHSCREEN | 1792 X 828 PIXELS | FINGERPRINT-RESISTANT OLEOPHOBIC COATING | HAPTIC TOUCH | HDR DISPLAY | TRUE TONE DISPLAY | WIDE COLOUR DISPLAY (P3),SPECIFICATION,Features,ACCELEROMETER | APPLE PAY | BAROMETER | DIGITAL COMPASS | FACE ID | GYROSCOPE | ICLOUD CLOUD SERVICE | PROXIMITY SENSOR | SIRI NATURAL LANGUAGE COMMANDS AND DICTATION | HEVC/MP4/H.264 PLAYER | MP3/WAV/AAX+/AIFF/APPLE LOSSLESS PLAYER | SUPPORTS 4G CALLING ABROAD * | * SUBJECT TO 4G CALLING CAPABILITY BEING AVAILABLE IN THE ROAMING DESTINATION,SPECIFICATION,Platform,IOS 13 | APPLE A13 BIONIC | HEXA-CORE | APPLE GPU,SPECIFICATION,Memory,64GB | 4GB RAM,SPECIFICATION,Video,"2160P (4K) VIDEO RECORDING AT 24FPS, 30FPS OR 60FPS | 1080P (FHD) VIDEO RECORDING AT 30FPS OR 60FPS | 720P (HD) VIDEO RECORDING AT 30FPS | SLOW MOTION VIDEO SUPPORT FOR 1080P AT 120FPS OR 240FPS | AUDIO ZOOM | CINEMATIC VIDEO STABILISATION (4K, 1080P AND 720P) | CONTINUOUS AUTOFOCUS VIDEO | EXTENDED DYNAMIC RANGE FOR VIDEO UP TO 30 FPS | OIS (OPTICAL IMAGE STABILIZATION) | OPTICAL ZOOM OUT (2X) | TAKE 8MP STILL PHOTOS WHILE RECORDING 4K VIDEO | TIME‑LAPSE VIDEO WITH STABILISATION",SPECIFICATION,Box contains,LIGHTNING CABLE | EJECTION PIN,,,,,,,,,,,,,,,,,,,,,,,,
Vodafone,2025-09-05,api_url_varites,https://www.vodafone.co.uk/mobile/pay-monthly-contracts/apple/iphone-11-refurbished-great,210161,Apple iPhone 11 64GB (Refurbished-Great) Yellow,Apple,Y,10,4,36,39,Unlimited Max Xtra,24 Months,154.0,N,43,154,,,,,contract,Unlimited,,40.8,42.6,,,Yellow,64 GB,,,mobile,pay-monthly-contracts,apple,iphone-11-refurbished-great,,,,http://images.vodafone.co.uk/gbnnsauqav4t/5lPdyT7zMLQBxFf66b0KxF/5c5aa7cf5ae0f55332c53836c32d7941/Apple_iPhone_11_yellow-full-product-front-600.png,http://images.vodafone.co.uk/gbnnsauqav4t/5lPdyT7zMLQBxFf66b0KxF/5c5aa7cf5ae0f55332c53836c32d7941/Apple_iPhone_11_yellow-full-product-front-600.png,http://images.vodafone.co.uk/gbnnsauqav4t/1sUDqKm22Md7TzcNAPQab8/e4732f98482078ea8669e4dafe8ff70f/Apple_iPhone_11_new_yellow-grid-product-front.png,,,"All-new powerful dual-camera system, Night mode, stunning video quality and all-day battery life – experience iPhone at 11.",,,,,,,,,,,SPECIFICATION,Battery,NON-REMOVABLE | FAST BATTERY CHARGING | QI WIRELESS CHARGING,SPECIFICATION,Body,"FRONT/BACK GLASS, ALUMINIUM FRAME | DUAL SIM (NANO-SIM AND ESIM) | SPLASH, WATER AND DUST RESISTANT (IP68)",SPECIFICATION,Camera details,12MP (F/1.8) + 12MP (F/2.4) | 12MP (F/2.2) | AUTO IMAGE STABILISATION | BURST MODE | LED FLASH (BRIGHTER TRUE TONE FLASH WITH SLOW SYNC) | NIGHT MODE | OIS (OPTICAL IMAGE STABILIZATION) | OPTICAL ZOOM OUT (2X) | PANORAMA | PORTRAIT MODE WITH ADVANCED BOKEH AND DEPTH CONTROL | PORTRAIT LIGHTING WITH SIX EFFECTS | SMART HDR,SPECIFICATION,Capacity,64GB,SPECIFICATION,Colour,YELLOW,SPECIFICATION,Connectivity,"2G / 3G / 4G | WI-FI 802.11 A/B/G/N/AC/AX, DUAL-BAND, HOTSPOT | BLUETOOTH 5.0 | GPS WITH A-GPS, GLONASS, GALILEO AND QZSS | NFC | USB 2.0, PROPRIETARY REVERSIBLE CONNECTOR",SPECIFICATION,Display details,LCD CAPACITIVE TOUCHSCREEN | 1792 X 828 PIXELS | FINGERPRINT-RESISTANT OLEOPHOBIC COATING | HAPTIC TOUCH | HDR DISPLAY | TRUE TONE DISPLAY | WIDE COLOUR DISPLAY (P3),SPECIFICATION,Features,ACCELEROMETER | APPLE PAY | BAROMETER | DIGITAL COMPASS | FACE ID | GYROSCOPE | ICLOUD CLOUD SERVICE | PROXIMITY SENSOR | SIRI NATURAL LANGUAGE COMMANDS AND DICTATION | HEVC/MP4/H.264 PLAYER | MP3/WAV/AAX+/AIFF/APPLE LOSSLESS PLAYER | SUPPORTS 4G CALLING ABROAD * | * SUBJECT TO 4G CALLING CAPABILITY BEING AVAILABLE IN THE ROAMING DESTINATION,SPECIFICATION,Platform,IOS 13 | APPLE A13 BIONIC | HEXA-CORE | APPLE GPU,SPECIFICATION,Memory,64GB | 4GB RAM,SPECIFICATION,Video,"2160P (4K) VIDEO RECORDING AT 24FPS, 30FPS OR 60FPS | 1080P (FHD) VIDEO RECORDING AT 30FPS OR 60FPS | 720P (HD) VIDEO RECORDING AT 30FPS | SLOW MOTION VIDEO SUPPORT FOR 1080P AT 120FPS OR 240FPS | AUDIO ZOOM | CINEMATIC VIDEO STABILISATION (4K, 1080P AND 720P) | CONTINUOUS AUTOFOCUS VIDEO | EXTENDED DYNAMIC RANGE FOR VIDEO UP TO 30 FPS | OIS (OPTICAL IMAGE STABILIZATION) | OPTICAL ZOOM OUT (2X) | TAKE 8MP STILL PHOTOS WHILE RECORDING 4K VIDEO | TIME‑LAPSE VIDEO WITH STABILISATION",SPECIFICATION,Box contains,LIGHTNING CABLE | EJECTION PIN,,,,,,,,,,,,,,,,,,,,,,,,
Vodafone,2025-09-05,api_url_varites,https://www.vodafone.co.uk/mobile/pay-monthly-contracts/apple/iphone-11-refurbished-great,210161,Apple iPhone 11 64GB (Refurbished-Great) Yellow,Apple,Y,10,6,24,23,5GB Xtra,24 Months,154.0,N,29,154,,,,,contract,5GB,,24.8,26.6,,,Yellow,64 GB,,,mobile,pay-monthly-contracts,apple,iphone-11-refurbished-great,,,,http://images.vodafone.co.uk/gbnnsauqav4t/5lPdyT7zMLQBxFf66b0KxF/5c5aa7cf5ae0f55332c53836c32d7941/Apple_iPhone_11_yellow-full-product-front-600.png,http://images.vodafone.co.uk/gbnnsauqav4t/5lPdyT7zMLQBxFf66b0KxF/5c5aa7cf5ae0f55332c53836c32d7941/Apple_iPhone_11_yellow-full-product-front-600.png,http://images.vodafone.co.uk/gbnnsauqav4t/1sUDqKm22Md7TzcNAPQab8/e4732f98482078ea8669e4dafe8ff70f/Apple_iPhone_11_new_yellow-grid-product-front.png,,,"All-new powerful dual-camera system, Night mode, stunning video quality and all-day battery life – experience iPhone at 11.",,,,,,,,,,,SPECIFICATION,Battery,NON-REMOVABLE | FAST BATTERY CHARGING | QI WIRELESS CHARGING,SPECIFICATION,Body,"FRONT/BACK GLASS, ALUMINIUM FRAME | DUAL SIM (NANO-SIM AND ESIM) | SPLASH, WATER AND DUST RESISTANT (IP68)",SPECIFICATION,Camera details,12MP (F/1.8) + 12MP (F/2.4) | 12MP (F/2.2) | AUTO IMAGE STABILISATION | BURST MODE | LED FLASH (BRIGHTER TRUE TONE FLASH WITH SLOW SYNC) | NIGHT MODE | OIS (OPTICAL IMAGE STABILIZATION) | OPTICAL ZOOM OUT (2X) | PANORAMA | PORTRAIT MODE WITH ADVANCED BOKEH AND DEPTH CONTROL | PORTRAIT LIGHTING WITH SIX EFFECTS | SMART HDR,SPECIFICATION,Capacity,64GB,SPECIFICATION,Colour,YELLOW,SPECIFICATION,Connectivity,"2G / 3G / 4G | WI-FI 802.11 A/B/G/N/AC/AX, DUAL-BAND, HOTSPOT | BLUETOOTH 5.0 | GPS WITH A-GPS, GLONASS, GALILEO AND QZSS | NFC | USB 2.0, PROPRIETARY REVERSIBLE CONNECTOR",SPECIFICATION,Display details,LCD CAPACITIVE TOUCHSCREEN | 1792 X 828 PIXELS | FINGERPRINT-RESISTANT OLEOPHOBIC COATING | HAPTIC TOUCH | HDR DISPLAY | TRUE TONE DISPLAY | WIDE COLOUR DISPLAY (P3),SPECIFICATION,Features,ACCELEROMETER | APPLE PAY | BAROMETER | DIGITAL COMPASS | FACE ID | GYROSCOPE | ICLOUD CLOUD SERVICE | PROXIMITY SENSOR | SIRI NATURAL LANGUAGE COMMANDS AND DICTATION | HEVC/MP4/H.264 PLAYER | MP3/WAV/AAX+/AIFF/APPLE LOSSLESS PLAYER | SUPPORTS 4G CALLING ABROAD * | * SUBJECT TO 4G CALLING CAPABILITY BEING AVAILABLE IN THE ROAMING DESTINATION,SPECIFICATION,Platform,IOS 13 | APPLE A13 BIONIC | HEXA-CORE | APPLE GPU,SPECIFICATION,Memory,64GB | 4GB RAM,SPECIFICATION,Video,"2160P (4K) VIDEO RECORDING AT 24FPS, 30FPS OR 60FPS | 1080P (FHD) VIDEO RECORDING AT 30FPS OR 60FPS | 720P (HD) VIDEO RECORDING AT 30FPS | SLOW MOTION VIDEO SUPPORT FOR 1080P AT 120FPS OR 240FPS | AUDIO ZOOM | CINEMATIC VIDEO STABILISATION (4K, 1080P AND 720P) | CONTINUOUS AUTOFOCUS VIDEO | EXTENDED DYNAMIC RANGE FOR VIDEO UP TO 30 FPS | OIS (OPTICAL IMAGE STABILIZATION) | OPTICAL ZOOM OUT (2X) | TAKE 8MP STILL PHOTOS WHILE RECORDING 4K VIDEO | TIME‑LAPSE VIDEO WITH STABILISATION",SPECIFICATION,Box contains,LIGHTNING CABLE | EJECTION PIN,,,,,,,,,,,,,,,,,,,,,,,,
Vodafone,2025-09-05,api_url_varites,https://www.vodafone.co.uk/mobile/pay-monthly-contracts/apple/iphone-11-refurbished-great,210161,Apple iPhone 11 64GB (Refurbished-Great) Yellow,Apple,Y,10,6,24,30,120GB Xtra,24 Months,154.0,N,36,154,,,,,contract,120GB,,31.8,33.6,,,Yellow,64 GB,,,mobile,pay-monthly-contracts,apple,iphone-11-refurbished-great,,,,http://images.vodafone.co.uk/gbnnsauqav4t/5lPdyT7zMLQBxFf66b0KxF/5c5aa7cf5ae0f55332c53836c32d7941/Apple_iPhone_11_yellow-full-product-front-600.png,http://images.vodafone.co.uk/gbnnsauqav4t/5lPdyT7zMLQBxFf66b0KxF/5c5aa7cf5ae0f55332c53836c32d7941/Apple_iPhone_11_yellow-full-product-front-600.png,http://images.vodafone.co.uk/gbnnsauqav4t/1sUDqKm22Md7TzcNAPQab8/e4732f98482078ea8669e4dafe8ff70f/Apple_iPhone_11_new_yellow-grid-product-front.png,,,"All-new powerful dual-camera system, Night mode, stunning video quality and all-day battery life – experience iPhone at 11.",,,,,,,,,,,SPECIFICATION,Battery,NON-REMOVABLE | FAST BATTERY CHARGING | QI WIRELESS CHARGING,SPECIFICATION,Body,"FRONT/BACK GLASS, ALUMINIUM FRAME | DUAL SIM (NANO-SIM AND ESIM) | SPLASH, WATER AND DUST RESISTANT (IP68)",SPECIFICATION,Camera details,12MP (F/1.8) + 12MP (F/2.4) | 12MP (F/2.2) | AUTO IMAGE STABILISATION | BURST MODE | LED FLASH (BRIGHTER TRUE TONE FLASH WITH SLOW SYNC) | NIGHT MODE | OIS (OPTICAL IMAGE STABILIZATION) | OPTICAL ZOOM OUT (2X) | PANORAMA | PORTRAIT MODE WITH ADVANCED BOKEH AND DEPTH CONTROL | PORTRAIT LIGHTING WITH SIX EFFECTS | SMART HDR,SPECIFICATION,Capacity,64GB,SPECIFICATION,Colour,YELLOW,SPECIFICATION,Connectivity,"2G / 3G / 4G | WI-FI 802.11 A/B/G/N/AC/AX, DUAL-BAND, HOTSPOT | BLUETOOTH 5.0 | GPS WITH A-GPS, GLONASS, GALILEO AND QZSS | NFC | USB 2.0, PROPRIETARY REVERSIBLE CONNECTOR",SPECIFICATION,Display details,LCD CAPACITIVE TOUCHSCREEN | 1792 X 828 PIXELS | FINGERPRINT-RESISTANT OLEOPHOBIC COATING | HAPTIC TOUCH | HDR DISPLAY | TRUE TONE DISPLAY | WIDE COLOUR DISPLAY (P3),SPECIFICATION,Features,ACCELEROMETER | APPLE PAY | BAROMETER | DIGITAL COMPASS | FACE ID | GYROSCOPE | ICLOUD CLOUD SERVICE | PROXIMITY SENSOR | SIRI NATURAL LANGUAGE COMMANDS AND DICTATION | HEVC/MP4/H.264 PLAYER | MP3/WAV/AAX+/AIFF/APPLE LOSSLESS PLAYER | SUPPORTS 4G CALLING ABROAD * | * SUBJECT TO 4G CALLING CAPABILITY BEING AVAILABLE IN THE ROAMING DESTINATION,SPECIFICATION,Platform,IOS 13 | APPLE A13 BIONIC | HEXA-CORE | APPLE GPU,SPECIFICATION,Memory,64GB | 4GB RAM,SPECIFICATION,Video,"2160P (4K) VIDEO RECORDING AT 24FPS, 30FPS OR 60FPS | 1080P (FHD) VIDEO RECORDING AT 30FPS OR 60FPS | 720P (HD) VIDEO RECORDING AT 30FPS | SLOW MOTION VIDEO SUPPORT FOR 1080P AT 120FPS OR 240FPS | AUDIO ZOOM | CINEMATIC VIDEO STABILISATION (4K, 1080P AND 720P) | CONTINUOUS AUTOFOCUS VIDEO | EXTENDED DYNAMIC RANGE FOR VIDEO UP TO 30 FPS | OIS (OPTICAL IMAGE STABILIZATION) | OPTICAL ZOOM OUT (2X) | TAKE 8MP STILL PHOTOS WHILE RECORDING 4K VIDEO | TIME‑LAPSE VIDEO WITH STABILISATION",SPECIFICATION,Box contains,LIGHTNING CABLE | EJECTION PIN,,,,,,,,,,,,,,,,,,,,,,,,
Vodafone,2025-09-05,api_url_varites,https://www.vodafone.co.uk/mobile/pay-monthly-contracts/apple/iphone-11-refurbished-great,210161,Apple iPhone 11 64GB (Refurbished-Great) Yellow,Apple,Y,10,6,24,39,Unlimited Max Xtra,24 Months,154.0,N,45,154,,,,,contract,Unlimited,,40.8,42.6,,,Yellow,64 GB,,,mobile,pay-monthly-contracts,apple,iphone-11-refurbished-great,,,,http://images.vodafone.co.uk/gbnnsauqav4t/5lPdyT7zMLQBxFf66b0KxF/5c5aa7cf5ae0f55332c53836c32d7941/Apple_iPhone_11_yellow-full-product-front-600.png,http://images.vodafone.co.uk/gbnnsauqav4t/5lPdyT7zMLQBxFf66b0KxF/5c5aa7cf5ae0f55332c53836c32d7941/Apple_iPhone_11_yellow-full-product-front-600.png,http://images.vodafone.co.uk/gbnnsauqav4t/1sUDqKm22Md7TzcNAPQab8/e4732f98482078ea8669e4dafe8ff70f/Apple_iPhone_11_new_yellow-grid-product-front.png,,,"All-new powerful dual-camera system, Night mode, stunning video quality and all-day battery life – experience iPhone at 11.",,,,,,,,,,,SPECIFICATION,Battery,NON-REMOVABLE | FAST BATTERY CHARGING | QI WIRELESS CHARGING,SPECIFICATION,Body,"FRONT/BACK GLASS, ALUMINIUM FRAME | DUAL SIM (NANO-SIM AND ESIM) | SPLASH, WATER AND DUST RESISTANT (IP68)",SPECIFICATION,Camera details,12MP (F/1.8) + 12MP (F/2.4) | 12MP (F/2.2) | AUTO IMAGE STABILISATION | BURST MODE | LED FLASH (BRIGHTER TRUE TONE FLASH WITH SLOW SYNC) | NIGHT MODE | OIS (OPTICAL IMAGE STABILIZATION) | OPTICAL ZOOM OUT (2X) | PANORAMA | PORTRAIT MODE WITH ADVANCED BOKEH AND DEPTH CONTROL | PORTRAIT LIGHTING WITH SIX EFFECTS | SMART HDR,SPECIFICATION,Capacity,64GB,SPECIFICATION,Colour,YELLOW,SPECIFICATION,Connectivity,"2G / 3G / 4G | WI-FI 802.11 A/B/G/N/AC/AX, DUAL-BAND, HOTSPOT | BLUETOOTH 5.0 | GPS WITH A-GPS, GLONASS, GALILEO AND QZSS | NFC | USB 2.0, PROPRIETARY REVERSIBLE CONNECTOR",SPECIFICATION,Display details,LCD CAPACITIVE TOUCHSCREEN | 1792 X 828 PIXELS | FINGERPRINT-RESISTANT OLEOPHOBIC COATING | HAPTIC TOUCH | HDR DISPLAY | TRUE TONE DISPLAY | WIDE COLOUR DISPLAY (P3),SPECIFICATION,Features,ACCELEROMETER | APPLE PAY | BAROMETER | DIGITAL COMPASS | FACE ID | GYROSCOPE | ICLOUD CLOUD SERVICE | PROXIMITY SENSOR | SIRI NATURAL LANGUAGE COMMANDS AND DICTATION | HEVC/MP4/H.264 PLAYER | MP3/WAV/AAX+/AIFF/APPLE LOSSLESS PLAYER | SUPPORTS 4G CALLING ABROAD * | * SUBJECT TO 4G CALLING CAPABILITY BEING AVAILABLE IN THE ROAMING DESTINATION,SPECIFICATION,Platform,IOS 13 | APPLE A13 BIONIC | HEXA-CORE | APPLE GPU,SPECIFICATION,Memory,64GB | 4GB RAM,SPECIFICATION,Video,"2160P (4K) VIDEO RECORDING AT 24FPS, 30FPS OR 60FPS | 1080P (FHD) VIDEO RECORDING AT 30FPS OR 60FPS | 720P (HD) VIDEO RECORDING AT 30FPS | SLOW MOTION VIDEO SUPPORT FOR 1080P AT 120FPS OR 240FPS | AUDIO ZOOM | CINEMATIC VIDEO STABILISATION (4K, 1080P AND 720P) | CONTINUOUS AUTOFOCUS VIDEO | EXTENDED DYNAMIC RANGE FOR VIDEO UP TO 30 FPS | OIS (OPTICAL IMAGE STABILIZATION) | OPTICAL ZOOM OUT (2X) | TAKE 8MP STILL PHOTOS WHILE RECORDING 4K VIDEO | TIME‑LAPSE VIDEO WITH STABILISATION",SPECIFICATION,Box contains,LIGHTNING CABLE | EJECTION PIN,,,,,,,,,,,,,,,,,,,,,,,,
Vodafone,2025-09-05,api_url_varites,https://www.vodafone.co.uk/mobile/pay-monthly-contracts/apple/iphone-11-refurbished-pristine,205182,Apple iPhone 11 64GB (Refurbished-Pristine) (PRODUCT)RED,Apple,Y,10,6,36,23,5GB Xtra,24 Months,226.0,N,29,226,,,,,contract,5GB,,24.8,26.6,,,(PRODUCT)RED,64 GB,,,mobile,pay-monthly-contracts,apple,iphone-11-refurbished-pristine,,,,http://images.vodafone.co.uk/gbnnsauqav4t/5389Zok2egakIypRwJgiHJ/1ab472e1a49100e1735b0f83daeb040b/Apple_iPhone_11_product_red-full-product-front-600.png,http://images.vodafone.co.uk/gbnnsauqav4t/5389Zok2egakIypRwJgiHJ/1ab472e1a49100e1735b0f83daeb040b/Apple_iPhone_11_product_red-full-product-front-600.png,http://images.vodafone.co.uk/gbnnsauqav4t/6oXujpbTrUnqkTNBQCOnn3/912d7748f4893fd29e051d42ebc40ea8/Apple_iPhone_11_new_product_red-grid-product-front.png,,,"All-new powerful dual-camera system, Night mode, stunning video quality and all-day battery life – experience iPhone at 11.",,,,,,,,,,,SPECIFICATION,Battery,NON-REMOVABLE | FAST BATTERY CHARGING | QI WIRELESS CHARGING,SPECIFICATION,Body,"FRONT/BACK GLASS, ALUMINIUM FRAME | DUAL SIM (NANO-SIM AND ESIM) | SPLASH, WATER AND DUST RESISTANT (IP68)",SPECIFICATION,Camera details,12MP (F/1.8) + 12MP (F/2.4) | 12MP (F/2.2) | AUTO IMAGE STABILISATION | BURST MODE | LED FLASH (BRIGHTER TRUE TONE FLASH WITH SLOW SYNC) | NIGHT MODE | OIS (OPTICAL IMAGE STABILIZATION) | OPTICAL ZOOM OUT (2X) | PANORAMA | PORTRAIT MODE WITH ADVANCED BOKEH AND DEPTH CONTROL | PORTRAIT LIGHTING WITH SIX EFFECTS | SMART HDR,SPECIFICATION,Capacity,64GB,SPECIFICATION,Colour,(PRODUCT)RED,SPECIFICATION,Connectivity,"2G / 3G / 4G | WI-FI 802.11 A/B/G/N/AC/AX, DUAL-BAND, HOTSPOT | BLUETOOTH 5.0 | GPS WITH A-GPS, GLONASS, GALILEO AND QZSS | NFC | USB 2.0, PROPRIETARY REVERSIBLE CONNECTOR",SPECIFICATION,Display details,LCD CAPACITIVE TOUCHSCREEN | 1792 X 828 PIXELS | FINGERPRINT-RESISTANT OLEOPHOBIC COATING | HAPTIC TOUCH | HDR DISPLAY | TRUE TONE DISPLAY | WIDE COLOUR DISPLAY (P3),SPECIFICATION,Features,ACCELEROMETER | APPLE PAY | BAROMETER | DIGITAL COMPASS | FACE ID | GYROSCOPE | ICLOUD CLOUD SERVICE | PROXIMITY SENSOR | SIRI NATURAL LANGUAGE COMMANDS AND DICTATION | HEVC/MP4/H.264 PLAYER | MP3/WAV/AAX+/AIFF/APPLE LOSSLESS PLAYER | SUPPORTS 4G CALLING ABROAD * | * SUBJECT TO 4G CALLING CAPABILITY BEING AVAILABLE IN THE ROAMING DESTINATION,SPECIFICATION,Memory,64GB | 4GB RAM | DIGITAL COMPASS | FACE ID | GYROSCOPE | ICLOUD CLOUD SERVICE | PROXIMITY SENSOR | SIRI NATURAL LANGUAGE COMMANDS AND DICTATION | HEVC/MP4/H.264 PLAYER | MP3/WAV/AAX+/AIFF/APPLE LOSSLESS PLAYER,SPECIFICATION,Platform,IOS 13 | APPLE A13 BIONIC | HEXA-CORE | APPLE GPU,SPECIFICATION,Video,"2160P (4K) VIDEO RECORDING AT 24FPS, 30FPS OR 60FPS | 1080P (FHD) VIDEO RECORDING AT 30FPS OR 60FPS | 720P (HD) VIDEO RECORDING AT 30FPS | SLOW MOTION VIDEO SUPPORT FOR 1080P AT 120FPS OR 240FPS | AUDIO ZOOM | CINEMATIC VIDEO STABILISATION (4K, 1080P AND 720P) | CONTINUOUS AUTOFOCUS VIDEO | EXTENDED DYNAMIC RANGE FOR VIDEO UP TO 30 FPS | OIS (OPTICAL IMAGE STABILIZATION) | OPTICAL ZOOM OUT (2X) | TAKE 8MP STILL PHOTOS WHILE RECORDING 4K VIDEO | TIME‑LAPSE VIDEO WITH STABILISATION",SPECIFICATION,Box contains,LIGHTNING CABLE | EJECTION PIN,,,,,,,,,,,,,,,,,,,,,,,,
Vodafone,2025-09-05,api_url_varites,https://www.vodafone.co.uk/mobile/pay-monthly-contracts/apple/iphone-11-refurbished-pristine,205182,Apple iPhone 11 64GB (Refurbished-Pristine) (PRODUCT)RED,Apple,Y,10,6,36,30,120GB Xtra,24 Months,226.0,N,36,226,,,,,contract,120GB,,31.8,33.6,,,(PRODUCT)RED,64 GB,,,mobile,pay-monthly-contracts,apple,iphone-11-refurbished-pristine,,,,http://images.vodafone.co.uk/gbnnsauqav4t/5389Zok2egakIypRwJgiHJ/1ab472e1a49100e1735b0f83daeb040b/Apple_iPhone_11_product_red-full-product-front-600.png,http://images.vodafone.co.uk/gbnnsauqav4t/5389Zok2egakIypRwJgiHJ/1ab472e1a49100e1735b0f83daeb040b/Apple_iPhone_11_product_red-full-product-front-600.png,http://images.vodafone.co.uk/gbnnsauqav4t/6oXujpbTrUnqkTNBQCOnn3/912d7748f4893fd29e051d42ebc40ea8/Apple_iPhone_11_new_product_red-grid-product-front.png,,,"All-new powerful dual-camera system, Night mode, stunning video quality and all-day battery life – experience iPhone at 11.",,,,,,,,,,,SPECIFICATION,Battery,NON-REMOVABLE | FAST BATTERY CHARGING | QI WIRELESS CHARGING,SPECIFICATION,Body,"FRONT/BACK GLASS, ALUMINIUM FRAME | DUAL SIM (NANO-SIM AND ESIM) | SPLASH, WATER AND DUST RESISTANT (IP68)",SPECIFICATION,Camera details,12MP (F/1.8) + 12MP (F/2.4) | 12MP (F/2.2) | AUTO IMAGE STABILISATION | BURST MODE | LED FLASH (BRIGHTER TRUE TONE FLASH WITH SLOW SYNC) | NIGHT MODE | OIS (OPTICAL IMAGE STABILIZATION) | OPTICAL ZOOM OUT (2X) | PANORAMA | PORTRAIT MODE WITH ADVANCED BOKEH AND DEPTH CONTROL | PORTRAIT LIGHTING WITH SIX EFFECTS | SMART HDR,SPECIFICATION,Capacity,64GB,SPECIFICATION,Colour,(PRODUCT)RED,SPECIFICATION,Connectivity,"2G / 3G / 4G | WI-FI 802.11 A/B/G/N/AC/AX, DUAL-BAND, HOTSPOT | BLUETOOTH 5.0 | GPS WITH A-GPS, GLONASS, GALILEO AND QZSS | NFC | USB 2.0, PROPRIETARY REVERSIBLE CONNECTOR",SPECIFICATION,Display details,LCD CAPACITIVE TOUCHSCREEN | 1792 X 828 PIXELS | FINGERPRINT-RESISTANT OLEOPHOBIC COATING | HAPTIC TOUCH | HDR DISPLAY | TRUE TONE DISPLAY | WIDE COLOUR DISPLAY (P3),SPECIFICATION,Features,ACCELEROMETER | APPLE PAY | BAROMETER | DIGITAL COMPASS | FACE ID | GYROSCOPE | ICLOUD CLOUD SERVICE | PROXIMITY SENSOR | SIRI NATURAL LANGUAGE COMMANDS AND DICTATION | HEVC/MP4/H.264 PLAYER | MP3/WAV/AAX+/AIFF/APPLE LOSSLESS PLAYER | SUPPORTS 4G CALLING ABROAD * | * SUBJECT TO 4G CALLING CAPABILITY BEING AVAILABLE IN THE ROAMING DESTINATION,SPECIFICATION,Memory,64GB | 4GB RAM | DIGITAL COMPASS | FACE ID | GYROSCOPE | ICLOUD CLOUD SERVICE | PROXIMITY SENSOR | SIRI NATURAL LANGUAGE COMMANDS AND DICTATION | HEVC/MP4/H.264 PLAYER | MP3/WAV/AAX+/AIFF/APPLE LOSSLESS PLAYER,SPECIFICATION,Platform,IOS 13 | APPLE A13 BIONIC | HEXA-CORE | APPLE GPU,SPECIFICATION,Video,"2160P (4K) VIDEO RECORDING AT 24FPS, 30FPS OR 60FPS | 1080P (FHD) VIDEO RECORDING AT 30FPS OR 60FPS | 720P (HD) VIDEO RECORDING AT 30FPS | SLOW MOTION VIDEO SUPPORT FOR 1080P AT 120FPS OR 240FPS | AUDIO ZOOM | CINEMATIC VIDEO STABILISATION (4K, 1080P AND 720P) | CONTINUOUS AUTOFOCUS VIDEO | EXTENDED DYNAMIC RANGE FOR VIDEO UP TO 30 FPS | OIS (OPTICAL IMAGE STABILIZATION) | OPTICAL ZOOM OUT (2X) | TAKE 8MP STILL PHOTOS WHILE RECORDING 4K VIDEO | TIME‑LAPSE VIDEO WITH STABILISATION",SPECIFICATION,Box contains,LIGHTNING CABLE | EJECTION PIN,,,,,,,,,,,,,,,,,,,,,,,,
Vodafone,2025-09-05,api_url_varites,https://www.vodafone.co.uk/mobile/pay-monthly-contracts/apple/iphone-11-refurbished-pristine,205182,Apple iPhone 11 64GB (Refurbished-Pristine) (PRODUCT)RED,Apple,Y,10,6,36,39,Unlimited Max Xtra,24 Months,226.0,N,45,226,,,,,contract,Unlimited,,40.8,42.6,,,(PRODUCT)RED,64 GB,,,mobile,pay-monthly-contracts,apple,iphone-11-refurbished-pristine,,,,http://images.vodafone.co.uk/gbnnsauqav4t/5389Zok2egakIypRwJgiHJ/1ab472e1a49100e1735b0f83daeb040b/Apple_iPhone_11_product_red-full-product-front-600.png,http://images.vodafone.co.uk/gbnnsauqav4t/5389Zok2egakIypRwJgiHJ/1ab472e1a49100e1735b0f83daeb040b/Apple_iPhone_11_product_red-full-product-front-600.png,http://images.vodafone.co.uk/gbnnsauqav4t/6oXujpbTrUnqkTNBQCOnn3/912d7748f4893fd29e051d42ebc40ea8/Apple_iPhone_11_new_product_red-grid-product-front.png,,,"All-new powerful dual-camera system, Night mode, stunning video quality and all-day battery life – experience iPhone at 11.",,,,,,,,,,,SPECIFICATION,Battery,NON-REMOVABLE | FAST BATTERY CHARGING | QI WIRELESS CHARGING,SPECIFICATION,Body,"FRONT/BACK GLASS, ALUMINIUM FRAME | DUAL SIM (NANO-SIM AND ESIM) | SPLASH, WATER AND DUST RESISTANT (IP68)",SPECIFICATION,Camera details,12MP (F/1.8) + 12MP (F/2.4) | 12MP (F/2.2) | AUTO IMAGE STABILISATION | BURST MODE | LED FLASH (BRIGHTER TRUE TONE FLASH WITH SLOW SYNC) | NIGHT MODE | OIS (OPTICAL IMAGE STABILIZATION) | OPTICAL ZOOM OUT (2X) | PANORAMA | PORTRAIT MODE WITH ADVANCED BOKEH AND DEPTH CONTROL | PORTRAIT LIGHTING WITH SIX EFFECTS | SMART HDR,SPECIFICATION,Capacity,64GB,SPECIFICATION,Colour,(PRODUCT)RED,SPECIFICATION,Connectivity,"2G / 3G / 4G | WI-FI 802.11 A/B/G/N/AC/AX, DUAL-BAND, HOTSPOT | BLUETOOTH 5.0 | GPS WITH A-GPS, GLONASS, GALILEO AND QZSS | NFC | USB 2.0, PROPRIETARY REVERSIBLE CONNECTOR",SPECIFICATION,Display details,LCD CAPACITIVE TOUCHSCREEN | 1792 X 828 PIXELS | FINGERPRINT-RESISTANT OLEOPHOBIC COATING | HAPTIC TOUCH | HDR DISPLAY | TRUE TONE DISPLAY | WIDE COLOUR DISPLAY (P3),SPECIFICATION,Features,ACCELEROMETER | APPLE PAY | BAROMETER | DIGITAL COMPASS | FACE ID | GYROSCOPE | ICLOUD CLOUD SERVICE | PROXIMITY SENSOR | SIRI NATURAL LANGUAGE COMMANDS AND DICTATION | HEVC/MP4/H.264 PLAYER | MP3/WAV/AAX+/AIFF/APPLE LOSSLESS PLAYER | SUPPORTS 4G CALLING ABROAD * | * SUBJECT TO 4G CALLING CAPABILITY BEING AVAILABLE IN THE ROAMING DESTINATION,SPECIFICATION,Memory,64GB | 4GB RAM | DIGITAL COMPASS | FACE ID | GYROSCOPE | ICLOUD CLOUD SERVICE | PROXIMITY SENSOR | SIRI NATURAL LANGUAGE COMMANDS AND DICTATION | HEVC/MP4/H.264 PLAYER | MP3/WAV/AAX+/AIFF/APPLE LOSSLESS PLAYER,SPECIFICATION,Platform,IOS 13 | APPLE A13 BIONIC | HEXA-CORE | APPLE GPU,SPECIFICATION,Video,"2160P (4K) VIDEO RECORDING AT 24FPS, 30FPS OR 60FPS | 1080P (FHD) VIDEO RECORDING AT 30FPS OR 60FPS | 720P (HD) VIDEO RECORDING AT 30FPS | SLOW MOTION VIDEO SUPPORT FOR 1080P AT 120FPS OR 240FPS | AUDIO ZOOM | CINEMATIC VIDEO STABILISATION (4K, 1080P AND 720P) | CONTINUOUS AUTOFOCUS VIDEO | EXTENDED DYNAMIC RANGE FOR VIDEO UP TO 30 FPS | OIS (OPTICAL IMAGE STABILIZATION) | OPTICAL ZOOM OUT (2X) | TAKE 8MP STILL PHOTOS WHILE RECORDING 4K VIDEO | TIME‑LAPSE VIDEO WITH STABILISATION",SPECIFICATION,Box contains,LIGHTNING CABLE | EJECTION PIN,,,,,,,,,,,,,,,,,,,,,,,,
Vodafone,2025-09-05,api_url_varites,https://www.vodafone.co.uk/mobile/pay-monthly-contracts/apple/iphone-11-refurbished-pristine,205182,Apple iPhone 11 64GB (Refurbished-Pristine) (PRODUCT)RED,Apple,Y,10,9,24,23,5GB Xtra,24 Months,226.0,N,32,226,,,,,contract,5GB,,24.8,26.6,,,(PRODUCT)RED,64 GB,,,mobile,pay-monthly-contracts,apple,iphone-11-refurbished-pristine,,,,http://images.vodafone.co.uk/gbnnsauqav4t/5389Zok2egakIypRwJgiHJ/1ab472e1a49100e1735b0f83daeb040b/Apple_iPhone_11_product_red-full-product-front-600.png,http://images.vodafone.co.uk/gbnnsauqav4t/5389Zok2egakIypRwJgiHJ/1ab472e1a49100e1735b0f83daeb040b/Apple_iPhone_11_product_red-full-product-front-600.png,http://images.vodafone.co.uk/gbnnsauqav4t/6oXujpbTrUnqkTNBQCOnn3/912d7748f4893fd29e051d42ebc40ea8/Apple_iPhone_11_new_product_red-grid-product-front.png,,,"All-new powerful dual-camera system, Night mode, stunning video quality and all-day battery life – experience iPhone at 11.",,,,,,,,,,,SPECIFICATION,Battery,NON-REMOVABLE | FAST BATTERY CHARGING | QI WIRELESS CHARGING,SPECIFICATION,Body,"FRONT/BACK GLASS, ALUMINIUM FRAME | DUAL SIM (NANO-SIM AND ESIM) | SPLASH, WATER AND DUST RESISTANT (IP68)",SPECIFICATION,Camera details,12MP (F/1.8) + 12MP (F/2.4) | 12MP (F/2.2) | AUTO IMAGE STABILISATION | BURST MODE | LED FLASH (BRIGHTER TRUE TONE FLASH WITH SLOW SYNC) | NIGHT MODE | OIS (OPTICAL IMAGE STABILIZATION) | OPTICAL ZOOM OUT (2X) | PANORAMA | PORTRAIT MODE WITH ADVANCED BOKEH AND DEPTH CONTROL | PORTRAIT LIGHTING WITH SIX EFFECTS | SMART HDR,SPECIFICATION,Capacity,64GB,SPECIFICATION,Colour,(PRODUCT)RED,SPECIFICATION,Connectivity,"2G / 3G / 4G | WI-FI 802.11 A/B/G/N/AC/AX, DUAL-BAND, HOTSPOT | BLUETOOTH 5.0 | GPS WITH A-GPS, GLONASS, GALILEO AND QZSS | NFC | USB 2.0, PROPRIETARY REVERSIBLE CONNECTOR",SPECIFICATION,Display details,LCD CAPACITIVE TOUCHSCREEN | 1792 X 828 PIXELS | FINGERPRINT-RESISTANT OLEOPHOBIC COATING | HAPTIC TOUCH | HDR DISPLAY | TRUE TONE DISPLAY | WIDE COLOUR DISPLAY (P3),SPECIFICATION,Features,ACCELEROMETER | APPLE PAY | BAROMETER | DIGITAL COMPASS | FACE ID | GYROSCOPE | ICLOUD CLOUD SERVICE | PROXIMITY SENSOR | SIRI NATURAL LANGUAGE COMMANDS AND DICTATION | HEVC/MP4/H.264 PLAYER | MP3/WAV/AAX+/AIFF/APPLE LOSSLESS PLAYER | SUPPORTS 4G CALLING ABROAD * | * SUBJECT TO 4G CALLING CAPABILITY BEING AVAILABLE IN THE ROAMING DESTINATION,SPECIFICATION,Memory,64GB | 4GB RAM | DIGITAL COMPASS | FACE ID | GYROSCOPE | ICLOUD CLOUD SERVICE | PROXIMITY SENSOR | SIRI NATURAL LANGUAGE COMMANDS AND DICTATION | HEVC/MP4/H.264 PLAYER | MP3/WAV/AAX+/AIFF/APPLE LOSSLESS PLAYER,SPECIFICATION,Platform,IOS 13 | APPLE A13 BIONIC | HEXA-CORE | APPLE GPU,SPECIFICATION,Video,"2160P (4K) VIDEO RECORDING AT 24FPS, 30FPS OR 60FPS | 1080P (FHD) VIDEO RECORDING AT 30FPS OR 60FPS | 720P (HD) VIDEO RECORDING AT 30FPS | SLOW MOTION VIDEO SUPPORT FOR 1080P AT 120FPS OR 240FPS | AUDIO ZOOM | CINEMATIC VIDEO STABILISATION (4K, 1080P AND 720P) | CONTINUOUS AUTOFOCUS VIDEO | EXTENDED DYNAMIC RANGE FOR VIDEO UP TO 30 FPS | OIS (OPTICAL IMAGE STABILIZATION) | OPTICAL ZOOM OUT (2X) | TAKE 8MP STILL PHOTOS WHILE RECORDING 4K VIDEO | TIME‑LAPSE VIDEO WITH STABILISATION",SPECIFICATION,Box contains,LIGHTNING CABLE | EJECTION PIN,,,,,,,,,,,,,,,,,,,,,,,,
Vodafone,2025-09-05,api_url_varites,https://www.vodafone.co.uk/mobile/pay-monthly-contracts/apple/iphone-11-refurbished-pristine,205182,Apple iPhone 11 64GB (Refurbished-Pristine) (PRODUCT)RED,Apple,Y,10,9,24,30,120GB Xtra,24 Months,226.0,N,39,226,,,,,contract,120GB,,31.8,33.6,,,(PRODUCT)RED,64 GB,,,mobile,pay-monthly-contracts,apple,iphone-11-refurbished-pristine,,,,http://images.vodafone.co.uk/gbnnsauqav4t/5389Zok2egakIypRwJgiHJ/1ab472e1a49100e1735b0f83daeb040b/Apple_iPhone_11_product_red-full-product-front-600.png,http://images.vodafone.co.uk/gbnnsauqav4t/5389Zok2egakIypRwJgiHJ/1ab472e1a49100e1735b0f83daeb040b/Apple_iPhone_11_product_red-full-product-front-600.png,http://images.vodafone.co.uk/gbnnsauqav4t/6oXujpbTrUnqkTNBQCOnn3/912d7748f4893fd29e051d42ebc40ea8/Apple_iPhone_11_new_product_red-grid-product-front.png,,,"All-new powerful dual-camera system, Night mode, stunning video quality and all-day battery life – experience iPhone at 11.",,,,,,,,,,,SPECIFICATION,Battery,NON-REMOVABLE | FAST BATTERY CHARGING | QI WIRELESS CHARGING,SPECIFICATION,Body,"FRONT/BACK GLASS, ALUMINIUM FRAME | DUAL SIM (NANO-SIM AND ESIM) | SPLASH, WATER AND DUST RESISTANT (IP68)",SPECIFICATION,Camera details,12MP (F/1.8) + 12MP (F/2.4) | 12MP (F/2.2) | AUTO IMAGE STABILISATION | BURST MODE | LED FLASH (BRIGHTER TRUE TONE FLASH WITH SLOW SYNC) | NIGHT MODE | OIS (OPTICAL IMAGE STABILIZATION) | OPTICAL ZOOM OUT (2X) | PANORAMA | PORTRAIT MODE WITH ADVANCED BOKEH AND DEPTH CONTROL | PORTRAIT LIGHTING WITH SIX EFFECTS | SMART HDR,SPECIFICATION,Capacity,64GB,SPECIFICATION,Colour,(PRODUCT)RED,SPECIFICATION,Connectivity,"2G / 3G / 4G | WI-FI 802.11 A/B/G/N/AC/AX, DUAL-BAND, HOTSPOT | BLUETOOTH 5.0 | GPS WITH A-GPS, GLONASS, GALILEO AND QZSS | NFC | USB 2.0, PROPRIETARY REVERSIBLE CONNECTOR",SPECIFICATION,Display details,LCD CAPACITIVE TOUCHSCREEN | 1792 X 828 PIXELS | FINGERPRINT-RESISTANT OLEOPHOBIC COATING | HAPTIC TOUCH | HDR DISPLAY | TRUE TONE DISPLAY | WIDE COLOUR DISPLAY (P3),SPECIFICATION,Features,ACCELEROMETER | APPLE PAY | BAROMETER | DIGITAL COMPASS | FACE ID | GYROSCOPE | ICLOUD CLOUD SERVICE | PROXIMITY SENSOR | SIRI NATURAL LANGUAGE COMMANDS AND DICTATION | HEVC/MP4/H.264 PLAYER | MP3/WAV/AAX+/AIFF/APPLE LOSSLESS PLAYER | SUPPORTS 4G CALLING ABROAD * | * SUBJECT TO 4G CALLING CAPABILITY BEING AVAILABLE IN THE ROAMING DESTINATION,SPECIFICATION,Memory,64GB | 4GB RAM | DIGITAL COMPASS | FACE ID | GYROSCOPE | ICLOUD CLOUD SERVICE | PROXIMITY SENSOR | SIRI NATURAL LANGUAGE COMMANDS AND DICTATION | HEVC/MP4/H.264 PLAYER | MP3/WAV/AAX+/AIFF/APPLE LOSSLESS PLAYER,SPECIFICATION,Platform,IOS 13 | APPLE A13 BIONIC | HEXA-CORE | APPLE GPU,SPECIFICATION,Video,"2160P (4K) VIDEO RECORDING AT 24FPS, 30FPS OR 60FPS | 1080P (FHD) VIDEO RECORDING AT 30FPS OR 60FPS | 720P (HD) VIDEO RECORDING AT 30FPS | SLOW MOTION VIDEO SUPPORT FOR 1080P AT 120FPS OR 240FPS | AUDIO ZOOM | CINEMATIC VIDEO STABILISATION (4K, 1080P AND 720P) | CONTINUOUS AUTOFOCUS VIDEO | EXTENDED DYNAMIC RANGE FOR VIDEO UP TO 30 FPS | OIS (OPTICAL IMAGE STABILIZATION) | OPTICAL ZOOM OUT (2X) | TAKE 8MP STILL PHOTOS WHILE RECORDING 4K VIDEO | TIME‑LAPSE VIDEO WITH STABILISATION",SPECIFICATION,Box contains,LIGHTNING CABLE | EJECTION PIN,,,,,,,,,,,,,,,,,,,,,,,,
Vodafone,2025-09-05,api_url_varites,https://www.vodafone.co.uk/mobile/pay-monthly-contracts/apple/iphone-11-refurbished-pristine,205182,Apple iPhone 11 64GB (Refurbished-Pristine) (PRODUCT)RED,Apple,Y,10,9,24,39,Unlimited Max Xtra,24 Months,226.0,N,48,226,,,,,contract,Unlimited,,40.8,42.6,,,(PRODUCT)RED,64 GB,,,mobile,pay-monthly-contracts,apple,iphone-11-refurbished-pristine,,,,http://images.vodafone.co.uk/gbnnsauqav4t/5389Zok2egakIypRwJgiHJ/1ab472e1a49100e1735b0f83daeb040b/Apple_iPhone_11_product_red-full-product-front-600.png,http://images.vodafone.co.uk/gbnnsauqav4t/5389Zok2egakIypRwJgiHJ/1ab472e1a49100e1735b0f83daeb040b/Apple_iPhone_11_product_red-full-product-front-600.png,http://images.vodafone.co.uk/gbnnsauqav4t/6oXujpbTrUnqkTNBQCOnn3/912d7748f4893fd29e051d42ebc40ea8/Apple_iPhone_11_new_product_red-grid-product-front.png,,,"All-new powerful dual-camera system, Night mode, stunning video quality and all-day battery life – experience iPhone at 11.",,,,,,,,,,,SPECIFICATION,Battery,NON-REMOVABLE | FAST BATTERY CHARGING | QI WIRELESS CHARGING,SPECIFICATION,Body,"FRONT/BACK GLASS, ALUMINIUM FRAME | DUAL SIM (NANO-SIM AND ESIM) | SPLASH, WATER AND DUST RESISTANT (IP68)",SPECIFICATION,Camera details,12MP (F/1.8) + 12MP (F/2.4) | 12MP (F/2.2) | AUTO IMAGE STABILISATION | BURST MODE | LED FLASH (BRIGHTER TRUE TONE FLASH WITH SLOW SYNC) | NIGHT MODE | OIS (OPTICAL IMAGE STABILIZATION) | OPTICAL ZOOM OUT (2X) | PANORAMA | PORTRAIT MODE WITH ADVANCED BOKEH AND DEPTH CONTROL | PORTRAIT LIGHTING WITH SIX EFFECTS | SMART HDR,SPECIFICATION,Capacity,64GB,SPECIFICATION,Colour,(PRODUCT)RED,SPECIFICATION,Connectivity,"2G / 3G / 4G | WI-FI 802.11 A/B/G/N/AC/AX, DUAL-BAND, HOTSPOT | BLUETOOTH 5.0 | GPS WITH A-GPS, GLONASS, GALILEO AND QZSS | NFC | USB 2.0, PROPRIETARY REVERSIBLE CONNECTOR",SPECIFICATION,Display details,LCD CAPACITIVE TOUCHSCREEN | 1792 X 828 PIXELS | FINGERPRINT-RESISTANT OLEOPHOBIC COATING | HAPTIC TOUCH | HDR DISPLAY | TRUE TONE DISPLAY | WIDE COLOUR DISPLAY (P3),SPECIFICATION,Features,ACCELEROMETER | APPLE PAY | BAROMETER | DIGITAL COMPASS | FACE ID | GYROSCOPE | ICLOUD CLOUD SERVICE | PROXIMITY SENSOR | SIRI NATURAL LANGUAGE COMMANDS AND DICTATION | HEVC/MP4/H.264 PLAYER | MP3/WAV/AAX+/AIFF/APPLE LOSSLESS PLAYER | SUPPORTS 4G CALLING ABROAD * | * SUBJECT TO 4G CALLING CAPABILITY BEING AVAILABLE IN THE ROAMING DESTINATION,SPECIFICATION,Memory,64GB | 4GB RAM | DIGITAL COMPASS | FACE ID | GYROSCOPE | ICLOUD CLOUD SERVICE | PROXIMITY SENSOR | SIRI NATURAL LANGUAGE COMMANDS AND DICTATION | HEVC/MP4/H.264 PLAYER | MP3/WAV/AAX+/AIFF/APPLE LOSSLESS PLAYER,SPECIFICATION,Platform,IOS 13 | APPLE A13 BIONIC | HEXA-CORE | APPLE GPU,SPECIFICATION,Video,"2160P (4K) VIDEO RECORDING AT 24FPS, 30FPS OR 60FPS | 1080P (FHD) VIDEO RECORDING AT 30FPS OR 60FPS | 720P (HD) VIDEO RECORDING AT 30FPS | SLOW MOTION VIDEO SUPPORT FOR 1080P AT 120FPS OR 240FPS | AUDIO ZOOM | CINEMATIC VIDEO STABILISATION (4K, 1080P AND 720P) | CONTINUOUS AUTOFOCUS VIDEO | EXTENDED DYNAMIC RANGE FOR VIDEO UP TO 30 FPS | OIS (OPTICAL IMAGE STABILIZATION) | OPTICAL ZOOM OUT (2X) | TAKE 8MP STILL PHOTOS WHILE RECORDING 4K VIDEO | TIME‑LAPSE VIDEO WITH STABILISATION",SPECIFICATION,Box contains,LIGHTNING CABLE | EJECTION PIN,,,,,,,,,,,,,,,,,,,,,,,,
Vodafone,2025-09-05,api_url_varites,https://www.vodafone.co.uk/mobile/pay-monthly-contracts/apple/iphone-11-refurbished-pristine,205149,Apple iPhone 11 64GB (Refurbished-Pristine) Green,Apple,Y,10,6,36,23,5GB Xtra,24 Months,226.0,N,29,226,,,,,contract,5GB,,24.8,26.6,,,Green,64 GB,,,mobile,pay-monthly-contracts,apple,iphone-11-refurbished-pristine,,,,http://images.vodafone.co.uk/gbnnsauqav4t/3bMxVGTbjz85G4dsnulfdv/b21ba7a5bfd8251fd56ac27ee58b16bf/Apple_iPhone_11_green-full-product-front-600.png,http://images.vodafone.co.uk/gbnnsauqav4t/3bMxVGTbjz85G4dsnulfdv/b21ba7a5bfd8251fd56ac27ee58b16bf/Apple_iPhone_11_green-full-product-front-600.png,http://images.vodafone.co.uk/gbnnsauqav4t/KFk1CkBd9Ssaiy2It8aUy/9a42781a83b447008b8a2060b1fa0da3/Apple_iPhone_11_new_green-grid-product-front.png,,,"All-new powerful dual-camera system, Night mode, stunning video quality and all-day battery life – experience iPhone at 11.",,,,,,,,,,,SPECIFICATION,Battery,NON-REMOVABLE | FAST BATTERY CHARGING | QI WIRELESS CHARGING,SPECIFICATION,Body,"FRONT/BACK GLASS, ALUMINIUM FRAME | DUAL SIM (NANO-SIM AND ESIM) | SPLASH, WATER AND DUST RESISTANT (IP68)",SPECIFICATION,Camera details,12MP (F/1.8) + 12MP (F/2.4) | 12MP (F/2.2) | AUTO IMAGE STABILISATION | BURST MODE | LED FLASH (BRIGHTER TRUE TONE FLASH WITH SLOW SYNC) | NIGHT MODE | OIS (OPTICAL IMAGE STABILIZATION) | OPTICAL ZOOM OUT (2X) | PANORAMA | PORTRAIT MODE WITH ADVANCED BOKEH AND DEPTH CONTROL | PORTRAIT LIGHTING WITH SIX EFFECTS | SMART HDR,SPECIFICATION,Capacity,64GB,SPECIFICATION,Colour,GREEN,SPECIFICATION,Connectivity,"2G / 3G / 4G | WI-FI 802.11 A/B/G/N/AC/AX, DUAL-BAND, HOTSPOT | BLUETOOTH 5.0 | GPS WITH A-GPS, GLONASS, GALILEO AND QZSS | NFC | USB 2.0, PROPRIETARY REVERSIBLE CONNECTOR",SPECIFICATION,Display details,LCD CAPACITIVE TOUCHSCREEN | 1792 X 828 PIXELS | FINGERPRINT-RESISTANT OLEOPHOBIC COATING | HAPTIC TOUCH | HDR DISPLAY | TRUE TONE DISPLAY | WIDE COLOUR DISPLAY (P3),SPECIFICATION,Features,ACCELEROMETER | APPLE PAY | BAROMETER | DIGITAL COMPASS | FACE ID | GYROSCOPE | ICLOUD CLOUD SERVICE | PROXIMITY SENSOR | SIRI NATURAL LANGUAGE COMMANDS AND DICTATION | HEVC/MP4/H.264 PLAYER | MP3/WAV/AAX+/AIFF/APPLE LOSSLESS PLAYER | SUPPORTS 4G CALLING ABROAD * | * SUBJECT TO 4G CALLING CAPABILITY BEING AVAILABLE IN THE ROAMING DESTINATION,SPECIFICATION,Memory,64GB | 4GB RAM | DIGITAL COMPASS | FACE ID | GYROSCOPE | ICLOUD CLOUD SERVICE | PROXIMITY SENSOR | SIRI NATURAL LANGUAGE COMMANDS AND DICTATION | HEVC/MP4/H.264 PLAYER | MP3/WAV/AAX+/AIFF/APPLE LOSSLESS PLAYER,SPECIFICATION,Platform,IOS 13 | APPLE A13 BIONIC | HEXA-CORE | APPLE GPU,SPECIFICATION,Video,"2160P (4K) VIDEO RECORDING AT 24FPS, 30FPS OR 60FPS | 1080P (FHD) VIDEO RECORDING AT 30FPS OR 60FPS | 720P (HD) VIDEO RECORDING AT 30FPS | SLOW MOTION VIDEO SUPPORT FOR 1080P AT 120FPS OR 240FPS | AUDIO ZOOM | CINEMATIC VIDEO STABILISATION (4K, 1080P AND 720P) | CONTINUOUS AUTOFOCUS VIDEO | EXTENDED DYNAMIC RANGE FOR VIDEO UP TO 30 FPS | OIS (OPTICAL IMAGE STABILIZATION) | OPTICAL ZOOM OUT (2X) | TAKE 8MP STILL PHOTOS WHILE RECORDING 4K VIDEO | TIME‑LAPSE VIDEO WITH STABILISATION",SPECIFICATION,Box contains,LIGHTNING CABLE | EJECTION PIN,,,,,,,,,,,,,,,,,,,,,,,,
Vodafone,2025-09-05,api_url_varites,https://www.vodafone.co.uk/mobile/pay-monthly-contracts/apple/iphone-11-refurbished-pristine,205149,Apple iPhone 11 64GB (Refurbished-Pristine) Green,Apple,Y,10,6,36,30,120GB Xtra,24 Months,226.0,N,36,226,,,,,contract,120GB,,31.8,33.6,,,Green,64 GB,,,mobile,pay-monthly-contracts,apple,iphone-11-refurbished-pristine,,,,http://images.vodafone.co.uk/gbnnsauqav4t/3bMxVGTbjz85G4dsnulfdv/b21ba7a5bfd8251fd56ac27ee58b16bf/Apple_iPhone_11_green-full-product-front-600.png,http://images.vodafone.co.uk/gbnnsauqav4t/3bMxVGTbjz85G4dsnulfdv/b21ba7a5bfd8251fd56ac27ee58b16bf/Apple_iPhone_11_green-full-product-front-600.png,http://images.vodafone.co.uk/gbnnsauqav4t/KFk1CkBd9Ssaiy2It8aUy/9a42781a83b447008b8a2060b1fa0da3/Apple_iPhone_11_new_green-grid-product-front.png,,,"All-new powerful dual-camera system, Night mode, stunning video quality and all-day battery life – experience iPhone at 11.",,,,,,,,,,,SPECIFICATION,Battery,NON-REMOVABLE | FAST BATTERY CHARGING | QI WIRELESS CHARGING,SPECIFICATION,Body,"FRONT/BACK GLASS, ALUMINIUM FRAME | DUAL SIM (NANO-SIM AND ESIM) | SPLASH, WATER AND DUST RESISTANT (IP68)",SPECIFICATION,Camera details,12MP (F/1.8) + 12MP (F/2.4) | 12MP (F/2.2) | AUTO IMAGE STABILISATION | BURST MODE | LED FLASH (BRIGHTER TRUE TONE FLASH WITH SLOW SYNC) | NIGHT MODE | OIS (OPTICAL IMAGE STABILIZATION) | OPTICAL ZOOM OUT (2X) | PANORAMA | PORTRAIT MODE WITH ADVANCED BOKEH AND DEPTH CONTROL | PORTRAIT LIGHTING WITH SIX EFFECTS | SMART HDR,SPECIFICATION,Capacity,64GB,SPECIFICATION,Colour,GREEN,SPECIFICATION,Connectivity,"2G / 3G / 4G | WI-FI 802.11 A/B/G/N/AC/AX, DUAL-BAND, HOTSPOT | BLUETOOTH 5.0 | GPS WITH A-GPS, GLONASS, GALILEO AND QZSS | NFC | USB 2.0, PROPRIETARY REVERSIBLE CONNECTOR",SPECIFICATION,Display details,LCD CAPACITIVE TOUCHSCREEN | 1792 X 828 PIXELS | FINGERPRINT-RESISTANT OLEOPHOBIC COATING | HAPTIC TOUCH | HDR DISPLAY | TRUE TONE DISPLAY | WIDE COLOUR DISPLAY (P3),SPECIFICATION,Features,ACCELEROMETER | APPLE PAY | BAROMETER | DIGITAL COMPASS | FACE ID | GYROSCOPE | ICLOUD CLOUD SERVICE | PROXIMITY SENSOR | SIRI NATURAL LANGUAGE COMMANDS AND DICTATION | HEVC/MP4/H.264 PLAYER | MP3/WAV/AAX+/AIFF/APPLE LOSSLESS PLAYER | SUPPORTS 4G CALLING ABROAD * | * SUBJECT TO 4G CALLING CAPABILITY BEING AVAILABLE IN THE ROAMING DESTINATION,SPECIFICATION,Memory,64GB | 4GB RAM | DIGITAL COMPASS | FACE ID | GYROSCOPE | ICLOUD CLOUD SERVICE | PROXIMITY SENSOR | SIRI NATURAL LANGUAGE COMMANDS AND DICTATION | HEVC/MP4/H.264 PLAYER | MP3/WAV/AAX+/AIFF/APPLE LOSSLESS PLAYER,SPECIFICATION,Platform,IOS 13 | APPLE A13 BIONIC | HEXA-CORE | APPLE GPU,SPECIFICATION,Video,"2160P (4K) VIDEO RECORDING AT 24FPS, 30FPS OR 60FPS | 1080P (FHD) VIDEO RECORDING AT 30FPS OR 60FPS | 720P (HD) VIDEO RECORDING AT 30FPS | SLOW MOTION VIDEO SUPPORT FOR 1080P AT 120FPS OR 240FPS | AUDIO ZOOM | CINEMATIC VIDEO STABILISATION (4K, 1080P AND 720P) | CONTINUOUS AUTOFOCUS VIDEO | EXTENDED DYNAMIC RANGE FOR VIDEO UP TO 30 FPS | OIS (OPTICAL IMAGE STABILIZATION) | OPTICAL ZOOM OUT (2X) | TAKE 8MP STILL PHOTOS WHILE RECORDING 4K VIDEO | TIME‑LAPSE VIDEO WITH STABILISATION",SPECIFICATION,Box contains,LIGHTNING CABLE | EJECTION PIN,,,,,,,,,,,,,,,,,,,,,,,,
Vodafone,2025-09-05,api_url_varites,https://www.vodafone.co.uk/mobile/pay-monthly-contracts/apple/iphone-11-refurbished-pristine,205149,Apple iPhone 11 64GB (Refurbished-Pristine) Green,Apple,Y,10,6,36,39,Unlimited Max Xtra,24 Months,226.0,N,45,226,,,,,contract,Unlimited,,40.8,42.6,,,Green,64 GB,,,mobile,pay-monthly-contracts,apple,iphone-11-refurbished-pristine,,,,http://images.vodafone.co.uk/gbnnsauqav4t/3bMxVGTbjz85G4dsnulfdv/b21ba7a5bfd8251fd56ac27ee58b16bf/Apple_iPhone_11_green-full-product-front-600.png,http://images.vodafone.co.uk/gbnnsauqav4t/3bMxVGTbjz85G4dsnulfdv/b21ba7a5bfd8251fd56ac27ee58b16bf/Apple_iPhone_11_green-full-product-front-600.png,http://images.vodafone.co.uk/gbnnsauqav4t/KFk1CkBd9Ssaiy2It8aUy/9a42781a83b447008b8a2060b1fa0da3/Apple_iPhone_11_new_green-grid-product-front.png,,,"All-new powerful dual-camera system, Night mode, stunning video quality and all-day battery life – experience iPhone at 11.",,,,,,,,,,,SPECIFICATION,Battery,NON-REMOVABLE | FAST BATTERY CHARGING | QI WIRELESS CHARGING,SPECIFICATION,Body,"FRONT/BACK GLASS, ALUMINIUM FRAME | DUAL SIM (NANO-SIM AND ESIM) | SPLASH, WATER AND DUST RESISTANT (IP68)",SPECIFICATION,Camera details,12MP (F/1.8) + 12MP (F/2.4) | 12MP (F/2.2) | AUTO IMAGE STABILISATION | BURST MODE | LED FLASH (BRIGHTER TRUE TONE FLASH WITH SLOW SYNC) | NIGHT MODE | OIS (OPTICAL IMAGE STABILIZATION) | OPTICAL ZOOM OUT (2X) | PANORAMA | PORTRAIT MODE WITH ADVANCED BOKEH AND DEPTH CONTROL | PORTRAIT LIGHTING WITH SIX EFFECTS | SMART HDR,SPECIFICATION,Capacity,64GB,SPECIFICATION,Colour,GREEN,SPECIFICATION,Connectivity,"2G / 3G / 4G | WI-FI 802.11 A/B/G/N/AC/AX, DUAL-BAND, HOTSPOT | BLUETOOTH 5.0 | GPS WITH A-GPS, GLONASS, GALILEO AND QZSS | NFC | USB 2.0, PROPRIETARY REVERSIBLE CONNECTOR",SPECIFICATION,Display details,LCD CAPACITIVE TOUCHSCREEN | 1792 X 828 PIXELS | FINGERPRINT-RESISTANT OLEOPHOBIC COATING | HAPTIC TOUCH | HDR DISPLAY | TRUE TONE DISPLAY | WIDE COLOUR DISPLAY (P3),SPECIFICATION,Features,ACCELEROMETER | APPLE PAY | BAROMETER | DIGITAL COMPASS | FACE ID | GYROSCOPE | ICLOUD CLOUD SERVICE | PROXIMITY SENSOR | SIRI NATURAL LANGUAGE COMMANDS AND DICTATION | HEVC/MP4/H.264 PLAYER | MP3/WAV/AAX+/AIFF/APPLE LOSSLESS PLAYER | SUPPORTS 4G CALLING ABROAD * | * SUBJECT TO 4G CALLING CAPABILITY BEING AVAILABLE IN THE ROAMING DESTINATION,SPECIFICATION,Memory,64GB | 4GB RAM | DIGITAL COMPASS | FACE ID | GYROSCOPE | ICLOUD CLOUD SERVICE | PROXIMITY SENSOR | SIRI NATURAL LANGUAGE COMMANDS AND DICTATION | HEVC/MP4/H.264 PLAYER | MP3/WAV/AAX+/AIFF/APPLE LOSSLESS PLAYER,SPECIFICATION,Platform,IOS 13 | APPLE A13 BIONIC | HEXA-CORE | APPLE GPU,SPECIFICATION,Video,"2160P (4K) VIDEO RECORDING AT 24FPS, 30FPS OR 60FPS | 1080P (FHD) VIDEO RECORDING AT 30FPS OR 60FPS | 720P (HD) VIDEO RECORDING AT 30FPS | SLOW MOTION VIDEO SUPPORT FOR 1080P AT 120FPS OR 240FPS | AUDIO ZOOM | CINEMATIC VIDEO STABILISATION (4K, 1080P AND 720P) | CONTINUOUS AUTOFOCUS VIDEO | EXTENDED DYNAMIC RANGE FOR VIDEO UP TO 30 FPS | OIS (OPTICAL IMAGE STABILIZATION) | OPTICAL ZOOM OUT (2X) | TAKE 8MP STILL PHOTOS WHILE RECORDING 4K VIDEO | TIME‑LAPSE VIDEO WITH STABILISATION",SPECIFICATION,Box contains,LIGHTNING CABLE | EJECTION PIN,,,,,,,,,,,,,,,,,,,,,,,,
Vodafone,2025-09-05,api_url_varites,https://www.vodafone.co.uk/mobile/pay-monthly-contracts/apple/iphone-11-refurbished-pristine,205149,Apple iPhone 11 64GB (Refurbished-Pristine) Green,Apple,Y,10,9,24,23,5GB Xtra,24 Months,226.0,N,32,226,,,,,contract,5GB,,24.8,26.6,,,Green,64 GB,,,mobile,pay-monthly-contracts,apple,iphone-11-refurbished-pristine,,,,http://images.vodafone.co.uk/gbnnsauqav4t/3bMxVGTbjz85G4dsnulfdv/b21ba7a5bfd8251fd56ac27ee58b16bf/Apple_iPhone_11_green-full-product-front-600.png,http://images.vodafone.co.uk/gbnnsauqav4t/3bMxVGTbjz85G4dsnulfdv/b21ba7a5bfd8251fd56ac27ee58b16bf/Apple_iPhone_11_green-full-product-front-600.png,http://images.vodafone.co.uk/gbnnsauqav4t/KFk1CkBd9Ssaiy2It8aUy/9a42781a83b447008b8a2060b1fa0da3/Apple_iPhone_11_new_green-grid-product-front.png,,,"All-new powerful dual-camera system, Night mode, stunning video quality and all-day battery life – experience iPhone at 11.",,,,,,,,,,,SPECIFICATION,Battery,NON-REMOVABLE | FAST BATTERY CHARGING | QI WIRELESS CHARGING,SPECIFICATION,Body,"FRONT/BACK GLASS, ALUMINIUM FRAME | DUAL SIM (NANO-SIM AND ESIM) | SPLASH, WATER AND DUST RESISTANT (IP68)",SPECIFICATION,Camera details,12MP (F/1.8) + 12MP (F/2.4) | 12MP (F/2.2) | AUTO IMAGE STABILISATION | BURST MODE | LED FLASH (BRIGHTER TRUE TONE FLASH WITH SLOW SYNC) | NIGHT MODE | OIS (OPTICAL IMAGE STABILIZATION) | OPTICAL ZOOM OUT (2X) | PANORAMA | PORTRAIT MODE WITH ADVANCED BOKEH AND DEPTH CONTROL | PORTRAIT LIGHTING WITH SIX EFFECTS | SMART HDR,SPECIFICATION,Capacity,64GB,SPECIFICATION,Colour,GREEN,SPECIFICATION,Connectivity,"2G / 3G / 4G | WI-FI 802.11 A/B/G/N/AC/AX, DUAL-BAND, HOTSPOT | BLUETOOTH 5.0 | GPS WITH A-GPS, GLONASS, GALILEO AND QZSS | NFC | USB 2.0, PROPRIETARY REVERSIBLE CONNECTOR",SPECIFICATION,Display details,LCD CAPACITIVE TOUCHSCREEN | 1792 X 828 PIXELS | FINGERPRINT-RESISTANT OLEOPHOBIC COATING | HAPTIC TOUCH | HDR DISPLAY | TRUE TONE DISPLAY | WIDE COLOUR DISPLAY (P3),SPECIFICATION,Features,ACCELEROMETER | APPLE PAY | BAROMETER | DIGITAL COMPASS | FACE ID | GYROSCOPE | ICLOUD CLOUD SERVICE | PROXIMITY SENSOR | SIRI NATURAL LANGUAGE COMMANDS AND DICTATION | HEVC/MP4/H.264 PLAYER | MP3/WAV/AAX+/AIFF/APPLE LOSSLESS PLAYER | SUPPORTS 4G CALLING ABROAD * | * SUBJECT TO 4G CALLING CAPABILITY BEING AVAILABLE IN THE ROAMING DESTINATION,SPECIFICATION,Memory,64GB | 4GB RAM | DIGITAL COMPASS | FACE ID | GYROSCOPE | ICLOUD CLOUD SERVICE | PROXIMITY SENSOR | SIRI NATURAL LANGUAGE COMMANDS AND DICTATION | HEVC/MP4/H.264 PLAYER | MP3/WAV/AAX+/AIFF/APPLE LOSSLESS PLAYER,SPECIFICATION,Platform,IOS 13 | APPLE A13 BIONIC | HEXA-CORE | APPLE GPU,SPECIFICATION,Video,"2160P (4K) VIDEO RECORDING AT 24FPS, 30FPS OR 60FPS | 1080P (FHD) VIDEO RECORDING AT 30FPS OR 60FPS | 720P (HD) VIDEO RECORDING AT 30FPS | SLOW MOTION VIDEO SUPPORT FOR 1080P AT 120FPS OR 240FPS | AUDIO ZOOM | CINEMATIC VIDEO STABILISATION (4K, 1080P AND 720P) | CONTINUOUS AUTOFOCUS VIDEO | EXTENDED DYNAMIC RANGE FOR VIDEO UP TO 30 FPS | OIS (OPTICAL IMAGE STABILIZATION) | OPTICAL ZOOM OUT (2X) | TAKE 8MP STILL PHOTOS WHILE RECORDING 4K VIDEO | TIME‑LAPSE VIDEO WITH STABILISATION",SPECIFICATION,Box contains,LIGHTNING CABLE | EJECTION PIN,,,,,,,,,,,,,,,,,,,,,,,,
Vodafone,2025-09-05,api_url_varites,https://www.vodafone.co.uk/mobile/pay-monthly-contracts/apple/iphone-11-refurbished-pristine,205149,Apple iPhone 11 64GB (Refurbished-Pristine) Green,Apple,Y,10,9,24,30,120GB Xtra,24 Months,226.0,N,39,226,,,,,contract,120GB,,31.8,33.6,,,Green,64 GB,,,mobile,pay-monthly-contracts,apple,iphone-11-refurbished-pristine,,,,http://images.vodafone.co.uk/gbnnsauqav4t/3bMxVGTbjz85G4dsnulfdv/b21ba7a5bfd8251fd56ac27ee58b16bf/Apple_iPhone_11_green-full-product-front-600.png,http://images.vodafone.co.uk/gbnnsauqav4t/3bMxVGTbjz85G4dsnulfdv/b21ba7a5bfd8251fd56ac27ee58b16bf/Apple_iPhone_11_green-full-product-front-600.png,http://images.vodafone.co.uk/gbnnsauqav4t/KFk1CkBd9Ssaiy2It8aUy/9a42781a83b447008b8a2060b1fa0da3/Apple_iPhone_11_new_green-grid-product-front.png,,,"All-new powerful dual-camera system, Night mode, stunning video quality and all-day battery life – experience iPhone at 11.",,,,,,,,,,,SPECIFICATION,Battery,NON-REMOVABLE | FAST BATTERY CHARGING | QI WIRELESS CHARGING,SPECIFICATION,Body,"FRONT/BACK GLASS, ALUMINIUM FRAME | DUAL SIM (NANO-SIM AND ESIM) | SPLASH, WATER AND DUST RESISTANT (IP68)",SPECIFICATION,Camera details,12MP (F/1.8) + 12MP (F/2.4) | 12MP (F/2.2) | AUTO IMAGE STABILISATION | BURST MODE | LED FLASH (BRIGHTER TRUE TONE FLASH WITH SLOW SYNC) | NIGHT MODE | OIS (OPTICAL IMAGE STABILIZATION) | OPTICAL ZOOM OUT (2X) | PANORAMA | PORTRAIT MODE WITH ADVANCED BOKEH AND DEPTH CONTROL | PORTRAIT LIGHTING WITH SIX EFFECTS | SMART HDR,SPECIFICATION,Capacity,64GB,SPECIFICATION,Colour,GREEN,SPECIFICATION,Connectivity,"2G / 3G / 4G | WI-FI 802.11 A/B/G/N/AC/AX, DUAL-BAND, HOTSPOT | BLUETOOTH 5.0 | GPS WITH A-GPS, GLONASS, GALILEO AND QZSS | NFC | USB 2.0, PROPRIETARY REVERSIBLE CONNECTOR",SPECIFICATION,Display details,LCD CAPACITIVE TOUCHSCREEN | 1792 X 828 PIXELS | FINGERPRINT-RESISTANT OLEOPHOBIC COATING | HAPTIC TOUCH | HDR DISPLAY | TRUE TONE DISPLAY | WIDE COLOUR DISPLAY (P3),SPECIFICATION,Features,ACCELEROMETER | APPLE PAY | BAROMETER | DIGITAL COMPASS | FACE ID | GYROSCOPE | ICLOUD CLOUD SERVICE | PROXIMITY SENSOR | SIRI NATURAL LANGUAGE COMMANDS AND DICTATION | HEVC/MP4/H.264 PLAYER | MP3/WAV/AAX+/AIFF/APPLE LOSSLESS PLAYER | SUPPORTS 4G CALLING ABROAD * | * SUBJECT TO 4G CALLING CAPABILITY BEING AVAILABLE IN THE ROAMING DESTINATION,SPECIFICATION,Memory,64GB | 4GB RAM | DIGITAL COMPASS | FACE ID | GYROSCOPE | ICLOUD CLOUD SERVICE | PROXIMITY SENSOR | SIRI NATURAL LANGUAGE COMMANDS AND DICTATION | HEVC/MP4/H.264 PLAYER | MP3/WAV/AAX+/AIFF/APPLE LOSSLESS PLAYER,SPECIFICATION,Platform,IOS 13 | APPLE A13 BIONIC | HEXA-CORE | APPLE GPU,SPECIFICATION,Video,"2160P (4K) VIDEO RECORDING AT 24FPS, 30FPS OR 60FPS | 1080P (FHD) VIDEO RECORDING AT 30FPS OR 60FPS | 720P (HD) VIDEO RECORDING AT 30FPS | SLOW MOTION VIDEO SUPPORT FOR 1080P AT 120FPS OR 240FPS | AUDIO ZOOM | CINEMATIC VIDEO STABILISATION (4K, 1080P AND 720P) | CONTINUOUS AUTOFOCUS VIDEO | EXTENDED DYNAMIC RANGE FOR VIDEO UP TO 30 FPS | OIS (OPTICAL IMAGE STABILIZATION) | OPTICAL ZOOM OUT (2X) | TAKE 8MP STILL PHOTOS WHILE RECORDING 4K VIDEO | TIME‑LAPSE VIDEO WITH STABILISATION",SPECIFICATION,Box contains,LIGHTNING CABLE | EJECTION PIN,,,,,,,,,,,,,,,,,,,,,,,,
Vodafone,2025-09-05,api_url_varites,https://www.vodafone.co.uk/mobile/pay-monthly-contracts/apple/iphone-11-refurbished-pristine,205149,Apple iPhone 11 64GB (Refurbished-Pristine) Green,Apple,Y,10,9,24,39,Unlimited Max Xtra,24 Months,226.0,N,48,226,,,,,contract,Unlimited,,40.8,42.6,,,Green,64 GB,,,mobile,pay-monthly-contracts,apple,iphone-11-refurbished-pristine,,,,http://images.vodafone.co.uk/gbnnsauqav4t/3bMxVGTbjz85G4dsnulfdv/b21ba7a5bfd8251fd56ac27ee58b16bf/Apple_iPhone_11_green-full-product-front-600.png,http://images.vodafone.co.uk/gbnnsauqav4t/3bMxVGTbjz85G4dsnulfdv/b21ba7a5bfd8251fd56ac27ee58b16bf/Apple_iPhone_11_green-full-product-front-600.png,http://images.vodafone.co.uk/gbnnsauqav4t/KFk1CkBd9Ssaiy2It8aUy/9a42781a83b447008b8a2060b1fa0da3/Apple_iPhone_11_new_green-grid-product-front.png,,,"All-new powerful dual-camera system, Night mode, stunning video quality and all-day battery life – experience iPhone at 11.",,,,,,,,,,,SPECIFICATION,Battery,NON-REMOVABLE | FAST BATTERY CHARGING | QI WIRELESS CHARGING,SPECIFICATION,Body,"FRONT/BACK GLASS, ALUMINIUM FRAME | DUAL SIM (NANO-SIM AND ESIM) | SPLASH, WATER AND DUST RESISTANT (IP68)",SPECIFICATION,Camera details,12MP (F/1.8) + 12MP (F/2.4) | 12MP (F/2.2) | AUTO IMAGE STABILISATION | BURST MODE | LED FLASH (BRIGHTER TRUE TONE FLASH WITH SLOW SYNC) | NIGHT MODE | OIS (OPTICAL IMAGE STABILIZATION) | OPTICAL ZOOM OUT (2X) | PANORAMA | PORTRAIT MODE WITH ADVANCED BOKEH AND DEPTH CONTROL | PORTRAIT LIGHTING WITH SIX EFFECTS | SMART HDR,SPECIFICATION,Capacity,64GB,SPECIFICATION,Colour,GREEN,SPECIFICATION,Connectivity,"2G / 3G / 4G | WI-FI 802.11 A/B/G/N/AC/AX, DUAL-BAND, HOTSPOT | BLUETOOTH 5.0 | GPS WITH A-GPS, GLONASS, GALILEO AND QZSS | NFC | USB 2.0, PROPRIETARY REVERSIBLE CONNECTOR",SPECIFICATION,Display details,LCD CAPACITIVE TOUCHSCREEN | 1792 X 828 PIXELS | FINGERPRINT-RESISTANT OLEOPHOBIC COATING | HAPTIC TOUCH | HDR DISPLAY | TRUE TONE DISPLAY | WIDE COLOUR DISPLAY (P3),SPECIFICATION,Features,ACCELEROMETER | APPLE PAY | BAROMETER | DIGITAL COMPASS | FACE ID | GYROSCOPE | ICLOUD CLOUD SERVICE | PROXIMITY SENSOR | SIRI NATURAL LANGUAGE COMMANDS AND DICTATION | HEVC/MP4/H.264 PLAYER | MP3/WAV/AAX+/AIFF/APPLE LOSSLESS PLAYER | SUPPORTS 4G CALLING ABROAD * | * SUBJECT TO 4G CALLING CAPABILITY BEING AVAILABLE IN THE ROAMING DESTINATION,SPECIFICATION,Memory,64GB | 4GB RAM | DIGITAL COMPASS | FACE ID | GYROSCOPE | ICLOUD CLOUD SERVICE | PROXIMITY SENSOR | SIRI NATURAL LANGUAGE COMMANDS AND DICTATION | HEVC/MP4/H.264 PLAYER | MP3/WAV/AAX+/AIFF/APPLE LOSSLESS PLAYER,SPECIFICATION,Platform,IOS 13 | APPLE A13 BIONIC | HEXA-CORE | APPLE GPU,SPECIFICATION,Video,"2160P (4K) VIDEO RECORDING AT 24FPS, 30FPS OR 60FPS | 1080P (FHD) VIDEO RECORDING AT 30FPS OR 60FPS | 720P (HD) VIDEO RECORDING AT 30FPS | SLOW MOTION VIDEO SUPPORT FOR 1080P AT 120FPS OR 240FPS | AUDIO ZOOM | CINEMATIC VIDEO STABILISATION (4K, 1080P AND 720P) | CONTINUOUS AUTOFOCUS VIDEO | EXTENDED DYNAMIC RANGE FOR VIDEO UP TO 30 FPS | OIS (OPTICAL IMAGE STABILIZATION) | OPTICAL ZOOM OUT (2X) | TAKE 8MP STILL PHOTOS WHILE RECORDING 4K VIDEO | TIME‑LAPSE VIDEO WITH STABILISATION",SPECIFICATION,Box contains,LIGHTNING CABLE | EJECTION PIN,,,,,,,,,,,,,,,,,,,,,,,,
Vodafone,2025-09-05,api_url_varites,https://www.vodafone.co.uk/mobile/pay-monthly-contracts/apple/iphone-11-refurbished-pristine,205171,Apple iPhone 11 64GB (Refurbished-Pristine) Purple,Apple,Y,10,6,36,23,5GB Xtra,24 Months,226.0,N,29,226,,,,,contract,5GB,,24.8,26.6,,,Purple,64 GB,,,mobile,pay-monthly-contracts,apple,iphone-11-refurbished-pristine,,,,http://images.vodafone.co.uk/gbnnsauqav4t/wXp1IyYOfNoDabxMY9daI/25531ee51757e2d3a9c1c6310871f478/Apple_iPhone_11_purple-full-product-front-600.png,http://images.vodafone.co.uk/gbnnsauqav4t/wXp1IyYOfNoDabxMY9daI/25531ee51757e2d3a9c1c6310871f478/Apple_iPhone_11_purple-full-product-front-600.png,http://images.vodafone.co.uk/gbnnsauqav4t/kFUjUUkwNoD6kBeQEPh7F/6e225b233711a96c36be9330de923ef8/Apple_iPhone_11_new_purple-grid-product-front.png,,,"All-new powerful dual-camera system, Night mode, stunning video quality and all-day battery life – experience iPhone at 11.",,,,,,,,,,,SPECIFICATION,Battery,NON-REMOVABLE | FAST BATTERY CHARGING | QI WIRELESS CHARGING,SPECIFICATION,Body,"FRONT/BACK GLASS, ALUMINIUM FRAME | DUAL SIM (NANO-SIM AND ESIM) | SPLASH, WATER AND DUST RESISTANT (IP68)",SPECIFICATION,Camera details,12MP (F/1.8) + 12MP (F/2.4) | 12MP (F/2.2) | AUTO IMAGE STABILISATION | BURST MODE | LED FLASH (BRIGHTER TRUE TONE FLASH WITH SLOW SYNC) | NIGHT MODE | OIS (OPTICAL IMAGE STABILIZATION) | OPTICAL ZOOM OUT (2X) | PANORAMA | PORTRAIT MODE WITH ADVANCED BOKEH AND DEPTH CONTROL | PORTRAIT LIGHTING WITH SIX EFFECTS | SMART HDR,SPECIFICATION,Capacity,64GB,SPECIFICATION,Colour,PURPLE,SPECIFICATION,Connectivity,"2G / 3G / 4G | WI-FI 802.11 A/B/G/N/AC/AX, DUAL-BAND, HOTSPOT | BLUETOOTH 5.0 | GPS WITH A-GPS, GLONASS, GALILEO AND QZSS | NFC | USB 2.0, PROPRIETARY REVERSIBLE CONNECTOR",SPECIFICATION,Display details,LCD CAPACITIVE TOUCHSCREEN | 1792 X 828 PIXELS | FINGERPRINT-RESISTANT OLEOPHOBIC COATING | HAPTIC TOUCH | HDR DISPLAY | TRUE TONE DISPLAY | WIDE COLOUR DISPLAY (P3),SPECIFICATION,Features,ACCELEROMETER | APPLE PAY | BAROMETER | DIGITAL COMPASS | FACE ID | GYROSCOPE | ICLOUD CLOUD SERVICE | PROXIMITY SENSOR | SIRI NATURAL LANGUAGE COMMANDS AND DICTATION | HEVC/MP4/H.264 PLAYER | MP3/WAV/AAX+/AIFF/APPLE LOSSLESS PLAYER | SUPPORTS 4G CALLING ABROAD * | * SUBJECT TO 4G CALLING CAPABILITY BEING AVAILABLE IN THE ROAMING DESTINATION,SPECIFICATION,Memory,64GB | 4GB RAM | DIGITAL COMPASS | FACE ID | GYROSCOPE | ICLOUD CLOUD SERVICE | PROXIMITY SENSOR | SIRI NATURAL LANGUAGE COMMANDS AND DICTATION | HEVC/MP4/H.264 PLAYER | MP3/WAV/AAX+/AIFF/APPLE LOSSLESS PLAYER,SPECIFICATION,Platform,IOS 13 | APPLE A13 BIONIC | HEXA-CORE | APPLE GPU,SPECIFICATION,Video,"2160P (4K) VIDEO RECORDING AT 24FPS, 30FPS OR 60FPS | 1080P (FHD) VIDEO RECORDING AT 30FPS OR 60FPS | 720P (HD) VIDEO RECORDING AT 30FPS | SLOW MOTION VIDEO SUPPORT FOR 1080P AT 120FPS OR 240FPS | AUDIO ZOOM | CINEMATIC VIDEO STABILISATION (4K, 1080P AND 720P) | CONTINUOUS AUTOFOCUS VIDEO | EXTENDED DYNAMIC RANGE FOR VIDEO UP TO 30 FPS | OIS (OPTICAL IMAGE STABILIZATION) | OPTICAL ZOOM OUT (2X) | TAKE 8MP STILL PHOTOS WHILE RECORDING 4K VIDEO | TIME‑LAPSE VIDEO WITH STABILISATION",SPECIFICATION,Box contains,LIGHTNING CABLE | EJECTION PIN,,,,,,,,,,,,,,,,,,,,,,,,
Vodafone,2025-09-05,api_url_varites,https://www.vodafone.co.uk/mobile/pay-monthly-contracts/apple/iphone-11-refurbished-pristine,205171,Apple iPhone 11 64GB (Refurbished-Pristine) Purple,Apple,Y,10,6,36,30,120GB Xtra,24 Months,226.0,N,36,226,,,,,contract,120GB,,31.8,33.6,,,Purple,64 GB,,,mobile,pay-monthly-contracts,apple,iphone-11-refurbished-pristine,,,,http://images.vodafone.co.uk/gbnnsauqav4t/wXp1IyYOfNoDabxMY9daI/25531ee51757e2d3a9c1c6310871f478/Apple_iPhone_11_purple-full-product-front-600.png,http://images.vodafone.co.uk/gbnnsauqav4t/wXp1IyYOfNoDabxMY9daI/25531ee51757e2d3a9c1c6310871f478/Apple_iPhone_11_purple-full-product-front-600.png,http://images.vodafone.co.uk/gbnnsauqav4t/kFUjUUkwNoD6kBeQEPh7F/6e225b233711a96c36be9330de923ef8/Apple_iPhone_11_new_purple-grid-product-front.png,,,"All-new powerful dual-camera system, Night mode, stunning video quality and all-day battery life – experience iPhone at 11.",,,,,,,,,,,SPECIFICATION,Battery,NON-REMOVABLE | FAST BATTERY CHARGING | QI WIRELESS CHARGING,SPECIFICATION,Body,"FRONT/BACK GLASS, ALUMINIUM FRAME | DUAL SIM (NANO-SIM AND ESIM) | SPLASH, WATER AND DUST RESISTANT (IP68)",SPECIFICATION,Camera details,12MP (F/1.8) + 12MP (F/2.4) | 12MP (F/2.2) | AUTO IMAGE STABILISATION | BURST MODE | LED FLASH (BRIGHTER TRUE TONE FLASH WITH SLOW SYNC) | NIGHT MODE | OIS (OPTICAL IMAGE STABILIZATION) | OPTICAL ZOOM OUT (2X) | PANORAMA | PORTRAIT MODE WITH ADVANCED BOKEH AND DEPTH CONTROL | PORTRAIT LIGHTING WITH SIX EFFECTS | SMART HDR,SPECIFICATION,Capacity,64GB,SPECIFICATION,Colour,PURPLE,SPECIFICATION,Connectivity,"2G / 3G / 4G | WI-FI 802.11 A/B/G/N/AC/AX, DUAL-BAND, HOTSPOT | BLUETOOTH 5.0 | GPS WITH A-GPS, GLONASS, GALILEO AND QZSS | NFC | USB 2.0, PROPRIETARY REVERSIBLE CONNECTOR",SPECIFICATION,Display details,LCD CAPACITIVE TOUCHSCREEN | 1792 X 828 PIXELS | FINGERPRINT-RESISTANT OLEOPHOBIC COATING | HAPTIC TOUCH | HDR DISPLAY | TRUE TONE DISPLAY | WIDE COLOUR DISPLAY (P3),SPECIFICATION,Features,ACCELEROMETER | APPLE PAY | BAROMETER | DIGITAL COMPASS | FACE ID | GYROSCOPE | ICLOUD CLOUD SERVICE | PROXIMITY SENSOR | SIRI NATURAL LANGUAGE COMMANDS AND DICTATION | HEVC/MP4/H.264 PLAYER | MP3/WAV/AAX+/AIFF/APPLE LOSSLESS PLAYER | SUPPORTS 4G CALLING ABROAD * | * SUBJECT TO 4G CALLING CAPABILITY BEING AVAILABLE IN THE ROAMING DESTINATION,SPECIFICATION,Memory,64GB | 4GB RAM | DIGITAL COMPASS | FACE ID | GYROSCOPE | ICLOUD CLOUD SERVICE | PROXIMITY SENSOR | SIRI NATURAL LANGUAGE COMMANDS AND DICTATION | HEVC/MP4/H.264 PLAYER | MP3/WAV/AAX+/AIFF/APPLE LOSSLESS PLAYER,SPECIFICATION,Platform,IOS 13 | APPLE A13 BIONIC | HEXA-CORE | APPLE GPU,SPECIFICATION,Video,"2160P (4K) VIDEO RECORDING AT 24FPS, 30FPS OR 60FPS | 1080P (FHD) VIDEO RECORDING AT 30FPS OR 60FPS | 720P (HD) VIDEO RECORDING AT 30FPS | SLOW MOTION VIDEO SUPPORT FOR 1080P AT 120FPS OR 240FPS | AUDIO ZOOM | CINEMATIC VIDEO STABILISATION (4K, 1080P AND 720P) | CONTINUOUS AUTOFOCUS VIDEO | EXTENDED DYNAMIC RANGE FOR VIDEO UP TO 30 FPS | OIS (OPTICAL IMAGE STABILIZATION) | OPTICAL ZOOM OUT (2X) | TAKE 8MP STILL PHOTOS WHILE RECORDING 4K VIDEO | TIME‑LAPSE VIDEO WITH STABILISATION",SPECIFICATION,Box contains,LIGHTNING CABLE | EJECTION PIN,,,,,,,,,,,,,,,,,,,,,,,,
Vodafone,2025-09-05,api_url_varites,https://www.vodafone.co.uk/mobile/pay-monthly-contracts/apple/iphone-11-refurbished-pristine,205171,Apple iPhone 11 64GB (Refurbished-Pristine) Purple,Apple,Y,10,6,36,39,Unlimited Max Xtra,24 Months,226.0,N,45,226,,,,,contract,Unlimited,,40.8,42.6,,,Purple,64 GB,,,mobile,pay-monthly-contracts,apple,iphone-11-refurbished-pristine,,,,http://images.vodafone.co.uk/gbnnsauqav4t/wXp1IyYOfNoDabxMY9daI/25531ee51757e2d3a9c1c6310871f478/Apple_iPhone_11_purple-full-product-front-600.png,http://images.vodafone.co.uk/gbnnsauqav4t/wXp1IyYOfNoDabxMY9daI/25531ee51757e2d3a9c1c6310871f478/Apple_iPhone_11_purple-full-product-front-600.png,http://images.vodafone.co.uk/gbnnsauqav4t/kFUjUUkwNoD6kBeQEPh7F/6e225b233711a96c36be9330de923ef8/Apple_iPhone_11_new_purple-grid-product-front.png,,,"All-new powerful dual-camera system, Night mode, stunning video quality and all-day battery life – experience iPhone at 11.",,,,,,,,,,,SPECIFICATION,Battery,NON-REMOVABLE | FAST BATTERY CHARGING | QI WIRELESS CHARGING,SPECIFICATION,Body,"FRONT/BACK GLASS, ALUMINIUM FRAME | DUAL SIM (NANO-SIM AND ESIM) | SPLASH, WATER AND DUST RESISTANT (IP68)",SPECIFICATION,Camera details,12MP (F/1.8) + 12MP (F/2.4) | 12MP (F/2.2) | AUTO IMAGE STABILISATION | BURST MODE | LED FLASH (BRIGHTER TRUE TONE FLASH WITH SLOW SYNC) | NIGHT MODE | OIS (OPTICAL IMAGE STABILIZATION) | OPTICAL ZOOM OUT (2X) | PANORAMA | PORTRAIT MODE WITH ADVANCED BOKEH AND DEPTH CONTROL | PORTRAIT LIGHTING WITH SIX EFFECTS | SMART HDR,SPECIFICATION,Capacity,64GB,SPECIFICATION,Colour,PURPLE,SPECIFICATION,Connectivity,"2G / 3G / 4G | WI-FI 802.11 A/B/G/N/AC/AX, DUAL-BAND, HOTSPOT | BLUETOOTH 5.0 | GPS WITH A-GPS, GLONASS, GALILEO AND QZSS | NFC | USB 2.0, PROPRIETARY REVERSIBLE CONNECTOR",SPECIFICATION,Display details,LCD CAPACITIVE TOUCHSCREEN | 1792 X 828 PIXELS | FINGERPRINT-RESISTANT OLEOPHOBIC COATING | HAPTIC TOUCH | HDR DISPLAY | TRUE TONE DISPLAY | WIDE COLOUR DISPLAY (P3),SPECIFICATION,Features,ACCELEROMETER | APPLE PAY | BAROMETER | DIGITAL COMPASS | FACE ID | GYROSCOPE | ICLOUD CLOUD SERVICE | PROXIMITY SENSOR | SIRI NATURAL LANGUAGE COMMANDS AND DICTATION | HEVC/MP4/H.264 PLAYER | MP3/WAV/AAX+/AIFF/APPLE LOSSLESS PLAYER | SUPPORTS 4G CALLING ABROAD * | * SUBJECT TO 4G CALLING CAPABILITY BEING AVAILABLE IN THE ROAMING DESTINATION,SPECIFICATION,Memory,64GB | 4GB RAM | DIGITAL COMPASS | FACE ID | GYROSCOPE | ICLOUD CLOUD SERVICE | PROXIMITY SENSOR | SIRI NATURAL LANGUAGE COMMANDS AND DICTATION | HEVC/MP4/H.264 PLAYER | MP3/WAV/AAX+/AIFF/APPLE LOSSLESS PLAYER,SPECIFICATION,Platform,IOS 13 | APPLE A13 BIONIC | HEXA-CORE | APPLE GPU,SPECIFICATION,Video,"2160P (4K) VIDEO RECORDING AT 24FPS, 30FPS OR 60FPS | 1080P (FHD) VIDEO RECORDING AT 30FPS OR 60FPS | 720P (HD) VIDEO RECORDING AT 30FPS | SLOW MOTION VIDEO SUPPORT FOR 1080P AT 120FPS OR 240FPS | AUDIO ZOOM | CINEMATIC VIDEO STABILISATION (4K, 1080P AND 720P) | CONTINUOUS AUTOFOCUS VIDEO | EXTENDED DYNAMIC RANGE FOR VIDEO UP TO 30 FPS | OIS (OPTICAL IMAGE STABILIZATION) | OPTICAL ZOOM OUT (2X) | TAKE 8MP STILL PHOTOS WHILE RECORDING 4K VIDEO | TIME‑LAPSE VIDEO WITH STABILISATION",SPECIFICATION,Box contains,LIGHTNING CABLE | EJECTION PIN,,,,,,,,,,,,,,,,,,,,,,,,
Vodafone,2025-09-05,api_url_varites,https://www.vodafone.co.uk/mobile/pay-monthly-contracts/apple/iphone-11-refurbished-pristine,205171,Apple iPhone 11 64GB (Refurbished-Pristine) Purple,Apple,Y,10,9,24,23,5GB Xtra,24 Months,226.0,N,32,226,,,,,contract,5GB,,24.8,26.6,,,Purple,64 GB,,,mobile,pay-monthly-contracts,apple,iphone-11-refurbished-pristine,,,,http://images.vodafone.co.uk/gbnnsauqav4t/wXp1IyYOfNoDabxMY9daI/25531ee51757e2d3a9c1c6310871f478/Apple_iPhone_11_purple-full-product-front-600.png,http://images.vodafone.co.uk/gbnnsauqav4t/wXp1IyYOfNoDabxMY9daI/25531ee51757e2d3a9c1c6310871f478/Apple_iPhone_11_purple-full-product-front-600.png,http://images.vodafone.co.uk/gbnnsauqav4t/kFUjUUkwNoD6kBeQEPh7F/6e225b233711a96c36be9330de923ef8/Apple_iPhone_11_new_purple-grid-product-front.png,,,"All-new powerful dual-camera system, Night mode, stunning video quality and all-day battery life – experience iPhone at 11.",,,,,,,,,,,SPECIFICATION,Battery,NON-REMOVABLE | FAST BATTERY CHARGING | QI WIRELESS CHARGING,SPECIFICATION,Body,"FRONT/BACK GLASS, ALUMINIUM FRAME | DUAL SIM (NANO-SIM AND ESIM) | SPLASH, WATER AND DUST RESISTANT (IP68)",SPECIFICATION,Camera details,12MP (F/1.8) + 12MP (F/2.4) | 12MP (F/2.2) | AUTO IMAGE STABILISATION | BURST MODE | LED FLASH (BRIGHTER TRUE TONE FLASH WITH SLOW SYNC) | NIGHT MODE | OIS (OPTICAL IMAGE STABILIZATION) | OPTICAL ZOOM OUT (2X) | PANORAMA | PORTRAIT MODE WITH ADVANCED BOKEH AND DEPTH CONTROL | PORTRAIT LIGHTING WITH SIX EFFECTS | SMART HDR,SPECIFICATION,Capacity,64GB,SPECIFICATION,Colour,PURPLE,SPECIFICATION,Connectivity,"2G / 3G / 4G | WI-FI 802.11 A/B/G/N/AC/AX, DUAL-BAND, HOTSPOT | BLUETOOTH 5.0 | GPS WITH A-GPS, GLONASS, GALILEO AND QZSS | NFC | USB 2.0, PROPRIETARY REVERSIBLE CONNECTOR",SPECIFICATION,Display details,LCD CAPACITIVE TOUCHSCREEN | 1792 X 828 PIXELS | FINGERPRINT-RESISTANT OLEOPHOBIC COATING | HAPTIC TOUCH | HDR DISPLAY | TRUE TONE DISPLAY | WIDE COLOUR DISPLAY (P3),SPECIFICATION,Features,ACCELEROMETER | APPLE PAY | BAROMETER | DIGITAL COMPASS | FACE ID | GYROSCOPE | ICLOUD CLOUD SERVICE | PROXIMITY SENSOR | SIRI NATURAL LANGUAGE COMMANDS AND DICTATION | HEVC/MP4/H.264 PLAYER | MP3/WAV/AAX+/AIFF/APPLE LOSSLESS PLAYER | SUPPORTS 4G CALLING ABROAD * | * SUBJECT TO 4G CALLING CAPABILITY BEING AVAILABLE IN THE ROAMING DESTINATION,SPECIFICATION,Memory,64GB | 4GB RAM | DIGITAL COMPASS | FACE ID | GYROSCOPE | ICLOUD CLOUD SERVICE | PROXIMITY SENSOR | SIRI NATURAL LANGUAGE COMMANDS AND DICTATION | HEVC/MP4/H.264 PLAYER | MP3/WAV/AAX+/AIFF/APPLE LOSSLESS PLAYER,SPECIFICATION,Platform,IOS 13 | APPLE A13 BIONIC | HEXA-CORE | APPLE GPU,SPECIFICATION,Video,"2160P (4K) VIDEO RECORDING AT 24FPS, 30FPS OR 60FPS | 1080P (FHD) VIDEO RECORDING AT 30FPS OR 60FPS | 720P (HD) VIDEO RECORDING AT 30FPS | SLOW MOTION VIDEO SUPPORT FOR 1080P AT 120FPS OR 240FPS | AUDIO ZOOM | CINEMATIC VIDEO STABILISATION (4K, 1080P AND 720P) | CONTINUOUS AUTOFOCUS VIDEO | EXTENDED DYNAMIC RANGE FOR VIDEO UP TO 30 FPS | OIS (OPTICAL IMAGE STABILIZATION) | OPTICAL ZOOM OUT (2X) | TAKE 8MP STILL PHOTOS WHILE RECORDING 4K VIDEO | TIME‑LAPSE VIDEO WITH STABILISATION",SPECIFICATION,Box contains,LIGHTNING CABLE | EJECTION PIN,,,,,,,,,,,,,,,,,,,,,,,,
Vodafone,2025-09-05,api_url_varites,https://www.vodafone.co.uk/mobile/pay-monthly-contracts/apple/iphone-11-refurbished-pristine,205171,Apple iPhone 11 64GB (Refurbished-Pristine) Purple,Apple,Y,10,9,24,30,120GB Xtra,24 Months,226.0,N,39,226,,,,,contract,120GB,,31.8,33.6,,,Purple,64 GB,,,mobile,pay-monthly-contracts,apple,iphone-11-refurbished-pristine,,,,http://images.vodafone.co.uk/gbnnsauqav4t/wXp1IyYOfNoDabxMY9daI/25531ee51757e2d3a9c1c6310871f478/Apple_iPhone_11_purple-full-product-front-600.png,http://images.vodafone.co.uk/gbnnsauqav4t/wXp1IyYOfNoDabxMY9daI/25531ee51757e2d3a9c1c6310871f478/Apple_iPhone_11_purple-full-product-front-600.png,http://images.vodafone.co.uk/gbnnsauqav4t/kFUjUUkwNoD6kBeQEPh7F/6e225b233711a96c36be9330de923ef8/Apple_iPhone_11_new_purple-grid-product-front.png,,,"All-new powerful dual-camera system, Night mode, stunning video quality and all-day battery life – experience iPhone at 11.",,,,,,,,,,,SPECIFICATION,Battery,NON-REMOVABLE | FAST BATTERY CHARGING | QI WIRELESS CHARGING,SPECIFICATION,Body,"FRONT/BACK GLASS, ALUMINIUM FRAME | DUAL SIM (NANO-SIM AND ESIM) | SPLASH, WATER AND DUST RESISTANT (IP68)",SPECIFICATION,Camera details,12MP (F/1.8) + 12MP (F/2.4) | 12MP (F/2.2) | AUTO IMAGE STABILISATION | BURST MODE | LED FLASH (BRIGHTER TRUE TONE FLASH WITH SLOW SYNC) | NIGHT MODE | OIS (OPTICAL IMAGE STABILIZATION) | OPTICAL ZOOM OUT (2X) | PANORAMA | PORTRAIT MODE WITH ADVANCED BOKEH AND DEPTH CONTROL | PORTRAIT LIGHTING WITH SIX EFFECTS | SMART HDR,SPECIFICATION,Capacity,64GB,SPECIFICATION,Colour,PURPLE,SPECIFICATION,Connectivity,"2G / 3G / 4G | WI-FI 802.11 A/B/G/N/AC/AX, DUAL-BAND, HOTSPOT | BLUETOOTH 5.0 | GPS WITH A-GPS, GLONASS, GALILEO AND QZSS | NFC | USB 2.0, PROPRIETARY REVERSIBLE CONNECTOR",SPECIFICATION,Display details,LCD CAPACITIVE TOUCHSCREEN | 1792 X 828 PIXELS | FINGERPRINT-RESISTANT OLEOPHOBIC COATING | HAPTIC TOUCH | HDR DISPLAY | TRUE TONE DISPLAY | WIDE COLOUR DISPLAY (P3),SPECIFICATION,Features,ACCELEROMETER | APPLE PAY | BAROMETER | DIGITAL COMPASS | FACE ID | GYROSCOPE | ICLOUD CLOUD SERVICE | PROXIMITY SENSOR | SIRI NATURAL LANGUAGE COMMANDS AND DICTATION | HEVC/MP4/H.264 PLAYER | MP3/WAV/AAX+/AIFF/APPLE LOSSLESS PLAYER | SUPPORTS 4G CALLING ABROAD * | * SUBJECT TO 4G CALLING CAPABILITY BEING AVAILABLE IN THE ROAMING DESTINATION,SPECIFICATION,Memory,64GB | 4GB RAM | DIGITAL COMPASS | FACE ID | GYROSCOPE | ICLOUD CLOUD SERVICE | PROXIMITY SENSOR | SIRI NATURAL LANGUAGE COMMANDS AND DICTATION | HEVC/MP4/H.264 PLAYER | MP3/WAV/AAX+/AIFF/APPLE LOSSLESS PLAYER,SPECIFICATION,Platform,IOS 13 | APPLE A13 BIONIC | HEXA-CORE | APPLE GPU,SPECIFICATION,Video,"2160P (4K) VIDEO RECORDING AT 24FPS, 30FPS OR 60FPS | 1080P (FHD) VIDEO RECORDING AT 30FPS OR 60FPS | 720P (HD) VIDEO RECORDING AT 30FPS | SLOW MOTION VIDEO SUPPORT FOR 1080P AT 120FPS OR 240FPS | AUDIO ZOOM | CINEMATIC VIDEO STABILISATION (4K, 1080P AND 720P) | CONTINUOUS AUTOFOCUS VIDEO | EXTENDED DYNAMIC RANGE FOR VIDEO UP TO 30 FPS | OIS (OPTICAL IMAGE STABILIZATION) | OPTICAL ZOOM OUT (2X) | TAKE 8MP STILL PHOTOS WHILE RECORDING 4K VIDEO | TIME‑LAPSE VIDEO WITH STABILISATION",SPECIFICATION,Box contains,LIGHTNING CABLE | EJECTION PIN,,,,,,,,,,,,,,,,,,,,,,,,
Vodafone,2025-09-05,api_url_varites,https://www.vodafone.co.uk/mobile/pay-monthly-contracts/apple/iphone-11-refurbished-pristine,205171,Apple iPhone 11 64GB (Refurbished-Pristine) Purple,Apple,Y,10,9,24,39,Unlimited Max Xtra,24 Months,226.0,N,48,226,,,,,contract,Unlimited,,40.8,42.6,,,Purple,64 GB,,,mobile,pay-monthly-contracts,apple,iphone-11-refurbished-pristine,,,,http://images.vodafone.co.uk/gbnnsauqav4t/wXp1IyYOfNoDabxMY9daI/25531ee51757e2d3a9c1c6310871f478/Apple_iPhone_11_purple-full-product-front-600.png,http://images.vodafone.co.uk/gbnnsauqav4t/wXp1IyYOfNoDabxMY9daI/25531ee51757e2d3a9c1c6310871f478/Apple_iPhone_11_purple-full-product-front-600.png,http://images.vodafone.co.uk/gbnnsauqav4t/kFUjUUkwNoD6kBeQEPh7F/6e225b233711a96c36be9330de923ef8/Apple_iPhone_11_new_purple-grid-product-front.png,,,"All-new powerful dual-camera system, Night mode, stunning video quality and all-day battery life – experience iPhone at 11.",,,,,,,,,,,SPECIFICATION,Battery,NON-REMOVABLE | FAST BATTERY CHARGING | QI WIRELESS CHARGING,SPECIFICATION,Body,"FRONT/BACK GLASS, ALUMINIUM FRAME | DUAL SIM (NANO-SIM AND ESIM) | SPLASH, WATER AND DUST RESISTANT (IP68)",SPECIFICATION,Camera details,12MP (F/1.8) + 12MP (F/2.4) | 12MP (F/2.2) | AUTO IMAGE STABILISATION | BURST MODE | LED FLASH (BRIGHTER TRUE TONE FLASH WITH SLOW SYNC) | NIGHT MODE | OIS (OPTICAL IMAGE STABILIZATION) | OPTICAL ZOOM OUT (2X) | PANORAMA | PORTRAIT MODE WITH ADVANCED BOKEH AND DEPTH CONTROL | PORTRAIT LIGHTING WITH SIX EFFECTS | SMART HDR,SPECIFICATION,Capacity,64GB,SPECIFICATION,Colour,PURPLE,SPECIFICATION,Connectivity,"2G / 3G / 4G | WI-FI 802.11 A/B/G/N/AC/AX, DUAL-BAND, HOTSPOT | BLUETOOTH 5.0 | GPS WITH A-GPS, GLONASS, GALILEO AND QZSS | NFC | USB 2.0, PROPRIETARY REVERSIBLE CONNECTOR",SPECIFICATION,Display details,LCD CAPACITIVE TOUCHSCREEN | 1792 X 828 PIXELS | FINGERPRINT-RESISTANT OLEOPHOBIC COATING | HAPTIC TOUCH | HDR DISPLAY | TRUE TONE DISPLAY | WIDE COLOUR DISPLAY (P3),SPECIFICATION,Features,ACCELEROMETER | APPLE PAY | BAROMETER | DIGITAL COMPASS | FACE ID | GYROSCOPE | ICLOUD CLOUD SERVICE | PROXIMITY SENSOR | SIRI NATURAL LANGUAGE COMMANDS AND DICTATION | HEVC/MP4/H.264 PLAYER | MP3/WAV/AAX+/AIFF/APPLE LOSSLESS PLAYER | SUPPORTS 4G CALLING ABROAD * | * SUBJECT TO 4G CALLING CAPABILITY BEING AVAILABLE IN THE ROAMING DESTINATION,SPECIFICATION,Memory,64GB | 4GB RAM | DIGITAL COMPASS | FACE ID | GYROSCOPE | ICLOUD CLOUD SERVICE | PROXIMITY SENSOR | SIRI NATURAL LANGUAGE COMMANDS AND DICTATION | HEVC/MP4/H.264 PLAYER | MP3/WAV/AAX+/AIFF/APPLE LOSSLESS PLAYER,SPECIFICATION,Platform,IOS 13 | APPLE A13 BIONIC | HEXA-CORE | APPLE GPU,SPECIFICATION,Video,"2160P (4K) VIDEO RECORDING AT 24FPS, 30FPS OR 60FPS | 1080P (FHD) VIDEO RECORDING AT 30FPS OR 60FPS | 720P (HD) VIDEO RECORDING AT 30FPS | SLOW MOTION VIDEO SUPPORT FOR 1080P AT 120FPS OR 240FPS | AUDIO ZOOM | CINEMATIC VIDEO STABILISATION (4K, 1080P AND 720P) | CONTINUOUS AUTOFOCUS VIDEO | EXTENDED DYNAMIC RANGE FOR VIDEO UP TO 30 FPS | OIS (OPTICAL IMAGE STABILIZATION) | OPTICAL ZOOM OUT (2X) | TAKE 8MP STILL PHOTOS WHILE RECORDING 4K VIDEO | TIME‑LAPSE VIDEO WITH STABILISATION",SPECIFICATION,Box contains,LIGHTNING CABLE | EJECTION PIN,,,,,,,,,,,,,,,,,,,,,,,,
Vodafone,2025-09-05,api_url_varites,https://www.vodafone.co.uk/mobile/pay-monthly-contracts/apple/iphone-11-refurbished-pristine,205127,Apple iPhone 11 64GB (Refurbished-Pristine) Black,Apple,Y,10,6,36,23,5GB Xtra,24 Months,226.0,N,29,226,,,,,contract,5GB,,24.8,26.6,,,Black,64 GB,,,mobile,pay-monthly-contracts,apple,iphone-11-refurbished-pristine,,,,http://images.vodafone.co.uk/gbnnsauqav4t/4LypzsLrQAqKuiJQ8qhvRD/5dd2a6477eaae309953572fe9173bb3e/Apple_iPhone_11_black-full-product-front-600.png,http://images.vodafone.co.uk/gbnnsauqav4t/4LypzsLrQAqKuiJQ8qhvRD/5dd2a6477eaae309953572fe9173bb3e/Apple_iPhone_11_black-full-product-front-600.png,http://images.vodafone.co.uk/gbnnsauqav4t/7f96267SacoMFgn2ONvzuc/834ced0f91eb3377c00382eebc0d116b/Apple_iPhone_11_new_black-grid-product-front.png,,,"All-new powerful dual-camera system, Night mode, stunning video quality and all-day battery life – experience iPhone at 11.",,,,,,,,,,,SPECIFICATION,Battery,NON-REMOVABLE | FAST BATTERY CHARGING | QI WIRELESS CHARGING,SPECIFICATION,Body,"FRONT/BACK GLASS, ALUMINIUM FRAME | DUAL SIM (NANO-SIM AND ESIM) | SPLASH, WATER AND DUST RESISTANT (IP68)",SPECIFICATION,Camera details,12MP (F/1.8) + 12MP (F/2.4) | 12MP (F/2.2) | AUTO IMAGE STABILISATION | BURST MODE | LED FLASH (BRIGHTER TRUE TONE FLASH WITH SLOW SYNC) | NIGHT MODE | OIS (OPTICAL IMAGE STABILIZATION) | OPTICAL ZOOM OUT (2X) | PANORAMA | PORTRAIT MODE WITH ADVANCED BOKEH AND DEPTH CONTROL | PORTRAIT LIGHTING WITH SIX EFFECTS | SMART HDR,SPECIFICATION,Capacity,64GB,SPECIFICATION,Colour,BLACK,SPECIFICATION,Connectivity,"2G / 3G / 4G | WI-FI 802.11 A/B/G/N/AC/AX, DUAL-BAND, HOTSPOT | BLUETOOTH 5.0 | GPS WITH A-GPS, GLONASS, GALILEO AND QZSS | NFC | USB 2.0, PROPRIETARY REVERSIBLE CONNECTOR",SPECIFICATION,Display details,LCD CAPACITIVE TOUCHSCREEN | 1792 X 828 PIXELS | FINGERPRINT-RESISTANT OLEOPHOBIC COATING | HAPTIC TOUCH | HDR DISPLAY | TRUE TONE DISPLAY | WIDE COLOUR DISPLAY (P3),SPECIFICATION,Features,ACCELEROMETER | APPLE PAY | BAROMETER | DIGITAL COMPASS | FACE ID | GYROSCOPE | ICLOUD CLOUD SERVICE | PROXIMITY SENSOR | SIRI NATURAL LANGUAGE COMMANDS AND DICTATION | HEVC/MP4/H.264 PLAYER | MP3/WAV/AAX+/AIFF/APPLE LOSSLESS PLAYER | SUPPORTS 4G CALLING ABROAD * | * SUBJECT TO 4G CALLING CAPABILITY BEING AVAILABLE IN THE ROAMING DESTINATION,SPECIFICATION,Memory,64GB | 4GB RAM | DIGITAL COMPASS | FACE ID | GYROSCOPE | ICLOUD CLOUD SERVICE | PROXIMITY SENSOR | SIRI NATURAL LANGUAGE COMMANDS AND DICTATION | HEVC/MP4/H.264 PLAYER | MP3/WAV/AAX+/AIFF/APPLE LOSSLESS PLAYER,SPECIFICATION,Platform,IOS 13 | APPLE A13 BIONIC | HEXA-CORE | APPLE GPU,SPECIFICATION,Video,"2160P (4K) VIDEO RECORDING AT 24FPS, 30FPS OR 60FPS | 1080P (FHD) VIDEO RECORDING AT 30FPS OR 60FPS | 720P (HD) VIDEO RECORDING AT 30FPS | SLOW MOTION VIDEO SUPPORT FOR 1080P AT 120FPS OR 240FPS | AUDIO ZOOM | CINEMATIC VIDEO STABILISATION (4K, 1080P AND 720P) | CONTINUOUS AUTOFOCUS VIDEO | EXTENDED DYNAMIC RANGE FOR VIDEO UP TO 30 FPS | OIS (OPTICAL IMAGE STABILIZATION) | OPTICAL ZOOM OUT (2X) | TAKE 8MP STILL PHOTOS WHILE RECORDING 4K VIDEO | TIME‑LAPSE VIDEO WITH STABILISATION",SPECIFICATION,Box contains,LIGHTNING CABLE | EJECTION PIN,,,,,,,,,,,,,,,,,,,,,,,,
Vodafone,2025-09-05,api_url_varites,https://www.vodafone.co.uk/mobile/pay-monthly-contracts/apple/iphone-11-refurbished-pristine,205127,Apple iPhone 11 64GB (Refurbished-Pristine) Black,Apple,Y,10,6,36,30,120GB Xtra,24 Months,226.0,N,36,226,,,,,contract,120GB,,31.8,33.6,,,Black,64 GB,,,mobile,pay-monthly-contracts,apple,iphone-11-refurbished-pristine,,,,http://images.vodafone.co.uk/gbnnsauqav4t/4LypzsLrQAqKuiJQ8qhvRD/5dd2a6477eaae309953572fe9173bb3e/Apple_iPhone_11_black-full-product-front-600.png,http://images.vodafone.co.uk/gbnnsauqav4t/4LypzsLrQAqKuiJQ8qhvRD/5dd2a6477eaae309953572fe9173bb3e/Apple_iPhone_11_black-full-product-front-600.png,http://images.vodafone.co.uk/gbnnsauqav4t/7f96267SacoMFgn2ONvzuc/834ced0f91eb3377c00382eebc0d116b/Apple_iPhone_11_new_black-grid-product-front.png,,,"All-new powerful dual-camera system, Night mode, stunning video quality and all-day battery life – experience iPhone at 11.",,,,,,,,,,,SPECIFICATION,Battery,NON-REMOVABLE | FAST BATTERY CHARGING | QI WIRELESS CHARGING,SPECIFICATION,Body,"FRONT/BACK GLASS, ALUMINIUM FRAME | DUAL SIM (NANO-SIM AND ESIM) | SPLASH, WATER AND DUST RESISTANT (IP68)",SPECIFICATION,Camera details,12MP (F/1.8) + 12MP (F/2.4) | 12MP (F/2.2) | AUTO IMAGE STABILISATION | BURST MODE | LED FLASH (BRIGHTER TRUE TONE FLASH WITH SLOW SYNC) | NIGHT MODE | OIS (OPTICAL IMAGE STABILIZATION) | OPTICAL ZOOM OUT (2X) | PANORAMA | PORTRAIT MODE WITH ADVANCED BOKEH AND DEPTH CONTROL | PORTRAIT LIGHTING WITH SIX EFFECTS | SMART HDR,SPECIFICATION,Capacity,64GB,SPECIFICATION,Colour,BLACK,SPECIFICATION,Connectivity,"2G / 3G / 4G | WI-FI 802.11 A/B/G/N/AC/AX, DUAL-BAND, HOTSPOT | BLUETOOTH 5.0 | GPS WITH A-GPS, GLONASS, GALILEO AND QZSS | NFC | USB 2.0, PROPRIETARY REVERSIBLE CONNECTOR",SPECIFICATION,Display details,LCD CAPACITIVE TOUCHSCREEN | 1792 X 828 PIXELS | FINGERPRINT-RESISTANT OLEOPHOBIC COATING | HAPTIC TOUCH | HDR DISPLAY | TRUE TONE DISPLAY | WIDE COLOUR DISPLAY (P3),SPECIFICATION,Features,ACCELEROMETER | APPLE PAY | BAROMETER | DIGITAL COMPASS | FACE ID | GYROSCOPE | ICLOUD CLOUD SERVICE | PROXIMITY SENSOR | SIRI NATURAL LANGUAGE COMMANDS AND DICTATION | HEVC/MP4/H.264 PLAYER | MP3/WAV/AAX+/AIFF/APPLE LOSSLESS PLAYER | SUPPORTS 4G CALLING ABROAD * | * SUBJECT TO 4G CALLING CAPABILITY BEING AVAILABLE IN THE ROAMING DESTINATION,SPECIFICATION,Memory,64GB | 4GB RAM | DIGITAL COMPASS | FACE ID | GYROSCOPE | ICLOUD CLOUD SERVICE | PROXIMITY SENSOR | SIRI NATURAL LANGUAGE COMMANDS AND DICTATION | HEVC/MP4/H.264 PLAYER | MP3/WAV/AAX+/AIFF/APPLE LOSSLESS PLAYER,SPECIFICATION,Platform,IOS 13 | APPLE A13 BIONIC | HEXA-CORE | APPLE GPU,SPECIFICATION,Video,"2160P (4K) VIDEO RECORDING AT 24FPS, 30FPS OR 60FPS | 1080P (FHD) VIDEO RECORDING AT 30FPS OR 60FPS | 720P (HD) VIDEO RECORDING AT 30FPS | SLOW MOTION VIDEO SUPPORT FOR 1080P AT 120FPS OR 240FPS | AUDIO ZOOM | CINEMATIC VIDEO STABILISATION (4K, 1080P AND 720P) | CONTINUOUS AUTOFOCUS VIDEO | EXTENDED DYNAMIC RANGE FOR VIDEO UP TO 30 FPS | OIS (OPTICAL IMAGE STABILIZATION) | OPTICAL ZOOM OUT (2X) | TAKE 8MP STILL PHOTOS WHILE RECORDING 4K VIDEO | TIME‑LAPSE VIDEO WITH STABILISATION",SPECIFICATION,Box contains,LIGHTNING CABLE | EJECTION PIN,,,,,,,,,,,,,,,,,,,,,,,,
Vodafone,2025-09-05,api_url_varites,https://www.vodafone.co.uk/mobile/pay-monthly-contracts/apple/iphone-11-refurbished-pristine,205127,Apple iPhone 11 64GB (Refurbished-Pristine) Black,Apple,Y,10,6,36,39,Unlimited Max Xtra,24 Months,226.0,N,45,226,,,,,contract,Unlimited,,40.8,42.6,,,Black,64 GB,,,mobile,pay-monthly-contracts,apple,iphone-11-refurbished-pristine,,,,http://images.vodafone.co.uk/gbnnsauqav4t/4LypzsLrQAqKuiJQ8qhvRD/5dd2a6477eaae309953572fe9173bb3e/Apple_iPhone_11_black-full-product-front-600.png,http://images.vodafone.co.uk/gbnnsauqav4t/4LypzsLrQAqKuiJQ8qhvRD/5dd2a6477eaae309953572fe9173bb3e/Apple_iPhone_11_black-full-product-front-600.png,http://images.vodafone.co.uk/gbnnsauqav4t/7f96267SacoMFgn2ONvzuc/834ced0f91eb3377c00382eebc0d116b/Apple_iPhone_11_new_black-grid-product-front.png,,,"All-new powerful dual-camera system, Night mode, stunning video quality and all-day battery life – experience iPhone at 11.",,,,,,,,,,,SPECIFICATION,Battery,NON-REMOVABLE | FAST BATTERY CHARGING | QI WIRELESS CHARGING,SPECIFICATION,Body,"FRONT/BACK GLASS, ALUMINIUM FRAME | DUAL SIM (NANO-SIM AND ESIM) | SPLASH, WATER AND DUST RESISTANT (IP68)",SPECIFICATION,Camera details,12MP (F/1.8) + 12MP (F/2.4) | 12MP (F/2.2) | AUTO IMAGE STABILISATION | BURST MODE | LED FLASH (BRIGHTER TRUE TONE FLASH WITH SLOW SYNC) | NIGHT MODE | OIS (OPTICAL IMAGE STABILIZATION) | OPTICAL ZOOM OUT (2X) | PANORAMA | PORTRAIT MODE WITH ADVANCED BOKEH AND DEPTH CONTROL | PORTRAIT LIGHTING WITH SIX EFFECTS | SMART HDR,SPECIFICATION,Capacity,64GB,SPECIFICATION,Colour,BLACK,SPECIFICATION,Connectivity,"2G / 3G / 4G | WI-FI 802.11 A/B/G/N/AC/AX, DUAL-BAND, HOTSPOT | BLUETOOTH 5.0 | GPS WITH A-GPS, GLONASS, GALILEO AND QZSS | NFC | USB 2.0, PROPRIETARY REVERSIBLE CONNECTOR",SPECIFICATION,Display details,LCD CAPACITIVE TOUCHSCREEN | 1792 X 828 PIXELS | FINGERPRINT-RESISTANT OLEOPHOBIC COATING | HAPTIC TOUCH | HDR DISPLAY | TRUE TONE DISPLAY | WIDE COLOUR DISPLAY (P3),SPECIFICATION,Features,ACCELEROMETER | APPLE PAY | BAROMETER | DIGITAL COMPASS | FACE ID | GYROSCOPE | ICLOUD CLOUD SERVICE | PROXIMITY SENSOR | SIRI NATURAL LANGUAGE COMMANDS AND DICTATION | HEVC/MP4/H.264 PLAYER | MP3/WAV/AAX+/AIFF/APPLE LOSSLESS PLAYER | SUPPORTS 4G CALLING ABROAD * | * SUBJECT TO 4G CALLING CAPABILITY BEING AVAILABLE IN THE ROAMING DESTINATION,SPECIFICATION,Memory,64GB | 4GB RAM | DIGITAL COMPASS | FACE ID | GYROSCOPE | ICLOUD CLOUD SERVICE | PROXIMITY SENSOR | SIRI NATURAL LANGUAGE COMMANDS AND DICTATION | HEVC/MP4/H.264 PLAYER | MP3/WAV/AAX+/AIFF/APPLE LOSSLESS PLAYER,SPECIFICATION,Platform,IOS 13 | APPLE A13 BIONIC | HEXA-CORE | APPLE GPU,SPECIFICATION,Video,"2160P (4K) VIDEO RECORDING AT 24FPS, 30FPS OR 60FPS | 1080P (FHD) VIDEO RECORDING AT 30FPS OR 60FPS | 720P (HD) VIDEO RECORDING AT 30FPS | SLOW MOTION VIDEO SUPPORT FOR 1080P AT 120FPS OR 240FPS | AUDIO ZOOM | CINEMATIC VIDEO STABILISATION (4K, 1080P AND 720P) | CONTINUOUS AUTOFOCUS VIDEO | EXTENDED DYNAMIC RANGE FOR VIDEO UP TO 30 FPS | OIS (OPTICAL IMAGE STABILIZATION) | OPTICAL ZOOM OUT (2X) | TAKE 8MP STILL PHOTOS WHILE RECORDING 4K VIDEO | TIME‑LAPSE VIDEO WITH STABILISATION",SPECIFICATION,Box contains,LIGHTNING CABLE | EJECTION PIN,,,,,,,,,,,,,,,,,,,,,,,,
Vodafone,2025-09-05,api_url_varites,https://www.vodafone.co.uk/mobile/pay-monthly-contracts/apple/iphone-11-refurbished-pristine,205127,Apple iPhone 11 64GB (Refurbished-Pristine) Black,Apple,Y,10,9,24,23,5GB Xtra,24 Months,226.0,N,32,226,,,,,contract,5GB,,24.8,26.6,,,Black,64 GB,,,mobile,pay-monthly-contracts,apple,iphone-11-refurbished-pristine,,,,http://images.vodafone.co.uk/gbnnsauqav4t/4LypzsLrQAqKuiJQ8qhvRD/5dd2a6477eaae309953572fe9173bb3e/Apple_iPhone_11_black-full-product-front-600.png,http://images.vodafone.co.uk/gbnnsauqav4t/4LypzsLrQAqKuiJQ8qhvRD/5dd2a6477eaae309953572fe9173bb3e/Apple_iPhone_11_black-full-product-front-600.png,http://images.vodafone.co.uk/gbnnsauqav4t/7f96267SacoMFgn2ONvzuc/834ced0f91eb3377c00382eebc0d116b/Apple_iPhone_11_new_black-grid-product-front.png,,,"All-new powerful dual-camera system, Night mode, stunning video quality and all-day battery life – experience iPhone at 11.",,,,,,,,,,,SPECIFICATION,Battery,NON-REMOVABLE | FAST BATTERY CHARGING | QI WIRELESS CHARGING,SPECIFICATION,Body,"FRONT/BACK GLASS, ALUMINIUM FRAME | DUAL SIM (NANO-SIM AND ESIM) | SPLASH, WATER AND DUST RESISTANT (IP68)",SPECIFICATION,Camera details,12MP (F/1.8) + 12MP (F/2.4) | 12MP (F/2.2) | AUTO IMAGE STABILISATION | BURST MODE | LED FLASH (BRIGHTER TRUE TONE FLASH WITH SLOW SYNC) | NIGHT MODE | OIS (OPTICAL IMAGE STABILIZATION) | OPTICAL ZOOM OUT (2X) | PANORAMA | PORTRAIT MODE WITH ADVANCED BOKEH AND DEPTH CONTROL | PORTRAIT LIGHTING WITH SIX EFFECTS | SMART HDR,SPECIFICATION,Capacity,64GB,SPECIFICATION,Colour,BLACK,SPECIFICATION,Connectivity,"2G / 3G / 4G | WI-FI 802.11 A/B/G/N/AC/AX, DUAL-BAND, HOTSPOT | BLUETOOTH 5.0 | GPS WITH A-GPS, GLONASS, GALILEO AND QZSS | NFC | USB 2.0, PROPRIETARY REVERSIBLE CONNECTOR",SPECIFICATION,Display details,LCD CAPACITIVE TOUCHSCREEN | 1792 X 828 PIXELS | FINGERPRINT-RESISTANT OLEOPHOBIC COATING | HAPTIC TOUCH | HDR DISPLAY | TRUE TONE DISPLAY | WIDE COLOUR DISPLAY (P3),SPECIFICATION,Features,ACCELEROMETER | APPLE PAY | BAROMETER | DIGITAL COMPASS | FACE ID | GYROSCOPE | ICLOUD CLOUD SERVICE | PROXIMITY SENSOR | SIRI NATURAL LANGUAGE COMMANDS AND DICTATION | HEVC/MP4/H.264 PLAYER | MP3/WAV/AAX+/AIFF/APPLE LOSSLESS PLAYER | SUPPORTS 4G CALLING ABROAD * | * SUBJECT TO 4G CALLING CAPABILITY BEING AVAILABLE IN THE ROAMING DESTINATION,SPECIFICATION,Memory,64GB | 4GB RAM | DIGITAL COMPASS | FACE ID | GYROSCOPE | ICLOUD CLOUD SERVICE | PROXIMITY SENSOR | SIRI NATURAL LANGUAGE COMMANDS AND DICTATION | HEVC/MP4/H.264 PLAYER | MP3/WAV/AAX+/AIFF/APPLE LOSSLESS PLAYER,SPECIFICATION,Platform,IOS 13 | APPLE A13 BIONIC | HEXA-CORE | APPLE GPU,SPECIFICATION,Video,"2160P (4K) VIDEO RECORDING AT 24FPS, 30FPS OR 60FPS | 1080P (FHD) VIDEO RECORDING AT 30FPS OR 60FPS | 720P (HD) VIDEO RECORDING AT 30FPS | SLOW MOTION VIDEO SUPPORT FOR 1080P AT 120FPS OR 240FPS | AUDIO ZOOM | CINEMATIC VIDEO STABILISATION (4K, 1080P AND 720P) | CONTINUOUS AUTOFOCUS VIDEO | EXTENDED DYNAMIC RANGE FOR VIDEO UP TO 30 FPS | OIS (OPTICAL IMAGE STABILIZATION) | OPTICAL ZOOM OUT (2X) | TAKE 8MP STILL PHOTOS WHILE RECORDING 4K VIDEO | TIME‑LAPSE VIDEO WITH STABILISATION",SPECIFICATION,Box contains,LIGHTNING CABLE | EJECTION PIN,,,,,,,,,,,,,,,,,,,,,,,,
Vodafone,2025-09-05,api_url_varites,https://www.vodafone.co.uk/mobile/pay-monthly-contracts/apple/iphone-11-refurbished-pristine,205127,Apple iPhone 11 64GB (Refurbished-Pristine) Black,Apple,Y,10,9,24,30,120GB Xtra,24 Months,226.0,N,39,226,,,,,contract,120GB,,31.8,33.6,,,Black,64 GB,,,mobile,pay-monthly-contracts,apple,iphone-11-refurbished-pristine,,,,http://images.vodafone.co.uk/gbnnsauqav4t/4LypzsLrQAqKuiJQ8qhvRD/5dd2a6477eaae309953572fe9173bb3e/Apple_iPhone_11_black-full-product-front-600.png,http://images.vodafone.co.uk/gbnnsauqav4t/4LypzsLrQAqKuiJQ8qhvRD/5dd2a6477eaae309953572fe9173bb3e/Apple_iPhone_11_black-full-product-front-600.png,http://images.vodafone.co.uk/gbnnsauqav4t/7f96267SacoMFgn2ONvzuc/834ced0f91eb3377c00382eebc0d116b/Apple_iPhone_11_new_black-grid-product-front.png,,,"All-new powerful dual-camera system, Night mode, stunning video quality and all-day battery life – experience iPhone at 11.",,,,,,,,,,,SPECIFICATION,Battery,NON-REMOVABLE | FAST BATTERY CHARGING | QI WIRELESS CHARGING,SPECIFICATION,Body,"FRONT/BACK GLASS, ALUMINIUM FRAME | DUAL SIM (NANO-SIM AND ESIM) | SPLASH, WATER AND DUST RESISTANT (IP68)",SPECIFICATION,Camera details,12MP (F/1.8) + 12MP (F/2.4) | 12MP (F/2.2) | AUTO IMAGE STABILISATION | BURST MODE | LED FLASH (BRIGHTER TRUE TONE FLASH WITH SLOW SYNC) | NIGHT MODE | OIS (OPTICAL IMAGE STABILIZATION) | OPTICAL ZOOM OUT (2X) | PANORAMA | PORTRAIT MODE WITH ADVANCED BOKEH AND DEPTH CONTROL | PORTRAIT LIGHTING WITH SIX EFFECTS | SMART HDR,SPECIFICATION,Capacity,64GB,SPECIFICATION,Colour,BLACK,SPECIFICATION,Connectivity,"2G / 3G / 4G | WI-FI 802.11 A/B/G/N/AC/AX, DUAL-BAND, HOTSPOT | BLUETOOTH 5.0 | GPS WITH A-GPS, GLONASS, GALILEO AND QZSS | NFC | USB 2.0, PROPRIETARY REVERSIBLE CONNECTOR",SPECIFICATION,Display details,LCD CAPACITIVE TOUCHSCREEN | 1792 X 828 PIXELS | FINGERPRINT-RESISTANT OLEOPHOBIC COATING | HAPTIC TOUCH | HDR DISPLAY | TRUE TONE DISPLAY | WIDE COLOUR DISPLAY (P3),SPECIFICATION,Features,ACCELEROMETER | APPLE PAY | BAROMETER | DIGITAL COMPASS | FACE ID | GYROSCOPE | ICLOUD CLOUD SERVICE | PROXIMITY SENSOR | SIRI NATURAL LANGUAGE COMMANDS AND DICTATION | HEVC/MP4/H.264 PLAYER | MP3/WAV/AAX+/AIFF/APPLE LOSSLESS PLAYER | SUPPORTS 4G CALLING ABROAD * | * SUBJECT TO 4G CALLING CAPABILITY BEING AVAILABLE IN THE ROAMING DESTINATION,SPECIFICATION,Memory,64GB | 4GB RAM | DIGITAL COMPASS | FACE ID | GYROSCOPE | ICLOUD CLOUD SERVICE | PROXIMITY SENSOR | SIRI NATURAL LANGUAGE COMMANDS AND DICTATION | HEVC/MP4/H.264 PLAYER | MP3/WAV/AAX+/AIFF/APPLE LOSSLESS PLAYER,SPECIFICATION,Platform,IOS 13 | APPLE A13 BIONIC | HEXA-CORE | APPLE GPU,SPECIFICATION,Video,"2160P (4K) VIDEO RECORDING AT 24FPS, 30FPS OR 60FPS | 1080P (FHD) VIDEO RECORDING AT 30FPS OR 60FPS | 720P (HD) VIDEO RECORDING AT 30FPS | SLOW MOTION VIDEO SUPPORT FOR 1080P AT 120FPS OR 240FPS | AUDIO ZOOM | CINEMATIC VIDEO STABILISATION (4K, 1080P AND 720P) | CONTINUOUS AUTOFOCUS VIDEO | EXTENDED DYNAMIC RANGE FOR VIDEO UP TO 30 FPS | OIS (OPTICAL IMAGE STABILIZATION) | OPTICAL ZOOM OUT (2X) | TAKE 8MP STILL PHOTOS WHILE RECORDING 4K VIDEO | TIME‑LAPSE VIDEO WITH STABILISATION",SPECIFICATION,Box contains,LIGHTNING CABLE | EJECTION PIN,,,,,,,,,,,,,,,,,,,,,,,,
Vodafone,2025-09-05,api_url_varites,https://www.vodafone.co.uk/mobile/pay-monthly-contracts/apple/iphone-11-refurbished-pristine,205127,Apple iPhone 11 64GB (Refurbished-Pristine) Black,Apple,Y,10,9,24,39,Unlimited Max Xtra,24 Months,226.0,N,48,226,,,,,contract,Unlimited,,40.8,42.6,,,Black,64 GB,,,mobile,pay-monthly-contracts,apple,iphone-11-refurbished-pristine,,,,http://images.vodafone.co.uk/gbnnsauqav4t/4LypzsLrQAqKuiJQ8qhvRD/5dd2a6477eaae309953572fe9173bb3e/Apple_iPhone_11_black-full-product-front-600.png,http://images.vodafone.co.uk/gbnnsauqav4t/4LypzsLrQAqKuiJQ8qhvRD/5dd2a6477eaae309953572fe9173bb3e/Apple_iPhone_11_black-full-product-front-600.png,http://images.vodafone.co.uk/gbnnsauqav4t/7f96267SacoMFgn2ONvzuc/834ced0f91eb3377c00382eebc0d116b/Apple_iPhone_11_new_black-grid-product-front.png,,,"All-new powerful dual-camera system, Night mode, stunning video quality and all-day battery life – experience iPhone at 11.",,,,,,,,,,,SPECIFICATION,Battery,NON-REMOVABLE | FAST BATTERY CHARGING | QI WIRELESS CHARGING,SPECIFICATION,Body,"FRONT/BACK GLASS, ALUMINIUM FRAME | DUAL SIM (NANO-SIM AND ESIM) | SPLASH, WATER AND DUST RESISTANT (IP68)",SPECIFICATION,Camera details,12MP (F/1.8) + 12MP (F/2.4) | 12MP (F/2.2) | AUTO IMAGE STABILISATION | BURST MODE | LED FLASH (BRIGHTER TRUE TONE FLASH WITH SLOW SYNC) | NIGHT MODE | OIS (OPTICAL IMAGE STABILIZATION) | OPTICAL ZOOM OUT (2X) | PANORAMA | PORTRAIT MODE WITH ADVANCED BOKEH AND DEPTH CONTROL | PORTRAIT LIGHTING WITH SIX EFFECTS | SMART HDR,SPECIFICATION,Capacity,64GB,SPECIFICATION,Colour,BLACK,SPECIFICATION,Connectivity,"2G / 3G / 4G | WI-FI 802.11 A/B/G/N/AC/AX, DUAL-BAND, HOTSPOT | BLUETOOTH 5.0 | GPS WITH A-GPS, GLONASS, GALILEO AND QZSS | NFC | USB 2.0, PROPRIETARY REVERSIBLE CONNECTOR",SPECIFICATION,Display details,LCD CAPACITIVE TOUCHSCREEN | 1792 X 828 PIXELS | FINGERPRINT-RESISTANT OLEOPHOBIC COATING | HAPTIC TOUCH | HDR DISPLAY | TRUE TONE DISPLAY | WIDE COLOUR DISPLAY (P3),SPECIFICATION,Features,ACCELEROMETER | APPLE PAY | BAROMETER | DIGITAL COMPASS | FACE ID | GYROSCOPE | ICLOUD CLOUD SERVICE | PROXIMITY SENSOR | SIRI NATURAL LANGUAGE COMMANDS AND DICTATION | HEVC/MP4/H.264 PLAYER | MP3/WAV/AAX+/AIFF/APPLE LOSSLESS PLAYER | SUPPORTS 4G CALLING ABROAD * | * SUBJECT TO 4G CALLING CAPABILITY BEING AVAILABLE IN THE ROAMING DESTINATION,SPECIFICATION,Memory,64GB | 4GB RAM | DIGITAL COMPASS | FACE ID | GYROSCOPE | ICLOUD CLOUD SERVICE | PROXIMITY SENSOR | SIRI NATURAL LANGUAGE COMMANDS AND DICTATION | HEVC/MP4/H.264 PLAYER | MP3/WAV/AAX+/AIFF/APPLE LOSSLESS PLAYER,SPECIFICATION,Platform,IOS 13 | APPLE A13 BIONIC | HEXA-CORE | APPLE GPU,SPECIFICATION,Video,"2160P (4K) VIDEO RECORDING AT 24FPS, 30FPS OR 60FPS | 1080P (FHD) VIDEO RECORDING AT 30FPS OR 60FPS | 720P (HD) VIDEO RECORDING AT 30FPS | SLOW MOTION VIDEO SUPPORT FOR 1080P AT 120FPS OR 240FPS | AUDIO ZOOM | CINEMATIC VIDEO STABILISATION (4K, 1080P AND 720P) | CONTINUOUS AUTOFOCUS VIDEO | EXTENDED DYNAMIC RANGE FOR VIDEO UP TO 30 FPS | OIS (OPTICAL IMAGE STABILIZATION) | OPTICAL ZOOM OUT (2X) | TAKE 8MP STILL PHOTOS WHILE RECORDING 4K VIDEO | TIME‑LAPSE VIDEO WITH STABILISATION",SPECIFICATION,Box contains,LIGHTNING CABLE | EJECTION PIN,,,,,,,,,,,,,,,,,,,,,,,,
