source,date,apiURL,url,sku,name,brand,price,previousPrice,onSale,saleText,colour,size,UPC,EAN,cat,subcat1,subcat2,subcat3,subcat4,subcat5,warranty,image1,image2,image3,image4,image5,desc,shortDesc,reviewCount,reviewRating,videoURL,isSellingFast,isRestockingSoon,isPromotion,isOutletPrice,lowestPriceText,lowestPriceValue,attributeType1,attributeTitle1,attributeValue1,attributeType2,attributeTitle2,attributeValue2,attributeType3,attributeTitle3,attributeValue3,attributeType4,attributeTitle4,attributeValue4,attributeType5,attributeTitle5,attributeValue5,attributeType6,attributeTitle6,attributeValue6,attributeType7,attributeTitle7,attributeValue7,attributeType8,attributeTitle8,attributeValue8,attributeType9,attributeTitle9,attributeValue9,attributeType10,attributeTitle10,attributeValue10,attributeType11,attributeTitle11,attributeValue11,attributeType12,attributeTitle12,attributeValue12,attributeType13,attributeTitle13,attributeValue13,attributeType14,attributeTitle14,attributeValue14,attributeType15,attributeTitle15,attributeValue15,attributeType16,attributeTitle16,attributeValue16,attributeType17,attributeTitle17,attributeValue17,attributeType18,attributeTitle18,attributeValue18,attributeType19,attributeTitle19,attributeValue19,attributeType20,attributeTitle20,attributeValue20
xiaomi,2025-09-27,https://ams-go.buy.mi.com/uk/v2/item/productdetail?from=pc&tag=redmi-pad-2-pro-cover,https://www.mi.com/uk/product/redmi-pad-2-pro-cover/buy/?gid=4223712320,4223712320,REDMI Pad 2 Pro Cover Gray,xiaomi,39,,,,Gray,,,,Mobile,Tablets,Tablets Accessories,,,,,https://i05.appmifile.com/700_item_uk/17/09/2025/64315e142e4ab3bd75043e5c6448bcc8.png,//i05.appmifile.com/441_item_uk/17/09/2025/62b4de03ecbfa3100c61f02c8e442c10.png,,,,REDMI Pad 2 Pro Cover Specs: | Xiaomi United Kingdom,,,,,,,,,£39,39,,,,,,,,,,,,,,,,,,,,,,,,,,,,,,,,,,,,,,,,,,,,,,,,,,,,,,,,,,,,
xiaomi,2025-09-27,https://ams-go.buy.mi.com/uk/v2/item/productdetail?from=pc&tag=redmi-pad-2-pro-keyboard,https://www.mi.com/uk/product/redmi-pad-2-pro-keyboard/buy/?gid=4223712318,4223712318,REDMI Pad 2 Pro Keyboard,xiaomi,99,,,,,,,,Mobile,Tablets,Tablets Accessories,,,,,https://i05.appmifile.com/118_item_uk/17/09/2025/7fc8867819b7fcdbae587ba2a8f8d2a2.png,//i05.appmifile.com/680_item_uk/17/09/2025/11866d68b54670b915fa19effe4743a1.png,,,,REDMI Pad 2 Pro Keyboard Specs: | Xiaomi UK,,,,,,,,,£99,99,,,,,,,,,,,,,,,,,,,,,,,,,,,,,,,,,,,,,,,,,,,,,,,,,,,,,,,,,,,,
xiaomi,2025-09-27,https://ams-go.buy.mi.com/uk/v2/item/productdetail?from=pc&tag=redmi-pad-2-pro,https://www.mi.com/uk/product/redmi-pad-2-pro/buy/?gid=4223712312,4223712312,REDMI Pad 2 Pro Lavender Purple 8 GB + 256 GB,xiaomi,249,299,Y,save £50,Lavender Purple,8 GB + 256 GB,,,Mobile,Tablets,Tablet,,,,,https://i05.appmifile.com/14_item_uk/16/09/2025/ebae82d5a60b2922791f230ef9faab93.png,https://i05.appmifile.com/346_item_uk/16/09/2025/d8c897da51c37960c228b94edb33ff41.png,https://i05.appmifile.com/422_item_uk/16/09/2025/db0aab6e90d36d9ade485c5b4caaaefe.png,https://i05.appmifile.com/260_item_uk/16/09/2025/4ddefc5eb409b8ffc8a8a59bfada14e0.png,https://i05.appmifile.com/806_item_uk/16/09/2025/82df054cf9662be33ebd2bc539b9a327.png,"REDMI Pad 2 Pro: 12.1"" 2.5K crystal-clear display, Smooth visuals with up to 120Hz refresh rate, Massive 12000mAh (typ) battery",,,,,,,Y,,£249,249,specification,"3. Supports up to 27W wired reverse charging, data tested by Xiaomi Internal Labs. Actual performance may vary depending on battery conditions and other factors. When using this feature, please ensure your pad has sufficient battery and verify the compatibility of the receiving device.",Snapdragon® 7s Gen 4 Mobile Platform,specification,"No power adapter is included in the box. Recommend to use 33W power adapters that support PD charging, or Xiaomi official power adapters of 33W or above.",Elegant design,specification,Up to,2. Refresh rate can be adjusted to up to 120Hz for supported apps and games. Please refer to the actual experience.,specification,Learn more,Battery & charging,specification,Photo | Video | Document | Teleprompter | HDR,"8MP 1/4"", f/2.28, 1.12μm",specification,4nm manufacturing process,Lavender Purple,specification,Brightness: 500 nits (typ)；600 nits (HBM),2. Refresh rate can be adjusted to up to 120Hz for supported apps and games. Please refer to the actual experience.,specification,Bluetooth 5.4,"Size: 12.1"" 2.5K crystal-clear display",specification,IPv6,"REDMI Pad 2 Pro delivers all-day eye comfort, reducing visual fatigue and eye strain.",specification,"6. 300% volume compared to the same model at 100% volume. This feature only applies to media sounds, ringtones, and notification sounds, not alarms. It only works in speaker mode, not with headphones. Volume data is sourced from Xiaomi Internal Labs, please refer to your actual experience.",Height: 279.80mm,specification,Snapdragon® 7s Gen 4 Mobile Platform,1. REDMI Pad 2 Pro screen size is about 12.1 inches when measured diagonally. Viewable area is smaller due to the curved corners. Measurements between individual products may vary.,specification,Smooth connectivity,Touch sampling rate: Up to 360Hz 240Hz (with pen),specification,Processor,Front camera:,specification,Shared clipboard,83.05-day,specification,TÜV Rheinland Low Blue Light (Hardware Solution) Certified TÜV Rheinland Flicker Free Certified TÜV Rheinland Circadian Friendly Certified,"Seamless call handling: Incoming phone calls can be directly answered on the tablet, with voice calls transitioning seamlessly between devices.",specification,Snapdragon® 7s Gen 4 Mobile Platform,Home screen+,specification,Xiaomi Interconnectivity,Network sync,specification,of non-stop music streaming,Smooth cross-screen collaboration between the pad and your phone allows for seamless information flow.,specification,"3. Supports up to 27W wired reverse charging, data tested by Xiaomi Internal Labs. Actual performance may vary depending on battery conditions and other factors. When using this feature, please ensure your pad has sufficient battery and verify the compatibility of the receiving device.","11. The unibody metal design refers specifically to the back cover of the product and does not include the camera deco, buttons, card slots, or other components.",,,
xiaomi,2025-09-27,https://ams-go.buy.mi.com/uk/v2/item/productdetail?from=pc&tag=redmi-pad-2-pro,https://www.mi.com/uk/product/redmi-pad-2-pro/buy/?gid=4223712313,4223712313,REDMI Pad 2 Pro Silver 6 GB + 128 GB,xiaomi,219,269,Y,save £50,Silver,6 GB + 128 GB,,,Mobile,Tablets,Tablet,,,,,https://i05.appmifile.com/387_item_uk/16/09/2025/28acbfc896dca13bb280c8181006558c.png,https://i05.appmifile.com/838_item_uk/16/09/2025/a4421f80735fae133d1dddae104ec85e.png,https://i05.appmifile.com/667_item_uk/16/09/2025/7128e4879792ce23581960bbcfe308b7.png,https://i05.appmifile.com/986_item_uk/16/09/2025/960cb7b6a6faef27272e339cc6b19d96.png,https://i05.appmifile.com/684_item_uk/16/09/2025/6fd4d7a0e5d24fc84b92caeaf4c0e785.png,"REDMI Pad 2 Pro: 12.1"" 2.5K crystal-clear display, Smooth visuals with up to 120Hz refresh rate, Massive 12000mAh (typ) battery",,,,,,,Y,,£219,219,specification,"3. Supports up to 27W wired reverse charging, data tested by Xiaomi Internal Labs. Actual performance may vary depending on battery conditions and other factors. When using this feature, please ensure your pad has sufficient battery and verify the compatibility of the receiving device.",Snapdragon® 7s Gen 4 Mobile Platform,specification,"No power adapter is included in the box. Recommend to use 33W power adapters that support PD charging, or Xiaomi official power adapters of 33W or above.",Elegant design,specification,Up to,2. Refresh rate can be adjusted to up to 120Hz for supported apps and games. Please refer to the actual experience.,specification,Learn more,Battery & charging,specification,Photo | Video | Document | Teleprompter | HDR,"8MP 1/4"", f/2.28, 1.12μm",specification,4nm manufacturing process,Lavender Purple,specification,Brightness: 500 nits (typ)；600 nits (HBM),2. Refresh rate can be adjusted to up to 120Hz for supported apps and games. Please refer to the actual experience.,specification,Bluetooth 5.4,"Size: 12.1"" 2.5K crystal-clear display",specification,IPv6,"REDMI Pad 2 Pro delivers all-day eye comfort, reducing visual fatigue and eye strain.",specification,"6. 300% volume compared to the same model at 100% volume. This feature only applies to media sounds, ringtones, and notification sounds, not alarms. It only works in speaker mode, not with headphones. Volume data is sourced from Xiaomi Internal Labs, please refer to your actual experience.",Height: 279.80mm,specification,Snapdragon® 7s Gen 4 Mobile Platform,1. REDMI Pad 2 Pro screen size is about 12.1 inches when measured diagonally. Viewable area is smaller due to the curved corners. Measurements between individual products may vary.,specification,Smooth connectivity,Touch sampling rate: Up to 360Hz 240Hz (with pen),specification,Processor,Front camera:,specification,Shared clipboard,83.05-day,specification,TÜV Rheinland Low Blue Light (Hardware Solution) Certified TÜV Rheinland Flicker Free Certified TÜV Rheinland Circadian Friendly Certified,"Seamless call handling: Incoming phone calls can be directly answered on the tablet, with voice calls transitioning seamlessly between devices.",specification,Snapdragon® 7s Gen 4 Mobile Platform,Home screen+,specification,Xiaomi Interconnectivity,Network sync,specification,of non-stop music streaming,Smooth cross-screen collaboration between the pad and your phone allows for seamless information flow.,specification,"3. Supports up to 27W wired reverse charging, data tested by Xiaomi Internal Labs. Actual performance may vary depending on battery conditions and other factors. When using this feature, please ensure your pad has sufficient battery and verify the compatibility of the receiving device.","11. The unibody metal design refers specifically to the back cover of the product and does not include the camera deco, buttons, card slots, or other components.",,,
xiaomi,2025-09-27,https://ams-go.buy.mi.com/uk/v2/item/productdetail?from=pc&tag=redmi-pad-2-pro,https://www.mi.com/uk/product/redmi-pad-2-pro/buy/?gid=4223712314,4223712314,REDMI Pad 2 Pro Silver 8 GB + 256 GB,xiaomi,249,299,Y,save £50,Silver,8 GB + 256 GB,,,Mobile,Tablets,Tablet,,,,,https://i05.appmifile.com/387_item_uk/16/09/2025/28acbfc896dca13bb280c8181006558c.png,https://i05.appmifile.com/838_item_uk/16/09/2025/a4421f80735fae133d1dddae104ec85e.png,https://i05.appmifile.com/667_item_uk/16/09/2025/7128e4879792ce23581960bbcfe308b7.png,https://i05.appmifile.com/986_item_uk/16/09/2025/960cb7b6a6faef27272e339cc6b19d96.png,https://i05.appmifile.com/684_item_uk/16/09/2025/6fd4d7a0e5d24fc84b92caeaf4c0e785.png,"REDMI Pad 2 Pro: 12.1"" 2.5K crystal-clear display, Smooth visuals with up to 120Hz refresh rate, Massive 12000mAh (typ) battery",,,,,,,Y,,£249,249,specification,"3. Supports up to 27W wired reverse charging, data tested by Xiaomi Internal Labs. Actual performance may vary depending on battery conditions and other factors. When using this feature, please ensure your pad has sufficient battery and verify the compatibility of the receiving device.",Snapdragon® 7s Gen 4 Mobile Platform,specification,"No power adapter is included in the box. Recommend to use 33W power adapters that support PD charging, or Xiaomi official power adapters of 33W or above.",Elegant design,specification,Up to,2. Refresh rate can be adjusted to up to 120Hz for supported apps and games. Please refer to the actual experience.,specification,Learn more,Battery & charging,specification,Photo | Video | Document | Teleprompter | HDR,"8MP 1/4"", f/2.28, 1.12μm",specification,4nm manufacturing process,Lavender Purple,specification,Brightness: 500 nits (typ)；600 nits (HBM),2. Refresh rate can be adjusted to up to 120Hz for supported apps and games. Please refer to the actual experience.,specification,Bluetooth 5.4,"Size: 12.1"" 2.5K crystal-clear display",specification,IPv6,"REDMI Pad 2 Pro delivers all-day eye comfort, reducing visual fatigue and eye strain.",specification,"6. 300% volume compared to the same model at 100% volume. This feature only applies to media sounds, ringtones, and notification sounds, not alarms. It only works in speaker mode, not with headphones. Volume data is sourced from Xiaomi Internal Labs, please refer to your actual experience.",Height: 279.80mm,specification,Snapdragon® 7s Gen 4 Mobile Platform,1. REDMI Pad 2 Pro screen size is about 12.1 inches when measured diagonally. Viewable area is smaller due to the curved corners. Measurements between individual products may vary.,specification,Smooth connectivity,Touch sampling rate: Up to 360Hz 240Hz (with pen),specification,Processor,Front camera:,specification,Shared clipboard,83.05-day,specification,TÜV Rheinland Low Blue Light (Hardware Solution) Certified TÜV Rheinland Flicker Free Certified TÜV Rheinland Circadian Friendly Certified,"Seamless call handling: Incoming phone calls can be directly answered on the tablet, with voice calls transitioning seamlessly between devices.",specification,Snapdragon® 7s Gen 4 Mobile Platform,Home screen+,specification,Xiaomi Interconnectivity,Network sync,specification,of non-stop music streaming,Smooth cross-screen collaboration between the pad and your phone allows for seamless information flow.,specification,"3. Supports up to 27W wired reverse charging, data tested by Xiaomi Internal Labs. Actual performance may vary depending on battery conditions and other factors. When using this feature, please ensure your pad has sufficient battery and verify the compatibility of the receiving device.","11. The unibody metal design refers specifically to the back cover of the product and does not include the camera deco, buttons, card slots, or other components.",,,
xiaomi,2025-09-27,https://ams-go.buy.mi.com/uk/v2/item/productdetail?from=pc&tag=redmi-pad-2-pro,https://www.mi.com/uk/product/redmi-pad-2-pro/buy/?gid=4223712309,4223712309,REDMI Pad 2 Pro Graphite Gray 6 GB + 128 GB,xiaomi,219,269,Y,save £50,Graphite Gray,6 GB + 128 GB,,,Mobile,Tablets,Tablet,,,,,https://i05.appmifile.com/735_item_uk/16/09/2025/85749ddac3715a476075ac8fb826e77f.png,https://i05.appmifile.com/162_item_uk/16/09/2025/4d1b102e6a26a063f4dcb9c38b508b04.png,https://i05.appmifile.com/296_item_uk/16/09/2025/8d064631b5548dd9b145234ac0deabce.png,https://i05.appmifile.com/127_item_uk/16/09/2025/f2936e091de91099bf8800cec3995447.png,https://i05.appmifile.com/781_item_uk/16/09/2025/5fcc92923f8104d288ce4cdbd37dc4e2.png,"REDMI Pad 2 Pro: 12.1"" 2.5K crystal-clear display, Smooth visuals with up to 120Hz refresh rate, Massive 12000mAh (typ) battery",,,,,,,Y,,£219,219,specification,"3. Supports up to 27W wired reverse charging, data tested by Xiaomi Internal Labs. Actual performance may vary depending on battery conditions and other factors. When using this feature, please ensure your pad has sufficient battery and verify the compatibility of the receiving device.",Snapdragon® 7s Gen 4 Mobile Platform,specification,"No power adapter is included in the box. Recommend to use 33W power adapters that support PD charging, or Xiaomi official power adapters of 33W or above.",Elegant design,specification,Up to,2. Refresh rate can be adjusted to up to 120Hz for supported apps and games. Please refer to the actual experience.,specification,Learn more,Battery & charging,specification,Photo | Video | Document | Teleprompter | HDR,"8MP 1/4"", f/2.28, 1.12μm",specification,4nm manufacturing process,Lavender Purple,specification,Brightness: 500 nits (typ)；600 nits (HBM),2. Refresh rate can be adjusted to up to 120Hz for supported apps and games. Please refer to the actual experience.,specification,Bluetooth 5.4,"Size: 12.1"" 2.5K crystal-clear display",specification,IPv6,"REDMI Pad 2 Pro delivers all-day eye comfort, reducing visual fatigue and eye strain.",specification,"6. 300% volume compared to the same model at 100% volume. This feature only applies to media sounds, ringtones, and notification sounds, not alarms. It only works in speaker mode, not with headphones. Volume data is sourced from Xiaomi Internal Labs, please refer to your actual experience.",Height: 279.80mm,specification,Snapdragon® 7s Gen 4 Mobile Platform,1. REDMI Pad 2 Pro screen size is about 12.1 inches when measured diagonally. Viewable area is smaller due to the curved corners. Measurements between individual products may vary.,specification,Smooth connectivity,Touch sampling rate: Up to 360Hz 240Hz (with pen),specification,Processor,Front camera:,specification,Shared clipboard,83.05-day,specification,TÜV Rheinland Low Blue Light (Hardware Solution) Certified TÜV Rheinland Flicker Free Certified TÜV Rheinland Circadian Friendly Certified,"Seamless call handling: Incoming phone calls can be directly answered on the tablet, with voice calls transitioning seamlessly between devices.",specification,Snapdragon® 7s Gen 4 Mobile Platform,Home screen+,specification,Xiaomi Interconnectivity,Network sync,specification,of non-stop music streaming,Smooth cross-screen collaboration between the pad and your phone allows for seamless information flow.,specification,"3. Supports up to 27W wired reverse charging, data tested by Xiaomi Internal Labs. Actual performance may vary depending on battery conditions and other factors. When using this feature, please ensure your pad has sufficient battery and verify the compatibility of the receiving device.","11. The unibody metal design refers specifically to the back cover of the product and does not include the camera deco, buttons, card slots, or other components.",,,
xiaomi,2025-09-27,https://ams-go.buy.mi.com/uk/v2/item/productdetail?from=pc&tag=redmi-pad-2-pro,https://www.mi.com/uk/product/redmi-pad-2-pro/buy/?gid=4223712310,4223712310,REDMI Pad 2 Pro Graphite Gray 8 GB + 256 GB,xiaomi,249,299,Y,save £50,Graphite Gray,8 GB + 256 GB,,,Mobile,Tablets,Tablet,,,,,https://i05.appmifile.com/735_item_uk/16/09/2025/85749ddac3715a476075ac8fb826e77f.png,https://i05.appmifile.com/162_item_uk/16/09/2025/4d1b102e6a26a063f4dcb9c38b508b04.png,https://i05.appmifile.com/296_item_uk/16/09/2025/8d064631b5548dd9b145234ac0deabce.png,https://i05.appmifile.com/127_item_uk/16/09/2025/f2936e091de91099bf8800cec3995447.png,https://i05.appmifile.com/781_item_uk/16/09/2025/5fcc92923f8104d288ce4cdbd37dc4e2.png,"REDMI Pad 2 Pro: 12.1"" 2.5K crystal-clear display, Smooth visuals with up to 120Hz refresh rate, Massive 12000mAh (typ) battery",,,,,,,Y,,£249,249,specification,"3. Supports up to 27W wired reverse charging, data tested by Xiaomi Internal Labs. Actual performance may vary depending on battery conditions and other factors. When using this feature, please ensure your pad has sufficient battery and verify the compatibility of the receiving device.",Snapdragon® 7s Gen 4 Mobile Platform,specification,"No power adapter is included in the box. Recommend to use 33W power adapters that support PD charging, or Xiaomi official power adapters of 33W or above.",Elegant design,specification,Up to,2. Refresh rate can be adjusted to up to 120Hz for supported apps and games. Please refer to the actual experience.,specification,Learn more,Battery & charging,specification,Photo | Video | Document | Teleprompter | HDR,"8MP 1/4"", f/2.28, 1.12μm",specification,4nm manufacturing process,Lavender Purple,specification,Brightness: 500 nits (typ)；600 nits (HBM),2. Refresh rate can be adjusted to up to 120Hz for supported apps and games. Please refer to the actual experience.,specification,Bluetooth 5.4,"Size: 12.1"" 2.5K crystal-clear display",specification,IPv6,"REDMI Pad 2 Pro delivers all-day eye comfort, reducing visual fatigue and eye strain.",specification,"6. 300% volume compared to the same model at 100% volume. This feature only applies to media sounds, ringtones, and notification sounds, not alarms. It only works in speaker mode, not with headphones. Volume data is sourced from Xiaomi Internal Labs, please refer to your actual experience.",Height: 279.80mm,specification,Snapdragon® 7s Gen 4 Mobile Platform,1. REDMI Pad 2 Pro screen size is about 12.1 inches when measured diagonally. Viewable area is smaller due to the curved corners. Measurements between individual products may vary.,specification,Smooth connectivity,Touch sampling rate: Up to 360Hz 240Hz (with pen),specification,Processor,Front camera:,specification,Shared clipboard,83.05-day,specification,TÜV Rheinland Low Blue Light (Hardware Solution) Certified TÜV Rheinland Flicker Free Certified TÜV Rheinland Circadian Friendly Certified,"Seamless call handling: Incoming phone calls can be directly answered on the tablet, with voice calls transitioning seamlessly between devices.",specification,Snapdragon® 7s Gen 4 Mobile Platform,Home screen+,specification,Xiaomi Interconnectivity,Network sync,specification,of non-stop music streaming,Smooth cross-screen collaboration between the pad and your phone allows for seamless information flow.,specification,"3. Supports up to 27W wired reverse charging, data tested by Xiaomi Internal Labs. Actual performance may vary depending on battery conditions and other factors. When using this feature, please ensure your pad has sufficient battery and verify the compatibility of the receiving device.","11. The unibody metal design refers specifically to the back cover of the product and does not include the camera deco, buttons, card slots, or other components.",,,
xiaomi,2025-09-27,https://ams-go.buy.mi.com/uk/v2/item/productdetail?from=pc&tag=redmi-pad-2-pro,https://www.mi.com/uk/product/redmi-pad-2-pro/buy/?gid=4223712311,4223712311,REDMI Pad 2 Pro Lavender Purple 6 GB + 128 GB,xiaomi,219,269,Y,save £50,Lavender Purple,6 GB + 128 GB,,,Mobile,Tablets,Tablet,,,,,https://i05.appmifile.com/14_item_uk/16/09/2025/ebae82d5a60b2922791f230ef9faab93.png,https://i05.appmifile.com/346_item_uk/16/09/2025/d8c897da51c37960c228b94edb33ff41.png,https://i05.appmifile.com/422_item_uk/16/09/2025/db0aab6e90d36d9ade485c5b4caaaefe.png,https://i05.appmifile.com/260_item_uk/16/09/2025/4ddefc5eb409b8ffc8a8a59bfada14e0.png,https://i05.appmifile.com/806_item_uk/16/09/2025/82df054cf9662be33ebd2bc539b9a327.png,"REDMI Pad 2 Pro: 12.1"" 2.5K crystal-clear display, Smooth visuals with up to 120Hz refresh rate, Massive 12000mAh (typ) battery",,,,,,,Y,,£219,219,specification,"3. Supports up to 27W wired reverse charging, data tested by Xiaomi Internal Labs. Actual performance may vary depending on battery conditions and other factors. When using this feature, please ensure your pad has sufficient battery and verify the compatibility of the receiving device.",Snapdragon® 7s Gen 4 Mobile Platform,specification,"No power adapter is included in the box. Recommend to use 33W power adapters that support PD charging, or Xiaomi official power adapters of 33W or above.",Elegant design,specification,Up to,2. Refresh rate can be adjusted to up to 120Hz for supported apps and games. Please refer to the actual experience.,specification,Learn more,Battery & charging,specification,Photo | Video | Document | Teleprompter | HDR,"8MP 1/4"", f/2.28, 1.12μm",specification,4nm manufacturing process,Lavender Purple,specification,Brightness: 500 nits (typ)；600 nits (HBM),2. Refresh rate can be adjusted to up to 120Hz for supported apps and games. Please refer to the actual experience.,specification,Bluetooth 5.4,"Size: 12.1"" 2.5K crystal-clear display",specification,IPv6,"REDMI Pad 2 Pro delivers all-day eye comfort, reducing visual fatigue and eye strain.",specification,"6. 300% volume compared to the same model at 100% volume. This feature only applies to media sounds, ringtones, and notification sounds, not alarms. It only works in speaker mode, not with headphones. Volume data is sourced from Xiaomi Internal Labs, please refer to your actual experience.",Height: 279.80mm,specification,Snapdragon® 7s Gen 4 Mobile Platform,1. REDMI Pad 2 Pro screen size is about 12.1 inches when measured diagonally. Viewable area is smaller due to the curved corners. Measurements between individual products may vary.,specification,Smooth connectivity,Touch sampling rate: Up to 360Hz 240Hz (with pen),specification,Processor,Front camera:,specification,Shared clipboard,83.05-day,specification,TÜV Rheinland Low Blue Light (Hardware Solution) Certified TÜV Rheinland Flicker Free Certified TÜV Rheinland Circadian Friendly Certified,"Seamless call handling: Incoming phone calls can be directly answered on the tablet, with voice calls transitioning seamlessly between devices.",specification,Snapdragon® 7s Gen 4 Mobile Platform,Home screen+,specification,Xiaomi Interconnectivity,Network sync,specification,of non-stop music streaming,Smooth cross-screen collaboration between the pad and your phone allows for seamless information flow.,specification,"3. Supports up to 27W wired reverse charging, data tested by Xiaomi Internal Labs. Actual performance may vary depending on battery conditions and other factors. When using this feature, please ensure your pad has sufficient battery and verify the compatibility of the receiving device.","11. The unibody metal design refers specifically to the back cover of the product and does not include the camera deco, buttons, card slots, or other components.",,,
xiaomi,2025-09-27,https://ams-go.buy.mi.com/uk/v2/item/productdetail?from=pc&tag=xiaomi-smart-camera-c701,https://www.mi.com/uk/product/xiaomi-smart-camera-c701/buy/?gid=4223712294,4223712294,Xiaomi Smart Camera C701,xiaomi,49.99,,,,,,,,Smart Home,Home Security,Security Cameras,,,,,https://i05.appmifile.com/213_item_uk/19/09/2025/0fcd97980804386878c207a4a0566c12.png,https://i05.appmifile.com/996_item_uk/19/09/2025/83190c1ef5cd315139b607382efacd31.png,https://i05.appmifile.com/197_item_uk/19/09/2025/2e03aa1683868ca6a910d8ecbd96089e.png,https://i05.appmifile.com/499_item_uk/19/09/2025/29a37a539545e5bfe5a1145e2f699f8f.png,https://i05.appmifile.com/23_item_uk/19/09/2025/5a74b56d7570cecc52de21abd8ee7ec4.png,"Explore Xiaomi Smart Camera C701 specs – 4K Ultra HD, H.265 codec, Wi-Fi 6, microSD storage and Android/iOS compatibility.",,,,,,,,,£49.99,49.99,specification,10. Two-way voice calls can be initiated via the Xiaomi Home app. You can't call directly from the camera.,Video codec,,,,,,,,,,,,,,,,,,,,,,,,,,,,,,,,,,,,,,,,,,,,,,,,,,,,,,,,,
xiaomi,2025-09-27,https://ams-go.buy.mi.com/uk/v2/item/productdetail?from=pc&tag=xiaomi-robot-vacuum-h40,https://www.mi.com/uk/product/xiaomi-robot-vacuum-h40/buy/?gid=4223712289,4223712289,Xiaomi Robot Vacuum H40 White,xiaomi,209.99,,,,White,,,,Smart Home,Vacuum Cleaners,Robot Vacuums,,,,,https://i05.appmifile.com/577_item_uk/16/09/2025/68c8ca97be045609bf5f0e5ebdae4846.png,https://i05.appmifile.com/973_item_uk/16/09/2025/bc537184b3fd71fc91e4416bc2c8a99a.png,https://i05.appmifile.com/180_item_uk/16/09/2025/6ac4d8a0524668ade21e3927188ebe27.png,https://i05.appmifile.com/637_item_uk/16/09/2025/fdb8af167aeb8ccc5ba086c161bcf7c5.png,https://i05.appmifile.com/946_item_uk/16/09/2025/7704bf719c89a0c6dc8e8129fedf4f5c.png,"Xiaomi Robot Vacuum H40: 10000Pa powerful suction fan blower, Hurricane-like vacuum, Multidimensional anti-tangle technology",,,,,,,,,£209.99,209.99,specification,V-shaped design,The anti-tangle side brush is not suitable for carpet cleaning. It should be replaced by the side brush to meet carpet cleaning needs.,specification,Automatic step detection prevents the robot vacuum from falls,Silent mode,specification,Charging & mop-cleaning dock x1,"Equipped with a 210mL water tank and three water flow levels that can be set via the Xiaomi Home app, the robot vacuum delivers an even water flow, making it ideal for various floors and stains, offering smarter and more efficient cleaning.",specification,3.67kg,4L dust bag,specification,Smart docking and fewer navigation errors,User manual x1,specification,LDS smart navigation system,Dock dimensions,specification,Restricted areas & virtual walls,"""Alexa, turn off the robot vacuum.""",specification,Water tank x1 (not installed),Quick and accurate mapping,specification,70W,OV51,specification,360° house-wide scanning and mapping,A Bluetooth gateway is required to link smart devices and enable functions such as automatic cleaning when you're out. Network devices and Bluetooth gateways need to be purchased separately.,specification,210mL water tank: Data tested by the manufacturer. Water tank capacity was measured with a measuring cup to be ≥210mL. Actual results may vary due to differences in usage conditions.,Product model,specification,"Handle dust, paper scraps, pet food and cereal more easily with powerful suction. Choose between four power modes according to your needs.",Rated voltage,specification,Charging voltage,Shortcuts,specification,340 x 340 x 97mm,4L large-capacity dust bag,specification,Mop pad x1 (not installed),Quick start guide x1,specification,Highly efficient anti-tangle dust and hair removal,"Supports targeted cleaning around furniture. Set zones, such as the dinner table or sofa, in Xiaomi Home app to promptly clean food scraps, scattered cat litter, spilled dog food and more.",specification,Multidimensional anti-tangle technology,3 levels for smart water output control,specification,Cleaning around cabinets,See specs,specification,Mop the house for thorough and precise dirt removal,Able to handle door thresholds up to 20mm,,,
xiaomi,2025-09-27,https://ams-go.buy.mi.com/uk/v2/item/productdetail?from=pc&tag=xiaomi-outdoor-camera-cw100-dual,https://www.mi.com/uk/product/xiaomi-outdoor-camera-cw100-dual/buy/?gid=4223712119,4223712119,Xiaomi Outdoor Camera CW100 Dual,xiaomi,39.99,,,,,,,,Smart Home,Home Security,Security Cameras,,,,,https://i05.appmifile.com/383_item_uk/09/09/2025/23f91aeff3758d30c5af0ad6e0d71a8c.png,https://i05.appmifile.com/515_item_uk/09/09/2025/d98aea895e1980d68f3bc7402b8ce606.png,https://i05.appmifile.com/966_item_uk/09/09/2025/bd2b8a9a84cd82cdc5acc2a40f7f7c08.png,https://i05.appmifile.com/736_item_uk/09/09/2025/1d31e1d2d74da1ad5789f75215fee634.png,https://i05.appmifile.com/382_item_uk/09/09/2025/722edb7defbd2cdfaff333aea76c3b79.png,"Xiaomi Outdoor Camera Cw100 Dual: Dual-lens camera | Ultra-wide view | Dual-view AI detection, One device, two lenses, Clear and vibrant visuals",,,,,,,,,£39.99,39.99,specification,Name,Xiaomi Outdoor Camera CW100 Dual,specification,Rated input,12V⎓1A,specification,Item dimensions,105 × 198 × 71mm,specification,Resolution,"2304 × 1296, Dual-image",specification,Video codec,H.265,specification,Operating temperature,-30℃ to 60℃,specification,Wireless connectivity,"Wi-Fi IEEE 802.11 b/g/n/ax 2.4 GHz, Bluetooth 5.2",specification,Compatible with,Android™ 8 & iOS 12.0 or higher,specification,Storage,microSD card (16 GB to 256 GB),specification,Model,MJSXJ26CM,,,,,,,,,,,,,,,,,,,,,,,,,,,,,,
xiaomi,2025-09-27,https://ams-go.buy.mi.com/uk/v2/item/productdetail?from=pc&tag=xiaomi-tv-box-s-3rd-gen,https://www.mi.com/uk/product/xiaomi-tv-box-s-3rd-gen/buy/?gid=4223712112,4223712112,Xiaomi TV Box S (3rd Gen),xiaomi,54.99,,,,,,,,Smart Home,TVs & HA,TV Boxes/TV Sticks,,,,,https://i05.appmifile.com/761_item_uk/09/09/2025/69fc1ecdcfaf4949e29e0d4d2dfd8159.png,https://i05.appmifile.com/829_item_uk/09/09/2025/598f9101371239f1ec0e46986a2ed909.png,https://i05.appmifile.com/500_item_uk/09/09/2025/7aaf9855cf87bfebfdcd926073a7f7a7.png,,,Xiaomi Tv Box S 3rd Gen:,,3,5.0,,,,,,£54.99,54.99,,,,,,,,,,,,,,,,,,,,,,,,,,,,,,,,,,,,,,,,,,,,,,,,,,,,,,,,,,,,
xiaomi,2025-09-27,https://ams-go.buy.mi.com/uk/v2/item/productdetail?from=pc&tag=xiaomi-robot-vacuum-s40c,https://www.mi.com/uk/product/xiaomi-robot-vacuum-s40c/buy/?gid=4223712111,4223712111,Xiaomi Robot Vacuum S40C White,xiaomi,139.99,,,,White,,,,Smart Home,Vacuum Cleaners,Robot Vacuums,,,,,https://i05.appmifile.com/355_item_uk/09/09/2025/f9fd31ac2d067501c8eec82f946a061a.png,https://i05.appmifile.com/408_item_uk/09/09/2025/bdebfa701f3fb61df05f2c8a1ae41ec1.png,https://i05.appmifile.com/369_item_uk/09/09/2025/c3d22398b6a2d4ad75ec32a5b7383e9b.png,https://i05.appmifile.com/760_item_uk/09/09/2025/c30e7c5caa6c8e4f1ac5f86bab571c60.png,https://i05.appmifile.com/100_item_uk/09/09/2025/f3f8b9af86d5f898a788956d08ed765a.png,"Xiaomi Robot Vacuum S40c: 5,000Pa powerful suction fan blower, Effortlessly remove large particles and hair, High-capacity dustbin and water tank",,,,,,,,,£139.99,139.99,specification,Product Name,Robotic Vacuum Cleaner,specification,Product Model,E101,specification,Dimensions,340 x 340 x 97mm,specification,Rated Power,55W,specification,Rated Voltage,14.4V⎓,specification,Charging Voltage,20V⎓,specification,Battery Capacity,"2,400mAh (rated capacity)",specification,"2,600mAh (nominal capacity)",Net Weight,specification,3.44kg,Charging Dock,specification,Product Model,E101CDZ,specification,Rated Input,20V⎓ 0.6A,specification,Rated Output,20V⎓ 0.6A,specification,Dimensions,130 x 121 x 95mm,,,,,,,,,,,,,,,,,,,,,
xiaomi,2025-09-27,https://ams-go.buy.mi.com/uk/v2/item/productdetail?from=pc&tag=xiaomi-15t-pro,https://www.mi.com/uk/product/xiaomi-15t-pro/buy/?gid=4223711930,4223711930,Xiaomi 15T Pro Mocha Gold 12 GB + 256 GB,xiaomi,649,,,,Mocha Gold,12 GB + 256 GB,,,Mobile,Phones,Xiaomi Series,,,,,https://i05.appmifile.com/101_item_uk/11/09/2025/7eea1f7453b2fe46ecbc49af55b4002c.png,https://i05.appmifile.com/971_item_uk/11/09/2025/cc6d2165349cac5f208d78f3c4b21484.png,https://i05.appmifile.com/510_item_uk/11/09/2025/932d8c9a14062e886e20bf4d5d5b3fae.png,https://i05.appmifile.com/174_item_uk/11/09/2025/4ac68b5f93d304c57a5fae46d986f2c9.png,https://i05.appmifile.com/564_item_uk/11/09/2025/64a11d29aa72b07f3b0a9a37ce33cf70.png,"Explore full Xiaomi 15T Pro specs in the UK. Camera, battery, display, HyperOS and performance details direct from the official store.",,,,,,,,,£649,649,specification,28,5500mAh (typ),specification,Shining moments are unstoppable,11,specification,Easy to see and easier to use,"1080p (1920x1080) HD video recording at 30 fps, 60 fps",specification,Circle to Search with Google,Time-lapse selfie,specification,23mm,"AI Writing, AI Speech Recognition, AI Interpreter, AI Dynamic Wallpapers and AI Search are available in select regions and languages. Internet connection required. Check responses for accuracy.",specification,14,A cohesive aesthetic for a premium experience,specification,Pro mode,Xiaomi HyperAI,,,,,,,,,,,,,,,,,,,,,,,,,,,,,,,,,,,,,,,
xiaomi,2025-09-27,https://ams-go.buy.mi.com/uk/v2/item/productdetail?from=pc&tag=xiaomi-15t-pro,https://www.mi.com/uk/product/xiaomi-15t-pro/buy/?gid=4223711932,4223711932,Xiaomi 15T Pro Mocha Gold 12 GB+1 TB,xiaomi,799,,,,Mocha Gold,12 GB+1 TB,,,Mobile,Phones,Xiaomi Series,,,,,https://i05.appmifile.com/101_item_uk/11/09/2025/7eea1f7453b2fe46ecbc49af55b4002c.png,https://i05.appmifile.com/971_item_uk/11/09/2025/cc6d2165349cac5f208d78f3c4b21484.png,https://i05.appmifile.com/510_item_uk/11/09/2025/932d8c9a14062e886e20bf4d5d5b3fae.png,https://i05.appmifile.com/174_item_uk/11/09/2025/4ac68b5f93d304c57a5fae46d986f2c9.png,https://i05.appmifile.com/564_item_uk/11/09/2025/64a11d29aa72b07f3b0a9a37ce33cf70.png,"Explore full Xiaomi 15T Pro specs in the UK. Camera, battery, display, HyperOS and performance details direct from the official store.",,,,,,,,,£799,799,specification,28,5500mAh (typ),specification,Shining moments are unstoppable,11,specification,Easy to see and easier to use,"1080p (1920x1080) HD video recording at 30 fps, 60 fps",specification,Circle to Search with Google,Time-lapse selfie,specification,23mm,"AI Writing, AI Speech Recognition, AI Interpreter, AI Dynamic Wallpapers and AI Search are available in select regions and languages. Internet connection required. Check responses for accuracy.",specification,14,A cohesive aesthetic for a premium experience,specification,Pro mode,Xiaomi HyperAI,,,,,,,,,,,,,,,,,,,,,,,,,,,,,,,,,,,,,,,
xiaomi,2025-09-27,https://ams-go.buy.mi.com/uk/v2/item/productdetail?from=pc&tag=xiaomi-15t-pro,https://www.mi.com/uk/product/xiaomi-15t-pro/buy/?gid=4223711926,4223711926,Xiaomi 15T Pro Black 12 GB+1 TB,xiaomi,799,,,,Black,12 GB+1 TB,,,Mobile,Phones,Xiaomi Series,,,,,https://i05.appmifile.com/900_item_uk/11/09/2025/f185eb39ce212ceb9c0909ee2ab9edd2.png,https://i05.appmifile.com/527_item_uk/11/09/2025/b963f513ba351efb2d5271a7a7953389.png,https://i05.appmifile.com/635_item_uk/11/09/2025/dbdcaa1c43a6cedd36da8c1dc345e664.png,https://i05.appmifile.com/79_item_uk/11/09/2025/69cefd746ec8138026db6065a49ab190.png,https://i05.appmifile.com/814_item_uk/11/09/2025/2aba3aaffc97629f650310a1ef67dcce.png,"Explore full Xiaomi 15T Pro specs in the UK. Camera, battery, display, HyperOS and performance details direct from the official store.",,,,,,,,,£799,799,specification,28,5500mAh (typ),specification,Shining moments are unstoppable,11,specification,Easy to see and easier to use,"1080p (1920x1080) HD video recording at 30 fps, 60 fps",specification,Circle to Search with Google,Time-lapse selfie,specification,23mm,"AI Writing, AI Speech Recognition, AI Interpreter, AI Dynamic Wallpapers and AI Search are available in select regions and languages. Internet connection required. Check responses for accuracy.",specification,14,A cohesive aesthetic for a premium experience,specification,Pro mode,Xiaomi HyperAI,,,,,,,,,,,,,,,,,,,,,,,,,,,,,,,,,,,,,,,
xiaomi,2025-09-27,https://ams-go.buy.mi.com/uk/v2/item/productdetail?from=pc&tag=xiaomi-15t-pro,https://www.mi.com/uk/product/xiaomi-15t-pro/buy/?gid=4223711927,4223711927,Xiaomi 15T Pro Gray 12 GB + 256 GB,xiaomi,649,,,,Gray,12 GB + 256 GB,,,Mobile,Phones,Xiaomi Series,,,,,https://i05.appmifile.com/27_item_uk/11/09/2025/efef7e70eb5327a5103fcf6277d9ae14.png,https://i05.appmifile.com/85_item_uk/11/09/2025/ad1b7e114956077b8bc60fbb285415a6.png,https://i05.appmifile.com/413_item_uk/11/09/2025/045a077653a3044b0a0a1cc0fc17d4db.png,https://i05.appmifile.com/67_item_uk/11/09/2025/5ed24f20c741801790dc5434bdcf9fcc.png,https://i05.appmifile.com/996_item_uk/11/09/2025/287fa8e1da029aef23b886101d68845f.png,"Explore full Xiaomi 15T Pro specs in the UK. Camera, battery, display, HyperOS and performance details direct from the official store.",,,,,,,,,£649,649,specification,28,5500mAh (typ),specification,Shining moments are unstoppable,11,specification,Easy to see and easier to use,"1080p (1920x1080) HD video recording at 30 fps, 60 fps",specification,Circle to Search with Google,Time-lapse selfie,specification,23mm,"AI Writing, AI Speech Recognition, AI Interpreter, AI Dynamic Wallpapers and AI Search are available in select regions and languages. Internet connection required. Check responses for accuracy.",specification,14,A cohesive aesthetic for a premium experience,specification,Pro mode,Xiaomi HyperAI,,,,,,,,,,,,,,,,,,,,,,,,,,,,,,,,,,,,,,,
xiaomi,2025-09-27,https://ams-go.buy.mi.com/uk/v2/item/productdetail?from=pc&tag=xiaomi-15t-pro,https://www.mi.com/uk/product/xiaomi-15t-pro/buy/?gid=4223711931,4223711931,Xiaomi 15T Pro Mocha Gold 12 GB + 512 GB,xiaomi,699,,,,Mocha Gold,12 GB + 512 GB,,,Mobile,Phones,Xiaomi Series,,,,,https://i05.appmifile.com/101_item_uk/11/09/2025/7eea1f7453b2fe46ecbc49af55b4002c.png,https://i05.appmifile.com/971_item_uk/11/09/2025/cc6d2165349cac5f208d78f3c4b21484.png,https://i05.appmifile.com/510_item_uk/11/09/2025/932d8c9a14062e886e20bf4d5d5b3fae.png,https://i05.appmifile.com/174_item_uk/11/09/2025/4ac68b5f93d304c57a5fae46d986f2c9.png,https://i05.appmifile.com/564_item_uk/11/09/2025/64a11d29aa72b07f3b0a9a37ce33cf70.png,"Explore full Xiaomi 15T Pro specs in the UK. Camera, battery, display, HyperOS and performance details direct from the official store.",,,,,,,,,£699,699,specification,28,5500mAh (typ),specification,Shining moments are unstoppable,11,specification,Easy to see and easier to use,"1080p (1920x1080) HD video recording at 30 fps, 60 fps",specification,Circle to Search with Google,Time-lapse selfie,specification,23mm,"AI Writing, AI Speech Recognition, AI Interpreter, AI Dynamic Wallpapers and AI Search are available in select regions and languages. Internet connection required. Check responses for accuracy.",specification,14,A cohesive aesthetic for a premium experience,specification,Pro mode,Xiaomi HyperAI,,,,,,,,,,,,,,,,,,,,,,,,,,,,,,,,,,,,,,,
xiaomi,2025-09-27,https://ams-go.buy.mi.com/uk/v2/item/productdetail?from=pc&tag=xiaomi-15t-pro,https://www.mi.com/uk/product/xiaomi-15t-pro/buy/?gid=4223711925,4223711925,Xiaomi 15T Pro Black 12 GB + 512 GB,xiaomi,699,,,,Black,12 GB + 512 GB,,,Mobile,Phones,Xiaomi Series,,,,,https://i05.appmifile.com/900_item_uk/11/09/2025/f185eb39ce212ceb9c0909ee2ab9edd2.png,https://i05.appmifile.com/527_item_uk/11/09/2025/b963f513ba351efb2d5271a7a7953389.png,https://i05.appmifile.com/635_item_uk/11/09/2025/dbdcaa1c43a6cedd36da8c1dc345e664.png,https://i05.appmifile.com/79_item_uk/11/09/2025/69cefd746ec8138026db6065a49ab190.png,https://i05.appmifile.com/814_item_uk/11/09/2025/2aba3aaffc97629f650310a1ef67dcce.png,"Explore full Xiaomi 15T Pro specs in the UK. Camera, battery, display, HyperOS and performance details direct from the official store.",,,,,,,,,£699,699,specification,28,5500mAh (typ),specification,Shining moments are unstoppable,11,specification,Easy to see and easier to use,"1080p (1920x1080) HD video recording at 30 fps, 60 fps",specification,Circle to Search with Google,Time-lapse selfie,specification,23mm,"AI Writing, AI Speech Recognition, AI Interpreter, AI Dynamic Wallpapers and AI Search are available in select regions and languages. Internet connection required. Check responses for accuracy.",specification,14,A cohesive aesthetic for a premium experience,specification,Pro mode,Xiaomi HyperAI,,,,,,,,,,,,,,,,,,,,,,,,,,,,,,,,,,,,,,,
xiaomi,2025-09-27,https://ams-go.buy.mi.com/uk/v2/item/productdetail?from=pc&tag=xiaomi-15t-pro,https://www.mi.com/uk/product/xiaomi-15t-pro/buy/?gid=4223711928,4223711928,Xiaomi 15T Pro Gray 12 GB + 512 GB,xiaomi,699,,,,Gray,12 GB + 512 GB,,,Mobile,Phones,Xiaomi Series,,,,,https://i05.appmifile.com/27_item_uk/11/09/2025/efef7e70eb5327a5103fcf6277d9ae14.png,https://i05.appmifile.com/85_item_uk/11/09/2025/ad1b7e114956077b8bc60fbb285415a6.png,https://i05.appmifile.com/413_item_uk/11/09/2025/045a077653a3044b0a0a1cc0fc17d4db.png,https://i05.appmifile.com/67_item_uk/11/09/2025/5ed24f20c741801790dc5434bdcf9fcc.png,https://i05.appmifile.com/996_item_uk/11/09/2025/287fa8e1da029aef23b886101d68845f.png,"Explore full Xiaomi 15T Pro specs in the UK. Camera, battery, display, HyperOS and performance details direct from the official store.",,,,,,,,,£699,699,specification,28,5500mAh (typ),specification,Shining moments are unstoppable,11,specification,Easy to see and easier to use,"1080p (1920x1080) HD video recording at 30 fps, 60 fps",specification,Circle to Search with Google,Time-lapse selfie,specification,23mm,"AI Writing, AI Speech Recognition, AI Interpreter, AI Dynamic Wallpapers and AI Search are available in select regions and languages. Internet connection required. Check responses for accuracy.",specification,14,A cohesive aesthetic for a premium experience,specification,Pro mode,Xiaomi HyperAI,,,,,,,,,,,,,,,,,,,,,,,,,,,,,,,,,,,,,,,
xiaomi,2025-09-27,https://ams-go.buy.mi.com/uk/v2/item/productdetail?from=pc&tag=xiaomi-15t-pro,https://www.mi.com/uk/product/xiaomi-15t-pro/buy/?gid=4223711929,4223711929,Xiaomi 15T Pro Gray 12 GB+1 TB,xiaomi,799,,,,Gray,12 GB+1 TB,,,Mobile,Phones,Xiaomi Series,,,,,https://i05.appmifile.com/27_item_uk/11/09/2025/efef7e70eb5327a5103fcf6277d9ae14.png,https://i05.appmifile.com/85_item_uk/11/09/2025/ad1b7e114956077b8bc60fbb285415a6.png,https://i05.appmifile.com/413_item_uk/11/09/2025/045a077653a3044b0a0a1cc0fc17d4db.png,https://i05.appmifile.com/67_item_uk/11/09/2025/5ed24f20c741801790dc5434bdcf9fcc.png,https://i05.appmifile.com/996_item_uk/11/09/2025/287fa8e1da029aef23b886101d68845f.png,"Explore full Xiaomi 15T Pro specs in the UK. Camera, battery, display, HyperOS and performance details direct from the official store.",,,,,,,,,£799,799,specification,28,5500mAh (typ),specification,Shining moments are unstoppable,11,specification,Easy to see and easier to use,"1080p (1920x1080) HD video recording at 30 fps, 60 fps",specification,Circle to Search with Google,Time-lapse selfie,specification,23mm,"AI Writing, AI Speech Recognition, AI Interpreter, AI Dynamic Wallpapers and AI Search are available in select regions and languages. Internet connection required. Check responses for accuracy.",specification,14,A cohesive aesthetic for a premium experience,specification,Pro mode,Xiaomi HyperAI,,,,,,,,,,,,,,,,,,,,,,,,,,,,,,,,,,,,,,,
xiaomi,2025-09-27,https://ams-go.buy.mi.com/uk/v2/item/productdetail?from=pc&tag=xiaomi-15t-pro,https://www.mi.com/uk/product/xiaomi-15t-pro/buy/?gid=4223711924,4223711924,Xiaomi 15T Pro Black 12 GB + 256 GB,xiaomi,649,,,,Black,12 GB + 256 GB,,,Mobile,Phones,Xiaomi Series,,,,,https://i05.appmifile.com/900_item_uk/11/09/2025/f185eb39ce212ceb9c0909ee2ab9edd2.png,https://i05.appmifile.com/527_item_uk/11/09/2025/b963f513ba351efb2d5271a7a7953389.png,https://i05.appmifile.com/635_item_uk/11/09/2025/dbdcaa1c43a6cedd36da8c1dc345e664.png,https://i05.appmifile.com/79_item_uk/11/09/2025/69cefd746ec8138026db6065a49ab190.png,https://i05.appmifile.com/814_item_uk/11/09/2025/2aba3aaffc97629f650310a1ef67dcce.png,"Explore full Xiaomi 15T Pro specs in the UK. Camera, battery, display, HyperOS and performance details direct from the official store.",,,,,,,,,£649,649,specification,28,5500mAh (typ),specification,Shining moments are unstoppable,11,specification,Easy to see and easier to use,"1080p (1920x1080) HD video recording at 30 fps, 60 fps",specification,Circle to Search with Google,Time-lapse selfie,specification,23mm,"AI Writing, AI Speech Recognition, AI Interpreter, AI Dynamic Wallpapers and AI Search are available in select regions and languages. Internet connection required. Check responses for accuracy.",specification,14,A cohesive aesthetic for a premium experience,specification,Pro mode,Xiaomi HyperAI,,,,,,,,,,,,,,,,,,,,,,,,,,,,,,,,,,,,,,,
xiaomi,2025-09-27,https://ams-go.buy.mi.com/uk/v2/item/productdetail?from=pc&tag=xiaomi-15t,https://www.mi.com/uk/product/xiaomi-15t/buy/?gid=4223711896,4223711896,Xiaomi 15T Rose Gold 12 GB + 256 GB,xiaomi,549,,,,Rose Gold,12 GB + 256 GB,,,Mobile,Phones,Xiaomi Series,,,,,https://i05.appmifile.com/362_item_uk/11/09/2025/e5ad0cc53812977f2e4cc6d3fda4fd62.png,https://i05.appmifile.com/60_item_uk/11/09/2025/ecae073e19134f609b2520cea37700c3.png,https://i05.appmifile.com/585_item_uk/11/09/2025/77a09c2de271d58f1727e6c01444b4b4.png,https://i05.appmifile.com/447_item_uk/11/09/2025/7efd4c9aa7e663e14bf44c6ea2d205c9.png,https://i05.appmifile.com/881_item_uk/11/09/2025/0cf24ff7f912f806f08d9549e96eaad9.png,"Explore full Xiaomi 15T specs in the UK. Check display, AI camera, battery and performance details, plus the latest release updates and official store price.",,,,,,,,,£549,549,specification,"1. Some of the AI Creativity Assistant features require internet connection, and may vary by system software and Gallery Editor app versions. Please refer to actual use experience.",11,specification,Dimensity 8400-Ultra,20. Wi-Fi 6E/Wi-Fi 6 capability may vary based on regional availability and local network support.,specification,"Featuring the largest battery in the Xiaomi T series, it delivers powerful endurance in a slim design. Equipped with the Xiaomi Surge Battery Management System for long-lasting durability and peace of mind.",Spotlight Photography,specification,23mm equivalent focal length,DAS,specification,Front Camera,"Supports video formats: MP4, MKV, WEBM, 3GP",specification,Get quick access to Gemini without switching apps.,Experience refined design aesthetics and a smoother operating system.,specification,The USB-C port is designed for digital devices only; using it with non-digital devices may cause incompatibility.,+26%,specification,GPS: L1+L5,Google and Android are trademarks of Google LLC. Available on select devices and internet connection required. Works on compatible apps and surfaces. Result may vary depending on visual matches. Check responses for accuracy.,specification,Leica ultra-wide camera,TÜV Rheinland Low Blue Light (Hardware Solution) Certified,specification,Results are for illustrative purposes only and may vary. Check responses. Setup required. Compatibility and availability varies. 18+. Google and Gemini are trademarks of Google LLC.,Rear Camera,specification,Narrower bezels,"The versatile triple-camera setup captures all angles effortlessly, delivering master-level imaging and stunning photos at your fingertips.",specification,Large sensor,Xiaomi HyperOS 3 will be available via OTA starting from the end of October 2025 in select regions. Availability and rollout schedule may vary by region. Please check your local official website for more information.,specification,AI Writing,Video teleprompter,specification,12MP sensor,Storage: UFS 4.1,specification,67W HyperCharge,"1080p (1920x1080) HD video recording at 30 fps, 60 fps",specification,5G NSA:n1/3/5/7/8/20/28/38/40/41/66/71/75/77/78,No power adapter is included in the box. Using Xiaomi 67W power adapter or above is recommended.,specification,50MP,AI Dynamic Wallpapers,specification,Leica Summilux optical lens,4K 60fps,specification,"Chat with Gemini, a truly helpful personal Al assistant from Google, to supercharge your ideas.",AI Creativity Assistant,,,
xiaomi,2025-09-27,https://ams-go.buy.mi.com/uk/v2/item/productdetail?from=pc&tag=xiaomi-15t,https://www.mi.com/uk/product/xiaomi-15t/buy/?gid=4223711897,4223711897,Xiaomi 15T Rose Gold 12 GB + 512 GB,xiaomi,599,,,,Rose Gold,12 GB + 512 GB,,,Mobile,Phones,Xiaomi Series,,,,,https://i05.appmifile.com/362_item_uk/11/09/2025/e5ad0cc53812977f2e4cc6d3fda4fd62.png,https://i05.appmifile.com/60_item_uk/11/09/2025/ecae073e19134f609b2520cea37700c3.png,https://i05.appmifile.com/585_item_uk/11/09/2025/77a09c2de271d58f1727e6c01444b4b4.png,https://i05.appmifile.com/447_item_uk/11/09/2025/7efd4c9aa7e663e14bf44c6ea2d205c9.png,https://i05.appmifile.com/881_item_uk/11/09/2025/0cf24ff7f912f806f08d9549e96eaad9.png,"Explore full Xiaomi 15T specs in the UK. Check display, AI camera, battery and performance details, plus the latest release updates and official store price.",,,,,,,,,£599,599,specification,"1. Some of the AI Creativity Assistant features require internet connection, and may vary by system software and Gallery Editor app versions. Please refer to actual use experience.",11,specification,Dimensity 8400-Ultra,20. Wi-Fi 6E/Wi-Fi 6 capability may vary based on regional availability and local network support.,specification,"Featuring the largest battery in the Xiaomi T series, it delivers powerful endurance in a slim design. Equipped with the Xiaomi Surge Battery Management System for long-lasting durability and peace of mind.",Spotlight Photography,specification,23mm equivalent focal length,DAS,specification,Front Camera,"Supports video formats: MP4, MKV, WEBM, 3GP",specification,Get quick access to Gemini without switching apps.,Experience refined design aesthetics and a smoother operating system.,specification,The USB-C port is designed for digital devices only; using it with non-digital devices may cause incompatibility.,+26%,specification,GPS: L1+L5,Google and Android are trademarks of Google LLC. Available on select devices and internet connection required. Works on compatible apps and surfaces. Result may vary depending on visual matches. Check responses for accuracy.,specification,Leica ultra-wide camera,TÜV Rheinland Low Blue Light (Hardware Solution) Certified,specification,Results are for illustrative purposes only and may vary. Check responses. Setup required. Compatibility and availability varies. 18+. Google and Gemini are trademarks of Google LLC.,Rear Camera,specification,Narrower bezels,"The versatile triple-camera setup captures all angles effortlessly, delivering master-level imaging and stunning photos at your fingertips.",specification,Large sensor,Xiaomi HyperOS 3 will be available via OTA starting from the end of October 2025 in select regions. Availability and rollout schedule may vary by region. Please check your local official website for more information.,specification,AI Writing,Video teleprompter,specification,12MP sensor,Storage: UFS 4.1,specification,67W HyperCharge,"1080p (1920x1080) HD video recording at 30 fps, 60 fps",specification,5G NSA:n1/3/5/7/8/20/28/38/40/41/66/71/75/77/78,No power adapter is included in the box. Using Xiaomi 67W power adapter or above is recommended.,specification,50MP,AI Dynamic Wallpapers,specification,Leica Summilux optical lens,4K 60fps,specification,"Chat with Gemini, a truly helpful personal Al assistant from Google, to supercharge your ideas.",AI Creativity Assistant,,,
xiaomi,2025-09-27,https://ams-go.buy.mi.com/uk/v2/item/productdetail?from=pc&tag=xiaomi-15t,https://www.mi.com/uk/product/xiaomi-15t/buy/?gid=4223711892,4223711892,Xiaomi 15T Black 12 GB + 256 GB,xiaomi,549,,,,Black,12 GB + 256 GB,,,Mobile,Phones,Xiaomi Series,,,,,https://i05.appmifile.com/886_item_uk/11/09/2025/391d80ecb716881ab68801afd442b159.png,https://i05.appmifile.com/988_item_uk/11/09/2025/8ddf15686074d47107929f0149234b2e.png,https://i05.appmifile.com/180_item_uk/11/09/2025/0a85ce8f3cdcb1537e04ac46f0de415a.png,https://i05.appmifile.com/161_item_uk/11/09/2025/a48cb6abac3c24bd51307749ffb07c26.png,https://i05.appmifile.com/907_item_uk/11/09/2025/5b73208a8f9eabadae711e66c6acf81f.png,"Explore full Xiaomi 15T specs in the UK. Check display, AI camera, battery and performance details, plus the latest release updates and official store price.",,,,,,,,,£549,549,specification,"1. Some of the AI Creativity Assistant features require internet connection, and may vary by system software and Gallery Editor app versions. Please refer to actual use experience.",11,specification,Dimensity 8400-Ultra,20. Wi-Fi 6E/Wi-Fi 6 capability may vary based on regional availability and local network support.,specification,"Featuring the largest battery in the Xiaomi T series, it delivers powerful endurance in a slim design. Equipped with the Xiaomi Surge Battery Management System for long-lasting durability and peace of mind.",Spotlight Photography,specification,23mm equivalent focal length,DAS,specification,Front Camera,"Supports video formats: MP4, MKV, WEBM, 3GP",specification,Get quick access to Gemini without switching apps.,Experience refined design aesthetics and a smoother operating system.,specification,The USB-C port is designed for digital devices only; using it with non-digital devices may cause incompatibility.,+26%,specification,GPS: L1+L5,Google and Android are trademarks of Google LLC. Available on select devices and internet connection required. Works on compatible apps and surfaces. Result may vary depending on visual matches. Check responses for accuracy.,specification,Leica ultra-wide camera,TÜV Rheinland Low Blue Light (Hardware Solution) Certified,specification,Results are for illustrative purposes only and may vary. Check responses. Setup required. Compatibility and availability varies. 18+. Google and Gemini are trademarks of Google LLC.,Rear Camera,specification,Narrower bezels,"The versatile triple-camera setup captures all angles effortlessly, delivering master-level imaging and stunning photos at your fingertips.",specification,Large sensor,Xiaomi HyperOS 3 will be available via OTA starting from the end of October 2025 in select regions. Availability and rollout schedule may vary by region. Please check your local official website for more information.,specification,AI Writing,Video teleprompter,specification,12MP sensor,Storage: UFS 4.1,specification,67W HyperCharge,"1080p (1920x1080) HD video recording at 30 fps, 60 fps",specification,5G NSA:n1/3/5/7/8/20/28/38/40/41/66/71/75/77/78,No power adapter is included in the box. Using Xiaomi 67W power adapter or above is recommended.,specification,50MP,AI Dynamic Wallpapers,specification,Leica Summilux optical lens,4K 60fps,specification,"Chat with Gemini, a truly helpful personal Al assistant from Google, to supercharge your ideas.",AI Creativity Assistant,,,
xiaomi,2025-09-27,https://ams-go.buy.mi.com/uk/v2/item/productdetail?from=pc&tag=xiaomi-15t,https://www.mi.com/uk/product/xiaomi-15t/buy/?gid=4223711893,4223711893,Xiaomi 15T Black 12 GB + 512 GB,xiaomi,599,,,,Black,12 GB + 512 GB,,,Mobile,Phones,Xiaomi Series,,,,,https://i05.appmifile.com/886_item_uk/11/09/2025/391d80ecb716881ab68801afd442b159.png,https://i05.appmifile.com/988_item_uk/11/09/2025/8ddf15686074d47107929f0149234b2e.png,https://i05.appmifile.com/180_item_uk/11/09/2025/0a85ce8f3cdcb1537e04ac46f0de415a.png,https://i05.appmifile.com/161_item_uk/11/09/2025/a48cb6abac3c24bd51307749ffb07c26.png,https://i05.appmifile.com/907_item_uk/11/09/2025/5b73208a8f9eabadae711e66c6acf81f.png,"Explore full Xiaomi 15T specs in the UK. Check display, AI camera, battery and performance details, plus the latest release updates and official store price.",,,,,,,,,£599,599,specification,"1. Some of the AI Creativity Assistant features require internet connection, and may vary by system software and Gallery Editor app versions. Please refer to actual use experience.",11,specification,Dimensity 8400-Ultra,20. Wi-Fi 6E/Wi-Fi 6 capability may vary based on regional availability and local network support.,specification,"Featuring the largest battery in the Xiaomi T series, it delivers powerful endurance in a slim design. Equipped with the Xiaomi Surge Battery Management System for long-lasting durability and peace of mind.",Spotlight Photography,specification,23mm equivalent focal length,DAS,specification,Front Camera,"Supports video formats: MP4, MKV, WEBM, 3GP",specification,Get quick access to Gemini without switching apps.,Experience refined design aesthetics and a smoother operating system.,specification,The USB-C port is designed for digital devices only; using it with non-digital devices may cause incompatibility.,+26%,specification,GPS: L1+L5,Google and Android are trademarks of Google LLC. Available on select devices and internet connection required. Works on compatible apps and surfaces. Result may vary depending on visual matches. Check responses for accuracy.,specification,Leica ultra-wide camera,TÜV Rheinland Low Blue Light (Hardware Solution) Certified,specification,Results are for illustrative purposes only and may vary. Check responses. Setup required. Compatibility and availability varies. 18+. Google and Gemini are trademarks of Google LLC.,Rear Camera,specification,Narrower bezels,"The versatile triple-camera setup captures all angles effortlessly, delivering master-level imaging and stunning photos at your fingertips.",specification,Large sensor,Xiaomi HyperOS 3 will be available via OTA starting from the end of October 2025 in select regions. Availability and rollout schedule may vary by region. Please check your local official website for more information.,specification,AI Writing,Video teleprompter,specification,12MP sensor,Storage: UFS 4.1,specification,67W HyperCharge,"1080p (1920x1080) HD video recording at 30 fps, 60 fps",specification,5G NSA:n1/3/5/7/8/20/28/38/40/41/66/71/75/77/78,No power adapter is included in the box. Using Xiaomi 67W power adapter or above is recommended.,specification,50MP,AI Dynamic Wallpapers,specification,Leica Summilux optical lens,4K 60fps,specification,"Chat with Gemini, a truly helpful personal Al assistant from Google, to supercharge your ideas.",AI Creativity Assistant,,,
xiaomi,2025-09-27,https://ams-go.buy.mi.com/uk/v2/item/productdetail?from=pc&tag=xiaomi-15t,https://www.mi.com/uk/product/xiaomi-15t/buy/?gid=4223711894,4223711894,Xiaomi 15T Gray 12 GB + 256 GB,xiaomi,549,,,,Gray,12 GB + 256 GB,,,Mobile,Phones,Xiaomi Series,,,,,https://i05.appmifile.com/853_item_uk/11/09/2025/f6e21560c731eeb9e9eccca6320cbe1e.png,https://i05.appmifile.com/575_item_uk/11/09/2025/6c54457d7345362cfd9ae9cda3452f4f.png,https://i05.appmifile.com/436_item_uk/11/09/2025/1e9e410ac6e3acaf8742975c1f08f645.png,https://i05.appmifile.com/128_item_uk/11/09/2025/d9f695912596f5bfbf68e3e2d7c10d5d.png,https://i05.appmifile.com/845_item_uk/11/09/2025/d924244941ef92dc07b26e34b78e33a0.png,"Explore full Xiaomi 15T specs in the UK. Check display, AI camera, battery and performance details, plus the latest release updates and official store price.",,,,,,,,,£549,549,specification,"1. Some of the AI Creativity Assistant features require internet connection, and may vary by system software and Gallery Editor app versions. Please refer to actual use experience.",11,specification,Dimensity 8400-Ultra,20. Wi-Fi 6E/Wi-Fi 6 capability may vary based on regional availability and local network support.,specification,"Featuring the largest battery in the Xiaomi T series, it delivers powerful endurance in a slim design. Equipped with the Xiaomi Surge Battery Management System for long-lasting durability and peace of mind.",Spotlight Photography,specification,23mm equivalent focal length,DAS,specification,Front Camera,"Supports video formats: MP4, MKV, WEBM, 3GP",specification,Get quick access to Gemini without switching apps.,Experience refined design aesthetics and a smoother operating system.,specification,The USB-C port is designed for digital devices only; using it with non-digital devices may cause incompatibility.,+26%,specification,GPS: L1+L5,Google and Android are trademarks of Google LLC. Available on select devices and internet connection required. Works on compatible apps and surfaces. Result may vary depending on visual matches. Check responses for accuracy.,specification,Leica ultra-wide camera,TÜV Rheinland Low Blue Light (Hardware Solution) Certified,specification,Results are for illustrative purposes only and may vary. Check responses. Setup required. Compatibility and availability varies. 18+. Google and Gemini are trademarks of Google LLC.,Rear Camera,specification,Narrower bezels,"The versatile triple-camera setup captures all angles effortlessly, delivering master-level imaging and stunning photos at your fingertips.",specification,Large sensor,Xiaomi HyperOS 3 will be available via OTA starting from the end of October 2025 in select regions. Availability and rollout schedule may vary by region. Please check your local official website for more information.,specification,AI Writing,Video teleprompter,specification,12MP sensor,Storage: UFS 4.1,specification,67W HyperCharge,"1080p (1920x1080) HD video recording at 30 fps, 60 fps",specification,5G NSA:n1/3/5/7/8/20/28/38/40/41/66/71/75/77/78,No power adapter is included in the box. Using Xiaomi 67W power adapter or above is recommended.,specification,50MP,AI Dynamic Wallpapers,specification,Leica Summilux optical lens,4K 60fps,specification,"Chat with Gemini, a truly helpful personal Al assistant from Google, to supercharge your ideas.",AI Creativity Assistant,,,
xiaomi,2025-09-27,https://ams-go.buy.mi.com/uk/v2/item/productdetail?from=pc&tag=xiaomi-15t,https://www.mi.com/uk/product/xiaomi-15t/buy/?gid=4223711895,4223711895,Xiaomi 15T Gray 12 GB + 512 GB,xiaomi,599,,,,Gray,12 GB + 512 GB,,,Mobile,Phones,Xiaomi Series,,,,,https://i05.appmifile.com/853_item_uk/11/09/2025/f6e21560c731eeb9e9eccca6320cbe1e.png,https://i05.appmifile.com/575_item_uk/11/09/2025/6c54457d7345362cfd9ae9cda3452f4f.png,https://i05.appmifile.com/436_item_uk/11/09/2025/1e9e410ac6e3acaf8742975c1f08f645.png,https://i05.appmifile.com/128_item_uk/11/09/2025/d9f695912596f5bfbf68e3e2d7c10d5d.png,https://i05.appmifile.com/845_item_uk/11/09/2025/d924244941ef92dc07b26e34b78e33a0.png,"Explore full Xiaomi 15T specs in the UK. Check display, AI camera, battery and performance details, plus the latest release updates and official store price.",,,,,,,,,£599,599,specification,"1. Some of the AI Creativity Assistant features require internet connection, and may vary by system software and Gallery Editor app versions. Please refer to actual use experience.",11,specification,Dimensity 8400-Ultra,20. Wi-Fi 6E/Wi-Fi 6 capability may vary based on regional availability and local network support.,specification,"Featuring the largest battery in the Xiaomi T series, it delivers powerful endurance in a slim design. Equipped with the Xiaomi Surge Battery Management System for long-lasting durability and peace of mind.",Spotlight Photography,specification,23mm equivalent focal length,DAS,specification,Front Camera,"Supports video formats: MP4, MKV, WEBM, 3GP",specification,Get quick access to Gemini without switching apps.,Experience refined design aesthetics and a smoother operating system.,specification,The USB-C port is designed for digital devices only; using it with non-digital devices may cause incompatibility.,+26%,specification,GPS: L1+L5,Google and Android are trademarks of Google LLC. Available on select devices and internet connection required. Works on compatible apps and surfaces. Result may vary depending on visual matches. Check responses for accuracy.,specification,Leica ultra-wide camera,TÜV Rheinland Low Blue Light (Hardware Solution) Certified,specification,Results are for illustrative purposes only and may vary. Check responses. Setup required. Compatibility and availability varies. 18+. Google and Gemini are trademarks of Google LLC.,Rear Camera,specification,Narrower bezels,"The versatile triple-camera setup captures all angles effortlessly, delivering master-level imaging and stunning photos at your fingertips.",specification,Large sensor,Xiaomi HyperOS 3 will be available via OTA starting from the end of October 2025 in select regions. Availability and rollout schedule may vary by region. Please check your local official website for more information.,specification,AI Writing,Video teleprompter,specification,12MP sensor,Storage: UFS 4.1,specification,67W HyperCharge,"1080p (1920x1080) HD video recording at 30 fps, 60 fps",specification,5G NSA:n1/3/5/7/8/20/28/38/40/41/66/71/75/77/78,No power adapter is included in the box. Using Xiaomi 67W power adapter or above is recommended.,specification,50MP,AI Dynamic Wallpapers,specification,Leica Summilux optical lens,4K 60fps,specification,"Chat with Gemini, a truly helpful personal Al assistant from Google, to supercharge your ideas.",AI Creativity Assistant,,,
xiaomi,2025-09-27,https://ams-go.buy.mi.com/uk/v2/item/productdetail?from=pc&tag=xiaomi-openwear-stereo-pro,https://www.mi.com/uk/product/xiaomi-openwear-stereo-pro/buy/?gid=4223711887,4223711887,Xiaomi OpenWear Stereo Pro Sand Gold,xiaomi,139.99,,,,Sand Gold,,,,Wearables,TWS Earphones,TWS Earphone,,,,,https://i05.appmifile.com/528_item_uk/10/09/2025/dd9d8508ece14f5f6b6906cef6c59b3b.png,https://i05.appmifile.com/70_item_uk/10/09/2025/a01a8e6629d8491e2abce88fd81fc765.png,https://i05.appmifile.com/963_item_uk/10/09/2025/62f7f483ab69ca37554da21ccc2b321b.png,https://i05.appmifile.com/579_item_uk/10/09/2025/fa1703a38b17c02b27e8a241111dc3fc.png,https://i05.appmifile.com/691_item_uk/10/09/2025/eadf8d738a95d837ddae97af11e762df.png,"Discover Xiaomi Openwear Stereo Pro with 45h battery life, Bluetooth® 5.4, IP54 rating and LDAC audio. Shop today at the official UK store.",,,,,,,,,£139.99,139.99,specification,Total weight,The shape and size of the earbuds have been optimised to better match the ear's natural curvature.,specification,Earbuds: 56mAh,Battery life with charging case,specification,Graphite Black,1. Individual wearing experiences vary and the earbuds are not completely weightless. Please refer to the actual experience.,specification,Sound leakage reduction driver,9.7g（±0.2g）,specification,IP54 (earbuds),16,specification,The outward-tilted earbud design avoids pressing on the tragus for more comfortable long-term wear.,45 hours,specification,Unlock 3 months of ad-free music with Spotify Premium when you get the Xiaomi OpenWear Stereo Pro,5V ⎓ 130mA,specification,"12. Press and hold an earphone to turn on AI Subtitles. Models supporting the AI Subtitles function: Xiaomi 15T Pro, Xiaomi 15T, Xiaomi 15 Ultra, Xiaomi 15. Other models will be updated later. This feature can be enabled in the Bluetooth settings page on the phone.",Play/pause music,specification,52.5g（±1g）,Earbud input parameters,specification,Fine nano-tech vegan leather,The exterior is wrapped in soft and comfortable skin-friendly liquid silicone.,specification,"360° head-tracking surround sound delivers an immersive auditory experience, absorbing you in the moment with precise spatial sound.","14. Google Fast Pair will deactivate for 5 minutes if consecutively cancelled 3 times. If deactivated, please wait for 5 minutes before reattempting pairing via Google Fast Pair.",specification,Bluetooth® 5.4,5V ⎓ 1200mA,,,,,,,,,,,,,,,,,,,,,,,,
xiaomi,2025-09-27,https://ams-go.buy.mi.com/uk/v2/item/productdetail?from=pc&tag=xiaomi-openwear-stereo-pro,https://www.mi.com/uk/product/xiaomi-openwear-stereo-pro/buy/?gid=4223711885,4223711885,Xiaomi OpenWear Stereo Pro Graphite Black,xiaomi,139.99,,,,Graphite Black,,,,Wearables,TWS Earphones,TWS Earphone,,,,,https://i05.appmifile.com/383_item_uk/10/09/2025/eb7cf19cef679654ae390cdef38c292c.png,https://i05.appmifile.com/309_item_uk/10/09/2025/e211b78ddb4073b06993b136f8054994.png,https://i05.appmifile.com/76_item_uk/10/09/2025/8ae2662c56f5774262ac1cd7a35bd1e5.png,//i05.appmifile.com/177_item_uk/10/09/2025/7fcd5626c0da72c9d5da7d9e95d7ec13.jpg,https://i05.appmifile.com/691_item_uk/10/09/2025/eadf8d738a95d837ddae97af11e762df.png,"Discover Xiaomi Openwear Stereo Pro with 45h battery life, Bluetooth® 5.4, IP54 rating and LDAC audio. Shop today at the official UK store.",,,,,,,,,£139.99,139.99,specification,Total weight,The shape and size of the earbuds have been optimised to better match the ear's natural curvature.,specification,Earbuds: 56mAh,Battery life with charging case,specification,Graphite Black,1. Individual wearing experiences vary and the earbuds are not completely weightless. Please refer to the actual experience.,specification,Sound leakage reduction driver,9.7g（±0.2g）,specification,IP54 (earbuds),16,specification,The outward-tilted earbud design avoids pressing on the tragus for more comfortable long-term wear.,45 hours,specification,Unlock 3 months of ad-free music with Spotify Premium when you get the Xiaomi OpenWear Stereo Pro,5V ⎓ 130mA,specification,"12. Press and hold an earphone to turn on AI Subtitles. Models supporting the AI Subtitles function: Xiaomi 15T Pro, Xiaomi 15T, Xiaomi 15 Ultra, Xiaomi 15. Other models will be updated later. This feature can be enabled in the Bluetooth settings page on the phone.",Play/pause music,specification,52.5g（±1g）,Earbud input parameters,specification,Fine nano-tech vegan leather,The exterior is wrapped in soft and comfortable skin-friendly liquid silicone.,specification,"360° head-tracking surround sound delivers an immersive auditory experience, absorbing you in the moment with precise spatial sound.","14. Google Fast Pair will deactivate for 5 minutes if consecutively cancelled 3 times. If deactivated, please wait for 5 minutes before reattempting pairing via Google Fast Pair.",specification,Bluetooth® 5.4,5V ⎓ 1200mA,,,,,,,,,,,,,,,,,,,,,,,,
xiaomi,2025-09-27,https://ams-go.buy.mi.com/uk/v2/item/productdetail?from=pc&tag=xiaomi-openwear-stereo-pro,https://www.mi.com/uk/product/xiaomi-openwear-stereo-pro/buy/?gid=4223711886,4223711886,Xiaomi OpenWear Stereo Pro Titan Gray,xiaomi,139.99,,,,Titan Gray,,,,Wearables,TWS Earphones,TWS Earphone,,,,,https://i05.appmifile.com/812_item_uk/10/09/2025/6a3198e1b4b2990b0d0048c95ae86071.png,https://i05.appmifile.com/25_item_uk/10/09/2025/86c2322fe39fb5e24acefb2e6135cb77.png,https://i05.appmifile.com/543_item_uk/10/09/2025/8da85b20a2b6b69005fec9da53b531d8.png,//i05.appmifile.com/177_item_uk/10/09/2025/7fcd5626c0da72c9d5da7d9e95d7ec13.jpg,https://i05.appmifile.com/691_item_uk/10/09/2025/eadf8d738a95d837ddae97af11e762df.png,"Discover Xiaomi Openwear Stereo Pro with 45h battery life, Bluetooth® 5.4, IP54 rating and LDAC audio. Shop today at the official UK store.",,,,,,,,,£139.99,139.99,specification,Total weight,The shape and size of the earbuds have been optimised to better match the ear's natural curvature.,specification,Earbuds: 56mAh,Battery life with charging case,specification,Graphite Black,1. Individual wearing experiences vary and the earbuds are not completely weightless. Please refer to the actual experience.,specification,Sound leakage reduction driver,9.7g（±0.2g）,specification,IP54 (earbuds),16,specification,The outward-tilted earbud design avoids pressing on the tragus for more comfortable long-term wear.,45 hours,specification,Unlock 3 months of ad-free music with Spotify Premium when you get the Xiaomi OpenWear Stereo Pro,5V ⎓ 130mA,specification,"12. Press and hold an earphone to turn on AI Subtitles. Models supporting the AI Subtitles function: Xiaomi 15T Pro, Xiaomi 15T, Xiaomi 15 Ultra, Xiaomi 15. Other models will be updated later. This feature can be enabled in the Bluetooth settings page on the phone.",Play/pause music,specification,52.5g（±1g）,Earbud input parameters,specification,Fine nano-tech vegan leather,The exterior is wrapped in soft and comfortable skin-friendly liquid silicone.,specification,"360° head-tracking surround sound delivers an immersive auditory experience, absorbing you in the moment with precise spatial sound.","14. Google Fast Pair will deactivate for 5 minutes if consecutively cancelled 3 times. If deactivated, please wait for 5 minutes before reattempting pairing via Google Fast Pair.",specification,Bluetooth® 5.4,5V ⎓ 1200mA,,,,,,,,,,,,,,,,,,,,,,,,
xiaomi,2025-09-27,https://ams-go.buy.mi.com/uk/v2/item/productdetail?from=pc&tag=xiaomi-watch-s4-41mm,https://www.mi.com/uk/product/xiaomi-watch-s4-41mm/buy/?gid=4223711879,4223711879,Xiaomi Watch S4 41mm Fluororubber Strap(Black),xiaomi,129.99,,,,Black,,,,Wearables,Smart Watches,Watch,,,,,https://i05.appmifile.com/604_item_uk/10/09/2025/05c0869a780dab5f89d8250ee87dbcfe.png,https://i05.appmifile.com/644_item_uk/10/09/2025/ebdcc609345f9d60322ac847937d4edd.png,,,,"Buy Xiaomi Watch S4 41mm at the official UK store. Elegant stainless steel design, AMOLED display, health tracking and long battery life with warranty.",,,,,,,,,£129.99,129.99,specification,Speaker: Supported,1,specification,Normal usage time: up to 4 days,9,specification,Black,Convenient NFC payment,specification,Enhanced health monitoring,Mint green,specification,Display,All-day stress monitoring,specification,20,Refresh rate,specification,Independent workout tracking,"10. Normal usage test conditions: With the watch fully charged using factory settings and the Elegant Prelude watch face, with high-precision sleep monitoring, all-day stress detection, and all-day SpO₂ monitoring enabled, using smart heart rate monitoring, 100 message notifications, 2 call reminders, 3 alarms, 8 NFC card uses and raising the wrist to light up the screen 360 times per day, 1 daily app data sync, 15 minutes of Bluetooth calls per week, 30 minutes of local music playback via headphones per week (local music playback only supported on Android), 180 minutes of weekly exercise recording (GNSS on) and 6 minutes of daily swipe operations. Data comes from Xiaomi Internal Labs.",specification,41.2mm × 41.2mm × 9.5mm,"Compatibility: Supports smartphones with Android 8.0 and above, or iOS 14.0 and above.",specification,Heavy usage time: up to 3 days,Share location,specification,"Utilising sleep data, it covers sleep schedule optimization, nap management, daytime activity, and pre-bed relaxation to enhance sleep quality.",Black,specification,"19. To get enhanced female cycle predictions, please enable monitoring while sleeping under skin temperature or turn on smart period predictions in cycles in the Mi Fitness app.",Xiaomi HyperOS 3 will be available via OTA from the end of September 2025.,specification,"2. This product and its features are not designed for medical purposes, and are not intended to predict, diagnose, prevent, or cure any disease.",21,specification,Strap,Built-in GNSS: Supported,specification,Display refresh rate may vary across different interfaces. Please refer to the actual usage scenario.,8-day battery life,specification,Wireless connectivity: Bluetooth® 5.4,41mm,specification,Sleep score,"Remotely control your phone to start video recording during exercise, with real-time data such as heart rate and calories shown on screen.",specification,Brightness: HBM 1500nits,Camera,specification,466 × 466,"The new 41mm diameter is compact, offering enhanced comfort and stylish versatility.",specification,"Exchange the calories you burn each day for food for your pet. Feed it, interact with it and watch it grow.",2,,,
xiaomi,2025-09-27,https://ams-go.buy.mi.com/uk/v2/item/productdetail?from=pc&tag=xiaomi-watch-s4-41mm,https://www.mi.com/uk/product/xiaomi-watch-s4-41mm/buy/?gid=4223711880,4223711880,Xiaomi Watch S4 41mm Leather Strap(White),xiaomi,149.99,,,,White,,,,Wearables,Smart Watches,Watch,,,,,https://i05.appmifile.com/589_item_uk/10/09/2025/84673a86dc1e3f1e5f7291d84177680f.png,https://i05.appmifile.com/795_item_uk/10/09/2025/83a31224e33e371c3daf22a3e2f7e364.png,https://i05.appmifile.com/227_item_uk/10/09/2025/242d361b59a6fd58e4bf2469816a1f2b.png,https://i05.appmifile.com/936_item_uk/10/09/2025/a3d74fcf860627381bdcd8489e50f052.png,https://i05.appmifile.com/925_item_uk/10/09/2025/c3dbcf1b8844d40e9a21ac4956793288.png,"Buy Xiaomi Watch S4 41mm at the official UK store. Elegant stainless steel design, AMOLED display, health tracking and long battery life with warranty.",,,,,,,,,£149.99,149.99,specification,Speaker: Supported,1,specification,Normal usage time: up to 4 days,9,specification,Black,Convenient NFC payment,specification,Enhanced health monitoring,Mint green,specification,Display,All-day stress monitoring,specification,20,Refresh rate,specification,Independent workout tracking,"10. Normal usage test conditions: With the watch fully charged using factory settings and the Elegant Prelude watch face, with high-precision sleep monitoring, all-day stress detection, and all-day SpO₂ monitoring enabled, using smart heart rate monitoring, 100 message notifications, 2 call reminders, 3 alarms, 8 NFC card uses and raising the wrist to light up the screen 360 times per day, 1 daily app data sync, 15 minutes of Bluetooth calls per week, 30 minutes of local music playback via headphones per week (local music playback only supported on Android), 180 minutes of weekly exercise recording (GNSS on) and 6 minutes of daily swipe operations. Data comes from Xiaomi Internal Labs.",specification,41.2mm × 41.2mm × 9.5mm,"Compatibility: Supports smartphones with Android 8.0 and above, or iOS 14.0 and above.",specification,Heavy usage time: up to 3 days,Share location,specification,"Utilising sleep data, it covers sleep schedule optimization, nap management, daytime activity, and pre-bed relaxation to enhance sleep quality.",Black,specification,"19. To get enhanced female cycle predictions, please enable monitoring while sleeping under skin temperature or turn on smart period predictions in cycles in the Mi Fitness app.",Xiaomi HyperOS 3 will be available via OTA from the end of September 2025.,specification,"2. This product and its features are not designed for medical purposes, and are not intended to predict, diagnose, prevent, or cure any disease.",21,specification,Strap,Built-in GNSS: Supported,specification,Display refresh rate may vary across different interfaces. Please refer to the actual usage scenario.,8-day battery life,specification,Wireless connectivity: Bluetooth® 5.4,41mm,specification,Sleep score,"Remotely control your phone to start video recording during exercise, with real-time data such as heart rate and calories shown on screen.",specification,Brightness: HBM 1500nits,Camera,specification,466 × 466,"The new 41mm diameter is compact, offering enhanced comfort and stylish versatility.",specification,"Exchange the calories you burn each day for food for your pet. Feed it, interact with it and watch it grow.",2,,,
xiaomi,2025-09-27,https://ams-go.buy.mi.com/uk/v2/item/productdetail?from=pc&tag=xiaomi-watch-s4-41mm,https://www.mi.com/uk/product/xiaomi-watch-s4-41mm/buy/?gid=4223711881,4223711881,Xiaomi Watch S4 41mm Milanese Strap(Sunset Gold),xiaomi,189.99,,,,Sunset Gold,,,,Wearables,Smart Watches,Watch,,,,,https://i05.appmifile.com/361_item_uk/10/09/2025/cec5a5bdd74b0d1f6fd39a1ae6b592ae.png,https://i05.appmifile.com/160_item_uk/10/09/2025/321add1a2e31162c47ac2f9237afc161.png,https://i05.appmifile.com/634_item_uk/10/09/2025/e94665d3a8198427ad376994fb028d83.png,https://i05.appmifile.com/458_item_uk/10/09/2025/9f087c87e3d29f172548ab28dd7447a7.png,https://i05.appmifile.com/925_item_uk/10/09/2025/c3dbcf1b8844d40e9a21ac4956793288.png,"Buy Xiaomi Watch S4 41mm at the official UK store. Elegant stainless steel design, AMOLED display, health tracking and long battery life with warranty.",,,,,,,,,£189.99,189.99,specification,Speaker: Supported,1,specification,Normal usage time: up to 4 days,9,specification,Black,Convenient NFC payment,specification,Enhanced health monitoring,Mint green,specification,Display,All-day stress monitoring,specification,20,Refresh rate,specification,Independent workout tracking,"10. Normal usage test conditions: With the watch fully charged using factory settings and the Elegant Prelude watch face, with high-precision sleep monitoring, all-day stress detection, and all-day SpO₂ monitoring enabled, using smart heart rate monitoring, 100 message notifications, 2 call reminders, 3 alarms, 8 NFC card uses and raising the wrist to light up the screen 360 times per day, 1 daily app data sync, 15 minutes of Bluetooth calls per week, 30 minutes of local music playback via headphones per week (local music playback only supported on Android), 180 minutes of weekly exercise recording (GNSS on) and 6 minutes of daily swipe operations. Data comes from Xiaomi Internal Labs.",specification,41.2mm × 41.2mm × 9.5mm,"Compatibility: Supports smartphones with Android 8.0 and above, or iOS 14.0 and above.",specification,Heavy usage time: up to 3 days,Share location,specification,"Utilising sleep data, it covers sleep schedule optimization, nap management, daytime activity, and pre-bed relaxation to enhance sleep quality.",Black,specification,"19. To get enhanced female cycle predictions, please enable monitoring while sleeping under skin temperature or turn on smart period predictions in cycles in the Mi Fitness app.",Xiaomi HyperOS 3 will be available via OTA from the end of September 2025.,specification,"2. This product and its features are not designed for medical purposes, and are not intended to predict, diagnose, prevent, or cure any disease.",21,specification,Strap,Built-in GNSS: Supported,specification,Display refresh rate may vary across different interfaces. Please refer to the actual usage scenario.,8-day battery life,specification,Wireless connectivity: Bluetooth® 5.4,41mm,specification,Sleep score,"Remotely control your phone to start video recording during exercise, with real-time data such as heart rate and calories shown on screen.",specification,Brightness: HBM 1500nits,Camera,specification,466 × 466,"The new 41mm diameter is compact, offering enhanced comfort and stylish versatility.",specification,"Exchange the calories you burn each day for food for your pet. Feed it, interact with it and watch it grow.",2,,,
xiaomi,2025-09-27,https://ams-go.buy.mi.com/uk/v2/item/productdetail?from=pc&tag=xiaomi-watch-s4-41mm,https://www.mi.com/uk/product/xiaomi-watch-s4-41mm/buy/?gid=4223711882,4223711882,Xiaomi Watch S4 41mm Fluororubber Strap(Mint Green),xiaomi,129.99,,,,Mint Green,,,,Wearables,Smart Watches,Watch,,,,,https://i05.appmifile.com/602_item_uk/10/09/2025/7a76eca87dd427d49c8b698612469e5d.png,https://i05.appmifile.com/976_item_uk/10/09/2025/833bed3e7ec543c070e20449687807ff.png,https://i05.appmifile.com/188_item_uk/10/09/2025/65b5701673ebaaa7fcd9cc5606a34f98.png,https://i05.appmifile.com/458_item_uk/10/09/2025/9f087c87e3d29f172548ab28dd7447a7.png,https://i05.appmifile.com/925_item_uk/10/09/2025/c3dbcf1b8844d40e9a21ac4956793288.png,"Buy Xiaomi Watch S4 41mm at the official UK store. Elegant stainless steel design, AMOLED display, health tracking and long battery life with warranty.",,,,,,,,,£129.99,129.99,specification,Speaker: Supported,1,specification,Normal usage time: up to 4 days,9,specification,Black,Convenient NFC payment,specification,Enhanced health monitoring,Mint green,specification,Display,All-day stress monitoring,specification,20,Refresh rate,specification,Independent workout tracking,"10. Normal usage test conditions: With the watch fully charged using factory settings and the Elegant Prelude watch face, with high-precision sleep monitoring, all-day stress detection, and all-day SpO₂ monitoring enabled, using smart heart rate monitoring, 100 message notifications, 2 call reminders, 3 alarms, 8 NFC card uses and raising the wrist to light up the screen 360 times per day, 1 daily app data sync, 15 minutes of Bluetooth calls per week, 30 minutes of local music playback via headphones per week (local music playback only supported on Android), 180 minutes of weekly exercise recording (GNSS on) and 6 minutes of daily swipe operations. Data comes from Xiaomi Internal Labs.",specification,41.2mm × 41.2mm × 9.5mm,"Compatibility: Supports smartphones with Android 8.0 and above, or iOS 14.0 and above.",specification,Heavy usage time: up to 3 days,Share location,specification,"Utilising sleep data, it covers sleep schedule optimization, nap management, daytime activity, and pre-bed relaxation to enhance sleep quality.",Black,specification,"19. To get enhanced female cycle predictions, please enable monitoring while sleeping under skin temperature or turn on smart period predictions in cycles in the Mi Fitness app.",Xiaomi HyperOS 3 will be available via OTA from the end of September 2025.,specification,"2. This product and its features are not designed for medical purposes, and are not intended to predict, diagnose, prevent, or cure any disease.",21,specification,Strap,Built-in GNSS: Supported,specification,Display refresh rate may vary across different interfaces. Please refer to the actual usage scenario.,8-day battery life,specification,Wireless connectivity: Bluetooth® 5.4,41mm,specification,Sleep score,"Remotely control your phone to start video recording during exercise, with real-time data such as heart rate and calories shown on screen.",specification,Brightness: HBM 1500nits,Camera,specification,466 × 466,"The new 41mm diameter is compact, offering enhanced comfort and stylish versatility.",specification,"Exchange the calories you burn each day for food for your pet. Feed it, interact with it and watch it grow.",2,,,
xiaomi,2025-09-27,https://ams-go.buy.mi.com/uk/v2/item/productdetail?from=pc&tag=redmi-pad-2-play-bundle,https://www.mi.com/uk/product/redmi-pad-2-play-bundle/buy/?gid=4223711679,4223711679,REDMI Pad 2 Play Bundle Graphite Gray 4 GB + 128 GB,xiaomi,179,249,Y,save £70,Graphite Gray,4 GB + 128 GB,,,Mobile,Tablets,Tablet,,,,,https://i05.appmifile.com/262_item_uk/29/08/2025/369d314588173f93dfb133f9c1094034.png,https://i05.appmifile.com/424_item_uk/29/08/2025/122d796026256890fdef6a2beb9da18a.png,https://i05.appmifile.com/56_item_uk/29/08/2025/15371e055e46c1f9ac202603c6842ac6.png,https://i05.appmifile.com/438_item_uk/29/08/2025/248a8237b6bffc051c206acf87d09c8d.png,https://i05.appmifile.com/963_item_uk/29/08/2025/7f3210f7a0c042883459b6023e3cd9e5.png,"Redmi Pad 2 Play Bundle Specs: Matte glass 11"" 2.5K crystal-clear display, Massive 9000mAh (typ) battery, Advanced Helio G100-Ultra | Xiaomi United Kingdom",,2,5.0,,,,Y,,£179,179,specification,Photo | Video | Document | Teleprompter | HDR,Sensors,specification,TÜV Rheinland Flicker Free Certified,Dolby Atmos,specification,Expandable storage card sold separately.,Xiaomi HyperOS 2,specification,Connectivity,4GB + 128GB,specification,Display,Redmi Pad 2 Matte Glass Version / Redmi Stylus for Pad / Redmi Pad 2 Play Cover / USB Type-C cable / Quick start guide / Warranty card,specification,"5. One 30-day VIP access per Redmi Pad 2 Series, valid from the claim date.",Storage & RAM,specification,720P video at 30fps,3. Refresh rate can be adjusted to up to 90Hz for supported apps and games. Please refer to the actual experience.,specification,"5. One 30-day VIP access per Redmi Pad 2 Series, valid from the claim date.",USB Type-C,specification,Advanced Helio G100-Ultra,Quad speakers for immersive sound,specification,"Availability of Xiaomi HyperOS features, apps and services may vary depending on software version and product model.","Resolution: 2560 × 1600, 274 ppi",specification,USB 2.0,PD2.0/ QC2.0,specification,Display size,Touch sampling rate (with pen): 240Hz,specification,GPU: Mali-G57 MC2,6. UI and product info are for reference only. Actual product may vary. Xiaomi may update details. See the actual product for specifics.,specification,1.07 billion colour | Reading mode | Wet touch technology | 10× super resolution,Graphite Gray,specification,f/2.0,All-in-one entertainment display,specification,Operating system,"CPU: A76+A55, 2xA76@2.2GHz+6xA55@2.0 GHz",specification,Redmi Pad 2 Matte Glass Version screen size is about 11 inches when measured diagonally. Viewable area is smaller due to the curved corners. Measurements between individual products may vary.,Rear camera,specification,"Say goodbye to battery anxiety – power through your day without limits. Redmi Pad 2 Matte Glass Version features a massive 9000mAh (typ) battery engineered for unstoppable endurance, effortlessly handling reading, gaming sessions, binge-watching marathons, and nonstop music streaming.",720P video at 30fps,specification,Matte glass for eye comfort,Refresh rate: Up to 90Hz,,,
xiaomi,2025-09-27,https://ams-go.buy.mi.com/uk/v2/item/productdetail?from=pc&tag=xiaomi-tv-stick-4k-2nd-gen,https://www.mi.com/uk/product/xiaomi-tv-stick-4k-2nd-gen/buy/?gid=4223711530,4223711530,Xiaomi TV Stick 4K (2nd Gen),xiaomi,45.99,,,,,,,,Smart Home,TVs & HA,TV Boxes/TV Sticks,,,,,https://i05.appmifile.com/506_item_uk/25/08/2025/fffd3fb437a965a35d583031ff64e5fb.png,https://i05.appmifile.com/288_item_uk/25/08/2025/966d4ae65df3714f6f42eddd7355bf99.png,https://i05.appmifile.com/410_item_uk/25/08/2025/e709a8218cf49ade85f3e7f7cd163bcf.png,https://i05.appmifile.com/91_item_uk/25/08/2025/7fababa0eaa1cdd0585aa62ee4ee3041.png,https://i05.appmifile.com/787_item_uk/25/08/2025/07e1508050859afe4d415b33a358979d.png,Xiaomi Tv Stick 4k 2nd Gen:,,1,5.0,,,,,,£45.99,45.99,,,,,,,,,,,,,,,,,,,,,,,,,,,,,,,,,,,,,,,,,,,,,,,,,,,,,,,,,,,,
xiaomi,2025-09-27,https://ams-go.buy.mi.com/uk/v2/item/productdetail?from=pc&tag=xiaomi-90w-hypercharge-power-adapter-3-port,https://www.mi.com/uk/product/xiaomi-90w-hypercharge-power-adapter-3-port/buy/?gid=4223711522,4223711522,Xiaomi 90W HyperCharge Power Adapter(3-Port),xiaomi,24.99,,,,,,,,Life style,Chargings,Power Adapters,,,,,https://i05.appmifile.com/974_item_uk/25/08/2025/f2e150e389dcb4cf868a260ca56cec12.png,https://i05.appmifile.com/61_item_uk/25/08/2025/35643ea4f7368eabc18abd341f23237c.png,https://i05.appmifile.com/256_item_uk/25/08/2025/881f74ab45d797aaa9800e12c0c20ee1.png,,,Xiaomi 90w Hypercharge Power Adapter 3 Port:,,20,4.6,,,,,,£24.99,24.99,specification,A single adapter for all your devices makes the ideal companion for both work and travel,"Provides up to 67W (USB-C1) + 15W (C2 + A) output when using all three ports simultaneously. Easily and efficiently charge your smartphone, laptop, smartwatch and more.",specification,Multi-protocol compatibility,Fast charging for mainstream smart devices,specification,"Supports Xiaomi's proprietary protocol along with major industry fast charging standards such as PD (with PPS) and QC. The adapter ensures reliable, worry-free charging for most smart devices at home or on the move.",Multiple safety features to keep you safe,specification,"The case is crafted from UL94-V0 grade flame-retardant, high-temperature-resistant materials, while the charger features intelligent temperature control and multiple protections to ensure safety and reliability.",Overvoltage protection,specification,Overheat protection,Overcurrent protection,specification,Abnormal conductive resistance protection,Short-circuit protection,specification,Undervoltage protection,Static electricity protection,specification,Cable encryption protection,Lightning protection,specification,Electromagnetic field protection,See specs,specification,"The availability of the products displayed in this page may vary by region, please consult your local mi.com for further information.",Xiaomi 90W Hypercharge Power Adapter 3-Port,specification,Product name,Xiaomi 90W HyperCharge Power Adapter (3-Port),specification,Product dimensions,55.5 x 65.5 x 30mm (excluding prongs),specification,Product weight,141g,specification,Product colour,White,specification,Input parameters,"100–240V~, 50 / 60Hz, 2.0A",specification,Port type,"2 USB-C ports, 1 USB-A port",specification,Output parameters,USB A: 5.0V⎓ 3.0A 15.0W / 9.0V⎓ 3.0A 27.0W / 12.0V⎓ 2.25A 27.0W,specification,"Dual port output: USB C1 + C2: 67.0W Max + 18.0W, USB C1 / C2 + A: 67.0W Max + 18.0W",Triple port output: USB C1 + (C2+A): 67.0W Max + 15.0W,specification,Operating temperature,-10°C to +40°C,,,
xiaomi,2025-09-27,https://ams-go.buy.mi.com/uk/v2/item/productdetail?from=pc&tag=xiaomi-electric-scooter-5-plus,https://www.mi.com/uk/product/xiaomi-electric-scooter-5-plus/buy/?gid=4223711520,4223711520,Xiaomi Electric Scooter 5 Plus Black,xiaomi,459.99,,,,Black,,,,Life style,Outdoors,Scooters,,,,,https://i05.appmifile.com/628_item_uk/25/08/2025/6a29ff0c5b50e24ae9400efc352209d6.png,https://i05.appmifile.com/701_item_uk/25/08/2025/17d0c4cb074c52d729e893cd1e550a3b.png,https://i05.appmifile.com/926_item_uk/25/08/2025/d100b2e3ac43f7fffba2186299105fad.png,https://i05.appmifile.com/254_item_uk/25/08/2025/dc1adf5294f4cd91e79c711731f56b1a.png,,"Xiaomi Electric Scooter 5 Plus: 12"" tubeless tires for stable rides on varied terrain, Front dual-spring shock absorption for a smoother journey, Higher handlebar and larger deck for added comfort",,1,5.0,,,,,,£459.99,459.99,specification,Important information ×1,400W,specification,Rider age,"The availability of the smart phone displayed in this picture may vary by regions, please consult your local mi.com for further information.",specification,Max. incline,"Maximum speed in Sport mode: In an environment with an ambient temperature of 25±5°C and an average wind speed of not more than 3m/s, a fully-charged scooter was tested in Sport mode. The scooter was accelerated in an auxiliary riding area and maintained maximum speed into the test area. It attained 25km/h as measured by a tachometer or Bluetooth and a dashboard. Maximum speed may vary depending on the country or region and is subject to local regulations. Data tested by the manufacturer.",specification,"Standard mode: Under the same conditions used to test the maximum speed in Sport mode, the scooter reached a speed of 15km/h in Standard mode. Data tested by the manufacturer. This e-scooter is intended for use on private land only. Use on public roads, pavements, or cycle lanes is currently illegal in the UK unless it is part of a government-approved rental trial scheme",See specs,specification,400W,Xiaomi Electric Scooter 5 Plus,specification,Tire pressure maintenance,Rigid high-strength carbon steel body,specification,Approx. 9h,26.6kg,specification,Cable lock ×1,0°C to 40°C,specification,Charging temperature,Rated power,specification,Working temperature,-10°C to +40°C,specification,2A Max,Overvoltage protection,specification,Remaining mileage,Larger deck,specification,"With three riding modes, it easily adapts to any situation so you can ride at a pace that suits you.",Ternary lithium battery,specification,69.7W,The high-performance Hall effect brushless motor provides increased power for smooth and easy hill climbs.,,,,,,,,,,,,,,,,,,
xiaomi,2025-09-27,https://ams-go.buy.mi.com/uk/v2/item/productdetail?from=pc&tag=poco-c85,https://www.mi.com/uk/product/poco-c85/buy/?gid=4223711514,4223711514,POCO C85 Green 8 GB + 256 GB,xiaomi,119,159,Y,save £40,Green,8 GB + 256 GB,,,Mobile,Phones,POCO Phones,POCO C Series,,,,https://i05.appmifile.com/478_item_uk/25/08/2025/4cc494d7e0e5a307001516e0f76ca0f2.png,https://i05.appmifile.com/575_item_uk/25/08/2025/f4d47520c7a0ae8740128351cd40a8ed.png,https://i05.appmifile.com/469_item_uk/25/08/2025/5044d0067f53a789f61edee304fcd95f.png,https://i05.appmifile.com/807_item_uk/25/08/2025/5c2cb87a6d60288f6b65f3a22f372cd9.png,https://i05.appmifile.com/777_item_uk/25/08/2025/82a4cccbcf181ff65bf0dc9726eefc11.png,"POCO C85, featuring 6000mAh (typ) battery, and 6.9"" display, with up to 120Hz high refresh rate, powered by 33W fast charging. Enjoy all-day reliability. | Xiaomi United Kingdom",,6,4.8,,,,Y,,£119,119,specification,hours,82,specification,"Availability of Xiaomi HyperOS 2 features, apps and services may vary depending on software version and phone model.","With the night sky as the backdrop, it captures the full mystery of the aurora, revealing subtle, dynamic light in its depths.",specification,CPU,Mobile Phone / USB Type-C Cable / SIM Eject Tool / Protective Case / Safety Information / Quick Start Guide and Warranty Card,specification,"Brightness: 660 nits (typ), 810 nits HBM",Bluetooth 5.4,specification,Exudes a high-end feel,Supports expandable storage: up to 1TB,specification,"Adapts to various shooting scenarios, capturing rich textures and true-to-life light and shadow, so you can freeze beautiful moments effortlessly.","Search any image, video, or text on your screen. Circle, highlight, scribble, or tap to pinpoint what you’re curious about, no screenshots necessary.",specification,16GB RAM with Memory extension is based on 8GB RAM version. Additional RAM will occupy a corresponding amount of ROM storage. Memory extension is only available when there is enough storage space on your device. Actual extension of RAM storage capacity varies across different models.,Battery Health 3.0,specification,1080p (1920x1080) HD video recording at 30 fps,POCO C85 features a massive 6000mAh battery in a sleek body. Long-lasting power with extraordinary performance.,specification,Width: 81.07mm,"Immersive 6.9"" display",specification,Data obtained from POCO Internal Labs. Actual results may vary.,6000mAh (typ),specification,720p (1280x720) HD video recording at 30 fps,Capture vivid moments with stunning clarity,specification,Supports FM radio (with headphone jack),"Data relating to charging time: Actual performance may vary depending on test software versions, specific test environments and different device versions. Actual use time shall prevail.",specification,AI dual-camera system,Battery protection,specification,Supports reverse charging,50MP main camera,specification,Green,GPS | Glonass | Galileo | Beidou,specification,GPU,Touch sampling rate: Up to 240Hz,specification,"Splash, Water and Dust Resistant",Slim body,specification,AI face unlock,Network bands:,specification,Film Camera | HDR mode | Night mode Portrait mode | Time-lapse,200% volume boost,,,
xiaomi,2025-09-27,https://ams-go.buy.mi.com/uk/v2/item/productdetail?from=pc&tag=poco-c85,https://www.mi.com/uk/product/poco-c85/buy/?gid=4223711509,4223711509,POCO C85 Black 6 GB + 128 GB,xiaomi,99,139,Y,save £40,Black,6 GB + 128 GB,,,Mobile,Phones,POCO Phones,POCO C Series,,,,https://i05.appmifile.com/499_item_uk/25/08/2025/809fbaa0584c819aa9919a1dafe44cc8.png,https://i05.appmifile.com/178_item_uk/25/08/2025/66e097491a97ee26c83969e58695a6bd.png,https://i05.appmifile.com/636_item_uk/25/08/2025/d51c3fb942c0e85700ae15933e086dfd.png,https://i05.appmifile.com/310_item_uk/25/08/2025/b59e1bd0047049bbf4829f46bacc7515.png,https://i05.appmifile.com/119_item_uk/25/08/2025/4c5485934560d8b8014bcaec0ce85f74.png,"POCO C85, featuring 6000mAh (typ) battery, and 6.9"" display, with up to 120Hz high refresh rate, powered by 33W fast charging. Enjoy all-day reliability. | Xiaomi United Kingdom",,6,4.8,,,,Y,,£99,99,specification,hours,82,specification,"Availability of Xiaomi HyperOS 2 features, apps and services may vary depending on software version and phone model.","With the night sky as the backdrop, it captures the full mystery of the aurora, revealing subtle, dynamic light in its depths.",specification,CPU,Mobile Phone / USB Type-C Cable / SIM Eject Tool / Protective Case / Safety Information / Quick Start Guide and Warranty Card,specification,"Brightness: 660 nits (typ), 810 nits HBM",Bluetooth 5.4,specification,Exudes a high-end feel,Supports expandable storage: up to 1TB,specification,"Adapts to various shooting scenarios, capturing rich textures and true-to-life light and shadow, so you can freeze beautiful moments effortlessly.","Search any image, video, or text on your screen. Circle, highlight, scribble, or tap to pinpoint what you’re curious about, no screenshots necessary.",specification,16GB RAM with Memory extension is based on 8GB RAM version. Additional RAM will occupy a corresponding amount of ROM storage. Memory extension is only available when there is enough storage space on your device. Actual extension of RAM storage capacity varies across different models.,Battery Health 3.0,specification,1080p (1920x1080) HD video recording at 30 fps,POCO C85 features a massive 6000mAh battery in a sleek body. Long-lasting power with extraordinary performance.,specification,Width: 81.07mm,"Immersive 6.9"" display",specification,Data obtained from POCO Internal Labs. Actual results may vary.,6000mAh (typ),specification,720p (1280x720) HD video recording at 30 fps,Capture vivid moments with stunning clarity,specification,Supports FM radio (with headphone jack),"Data relating to charging time: Actual performance may vary depending on test software versions, specific test environments and different device versions. Actual use time shall prevail.",specification,AI dual-camera system,Battery protection,specification,Supports reverse charging,50MP main camera,specification,Green,GPS | Glonass | Galileo | Beidou,specification,GPU,Touch sampling rate: Up to 240Hz,specification,"Splash, Water and Dust Resistant",Slim body,specification,AI face unlock,Network bands:,specification,Film Camera | HDR mode | Night mode Portrait mode | Time-lapse,200% volume boost,,,
xiaomi,2025-09-27,https://ams-go.buy.mi.com/uk/v2/item/productdetail?from=pc&tag=poco-c85,https://www.mi.com/uk/product/poco-c85/buy/?gid=4223711510,4223711510,POCO C85 Purple 6 GB + 128 GB,xiaomi,99,139,Y,save £40,Purple,6 GB + 128 GB,,,Mobile,Phones,POCO Phones,POCO C Series,,,,https://i05.appmifile.com/968_item_uk/25/08/2025/de16287122f30ba33ff69b8a235df778.png,https://i05.appmifile.com/777_item_uk/25/08/2025/545f3b86072ef2b84897e329f3082636.png,https://i05.appmifile.com/785_item_uk/25/08/2025/f71ebdcb77ab8d1d71a193f68cb73af1.png,https://i05.appmifile.com/169_item_uk/25/08/2025/4889e0a8d7ca57ca8bcf82127ce2b344.png,https://i05.appmifile.com/348_item_uk/25/08/2025/a3e7fc40bdf5e425c8155a1cb9c8f567.png,"POCO C85, featuring 6000mAh (typ) battery, and 6.9"" display, with up to 120Hz high refresh rate, powered by 33W fast charging. Enjoy all-day reliability. | Xiaomi United Kingdom",,6,4.8,,,,Y,,£99,99,specification,hours,82,specification,"Availability of Xiaomi HyperOS 2 features, apps and services may vary depending on software version and phone model.","With the night sky as the backdrop, it captures the full mystery of the aurora, revealing subtle, dynamic light in its depths.",specification,CPU,Mobile Phone / USB Type-C Cable / SIM Eject Tool / Protective Case / Safety Information / Quick Start Guide and Warranty Card,specification,"Brightness: 660 nits (typ), 810 nits HBM",Bluetooth 5.4,specification,Exudes a high-end feel,Supports expandable storage: up to 1TB,specification,"Adapts to various shooting scenarios, capturing rich textures and true-to-life light and shadow, so you can freeze beautiful moments effortlessly.","Search any image, video, or text on your screen. Circle, highlight, scribble, or tap to pinpoint what you’re curious about, no screenshots necessary.",specification,16GB RAM with Memory extension is based on 8GB RAM version. Additional RAM will occupy a corresponding amount of ROM storage. Memory extension is only available when there is enough storage space on your device. Actual extension of RAM storage capacity varies across different models.,Battery Health 3.0,specification,1080p (1920x1080) HD video recording at 30 fps,POCO C85 features a massive 6000mAh battery in a sleek body. Long-lasting power with extraordinary performance.,specification,Width: 81.07mm,"Immersive 6.9"" display",specification,Data obtained from POCO Internal Labs. Actual results may vary.,6000mAh (typ),specification,720p (1280x720) HD video recording at 30 fps,Capture vivid moments with stunning clarity,specification,Supports FM radio (with headphone jack),"Data relating to charging time: Actual performance may vary depending on test software versions, specific test environments and different device versions. Actual use time shall prevail.",specification,AI dual-camera system,Battery protection,specification,Supports reverse charging,50MP main camera,specification,Green,GPS | Glonass | Galileo | Beidou,specification,GPU,Touch sampling rate: Up to 240Hz,specification,"Splash, Water and Dust Resistant",Slim body,specification,AI face unlock,Network bands:,specification,Film Camera | HDR mode | Night mode Portrait mode | Time-lapse,200% volume boost,,,
xiaomi,2025-09-27,https://ams-go.buy.mi.com/uk/v2/item/productdetail?from=pc&tag=poco-c85,https://www.mi.com/uk/product/poco-c85/buy/?gid=4223711511,4223711511,POCO C85 Green 6 GB + 128 GB,xiaomi,99,139,Y,save £40,Green,6 GB + 128 GB,,,Mobile,Phones,POCO Phones,POCO C Series,,,,https://i05.appmifile.com/478_item_uk/25/08/2025/4cc494d7e0e5a307001516e0f76ca0f2.png,https://i05.appmifile.com/575_item_uk/25/08/2025/f4d47520c7a0ae8740128351cd40a8ed.png,https://i05.appmifile.com/469_item_uk/25/08/2025/5044d0067f53a789f61edee304fcd95f.png,https://i05.appmifile.com/807_item_uk/25/08/2025/5c2cb87a6d60288f6b65f3a22f372cd9.png,https://i05.appmifile.com/777_item_uk/25/08/2025/82a4cccbcf181ff65bf0dc9726eefc11.png,"POCO C85, featuring 6000mAh (typ) battery, and 6.9"" display, with up to 120Hz high refresh rate, powered by 33W fast charging. Enjoy all-day reliability. | Xiaomi United Kingdom",,6,4.8,,,,Y,,£99,99,specification,hours,82,specification,"Availability of Xiaomi HyperOS 2 features, apps and services may vary depending on software version and phone model.","With the night sky as the backdrop, it captures the full mystery of the aurora, revealing subtle, dynamic light in its depths.",specification,CPU,Mobile Phone / USB Type-C Cable / SIM Eject Tool / Protective Case / Safety Information / Quick Start Guide and Warranty Card,specification,"Brightness: 660 nits (typ), 810 nits HBM",Bluetooth 5.4,specification,Exudes a high-end feel,Supports expandable storage: up to 1TB,specification,"Adapts to various shooting scenarios, capturing rich textures and true-to-life light and shadow, so you can freeze beautiful moments effortlessly.","Search any image, video, or text on your screen. Circle, highlight, scribble, or tap to pinpoint what you’re curious about, no screenshots necessary.",specification,16GB RAM with Memory extension is based on 8GB RAM version. Additional RAM will occupy a corresponding amount of ROM storage. Memory extension is only available when there is enough storage space on your device. Actual extension of RAM storage capacity varies across different models.,Battery Health 3.0,specification,1080p (1920x1080) HD video recording at 30 fps,POCO C85 features a massive 6000mAh battery in a sleek body. Long-lasting power with extraordinary performance.,specification,Width: 81.07mm,"Immersive 6.9"" display",specification,Data obtained from POCO Internal Labs. Actual results may vary.,6000mAh (typ),specification,720p (1280x720) HD video recording at 30 fps,Capture vivid moments with stunning clarity,specification,Supports FM radio (with headphone jack),"Data relating to charging time: Actual performance may vary depending on test software versions, specific test environments and different device versions. Actual use time shall prevail.",specification,AI dual-camera system,Battery protection,specification,Supports reverse charging,50MP main camera,specification,Green,GPS | Glonass | Galileo | Beidou,specification,GPU,Touch sampling rate: Up to 240Hz,specification,"Splash, Water and Dust Resistant",Slim body,specification,AI face unlock,Network bands:,specification,Film Camera | HDR mode | Night mode Portrait mode | Time-lapse,200% volume boost,,,
xiaomi,2025-09-27,https://ams-go.buy.mi.com/uk/v2/item/productdetail?from=pc&tag=poco-c85,https://www.mi.com/uk/product/poco-c85/buy/?gid=4223711512,4223711512,POCO C85 Black 8 GB + 256 GB,xiaomi,119,159,Y,save £40,Black,8 GB + 256 GB,,,Mobile,Phones,POCO Phones,POCO C Series,,,,https://i05.appmifile.com/499_item_uk/25/08/2025/809fbaa0584c819aa9919a1dafe44cc8.png,https://i05.appmifile.com/178_item_uk/25/08/2025/66e097491a97ee26c83969e58695a6bd.png,https://i05.appmifile.com/636_item_uk/25/08/2025/d51c3fb942c0e85700ae15933e086dfd.png,https://i05.appmifile.com/310_item_uk/25/08/2025/b59e1bd0047049bbf4829f46bacc7515.png,https://i05.appmifile.com/119_item_uk/25/08/2025/4c5485934560d8b8014bcaec0ce85f74.png,"POCO C85, featuring 6000mAh (typ) battery, and 6.9"" display, with up to 120Hz high refresh rate, powered by 33W fast charging. Enjoy all-day reliability. | Xiaomi United Kingdom",,6,4.8,,,,Y,,£119,119,specification,hours,82,specification,"Availability of Xiaomi HyperOS 2 features, apps and services may vary depending on software version and phone model.","With the night sky as the backdrop, it captures the full mystery of the aurora, revealing subtle, dynamic light in its depths.",specification,CPU,Mobile Phone / USB Type-C Cable / SIM Eject Tool / Protective Case / Safety Information / Quick Start Guide and Warranty Card,specification,"Brightness: 660 nits (typ), 810 nits HBM",Bluetooth 5.4,specification,Exudes a high-end feel,Supports expandable storage: up to 1TB,specification,"Adapts to various shooting scenarios, capturing rich textures and true-to-life light and shadow, so you can freeze beautiful moments effortlessly.","Search any image, video, or text on your screen. Circle, highlight, scribble, or tap to pinpoint what you’re curious about, no screenshots necessary.",specification,16GB RAM with Memory extension is based on 8GB RAM version. Additional RAM will occupy a corresponding amount of ROM storage. Memory extension is only available when there is enough storage space on your device. Actual extension of RAM storage capacity varies across different models.,Battery Health 3.0,specification,1080p (1920x1080) HD video recording at 30 fps,POCO C85 features a massive 6000mAh battery in a sleek body. Long-lasting power with extraordinary performance.,specification,Width: 81.07mm,"Immersive 6.9"" display",specification,Data obtained from POCO Internal Labs. Actual results may vary.,6000mAh (typ),specification,720p (1280x720) HD video recording at 30 fps,Capture vivid moments with stunning clarity,specification,Supports FM radio (with headphone jack),"Data relating to charging time: Actual performance may vary depending on test software versions, specific test environments and different device versions. Actual use time shall prevail.",specification,AI dual-camera system,Battery protection,specification,Supports reverse charging,50MP main camera,specification,Green,GPS | Glonass | Galileo | Beidou,specification,GPU,Touch sampling rate: Up to 240Hz,specification,"Splash, Water and Dust Resistant",Slim body,specification,AI face unlock,Network bands:,specification,Film Camera | HDR mode | Night mode Portrait mode | Time-lapse,200% volume boost,,,
xiaomi,2025-09-27,https://ams-go.buy.mi.com/uk/v2/item/productdetail?from=pc&tag=poco-c85,https://www.mi.com/uk/product/poco-c85/buy/?gid=4223711513,4223711513,POCO C85 Purple 8 GB + 256 GB,xiaomi,119,159,Y,save £40,Purple,8 GB + 256 GB,,,Mobile,Phones,POCO Phones,POCO C Series,,,,https://i05.appmifile.com/968_item_uk/25/08/2025/de16287122f30ba33ff69b8a235df778.png,https://i05.appmifile.com/777_item_uk/25/08/2025/545f3b86072ef2b84897e329f3082636.png,https://i05.appmifile.com/785_item_uk/25/08/2025/f71ebdcb77ab8d1d71a193f68cb73af1.png,https://i05.appmifile.com/169_item_uk/25/08/2025/4889e0a8d7ca57ca8bcf82127ce2b344.png,https://i05.appmifile.com/348_item_uk/25/08/2025/a3e7fc40bdf5e425c8155a1cb9c8f567.png,"POCO C85, featuring 6000mAh (typ) battery, and 6.9"" display, with up to 120Hz high refresh rate, powered by 33W fast charging. Enjoy all-day reliability. | Xiaomi United Kingdom",,6,4.8,,,,Y,,£119,119,specification,hours,82,specification,"Availability of Xiaomi HyperOS 2 features, apps and services may vary depending on software version and phone model.","With the night sky as the backdrop, it captures the full mystery of the aurora, revealing subtle, dynamic light in its depths.",specification,CPU,Mobile Phone / USB Type-C Cable / SIM Eject Tool / Protective Case / Safety Information / Quick Start Guide and Warranty Card,specification,"Brightness: 660 nits (typ), 810 nits HBM",Bluetooth 5.4,specification,Exudes a high-end feel,Supports expandable storage: up to 1TB,specification,"Adapts to various shooting scenarios, capturing rich textures and true-to-life light and shadow, so you can freeze beautiful moments effortlessly.","Search any image, video, or text on your screen. Circle, highlight, scribble, or tap to pinpoint what you’re curious about, no screenshots necessary.",specification,16GB RAM with Memory extension is based on 8GB RAM version. Additional RAM will occupy a corresponding amount of ROM storage. Memory extension is only available when there is enough storage space on your device. Actual extension of RAM storage capacity varies across different models.,Battery Health 3.0,specification,1080p (1920x1080) HD video recording at 30 fps,POCO C85 features a massive 6000mAh battery in a sleek body. Long-lasting power with extraordinary performance.,specification,Width: 81.07mm,"Immersive 6.9"" display",specification,Data obtained from POCO Internal Labs. Actual results may vary.,6000mAh (typ),specification,720p (1280x720) HD video recording at 30 fps,Capture vivid moments with stunning clarity,specification,Supports FM radio (with headphone jack),"Data relating to charging time: Actual performance may vary depending on test software versions, specific test environments and different device versions. Actual use time shall prevail.",specification,AI dual-camera system,Battery protection,specification,Supports reverse charging,50MP main camera,specification,Green,GPS | Glonass | Galileo | Beidou,specification,GPU,Touch sampling rate: Up to 240Hz,specification,"Splash, Water and Dust Resistant",Slim body,specification,AI face unlock,Network bands:,specification,Film Camera | HDR mode | Night mode Portrait mode | Time-lapse,200% volume boost,,,
xiaomi,2025-09-27,https://ams-go.buy.mi.com/uk/v2/item/productdetail?from=pc&tag=poco-m7,https://www.mi.com/uk/product/poco-m7/buy/?gid=4223711023,4223711023,POCO M7 Blue 6 GB + 128 GB,xiaomi,149,169,Y,save £20,Blue,6 GB + 128 GB,,,Mobile,Phones,POCO Phones,POCO M Series,,,,https://i05.appmifile.com/145_item_uk/04/08/2025/ad2ab050d10865b707d1a6e4bd421776.png,https://i05.appmifile.com/860_item_uk/04/08/2025/41c073c7e59b05b4ff4a0697b6725bc4.png,https://i05.appmifile.com/525_item_uk/04/08/2025/2b2c74d2dce07ab0e6f8642bcc75ea09.jpg,//i05.appmifile.com/382_item_uk/04/08/2025/f5c0e6d7179ff9c7f3ce350b7d0af2d2.png,,"POCO M7 Specs: Massive 7000mAh (typ) battery, 33W fast and 18W reverse charging, Immersive 6.9” FHD+ display | Xiaomi UK",,23,4.9,,,Y,Y,,£149,149,,,,,,,,,,,,,,,,,,,,,,,,,,,,,,,,,,,,,,,,,,,,,,,,,,,,,,,,,,,,
xiaomi,2025-09-27,https://ams-go.buy.mi.com/uk/v2/item/productdetail?from=pc&tag=poco-m7,https://www.mi.com/uk/product/poco-m7/buy/?gid=4223711024,4223711024,POCO M7 Blue 8 GB + 256 GB,xiaomi,169,189,Y,save £20,Blue,8 GB + 256 GB,,,Mobile,Phones,POCO Phones,POCO M Series,,,,https://i05.appmifile.com/145_item_uk/04/08/2025/ad2ab050d10865b707d1a6e4bd421776.png,https://i05.appmifile.com/860_item_uk/04/08/2025/41c073c7e59b05b4ff4a0697b6725bc4.png,https://i05.appmifile.com/525_item_uk/04/08/2025/2b2c74d2dce07ab0e6f8642bcc75ea09.jpg,//i05.appmifile.com/382_item_uk/04/08/2025/f5c0e6d7179ff9c7f3ce350b7d0af2d2.png,,"POCO M7 Specs: Massive 7000mAh (typ) battery, 33W fast and 18W reverse charging, Immersive 6.9” FHD+ display | Xiaomi UK",,23,4.9,,,Y,Y,,£169,169,,,,,,,,,,,,,,,,,,,,,,,,,,,,,,,,,,,,,,,,,,,,,,,,,,,,,,,,,,,,
xiaomi,2025-09-27,https://ams-go.buy.mi.com/uk/v2/item/productdetail?from=pc&tag=poco-m7,https://www.mi.com/uk/product/poco-m7/buy/?gid=4223711022,4223711022,POCO M7 Silver 6 GB + 128 GB,xiaomi,149,169,Y,save £20,Silver,6 GB + 128 GB,,,Mobile,Phones,POCO Phones,POCO M Series,,,,https://i05.appmifile.com/258_item_uk/04/08/2025/f8bc8cfcf3f47142092b1a6292053ca7.png,https://i05.appmifile.com/225_item_uk/04/08/2025/9f7ed022fa5303b7b1620b0010c4869a.png,https://i05.appmifile.com/974_item_uk/04/08/2025/a0f277b61b1e4101b147a22cc2bdf6b6.png,//i05.appmifile.com/382_item_uk/04/08/2025/f5c0e6d7179ff9c7f3ce350b7d0af2d2.png,,"POCO M7 Specs: Massive 7000mAh (typ) battery, 33W fast and 18W reverse charging, Immersive 6.9” FHD+ display | Xiaomi UK",,23,4.9,,,Y,Y,,£149,149,,,,,,,,,,,,,,,,,,,,,,,,,,,,,,,,,,,,,,,,,,,,,,,,,,,,,,,,,,,,
xiaomi,2025-09-27,https://ams-go.buy.mi.com/uk/v2/item/productdetail?from=pc&tag=poco-m7,https://www.mi.com/uk/product/poco-m7/buy/?gid=4223711027,4223711027,POCO M7 Silver 8 GB + 256 GB,xiaomi,169,189,Y,save £20,Silver,8 GB + 256 GB,,,Mobile,Phones,POCO Phones,POCO M Series,,,,https://i05.appmifile.com/258_item_uk/04/08/2025/f8bc8cfcf3f47142092b1a6292053ca7.png,https://i05.appmifile.com/225_item_uk/04/08/2025/9f7ed022fa5303b7b1620b0010c4869a.png,https://i05.appmifile.com/974_item_uk/04/08/2025/a0f277b61b1e4101b147a22cc2bdf6b6.png,//i05.appmifile.com/382_item_uk/04/08/2025/f5c0e6d7179ff9c7f3ce350b7d0af2d2.png,,"POCO M7 Specs: Massive 7000mAh (typ) battery, 33W fast and 18W reverse charging, Immersive 6.9” FHD+ display | Xiaomi UK",,23,4.9,,,Y,Y,,£169,169,,,,,,,,,,,,,,,,,,,,,,,,,,,,,,,,,,,,,,,,,,,,,,,,,,,,,,,,,,,,
xiaomi,2025-09-27,https://ams-go.buy.mi.com/uk/v2/item/productdetail?from=pc&tag=poco-m7,https://www.mi.com/uk/product/poco-m7/buy/?gid=4223711025,4223711025,POCO M7 Black 6 GB + 128 GB,xiaomi,149,169,Y,save £20,Black,6 GB + 128 GB,,,Mobile,Phones,POCO Phones,POCO M Series,,,,https://i05.appmifile.com/544_item_uk/04/08/2025/d6aabcf89b7644f611e09af26e093be6.png,https://i05.appmifile.com/329_item_uk/04/08/2025/a9b476489cb4ed2f0e7012c9801d7a16.png,https://i05.appmifile.com/920_item_uk/04/08/2025/88504dd2d4d19154abcfbb5a6653244a.png,//i05.appmifile.com/382_item_uk/04/08/2025/f5c0e6d7179ff9c7f3ce350b7d0af2d2.png,,"POCO M7 Specs: Massive 7000mAh (typ) battery, 33W fast and 18W reverse charging, Immersive 6.9” FHD+ display | Xiaomi UK",,23,4.9,,,Y,Y,,£149,149,,,,,,,,,,,,,,,,,,,,,,,,,,,,,,,,,,,,,,,,,,,,,,,,,,,,,,,,,,,,
xiaomi,2025-09-27,https://ams-go.buy.mi.com/uk/v2/item/productdetail?from=pc&tag=poco-m7,https://www.mi.com/uk/product/poco-m7/buy/?gid=4223711026,4223711026,POCO M7 Black 8 GB + 256 GB,xiaomi,169,189,Y,save £20,Black,8 GB + 256 GB,,,Mobile,Phones,POCO Phones,POCO M Series,,,,https://i05.appmifile.com/544_item_uk/04/08/2025/d6aabcf89b7644f611e09af26e093be6.png,https://i05.appmifile.com/329_item_uk/04/08/2025/a9b476489cb4ed2f0e7012c9801d7a16.png,https://i05.appmifile.com/920_item_uk/04/08/2025/88504dd2d4d19154abcfbb5a6653244a.png,//i05.appmifile.com/382_item_uk/04/08/2025/f5c0e6d7179ff9c7f3ce350b7d0af2d2.png,,"POCO M7 Specs: Massive 7000mAh (typ) battery, 33W fast and 18W reverse charging, Immersive 6.9” FHD+ display | Xiaomi UK",,23,4.9,,,Y,Y,,£169,169,,,,,,,,,,,,,,,,,,,,,,,,,,,,,,,,,,,,,,,,,,,,,,,,,,,,,,,,,,,,
xiaomi,2025-09-27,https://ams-go.buy.mi.com/uk/v2/item/productdetail?from=pc&tag=xiaomi-6a-high-speed-usb4-braided-usb-c-to-usb-c-cable-1m,https://www.mi.com/uk/product/xiaomi-6a-high-speed-usb4-braided-usb-c-to-usb-c-cable-1m/buy/?gid=4223711011,4223711011,Xiaomi 6A High-speed USB4 Braided USB-C to USB-C Cable (1m),xiaomi,24.99,,,,,,,,Life style,Chargings,Cables,,,,,https://i05.appmifile.com/56_item_uk/04/08/2025/73a6a87343912633debbc6d233bbff42.png,https://i05.appmifile.com/404_item_uk/04/08/2025/324fc8352d0902b6ced0679ca93949c0.png,https://i05.appmifile.com/167_item_uk/04/08/2025/cf32230c88df1bf9b1b212e5c3ed61c3.png,,,Xiaomi 6A High-speed USB4 Braided USB-C to USB-C Cable (1m) Specs: | Xiaomi United Kingdom,,1,5.0,,,,,,£24.99,24.99,specification,Length,Rated current,specification,40Gbps lightning-quick data transmission and up to 240W fast charging,100N+,specification,±90° bend times tested,Supports up to 8K 60Hz video transmission for clearer and smoother visuals.,specification,"10,000+","10,000+",specification,The premium and durable coaxial cable is wrapped in a stylish braided sleeve for a sophisticated feel.,Connector plug-unplug cycle,specification,40Gbps transmission speed,8K 60Hz video transmission,,,,,,,,,,,,,,,,,,,,,,,,,,,,,,,,,,,,,,,,,,
xiaomi,2025-09-27,https://ams-go.buy.mi.com/uk/v2/item/productdetail?from=pc&tag=xiaomi-3a-usb-a-to-usb-c-cable-1m,https://www.mi.com/uk/product/xiaomi-3a-usb-a-to-usb-c-cable-1m/buy/?gid=4223710874,4223710874,Xiaomi 3A USB-A to USB-C Cable (1m),xiaomi,3.49,,,,,,,,Life style,Chargings,Cables,,,,,https://i05.appmifile.com/690_item_uk/22/07/2025/75929a04de65aac4593a0b938e568219.png,https://i05.appmifile.com/926_item_uk/22/07/2025/af78e3c52d2d9e5c28a6d17271bc513b.png,,,,Xiaomi 3A USB-A to USB-C Cable (1m) Specs: | Xiaomi United Kingdom,,,,,,,,,£3.49,3.49,specification,Product weight,Main material (outer),specification,Supports BC1.2 and QC protocols,Charging protocol,specification,Plug-unplug cycle on the charger end,±90° bend test,specification,100N+,times,specification,3A current | 480Mbps high-speed data transmission | Safe and durable,"10,000+",specification,Tensile strength test,Strict standards ensure safe and durable usage,specification,"10,000+","The cable meets the IEC 62368-1:2018 standard and has obtained CQC certification, guaranteeing safe and durable usage.",specification,Safe and reliable 1m premium cable core,"Charge devices such as smartphones, tablets and wearables. The 1m cable length is convenient for meeting your charging needs and for storage.",,,,,,,,,,,,,,,,,,,,,,,,,,,,,,,,,,,,
xiaomi,2025-09-27,https://ams-go.buy.mi.com/uk/v2/item/productdetail?from=pc&tag=xiaomi-6a-braided-usb-c-to-usb-c-cable,https://www.mi.com/uk/product/xiaomi-6a-braided-usb-c-to-usb-c-cable/buy/?gid=4223710873,4223710873,Xiaomi 6A Braided USB-C to USB-C Cable (2m),xiaomi,9.99,,,,,,,,Life style,Chargings,Cables,,,,,https://i05.appmifile.com/928_item_uk/22/07/2025/5f8ca99666a07300cbae9e3ef2afbe3d.png,https://i05.appmifile.com/13_item_uk/22/07/2025/c95dfbca5bc17eb44d0eaa3379b848e5.png,https://i05.appmifile.com/539_item_uk/22/07/2025/281d1d4b60f857098df3ae66122a0e38.png,https://i05.appmifile.com/20_item_uk/22/07/2025/f9ea5b960cc7f51bfee53ad43aa3b4c7.png,https://i05.appmifile.com/247_item_uk/22/07/2025/4db60f9763c2f7bef7426b483d2507e3.png,Xiaomi 6A Braided USB-C to USB-C Cable (2m) Specs: | Xiaomi United Kingdom,,,,,,,,,£9.99,9.99,specification,Nominal current,Port type,specification,±90° bend tests,Durability assured,specification,"10,000+","USB 2.0 offers high-speed data transfers up to 480Mbps (60MB/s), ensuring fast and reliable file sharing.",specification,Fast charging | Greater compatibility | Fast Transfer | Secure and reliable,"Compatible with PD3.0, QC2.0, QC3.0 fast-charging protocols, and backward-compatible with Xiaomi 100W/90W/67W/45W/33W chargers.",specification,Stays firmly connected,Xiaomi 6a Braided Usb C To Usb C Cable,specification,"With Xiaomi 120W HyperCharge, you can power up your device in minutes—just in time for your next binge-watch session.",100N+,specification,480Mbps high-speed transfer,2m extended cable length,specification,See specs,"Universal Type-C port compatible with smartphones, tablets, laptops, wearables and more.",,,,,,,,,,,,,,,,,,,,,,,,,,,,,,,,,,,,
xiaomi,2025-09-27,https://ams-go.buy.mi.com/uk/v2/item/productdetail?from=pc&tag=xiaomi-3a-braided-usb-c-to-usb-c-cable-1m,https://www.mi.com/uk/product/xiaomi-3a-braided-usb-c-to-usb-c-cable-1m/buy/?gid=4223710872,4223710872,Xiaomi 3A Braided USB-C to USB-C Cable (1m),xiaomi,4.99,,,,,,,,Life style,Chargings,Cables,,,,,https://i05.appmifile.com/290_item_uk/22/07/2025/7a8de4e5cc3fec329a6e62f13523b35c.png,https://i05.appmifile.com/295_item_uk/22/07/2025/19e59ea0a88752e45b7b697aec4aff12.png,,,,Xiaomi 3A Braided USB-C to USB-C Cable (1m) Specs: | Xiaomi United Kingdom,,,,,,,,,£4.99,4.99,specification,Connector plug-unplug cycle,60W refers to the maximum power output. Actual performance may vary based on environmental conditions and device charging capabilities. Please refer to the actual use.,specification,"10,000+",Port type,specification,"Stay charged anytime, anywhere.",Main material,specification,White,"10,000+",specification,times,See specs,specification,"High-quality craftsmanship, built to last",Data comes from Xiaomi Internal Labs. Please refer to the actual product.,specification,100N+,100cm cable for convenient storage,specification,times,"Boasting a more flexible tightly braided sleeve, the high-quality premium cable core has been tested tens of thousands of times to guarantee long-lasting durability.",specification,"Charge mainstream electronic devices such as smartphones, tablets, laptops and wearables.","Quick, stable and reliable file transmission",specification,Premium look | Fast charging | Flexible and durable,Supports 480Mbps high-speed data transmission,specification,Trendy and beautiful braided sleeve,One cable is all you need for the office and travel.,specification,±90° bend test,Tensile strength test,,,,,,,,,,,,,,,,,,,,,,,,
xiaomi,2025-09-27,https://ams-go.buy.mi.com/uk/v2/item/productdetail?from=pc&tag=xiaomi-smart-camera-c100,https://www.mi.com/uk/product/xiaomi-smart-camera-c100/buy/?gid=4223710832,4223710832,Xiaomi Smart Camera C100,xiaomi,24.99,,,,,,,,Smart Home,Home Security,Security Cameras,,,,,https://i05.appmifile.com/406_item_uk/21/07/2025/e6f40a599b07f715086fa1f230ac0434.png,https://i05.appmifile.com/820_item_uk/21/07/2025/dee33df79357755655122ceaa5dba949.png,https://i05.appmifile.com/213_item_uk/21/07/2025/394a4f5d507739fa96b1fa5667883250.png,https://i05.appmifile.com/941_item_uk/21/07/2025/f16de6f129b0ab191b301eff2915f0ca.png,https://i05.appmifile.com/330_item_uk/21/07/2025/ad49dfda9d519c69308220f9c3243f0f.png,"Xiaomi Smart Camera C100 Specs: 3MP full colour in low light, Active physical lens shielding, AI-powered security | Xiaomi United Kingdom",,2,5.0,,,,,,£24.99,24.99,specification,Two-way voice calls,Xiaomi Smart Camera C100,specification,The comparisons made on this page are with Xiaomi products. Comparison images are for illustrative purposes only. Please refer to the actual product.,Wi-Fi 6,specification,For crystal-clear remote communication,Inversely mounted/wall mounted,specification,"""Alexa, turn on the camera.""",Wall mounting kit,specification,Quick and stable connection with reduced susceptibility to interference,Method 1: Changing the region at login,specification,Be notified when baby starts crying so you can take action quickly.,2K HD wide-angle camera with AI-powered home surveillance,specification,Download Xiaomi Home and link your camera.,Stay informed of unexpected sounds,specification,Supports voice control,Multiple layers of security,specification,H.264,Clear and comprehensive monitoring,specification,Step 1,Compatible with Amazon Alexa and Google Assistant for voice control.,specification,Step 2,3MP camera,specification,Suitable for multiple scenarios,Method 2: Changing the region while logged in,specification,Full colour even on dark evenings,Reliable security system for your family’s safety,specification,Data transmitted to the cloud is kept safe with layers of encryption.,View every corner of your home scrupulously,specification,128° wide angle,Define areas to be masked for you and your family's privacy.,specification,Virtual fence for key area monitoring,Step 3,specification,"The camera sends alerts when a human is identified. Local algorithms ensure quick, accurate detection to minimise false alarms.","The built-in Wi-Fi 6 transmission chip offers increased resistance to signal interference, delivering a stabler and smoother connection.",specification,Ultra-low-light full-colour function,"microSD card, network-attached storage (NAS) and cloud storage",specification,Off,Average,,,
xiaomi,2025-09-27,https://ams-go.buy.mi.com/uk/v2/item/productdetail?from=pc&tag=xiaomi-riding-helmet,https://www.mi.com/uk/product/xiaomi-riding-helmet/buy/?gid=4223710804,4223710804,Xiaomi Riding Helmet,xiaomi,39.99,,,,,,,,Life style,Outdoors,Outdoor Accessories,,,,,https://i05.appmifile.com/357_item_uk/17/07/2025/6684e1e8a01afa554a9af4063eeafeff.png,https://i05.appmifile.com/510_item_uk/17/07/2025/acf874f1acc5b05fa1951a94d18cfac1.png,https://i05.appmifile.com/447_item_uk/17/07/2025/8e4b77fb912b009b440fdfa3d3a0a563.png,https://i05.appmifile.com/837_item_uk/17/07/2025/b1b4167b2d03ab9ee4ce3a53e4dc0408.png,https://i05.appmifile.com/705_item_uk/17/07/2025/17ecc556c7aa255d69ecdbc2c9626181.png,Xiaomi Riding Helmet Specs: | Xiaomi United Kingdom,,,,,,,,,£39.99,39.99,specification,Weight,None,specification,55–59cm (adjustable with knob),Important information,specification,Integrated design for all-round protection,PC outer shell,specification,"Lightweight, shock-resistant and shock-absorbing",Adjustable knob,specification,Reduced pressure on the head for comfort wherever you go.,Soft inner lining,specification,Lightweight and comfortable,"A dual-layer PC outer shell and EPS cushioning layer formed using an integrated stamping process, deliver strong impact resistance for enhanced head protection.",specification,High-strength and impact-resistant,Removable and washable inner lining,specification,"Streamlined ventilation design for a cool, comfortable ride","Filled with EPS foam, it weighs only 280g.",specification,"10 ventilation holes form 4 streamlined air vents that run front to back, ensuring optimal ventilation to keep you feeling fresh and cool throughout your ride.",EPS cushioning layer,,,,,,,,,,,,,,,,,,,,,,,,,,,,,,,,,
xiaomi,2025-09-27,https://ams-go.buy.mi.com/uk/v2/item/productdetail?from=pc&tag=xiaomi-blender-pro,https://www.mi.com/uk/product/xiaomi-blender-pro/buy/?gid=4223710717,4223710717,Xiaomi Blender Pro,xiaomi,74.99,,,,,,,,Smart Home,Kitchen Appliances,Blenders,,,,,https://i05.appmifile.com/500_item_uk/10/07/2025/2a1421aca31055e1324b0d066539c5b3.png,https://i05.appmifile.com/309_item_uk/10/07/2025/5d2bea289119313ce708a845353a3d77.png,https://i05.appmifile.com/673_item_uk/10/07/2025/a073f0bed69f7b02b4f328ddc5ca4be5.png,https://i05.appmifile.com/330_item_uk/10/07/2025/a27a0342e10635f848139a8f69eaa6d1.png,,"Xiaomi Blender Pro Specs: 1.75L large capacity, great for sharing, Ideal for the whole family, 3 powerful blending modes | Xiaomi United Kingdom",,2,5.0,,,,,,£74.99,74.99,specification,12-hour smart pre-set timer function,Operation stops when the blender overheats,specification,1.75L,Approx. 7 cups (200mL/cup),specification,This 1.75L powerful blender with no filtering required is perfect for the whole family,Maximum volume (hot drink),specification,4.2kg,Approx. 8.5 cups (200mL/cup),specification,Operation stops when the jug is not detected,Rated voltage,specification,Gradual stage-by-stage simmering Lock in natural flavours with micro-pressure,Cold drinks,specification,500W,Blender x1,specification,Warranty notice x1,Diagram showing the heating of soy milk is for illustration purposes only. Data may vary or be inaccurate due to objective factors and environmental differences.,specification,Reinforced borosilicate glass jug,Name,specification,Net weight,Rated frequency,specification,Xiaomi Blender Pro,176×223×383mm,specification,2 self-cleaning modes (wash/sterilise) Dry heat 99.99% sterilisation,Blending power,specification,Lock in natural flavours,The blender features a real-time blending mode and time remaining smart LED display and allows you to select between 6 hot and cold beverage options with a touch. Enjoy a variety of delicious drinks to accompany any meal all year round.,specification,"With 6 safety features, cooking is safer than ever. Enjoy worry-free, tasty meals.","800W high-power heating: Tested by TÜV SÜD Certification and Testing (China) Co., Ltd. Guangzhou Branch. Certificate number: 085-240611201-000.",specification,Xiaomi Blender Pro,Overflow protection,specification,Quick Clean,6 safety features Guaranteed peace of mind,specification,Operation stops when the blender lid is opened,Motor overheat protection,specification,"Scratch-resistant, durable and able to withstand hot and cold temperatures without cracking","1.75L large capacity, great for sharing Ideal for the whole family",specification,Thoughtful details for your convenience,LED display for convenient operation,,,
xiaomi,2025-09-27,https://ams-go.buy.mi.com/uk/v2/item/productdetail?from=pc&tag=xiaomi-portable-photo-printer-1s,https://www.mi.com/uk/product/xiaomi-portable-photo-printer-1s/buy/?gid=4223710662,4223710662,Xiaomi Portable Photo Printer 1S,xiaomi,69.99,,,,,,,,Life style,Office,Photo Printers,,,,,https://i05.appmifile.com/850_item_uk/01/07/2025/31d71878a97f6c8fcefed7d0303c69d9.png,https://i05.appmifile.com/705_item_uk/01/07/2025/ad656f7d3f037db3c2ac72b59e6761a3.png,https://i05.appmifile.com/392_item_uk/01/07/2025/95e624ef6d0e094c4adf82c236c4ae07.png,https://i05.appmifile.com/368_item_uk/01/07/2025/da05fa8fbc3337986b0734a0e8f1b11c.png,https://i05.appmifile.com/265_item_uk/01/07/2025/19202828fa26faef51d284c5945e23ec.png,Xiaomi Portable Photo Printer 1S Specs: | Xiaomi United Kingdom,,,,,,,,,£69.99,69.99,,,,,,,,,,,,,,,,,,,,,,,,,,,,,,,,,,,,,,,,,,,,,,,,,,,,,,,,,,,,
xiaomi,2025-09-27,https://ams-go.buy.mi.com/uk/v2/item/productdetail?from=pc&tag=xiaomi-smart-standing-air-circulation-fan,https://www.mi.com/uk/product/xiaomi-smart-standing-air-circulation-fan/buy/?gid=4223710661,4223710661,Xiaomi Smart Standing Air Circulation Fan,xiaomi,74.99,,,,,,,,Smart Home,Environment Appliances,Fans,,,,,https://i05.appmifile.com/551_item_uk/01/07/2025/e103f8c6843e999509b4f9129c50e5f9.png,https://i05.appmifile.com/202_item_uk/01/07/2025/ff41a3acdb4c77438771bb8a4adff797.png,https://i05.appmifile.com/514_item_uk/01/07/2025/e1a73a9d09ab0f2874cb4d91459c8b57.png,https://i05.appmifile.com/659_item_uk/01/07/2025/276d248fe3f5ba46728fe0f13a0da117.png,,"Xiaomi Smart Standing Air Circulation Fan Specs: 2-minute whole-room circulation*, 1440m³/h strong airflow, 13m ultra-long ventilation range | Xiaomi United Kingdom",,1,5.0,,,,,,£74.99,74.99,specification,Net weight,"When used with various household appliances, the fan can effectively balance the indoor temperature and humidity for improved comfort.",specification,Power cord length,BPLDS11DM,specification,Use just 1.3kWh to keep cool in the summer,automatic oscillation,specification,326 × 310 × 886mm,2-minute whole-room circulation,specification,Name,18W,specification,"100 speed level settings: In Direct Breeze mode, there are 100 wind speed levels available in the Xiaomi Home app. Levels 1, 2, 3 and 4 on the fan are equivalent to speed levels 1, 35, 70, and 100, respectively in the app.",See specs,specification,≤61dB(A),to bring you the most comfort,specification,Power consumption formula: 1.78W/10008h90 days≈1.3kWh,"1.3kWh for an entire summer: Data comes from Dream Maker R&D Laboratory. In Direct Breeze mode without oscillation, power consumption at speed level 1 is 1.78W. Calculated based on 8 hours of operation per day, the energy consumption for a summer (90 days) is 1.78W/10008h90 days≈1.3kWh. Report No.: XYPZ-MJFS75-20250106-01/A.",specification,Fan head assembly x1,Wireless connectivity,specification,2.7kg,Stand x1,specification,"With multi-scenario smart connectivity,",Rated voltage,specification,2-in-1 table-top or floor-standing fan,Child safety lock,specification,12V ⎓,extended ventilation range,specification,Even moisture distribution,Google Assistant and Alexa voice control require compatible smart voice devices. Availability and features of Google Assistant and Alexa vary by country or region and language. Please consult the official website for more information.,specification,Keep your curious baby safe,Wide-angle oscillation,specification,"The smooth DC inverter motor allows you to switch between fan speeds effortlessly. The fan can be controlled and scheduled through the Xiaomi Home app.In Direct mode, you can select from 100 speed level settings to tailor your own perfect breeze.",1.5m,specification,The height is adjustable to meet various placement needs. Place the fan on a table or the floor to enjoy fresh air everywhere.,Easier to assemble and disassemble,specification,Energy-saving and wallet-friendly,User manual x1,specification,to meet your unique needs,Multi-scenario smart connectivity: Create smart scenes using the Xiaomi Home app to meet your individual needs. Compatible devices need to be bought separately.,,,
xiaomi,2025-09-27,https://ams-go.buy.mi.com/uk/v2/item/productdetail?from=pc&tag=xiaomi-33w-magnetic-power-bank-10000-integrated-cable,https://www.mi.com/uk/product/xiaomi-33w-magnetic-power-bank-10000-integrated-cable/buy/?gid=4223710637,4223710637,Xiaomi 33W Magnetic Power Bank 10000mAh (Integrated Cable) White 10000mAh,xiaomi,29.99,,,,White,10000mAh,,,Life style,Chargings,Power Banks,,,,,https://i05.appmifile.com/557_item_uk/30/06/2025/15065d3f31ed0751d9c4617e0067dcf3.png,https://i05.appmifile.com/7_item_uk/30/06/2025/ae4099b852c20e1dba8ad3e64251c13a.png,https://i05.appmifile.com/772_item_uk/30/06/2025/da198884ee5f0f236d0ac45fdc0f4517.png,https://i05.appmifile.com/732_item_uk/30/06/2025/845271e10ba1e77152bd43fe356b6ca9.png,,"Xiaomi 33W Magnetic Power Bank 10000mAh (Integrated Cable) Specs: Fast charging with wide compatibility, Strong 13N magnetic force*, High-capacity battery | Xiaomi United Kingdom",,1,5.0,,,,,,£29.99,29.99,specification,HUAWEI Mate 50,Built to power,specification,USB-C (OUT2) 5V⎓3A 9V⎓3A 11V⎓3A 12V⎓2.5A 15V⎓2A 33W MAX,USB-C/USB-C with integrated cable,specification,Ready for all your charging needs,times,specification,"With its rounded edges, it still feels comfortable in hand, even when attached to your smartphone.",15W max.,specification,Output overvoltage protection,Input overvoltage protection,specification,"Suitable for air travel: Xiaomi 33W Magnetic Power Bank 10000 (Integrated Cable) contains two 5,000mAh battery cells with a rated capacity of 5,900mAh (5V/3A) and a battery power of 37Wh. According to the International Aviation Standard, a power bank with less than 100Wh power is allowed on planes.",Smartphone compatibility list,specification,Xiaomi,Product weight,specification,Charge from two USB-C ports,Clear indicator lights,specification,Long-lasting battery life for peace of mind,Wireless output,specification,"37Wh: The product has two built-in 5,000mAh batteries",Xiaomi 33W Magnetic Power Bank 10000 Integrated Cable,specification,"Self-charging to full takes approximately 2 hours and 20 minutes: Data comes from Xiaomi Internal Labs at a room temperature of 25°C using Xiaomi 30W or higher adapters and their cables. However, due to changes in objective conditions, such as differences in equipment, environment and testing methods, actual results may vary.",Four indicator lights clearly indicate the remaining battery level.,specification,"A maximum wired output power of 33W, wireless output power of 7.5W and self-charging input power of 30W: Maximum charging powers are based on lab tests under ideal charging conditions. Variations may occur due to software versions, ambient temperatures and other objective environmental changes. Please refer to the actual usage experience.",Strong 13N magnetic force,specification,"The two battery cells deliver a combined capacity of 10,000mAh",SAMSUNG Galaxy S24 Ultra,specification,Input parameters,Xiaomi 33W Magnetic Power Bank 10000 (Integrated Cable) x1,specification,Lithium-ion battery,Premium tactile experience,specification,Stay informed for timely charging and effortless power management.,iPad Air (5th generation),specification,Lenovo Xiaoxin Pad Pro 12.7,and a maximum self-charging power of 30W,specification,DESIGN,SAMSUNG,specification,109 x 68.5 x 19.8mm,USB-C (IN2) 5V⎓3A 9V⎓3A 12V⎓2.5A,,,
xiaomi,2025-09-27,https://ams-go.buy.mi.com/uk/v2/item/productdetail?from=pc&tag=xiaomi-33w-magnetic-power-bank-10000-integrated-cable,https://www.mi.com/uk/product/xiaomi-33w-magnetic-power-bank-10000-integrated-cable/buy/?gid=4223710638,4223710638,Xiaomi 33W Magnetic Power Bank 10000mAh (Integrated Cable) Gray 10000mAh,xiaomi,29.99,,,,Gray,10000mAh,,,Life style,Chargings,Power Banks,,,,,https://i05.appmifile.com/456_item_uk/30/06/2025/5bff4a686e11facde08a66d81ab09088.png,https://i05.appmifile.com/302_item_uk/30/06/2025/8cb56e533365262ca3147a0cd75d1e16.png,https://i05.appmifile.com/399_item_uk/30/06/2025/a8e33d98cb60bb2f666637de6160f023.png,https://i05.appmifile.com/776_item_uk/30/06/2025/5157ccf4a27b3b205f4b9d6929ba6357.png,,"Xiaomi 33W Magnetic Power Bank 10000mAh (Integrated Cable) Specs: Fast charging with wide compatibility, Strong 13N magnetic force*, High-capacity battery | Xiaomi United Kingdom",,1,5.0,,,,,,£29.99,29.99,specification,HUAWEI Mate 50,Built to power,specification,USB-C (OUT2) 5V⎓3A 9V⎓3A 11V⎓3A 12V⎓2.5A 15V⎓2A 33W MAX,USB-C/USB-C with integrated cable,specification,Ready for all your charging needs,times,specification,"With its rounded edges, it still feels comfortable in hand, even when attached to your smartphone.",15W max.,specification,Output overvoltage protection,Input overvoltage protection,specification,"Suitable for air travel: Xiaomi 33W Magnetic Power Bank 10000 (Integrated Cable) contains two 5,000mAh battery cells with a rated capacity of 5,900mAh (5V/3A) and a battery power of 37Wh. According to the International Aviation Standard, a power bank with less than 100Wh power is allowed on planes.",Smartphone compatibility list,specification,Xiaomi,Product weight,specification,Charge from two USB-C ports,Clear indicator lights,specification,Long-lasting battery life for peace of mind,Wireless output,specification,"37Wh: The product has two built-in 5,000mAh batteries",Xiaomi 33W Magnetic Power Bank 10000 Integrated Cable,specification,"Self-charging to full takes approximately 2 hours and 20 minutes: Data comes from Xiaomi Internal Labs at a room temperature of 25°C using Xiaomi 30W or higher adapters and their cables. However, due to changes in objective conditions, such as differences in equipment, environment and testing methods, actual results may vary.",Four indicator lights clearly indicate the remaining battery level.,specification,"A maximum wired output power of 33W, wireless output power of 7.5W and self-charging input power of 30W: Maximum charging powers are based on lab tests under ideal charging conditions. Variations may occur due to software versions, ambient temperatures and other objective environmental changes. Please refer to the actual usage experience.",Strong 13N magnetic force,specification,"The two battery cells deliver a combined capacity of 10,000mAh",SAMSUNG Galaxy S24 Ultra,specification,Input parameters,Xiaomi 33W Magnetic Power Bank 10000 (Integrated Cable) x1,specification,Lithium-ion battery,Premium tactile experience,specification,Stay informed for timely charging and effortless power management.,iPad Air (5th generation),specification,Lenovo Xiaoxin Pad Pro 12.7,and a maximum self-charging power of 30W,specification,DESIGN,SAMSUNG,specification,109 x 68.5 x 19.8mm,USB-C (IN2) 5V⎓3A 9V⎓3A 12V⎓2.5A,,,
xiaomi,2025-09-27,https://ams-go.buy.mi.com/uk/v2/item/productdetail?from=pc&tag=xiaomi-smart-band-10-straps,https://www.mi.com/uk/product/xiaomi-smart-band-10-straps/buy/?gid=4223710440,4223710440,Xiaomi Magnetic Strap Glacier White,xiaomi,24.99,,,,Xiaomi Magnetic/Leather Strap,Glacier White,,,Wearables,Smart Bands,Bands Accessories,,,,,https://i05.appmifile.com/261_item_uk/23/06/2025/cea1e5a2d1afc901c6c4f219cb7a7a04.png,https://i05.appmifile.com/972_item_uk/23/06/2025/a2ea84fb54c26a2afb8ea63e45404e2a.png,//i05.appmifile.com/789_item_uk/23/06/2025/3d3dfb3ad9561d92d592dcdc8f6d936b.jpg,,,Xiaomi Smart Band 10 Straps Specs: | Xiaomi UK,,2,5.0,,,,,,£24.99,24.99,specification,Magnetic strap × 1,Press the quick-release buttons on both sides of the band and pull away the strap to separate it from the body of the band.,specification,Leather strap × 1,Assembling the strap:,specification,Calf Leather,"Adjust the strap length according to your wrist size, remove excess strap links by toggling the button on the back and then fasten the folding clasp securely.",specification,2. Attach the Pearl-chain Pendant (Applicable to Wearing Style 1):,"Necklace mode must be activated on Smart Band or in the app. Heart rate, blood oxygen level and other sports functions are unavailable in this mode.",specification,Assembling/Disassembling the Strap,Compatible devices,specification,Elephant Gray,Pearl-chain pendant × 1,specification,Compatible wrist circumference,"Xiaomi Smart Band 10, Xiaomi Smart Band 9, Xiaomi Smart Band 8",,,,,,,,,,,,,,,,,,,,,,,,,,,,,,,,,,,,,,,
xiaomi,2025-09-27,https://ams-go.buy.mi.com/uk/v2/item/productdetail?from=pc&tag=xiaomi-smart-band-10-straps,https://www.mi.com/uk/product/xiaomi-smart-band-10-straps/buy/?gid=4223710441,4223710441,Xiaomi Leather Strap Elephant Gray,xiaomi,19.99,,,,Xiaomi Magnetic/Leather Strap,Elephant Gray,,,Wearables,Smart Bands,Bands Accessories,,,,,https://i05.appmifile.com/691_item_uk/23/06/2025/5aa21ab5c72790afc4ec1e07ecfcdf6c.png,https://i05.appmifile.com/364_item_uk/23/06/2025/513105f2053dfeeff7f4f5a672e36d0a.png,//i05.appmifile.com/789_item_uk/23/06/2025/3d3dfb3ad9561d92d592dcdc8f6d936b.jpg,,,Xiaomi Smart Band 10 Straps Specs: | Xiaomi UK,,2,5.0,,,,,,£19.99,19.99,specification,Magnetic strap × 1,Press the quick-release buttons on both sides of the band and pull away the strap to separate it from the body of the band.,specification,Leather strap × 1,Assembling the strap:,specification,Calf Leather,"Adjust the strap length according to your wrist size, remove excess strap links by toggling the button on the back and then fasten the folding clasp securely.",specification,2. Attach the Pearl-chain Pendant (Applicable to Wearing Style 1):,"Necklace mode must be activated on Smart Band or in the app. Heart rate, blood oxygen level and other sports functions are unavailable in this mode.",specification,Assembling/Disassembling the Strap,Compatible devices,specification,Elephant Gray,Pearl-chain pendant × 1,specification,Compatible wrist circumference,"Xiaomi Smart Band 10, Xiaomi Smart Band 9, Xiaomi Smart Band 8",,,,,,,,,,,,,,,,,,,,,,,,,,,,,,,,,,,,,,,
xiaomi,2025-09-27,https://ams-go.buy.mi.com/uk/v2/item/productdetail?from=pc&tag=xiaomi-tv-f-65-2026,https://www.mi.com/uk/product/xiaomi-tv-f-65-2026/buy/?gid=4223710389,4223710389,Xiaomi TV F 65 2026,xiaomi,509,,,,65 Inch,,,,Smart Home,TVs & HA,TVs,,,,,https://i05.appmifile.com/409_item_uk/16/06/2025/5386a6a60e6881b495cda82d2ad49d76.png,https://i05.appmifile.com/758_item_uk/16/06/2025/4f8ca7587f53cc8486b7d358243c6161.png,https://i05.appmifile.com/163_item_uk/16/06/2025/9caf04db17401eb8e25519d8e16609b1.png,https://i05.appmifile.com/194_item_uk/16/06/2025/e48979950adda61cd786a4c35def6220.png,,"Xiaomi 4K TV F 65 Inch 2026: 4K eye-care display with HDR picture quality, 120Hz refresh rate under Game Boost mode via HDMI, Sleek metal finish with ultra-thin bezel design",,,,,,,,,£509,509,,,,,,,,,,,,,,,,,,,,,,,,,,,,,,,,,,,,,,,,,,,,,,,,,,,,,,,,,,,,
xiaomi,2025-09-27,https://ams-go.buy.mi.com/uk/v2/item/productdetail?from=pc&tag=xiaomi-tv-f-55-2026,https://www.mi.com/uk/product/xiaomi-tv-f-55-2026/buy/?gid=4223710388,4223710388,Xiaomi TV F 55 2026,xiaomi,379,,,,55 Inch,,,,Smart Home,TVs & HA,TVs,,,,,https://i05.appmifile.com/319_item_uk/16/06/2025/28302c8b82bb561596f8905bcfa8c3bc.png,https://i05.appmifile.com/272_item_uk/16/06/2025/fd5b40172384f5b0c3ee8367e7373621.png,https://i05.appmifile.com/270_item_uk/16/06/2025/545c3c097b17103f6d47c6498a298f1e.png,https://i05.appmifile.com/115_item_uk/16/06/2025/169a22e35a09b4af9dafb9cb53fa0ea7.png,,"Discover the Xiaomi TV F 55” at Xiaomi UK. Enjoy 4 K eye-care HDR10 viewing with MEMC motion smoothing, Dolby Audio, Fire TV integration, and Alexa voice control.",,,,,,,,,£379,379,,,,,,,,,,,,,,,,,,,,,,,,,,,,,,,,,,,,,,,,,,,,,,,,,,,,,,,,,,,,
xiaomi,2025-09-27,https://ams-go.buy.mi.com/uk/v2/item/productdetail?from=pc&tag=xiaomi-tv-f-50-2026,https://www.mi.com/uk/product/xiaomi-tv-f-50-2026/buy/?gid=4223710387,4223710387,Xiaomi TV F 50 2026,xiaomi,319,,,,50 Inch,,,,Smart Home,TVs & HA,TVs,,,,,https://i05.appmifile.com/856_item_uk/16/06/2025/81c706f90c4eadfe9d3b1a55918a99ed.png,https://i05.appmifile.com/396_item_uk/16/06/2025/ace649f06ea25ddad9795dd013fd03a4.png,https://i05.appmifile.com/117_item_uk/16/06/2025/0af7f472eac37dcf74113635e677c643.png,https://i05.appmifile.com/60_item_uk/16/06/2025/6c99dccc4af0b3c512ea66631935a0f8.png,,"Discover the Xiaomi 4K TV F 50'' at Xiaomi UK. Enjoy 4K HDR10 viewing with MEMC motion smoothing, Dolby Audio, Fire TV integration, and Alexa voice control.",,,,,,,,,£319,319,,,,,,,,,,,,,,,,,,,,,,,,,,,,,,,,,,,,,,,,,,,,,,,,,,,,,,,,,,,,
xiaomi,2025-09-27,https://ams-go.buy.mi.com/uk/v2/item/productdetail?from=pc&tag=xiaomi-tv-f-43-2026,https://www.mi.com/uk/product/xiaomi-tv-f-43-2026/buy/?gid=4223710386,4223710386,Xiaomi TV F 43 2026,xiaomi,259,,,,43 Inch,,,,Smart Home,TVs & HA,TVs,,,,,https://i05.appmifile.com/277_item_uk/16/06/2025/3de7fa336b3c0adbaf7deed09f65eafa.png,https://i05.appmifile.com/343_item_uk/16/06/2025/64ac5fc3a9f6b7e16a8a3ce5586253ec.png,https://i05.appmifile.com/776_item_uk/16/06/2025/9502d9a85b100ff5c1e5d98b6dad7957.png,https://i05.appmifile.com/175_item_uk/16/06/2025/ff580ab9cf6eec0a597cfa4f3a4c8ca9.png,,"Discover the Xiaomi 4K TV F 43'' at Xiaomi UK. Enjoy 4 K HDR10 viewing with MEMC motion smoothing, Dolby Audio, Fire TV integration, and Alexa voice control.",,,,,,,,,£259,259,,,,,,,,,,,,,,,,,,,,,,,,,,,,,,,,,,,,,,,,,,,,,,,,,,,,,,,,,,,,
xiaomi,2025-09-27,https://ams-go.buy.mi.com/uk/v2/item/productdetail?from=pc&tag=xiaomi-tv-f-32-2026,https://www.mi.com/uk/product/xiaomi-tv-f-32-2026/buy/?gid=4223710385,4223710385,Xiaomi TV F 32 2026,xiaomi,159,,,,32 Inch,,,,Smart Home,TVs & HA,TVs,,,,,https://i05.appmifile.com/49_item_uk/16/06/2025/b44efe18e5672ca294402d2bad58efd6.png,https://i05.appmifile.com/17_item_uk/16/06/2025/f0dfc77ebc32c50899726a67492df7b0.png,https://i05.appmifile.com/409_item_uk/16/06/2025/3591f390e57bb1de71b964c619b70483.png,https://i05.appmifile.com/754_item_uk/16/06/2025/00671db2c9c0ef608b8aaf42900cb98e.png,,"Discover the Xiaomi 4K TV F 32'' at Xiaomi UK. Enjoy 4 K HDR10 viewing with MEMC motion smoothing, Dolby Audio, Fire TV integration, and Alexa voice control.",,1,5.0,,,,,,£159,159,,,,,,,,,,,,,,,,,,,,,,,,,,,,,,,,,,,,,,,,,,,,,,,,,,,,,,,,,,,,
xiaomi,2025-09-27,https://ams-go.buy.mi.com/uk/v2/item/productdetail?from=pc&tag=xiaomi-tv-f-pro-50-2026,https://www.mi.com/uk/product/xiaomi-tv-f-pro-50-2026/buy/?gid=4223710384,4223710384,Xiaomi TV F Pro 50 2026,xiaomi,389,,,,50 Inch,,,,Smart Home,TVs & HA,TVs,,,,,https://i05.appmifile.com/669_item_uk/16/06/2025/17b7b42e9131c4813ec61d3074ef245d.png,https://i05.appmifile.com/935_item_uk/16/06/2025/a43d81ed30c449f18decbd2ec4050e84.png,https://i05.appmifile.com/746_item_uk/16/06/2025/d640601e0c4efb29435c54522b296eb1.png,https://i05.appmifile.com/215_item_uk/16/06/2025/6bb7bf6d228764a0fafbc1c73306cd4c.png,,"Discover the Xiaomi QLED 4K TV F Pro 50'' at Xiaomi UK. Enjoy HD QLED view, PWM dimming Eye-Protection, Dolby‑Audio, and smart Fire TV with Alexa.",,,,,,,,,£389,389,,,,,,,,,,,,,,,,,,,,,,,,,,,,,,,,,,,,,,,,,,,,,,,,,,,,,,,,,,,,
xiaomi,2025-09-27,https://ams-go.buy.mi.com/uk/v2/item/productdetail?from=pc&tag=xiaomi-tv-f-pro-43-2026,https://www.mi.com/uk/product/xiaomi-tv-f-pro-43-2026/buy/?gid=4223710383,4223710383,Xiaomi TV F Pro 43 2026,xiaomi,319,,,,43 Inch,,,,Smart Home,TVs & HA,TVs,,,,,https://i05.appmifile.com/579_item_uk/16/06/2025/ce0f1bc2ee5d6bf1c560e7054f075a40.png,https://i05.appmifile.com/974_item_uk/16/06/2025/448b984c1756552f409e829ad5acb796.png,https://i05.appmifile.com/501_item_uk/16/06/2025/58d66b5b3985deaed6bd87081309065b.png,https://i05.appmifile.com/633_item_uk/16/06/2025/bbc21641836b2a3d017ab3ff89a46418.png,,"Discover the Xiaomi QLED 4K TV F Pro 43'' at Xiaomi UK. Enjoy HD QLED view, PWM dimming Eye-Protection, Dolby‑Audio, and smart Fire TV with Alexa.",,1,5.0,,,,,,£319,319,,,,,,,,,,,,,,,,,,,,,,,,,,,,,,,,,,,,,,,,,,,,,,,,,,,,,,,,,,,,
xiaomi,2025-09-27,https://ams-go.buy.mi.com/uk/v2/item/productdetail?from=pc&tag=xiaomi-tv-f-pro-75-2026,https://www.mi.com/uk/product/xiaomi-tv-f-pro-75-2026/buy/?gid=4223710381,4223710381,Xiaomi TV F Pro 75 2026,xiaomi,949,,,,75 Inch,,,,Smart Home,TVs & HA,TVs,,,,,https://i05.appmifile.com/159_item_uk/16/06/2025/eaeacc419defa09190cb0beaac241385.png,https://i05.appmifile.com/821_item_uk/16/06/2025/d7dd7caeb188280ac458e8bfd68e5dea.png,https://i05.appmifile.com/262_item_uk/16/06/2025/3690e333cfda029207e66fec55270ac4.png,https://i05.appmifile.com/963_item_uk/16/06/2025/8d6a2ada85278f42351a6e8b68e6ea7e.png,,"Discover the Xiaomi QLED 4K TV F Pro 75'' at Xiaomi UK. Enjoy HD QLED view, PWM dimming Eye-Protection, Dolby‑Audio, and smart Fire TV with Alexa.",,,,,,,,,£949,949,,,,,,,,,,,,,,,,,,,,,,,,,,,,,,,,,,,,,,,,,,,,,,,,,,,,,,,,,,,,
xiaomi,2025-09-27,https://ams-go.buy.mi.com/uk/v2/item/productdetail?from=pc&tag=xiaomi-tv-f-pro-65-2026,https://www.mi.com/uk/product/xiaomi-tv-f-pro-65-2026/buy/?gid=4223710380,4223710380,Xiaomi TV F Pro 65 2026,xiaomi,629,,,,65 Inch,,,,Smart Home,TVs & HA,TVs,,,,,https://i05.appmifile.com/364_item_uk/16/06/2025/f20f830685849ec354a8b435c648e4d1.png,https://i05.appmifile.com/494_item_uk/16/06/2025/a2145a454197b4b26e0b203f5d4b1e01.png,https://i05.appmifile.com/989_item_uk/16/06/2025/98fa545cd78bc38ca5c89a2b61b79cab.png,https://i05.appmifile.com/601_item_uk/16/06/2025/663a90d214c69f480476b0bf8420dd41.png,,"Discover the Xiaomi QLED 4K TV F Pro 65'' at Xiaomi UK. Enjoy HD QLED view, PWM dimming Eye-Protection, Dolby‑Audio, and smart Fire TV with Alexa.",,,,,,,,,£629,629,,,,,,,,,,,,,,,,,,,,,,,,,,,,,,,,,,,,,,,,,,,,,,,,,,,,,,,,,,,,
xiaomi,2025-09-27,https://ams-go.buy.mi.com/uk/v2/item/productdetail?from=pc&tag=xiaomi-tv-f-pro-55-2026,https://www.mi.com/uk/product/xiaomi-tv-f-pro-55-2026/buy/?gid=4223710379,4223710379,Xiaomi TV F Pro 55 2026,xiaomi,449,,,,55 Inch,,,,Smart Home,TVs & HA,TVs,,,,,https://i05.appmifile.com/88_item_uk/16/06/2025/247dc117189b8e72d92fb7f5e1db3c55.png,https://i05.appmifile.com/247_item_uk/16/06/2025/3b9d7f652a7ac3886c98a87505f64261.png,https://i05.appmifile.com/410_item_uk/16/06/2025/a9a4b9cb290ad4ec2354c1cdaee8ef4d.png,https://i05.appmifile.com/934_item_uk/16/06/2025/f6583b0f57deea81f02979e84a566227.jpg,,"Discover the Xiaomi QLED 4K TV F Pro 55'' at Xiaomi UK. Enjoy HD QLED view, PWM dimming Eye-Protection, Dolby‑Audio, and smart Fire TV with Alexa.",,,,,,,,,£449,449,,,,,,,,,,,,,,,,,,,,,,,,,,,,,,,,,,,,,,,,,,,,,,,,,,,,,,,,,,,,
xiaomi,2025-09-27,https://ams-go.buy.mi.com/uk/v2/item/productdetail?from=pc&tag=xiaomi-smart-band-10,https://www.mi.com/uk/product/xiaomi-smart-band-10/buy/?gid=4223711883,4223711883,Xiaomi Smart Band 10 Glimmer Edition Glimmer Gold,xiaomi,69.99,,,,Glimmer Gold,,,,Wearables,Smart Bands,Band,,,,,https://i05.appmifile.com/253_item_uk/10/09/2025/818bffd2d4a8f8b0760e95d780e1ce6d.png,https://i05.appmifile.com/145_item_uk/10/09/2025/1f9bcddfbf651df8b3927b05646af27e.png,//i05.appmifile.com/85_item_uk/10/09/2025/fc91e5c92edd8ad08b3b08fb8c747ca4.jpg,,,"Find the Xiaomi Smart Band 10 specs at Xiaomi UK. Enjoy a smart AMOLED display, 150+ sport modes, sleep tracking, advanced swimming mode and 21‑day battery.",,12,4.8,,,,,,£69.99,69.99,,,,,,,,,,,,,,,,,,,,,,,,,,,,,,,,,,,,,,,,,,,,,,,,,,,,,,,,,,,,
xiaomi,2025-09-27,https://ams-go.buy.mi.com/uk/v2/item/productdetail?from=pc&tag=xiaomi-smart-band-10,https://www.mi.com/uk/product/xiaomi-smart-band-10/buy/?gid=4223710325,4223710325,Xiaomi Smart Band 10 Ceramic Edition Pearl White,xiaomi,54.99,,,,Ceramic Edition Pearl White,,,,Wearables,Smart Bands,Band,,,,,https://i05.appmifile.com/296_item_uk/17/06/2025/b01df48af4c17e8183f43445ab264c51.png,https://i05.appmifile.com/374_item_uk/17/06/2025/cedd06265d6094938793d1c5eb803452.png,//i05.appmifile.com/85_item_uk/10/09/2025/fc91e5c92edd8ad08b3b08fb8c747ca4.jpg,,,"Find the Xiaomi Smart Band 10 specs at Xiaomi UK. Enjoy a smart AMOLED display, 150+ sport modes, sleep tracking, advanced swimming mode and 21‑day battery.",,12,4.8,,,,,,£54.99,54.99,,,,,,,,,,,,,,,,,,,,,,,,,,,,,,,,,,,,,,,,,,,,,,,,,,,,,,,,,,,,
xiaomi,2025-09-27,https://ams-go.buy.mi.com/uk/v2/item/productdetail?from=pc&tag=xiaomi-smart-band-10,https://www.mi.com/uk/product/xiaomi-smart-band-10/buy/?gid=4223710326,4223710326,Xiaomi Smart Band 10 Glacier Silver,xiaomi,39.99,,,,Glacier Silver,,,,Wearables,Smart Bands,Band,,,,,https://i05.appmifile.com/54_item_uk/17/06/2025/efc736c2c9d99c47cd402e403c4c9d79.png,https://i05.appmifile.com/929_item_uk/17/06/2025/4177803dd9e285cd80a2d328e10ba43c.png,//i05.appmifile.com/85_item_uk/10/09/2025/fc91e5c92edd8ad08b3b08fb8c747ca4.jpg,,,"Find the Xiaomi Smart Band 10 specs at Xiaomi UK. Enjoy a smart AMOLED display, 150+ sport modes, sleep tracking, advanced swimming mode and 21‑day battery.",,12,4.8,,,,,,£39.99,39.99,,,,,,,,,,,,,,,,,,,,,,,,,,,,,,,,,,,,,,,,,,,,,,,,,,,,,,,,,,,,
xiaomi,2025-09-27,https://ams-go.buy.mi.com/uk/v2/item/productdetail?from=pc&tag=xiaomi-smart-band-10,https://www.mi.com/uk/product/xiaomi-smart-band-10/buy/?gid=4223710327,4223710327,Xiaomi Smart Band 10 Mystic Rose,xiaomi,39.99,,,,Mystic Rose,,,,Wearables,Smart Bands,Band,,,,,https://i05.appmifile.com/677_item_uk/17/06/2025/0c7777a4a73a41cfbb2a1bfa77ae8d53.png,https://i05.appmifile.com/399_item_uk/17/06/2025/c2de16ad80d86072fcf772a18bb9aa10.png,//i05.appmifile.com/85_item_uk/10/09/2025/fc91e5c92edd8ad08b3b08fb8c747ca4.jpg,,,"Find the Xiaomi Smart Band 10 specs at Xiaomi UK. Enjoy a smart AMOLED display, 150+ sport modes, sleep tracking, advanced swimming mode and 21‑day battery.",,12,4.8,,,,,,£39.99,39.99,,,,,,,,,,,,,,,,,,,,,,,,,,,,,,,,,,,,,,,,,,,,,,,,,,,,,,,,,,,,
xiaomi,2025-09-27,https://ams-go.buy.mi.com/uk/v2/item/productdetail?from=pc&tag=xiaomi-smart-band-10,https://www.mi.com/uk/product/xiaomi-smart-band-10/buy/?gid=4223710328,4223710328,Xiaomi Smart Band 10 Midnight Black,xiaomi,39.99,,,,Midnight Black,,,,Wearables,Smart Bands,Band,,,,,https://i05.appmifile.com/41_item_uk/17/06/2025/e7a446a0d79f9f5b25d08a9ce6811e37.png,https://i05.appmifile.com/280_item_uk/17/06/2025/0d9140c6b8e264931c9e598453c70ad8.png,//i05.appmifile.com/85_item_uk/10/09/2025/fc91e5c92edd8ad08b3b08fb8c747ca4.jpg,,,"Find the Xiaomi Smart Band 10 specs at Xiaomi UK. Enjoy a smart AMOLED display, 150+ sport modes, sleep tracking, advanced swimming mode and 21‑day battery.",,12,4.8,,,,,,£39.99,39.99,,,,,,,,,,,,,,,,,,,,,,,,,,,,,,,,,,,,,,,,,,,,,,,,,,,,,,,,,,,,
xiaomi,2025-09-27,https://ams-go.buy.mi.com/uk/v2/item/productdetail?from=pc&tag=poco-f7,https://www.mi.com/uk/product/poco-f7/buy/?gid=4223710204,4223710204,POCO F7 White 12 GB + 256 GB,xiaomi,319,389,Y,save £70,White,12 GB + 256 GB,,,Mobile,Phones,POCO Phones,POCO F Series,,,,https://i05.appmifile.com/831_item_uk/20/06/2025/ab0b15297e751f936961a9075bb9b485.png,https://i05.appmifile.com/194_item_uk/26/06/2025/75b055fb8e2fe4bed98f6ae2eabb9f4b.jpg,https://i05.appmifile.com/678_item_uk/19/06/2025/871d2b584fdbea75e3865f93131f88fc.png,https://i05.appmifile.com/637_item_uk/19/06/2025/ea03f171b07d8bf2bc3d5e75651438ff.png,https://i05.appmifile.com/726_item_uk/19/06/2025/02e42413364db0a528b491fc29547645.png,"POCO F7 Specs: latest Snapdragon® chip, smooth gaming, 90W battery, AI features & IP68 waterproof. Shop the latest POCO phone in 2025 from Xiaomi UK.",,70,5.0,,,,Y,,£319,319,specification,IP68 dust and water resistance​,Original Colour PRO,specification,GPU performance,50MP Sony camera with OIS​,specification,Eye-care,Game audio,specification,TÜV Rheinland Flicker Free Certified,New ultra-narrow bezel,specification,Frame strength,Large aperture,specification,Corning® Gorilla® Glass 7i,720p slow motion video shooting: 120fps / 240fps/960fps,specification,GPS:L1+L5 | Beidou:B1I+B1C+B2a | Galileo:E1+E5a | GLONASS:G1 | QZSS:L1+L5 | NavIC:L5,Support,specification,5G connectivity may vary based on region availability and local operator support.,Ultra-wide-angle,specification,Spark your imagination with a boost from Xiaomi HyperAI.,Rounded corner design,specification,Boost task efficiency,90W HyperCharge means the adapter output power is 90W. Actual power output may vary depending on the environment.,specification,720p video shooting: 30fps,"CPU, GPU and AI performance data are compared with last generation and obtained from Qualcomm official website.",specification,Poco F7,Some AI editing features will become available after updating the system software and Gallery Editor app to the latest version. Internet connection required. Please refer to actual use.,specification,1.9mm,AI Writing,specification,Go Live to talk things out with Gemini,6000mm² 3D dual channel IceLoop system,specification,"Gesture tracking, Stabilisation algorithm, Ignore accidental touch on the edges to optimise game touch experience.",3840Hz PWM dimming,specification,Up to 22.5W reverse charging,Hi-Res Audio certification,specification,1080p video shooting: 30fps / 60fps,4G LTE TDD: B38/40/41/42/48,specification,Sony IMX882,Sensors,specification,Before,"Data tested by POCO Internal Labs. Industry measurement methods may vary, and therefore actual results may differ.",,,
xiaomi,2025-09-27,https://ams-go.buy.mi.com/uk/v2/item/productdetail?from=pc&tag=poco-f7,https://www.mi.com/uk/product/poco-f7/buy/?gid=4223710205,4223710205,POCO F7 White 12 GB + 512 GB,xiaomi,359,429,Y,save £70,White,12 GB + 512 GB,,,Mobile,Phones,POCO Phones,POCO F Series,,,,https://i05.appmifile.com/831_item_uk/20/06/2025/ab0b15297e751f936961a9075bb9b485.png,https://i05.appmifile.com/194_item_uk/26/06/2025/75b055fb8e2fe4bed98f6ae2eabb9f4b.jpg,https://i05.appmifile.com/678_item_uk/19/06/2025/871d2b584fdbea75e3865f93131f88fc.png,https://i05.appmifile.com/637_item_uk/19/06/2025/ea03f171b07d8bf2bc3d5e75651438ff.png,https://i05.appmifile.com/726_item_uk/19/06/2025/02e42413364db0a528b491fc29547645.png,"POCO F7 Specs: latest Snapdragon® chip, smooth gaming, 90W battery, AI features & IP68 waterproof. Shop the latest POCO phone in 2025 from Xiaomi UK.",,70,5.0,,,,Y,,£359,359,specification,IP68 dust and water resistance​,Original Colour PRO,specification,GPU performance,50MP Sony camera with OIS​,specification,Eye-care,Game audio,specification,TÜV Rheinland Flicker Free Certified,New ultra-narrow bezel,specification,Frame strength,Large aperture,specification,Corning® Gorilla® Glass 7i,720p slow motion video shooting: 120fps / 240fps/960fps,specification,GPS:L1+L5 | Beidou:B1I+B1C+B2a | Galileo:E1+E5a | GLONASS:G1 | QZSS:L1+L5 | NavIC:L5,Support,specification,5G connectivity may vary based on region availability and local operator support.,Ultra-wide-angle,specification,Spark your imagination with a boost from Xiaomi HyperAI.,Rounded corner design,specification,Boost task efficiency,90W HyperCharge means the adapter output power is 90W. Actual power output may vary depending on the environment.,specification,720p video shooting: 30fps,"CPU, GPU and AI performance data are compared with last generation and obtained from Qualcomm official website.",specification,Poco F7,Some AI editing features will become available after updating the system software and Gallery Editor app to the latest version. Internet connection required. Please refer to actual use.,specification,1.9mm,AI Writing,specification,Go Live to talk things out with Gemini,6000mm² 3D dual channel IceLoop system,specification,"Gesture tracking, Stabilisation algorithm, Ignore accidental touch on the edges to optimise game touch experience.",3840Hz PWM dimming,specification,Up to 22.5W reverse charging,Hi-Res Audio certification,specification,1080p video shooting: 30fps / 60fps,4G LTE TDD: B38/40/41/42/48,specification,Sony IMX882,Sensors,specification,Before,"Data tested by POCO Internal Labs. Industry measurement methods may vary, and therefore actual results may differ.",,,
xiaomi,2025-09-27,https://ams-go.buy.mi.com/uk/v2/item/productdetail?from=pc&tag=poco-f7,https://www.mi.com/uk/product/poco-f7/buy/?gid=4223710206,4223710206,POCO F7 Silver 12 GB + 256 GB,xiaomi,319,389,Y,save £70,Silver,12 GB + 256 GB,,,Mobile,Phones,POCO Phones,POCO F Series,,,,https://i05.appmifile.com/345_item_uk/20/06/2025/a715b55d1735172762040ea8e89f2037.png,https://i05.appmifile.com/89_item_uk/26/06/2025/8255fb1553474498652445aa1a318f5f.jpg,https://i05.appmifile.com/473_item_uk/19/06/2025/ae5182ed6342e24d1ad851f47ca6856e.png,https://i05.appmifile.com/411_item_uk/19/06/2025/7a7844cbb543c328f5cd3a133f06f0c2.png,https://i05.appmifile.com/245_item_uk/19/06/2025/5c7c9b8b6deb7f706dca076edec3feb5.png,"POCO F7 Specs: latest Snapdragon® chip, smooth gaming, 90W battery, AI features & IP68 waterproof. Shop the latest POCO phone in 2025 from Xiaomi UK.",,70,5.0,,,,Y,,£319,319,specification,IP68 dust and water resistance​,Original Colour PRO,specification,GPU performance,50MP Sony camera with OIS​,specification,Eye-care,Game audio,specification,TÜV Rheinland Flicker Free Certified,New ultra-narrow bezel,specification,Frame strength,Large aperture,specification,Corning® Gorilla® Glass 7i,720p slow motion video shooting: 120fps / 240fps/960fps,specification,GPS:L1+L5 | Beidou:B1I+B1C+B2a | Galileo:E1+E5a | GLONASS:G1 | QZSS:L1+L5 | NavIC:L5,Support,specification,5G connectivity may vary based on region availability and local operator support.,Ultra-wide-angle,specification,Spark your imagination with a boost from Xiaomi HyperAI.,Rounded corner design,specification,Boost task efficiency,90W HyperCharge means the adapter output power is 90W. Actual power output may vary depending on the environment.,specification,720p video shooting: 30fps,"CPU, GPU and AI performance data are compared with last generation and obtained from Qualcomm official website.",specification,Poco F7,Some AI editing features will become available after updating the system software and Gallery Editor app to the latest version. Internet connection required. Please refer to actual use.,specification,1.9mm,AI Writing,specification,Go Live to talk things out with Gemini,6000mm² 3D dual channel IceLoop system,specification,"Gesture tracking, Stabilisation algorithm, Ignore accidental touch on the edges to optimise game touch experience.",3840Hz PWM dimming,specification,Up to 22.5W reverse charging,Hi-Res Audio certification,specification,1080p video shooting: 30fps / 60fps,4G LTE TDD: B38/40/41/42/48,specification,Sony IMX882,Sensors,specification,Before,"Data tested by POCO Internal Labs. Industry measurement methods may vary, and therefore actual results may differ.",,,
xiaomi,2025-09-27,https://ams-go.buy.mi.com/uk/v2/item/productdetail?from=pc&tag=poco-f7,https://www.mi.com/uk/product/poco-f7/buy/?gid=4223710207,4223710207,POCO F7 Silver 12 GB + 512 GB,xiaomi,359,429,Y,save £70,Silver,12 GB + 512 GB,,,Mobile,Phones,POCO Phones,POCO F Series,,,,https://i05.appmifile.com/345_item_uk/20/06/2025/a715b55d1735172762040ea8e89f2037.png,https://i05.appmifile.com/89_item_uk/26/06/2025/8255fb1553474498652445aa1a318f5f.jpg,https://i05.appmifile.com/473_item_uk/19/06/2025/ae5182ed6342e24d1ad851f47ca6856e.png,https://i05.appmifile.com/411_item_uk/19/06/2025/7a7844cbb543c328f5cd3a133f06f0c2.png,https://i05.appmifile.com/245_item_uk/19/06/2025/5c7c9b8b6deb7f706dca076edec3feb5.png,"POCO F7 Specs: latest Snapdragon® chip, smooth gaming, 90W battery, AI features & IP68 waterproof. Shop the latest POCO phone in 2025 from Xiaomi UK.",,70,5.0,,,Y,Y,,£359,359,specification,IP68 dust and water resistance​,Original Colour PRO,specification,GPU performance,50MP Sony camera with OIS​,specification,Eye-care,Game audio,specification,TÜV Rheinland Flicker Free Certified,New ultra-narrow bezel,specification,Frame strength,Large aperture,specification,Corning® Gorilla® Glass 7i,720p slow motion video shooting: 120fps / 240fps/960fps,specification,GPS:L1+L5 | Beidou:B1I+B1C+B2a | Galileo:E1+E5a | GLONASS:G1 | QZSS:L1+L5 | NavIC:L5,Support,specification,5G connectivity may vary based on region availability and local operator support.,Ultra-wide-angle,specification,Spark your imagination with a boost from Xiaomi HyperAI.,Rounded corner design,specification,Boost task efficiency,90W HyperCharge means the adapter output power is 90W. Actual power output may vary depending on the environment.,specification,720p video shooting: 30fps,"CPU, GPU and AI performance data are compared with last generation and obtained from Qualcomm official website.",specification,Poco F7,Some AI editing features will become available after updating the system software and Gallery Editor app to the latest version. Internet connection required. Please refer to actual use.,specification,1.9mm,AI Writing,specification,Go Live to talk things out with Gemini,6000mm² 3D dual channel IceLoop system,specification,"Gesture tracking, Stabilisation algorithm, Ignore accidental touch on the edges to optimise game touch experience.",3840Hz PWM dimming,specification,Up to 22.5W reverse charging,Hi-Res Audio certification,specification,1080p video shooting: 30fps / 60fps,4G LTE TDD: B38/40/41/42/48,specification,Sony IMX882,Sensors,specification,Before,"Data tested by POCO Internal Labs. Industry measurement methods may vary, and therefore actual results may differ.",,,
xiaomi,2025-09-27,https://ams-go.buy.mi.com/uk/v2/item/productdetail?from=pc&tag=poco-f7,https://www.mi.com/uk/product/poco-f7/buy/?gid=4223710202,4223710202,POCO F7 Black 12 GB + 256 GB,xiaomi,319,389,Y,save £70,Black,12 GB + 256 GB,,,Mobile,Phones,POCO Phones,POCO F Series,,,,https://i05.appmifile.com/270_item_uk/20/06/2025/9bfe63b015548b27b47818344a474788.png,https://i05.appmifile.com/17_item_uk/26/06/2025/e69602630bb79bec243207ed53ec1369.jpg,https://i05.appmifile.com/598_item_uk/19/06/2025/c7cea89c2f68cc94797cddf8ef3fa1b7.png,https://i05.appmifile.com/343_item_uk/19/06/2025/3dff58c2d603a767347b356daf1022f6.png,https://i05.appmifile.com/849_item_uk/19/06/2025/249b8ceb9b94cf80fecc52e01359d525.png,"POCO F7 Specs: latest Snapdragon® chip, smooth gaming, 90W battery, AI features & IP68 waterproof. Shop the latest POCO phone in 2025 from Xiaomi UK.",,70,5.0,,,Y,Y,,£319,319,specification,IP68 dust and water resistance​,Original Colour PRO,specification,GPU performance,50MP Sony camera with OIS​,specification,Eye-care,Game audio,specification,TÜV Rheinland Flicker Free Certified,New ultra-narrow bezel,specification,Frame strength,Large aperture,specification,Corning® Gorilla® Glass 7i,720p slow motion video shooting: 120fps / 240fps/960fps,specification,GPS:L1+L5 | Beidou:B1I+B1C+B2a | Galileo:E1+E5a | GLONASS:G1 | QZSS:L1+L5 | NavIC:L5,Support,specification,5G connectivity may vary based on region availability and local operator support.,Ultra-wide-angle,specification,Spark your imagination with a boost from Xiaomi HyperAI.,Rounded corner design,specification,Boost task efficiency,90W HyperCharge means the adapter output power is 90W. Actual power output may vary depending on the environment.,specification,720p video shooting: 30fps,"CPU, GPU and AI performance data are compared with last generation and obtained from Qualcomm official website.",specification,Poco F7,Some AI editing features will become available after updating the system software and Gallery Editor app to the latest version. Internet connection required. Please refer to actual use.,specification,1.9mm,AI Writing,specification,Go Live to talk things out with Gemini,6000mm² 3D dual channel IceLoop system,specification,"Gesture tracking, Stabilisation algorithm, Ignore accidental touch on the edges to optimise game touch experience.",3840Hz PWM dimming,specification,Up to 22.5W reverse charging,Hi-Res Audio certification,specification,1080p video shooting: 30fps / 60fps,4G LTE TDD: B38/40/41/42/48,specification,Sony IMX882,Sensors,specification,Before,"Data tested by POCO Internal Labs. Industry measurement methods may vary, and therefore actual results may differ.",,,
xiaomi,2025-09-27,https://ams-go.buy.mi.com/uk/v2/item/productdetail?from=pc&tag=poco-f7,https://www.mi.com/uk/product/poco-f7/buy/?gid=4223710203,4223710203,POCO F7 Black 12 GB + 512 GB,xiaomi,359,429,Y,save £70,Black,12 GB + 512 GB,,,Mobile,Phones,POCO Phones,POCO F Series,,,,https://i05.appmifile.com/270_item_uk/20/06/2025/9bfe63b015548b27b47818344a474788.png,https://i05.appmifile.com/17_item_uk/26/06/2025/e69602630bb79bec243207ed53ec1369.jpg,https://i05.appmifile.com/598_item_uk/19/06/2025/c7cea89c2f68cc94797cddf8ef3fa1b7.png,https://i05.appmifile.com/343_item_uk/19/06/2025/3dff58c2d603a767347b356daf1022f6.png,https://i05.appmifile.com/849_item_uk/19/06/2025/249b8ceb9b94cf80fecc52e01359d525.png,"POCO F7 Specs: latest Snapdragon® chip, smooth gaming, 90W battery, AI features & IP68 waterproof. Shop the latest POCO phone in 2025 from Xiaomi UK.",,70,5.0,,,Y,Y,,£359,359,specification,IP68 dust and water resistance​,Original Colour PRO,specification,GPU performance,50MP Sony camera with OIS​,specification,Eye-care,Game audio,specification,TÜV Rheinland Flicker Free Certified,New ultra-narrow bezel,specification,Frame strength,Large aperture,specification,Corning® Gorilla® Glass 7i,720p slow motion video shooting: 120fps / 240fps/960fps,specification,GPS:L1+L5 | Beidou:B1I+B1C+B2a | Galileo:E1+E5a | GLONASS:G1 | QZSS:L1+L5 | NavIC:L5,Support,specification,5G connectivity may vary based on region availability and local operator support.,Ultra-wide-angle,specification,Spark your imagination with a boost from Xiaomi HyperAI.,Rounded corner design,specification,Boost task efficiency,90W HyperCharge means the adapter output power is 90W. Actual power output may vary depending on the environment.,specification,720p video shooting: 30fps,"CPU, GPU and AI performance data are compared with last generation and obtained from Qualcomm official website.",specification,Poco F7,Some AI editing features will become available after updating the system software and Gallery Editor app to the latest version. Internet connection required. Please refer to actual use.,specification,1.9mm,AI Writing,specification,Go Live to talk things out with Gemini,6000mm² 3D dual channel IceLoop system,specification,"Gesture tracking, Stabilisation algorithm, Ignore accidental touch on the edges to optimise game touch experience.",3840Hz PWM dimming,specification,Up to 22.5W reverse charging,Hi-Res Audio certification,specification,1080p video shooting: 30fps / 60fps,4G LTE TDD: B38/40/41/42/48,specification,Sony IMX882,Sensors,specification,Before,"Data tested by POCO Internal Labs. Industry measurement methods may vary, and therefore actual results may differ.",,,
xiaomi,2025-09-27,https://ams-go.buy.mi.com/uk/v2/item/productdetail?from=pc&tag=redmi-pad-2-cover,https://www.mi.com/uk/product/redmi-pad-2-cover/buy/?gid=4223709706,4223709706,REDMI Pad 2 Cover (Gray) Gray,xiaomi,29,,,,Gray,,,,Mobile,Tablets,Tablets Accessories,,,,,https://i05.appmifile.com/80_item_uk/03/06/2025/da03717fdcdf0fe79fb90cef3d396f61.png,https://i05.appmifile.com/433_item_uk/03/06/2025/1d80d6a800fd08ef42b8733e96806a83.png,,,,Redmi Pad 2 Cover (Gray) Specs: | Xiaomi UK,,8,4.9,,,,,,£29,29,specification,"Smart wake up, close the cover to sleep",Colour,specification,Gray,The images on this page are for illustration purposes only and may not be exact representations of the product. Actual product may vary.,specification,"All-round protection, stable and reliable",Two classic and elegant colours to choose from,,,,,,,,,,,,,,,,,,,,,,,,,,,,,,,,,,,,,,,,,,,,,,,,,,,
xiaomi,2025-09-27,https://ams-go.buy.mi.com/uk/v2/item/productdetail?from=pc&tag=redmi-pad-2-4g,https://www.mi.com/uk/product/redmi-pad-2-4g/buy/?gid=4223709704,4223709704,REDMI Pad 2 4G Graphite Gray 4 GB + 128 GB,xiaomi,219,,,,Graphite Gray,4 GB + 128 GB,,,Mobile,Tablets,Tablet,,,,,https://i05.appmifile.com/774_item_uk/03/06/2025/d392770028610607820ab59f95eb1492.png,https://i05.appmifile.com/80_item_uk/03/06/2025/d7cb443fd449bb0bb5dfb2b3ff53d640.png,https://i05.appmifile.com/365_item_uk/03/06/2025/a1bc3e4ec0a33b6b3c324d3a2bd71e08.png,https://i05.appmifile.com/146_item_uk/03/06/2025/8eeb53a8b353220bab48289e4644a628.png,https://i05.appmifile.com/57_item_uk/03/06/2025/8f4a1558cf7d8aecea02c7b6f09fba6b.png,"Explore Redmi Pad 2 4G specs at Xiaomi UK. Check out the 11-inch 2.5K display, 9000mAh battery, powerful and 4G connectivity with affordable price.",,5,5.0,,,,,,£219,219,specification,Sensors,"Redmi Pad 2 4G is equipped with the MediaTek Helio G100-Ultra, offering stronger performance. It delivers a smoother and more immersive experience for daily entertainment.",specification,learn more,Xiaomi Interconnectivity,specification,Display,Redmi Pad 2 4g,specification,"Xiaomi HyperOS 2 Availability of Xiaomi HyperOS features, apps and services may vary depending on software version and product model.",Connectivity,specification,mAh,Redmi Pad 2 4g,specification,"4GB + 128GB, 8GB + 256GB",Display,specification,Contents in the package may differ across different regions.,Tablet Computer / USB Type-C Cable / Quick Start Guide /Warranty Card / SIM Eject Tool,specification,Storage & RAM,Screen refresh rate when writing with Redmi Smart Pen may vary depending on device compatibility.,specification,resolution,PD2.0/ QC2.0,specification,Compatible with Redmi Smart Pen,Redmi Pad 2 4G is available in a stylish colour: Graphite Gray.,specification,1 month of VIP access to the bekids Coloring app: 1. Open the app and follow the prompts to claim. 2. Register or log in with your email address. 3. Claim successfully. 30 days from claim date. One VIP access available per Redmi Pad 2 Series. UI and product info are for reference only. Actual product may vary. Xiaomi may update details. See the actual product for specifics.,See specs,specification,9000,"Resolution: 2560 x 1600, 274 ppi",specification,USB 2.0,Redmi Pad 2 4g,specification,"Brightness: 500 nits (typ), 600 nits (Outdoor mode)","The unibody metal design refers specifically to the back cover of the product and does not include the camera deco, buttons, card slots, or other components. The body of Redmi Pad 4G contains plastic elements.",specification,19 hours,Have fun creating,specification,Eye-care display,TÜV Rheinland Flicker Free Certified,specification,inch,Graphite Gray,specification,1080P video at 30fps 720P video at 30fps,learn more,specification,Performance,Operating System,,,
xiaomi,2025-09-27,https://ams-go.buy.mi.com/uk/v2/item/productdetail?from=pc&tag=redmi-pad-2-4g,https://www.mi.com/uk/product/redmi-pad-2-4g/buy/?gid=4223709705,4223709705,REDMI Pad 2 4G Graphite Gray 8 GB + 256 GB,xiaomi,259,,,,Graphite Gray,8 GB + 256 GB,,,Mobile,Tablets,Tablet,,,,,https://i05.appmifile.com/774_item_uk/03/06/2025/d392770028610607820ab59f95eb1492.png,https://i05.appmifile.com/80_item_uk/03/06/2025/d7cb443fd449bb0bb5dfb2b3ff53d640.png,https://i05.appmifile.com/365_item_uk/03/06/2025/a1bc3e4ec0a33b6b3c324d3a2bd71e08.png,https://i05.appmifile.com/146_item_uk/03/06/2025/8eeb53a8b353220bab48289e4644a628.png,https://i05.appmifile.com/57_item_uk/03/06/2025/8f4a1558cf7d8aecea02c7b6f09fba6b.png,"Explore Redmi Pad 2 4G specs at Xiaomi UK. Check out the 11-inch 2.5K display, 9000mAh battery, powerful and 4G connectivity with affordable price.",,5,5.0,,,,,,£259,259,specification,Sensors,"Redmi Pad 2 4G is equipped with the MediaTek Helio G100-Ultra, offering stronger performance. It delivers a smoother and more immersive experience for daily entertainment.",specification,learn more,Xiaomi Interconnectivity,specification,Display,Redmi Pad 2 4g,specification,"Xiaomi HyperOS 2 Availability of Xiaomi HyperOS features, apps and services may vary depending on software version and product model.",Connectivity,specification,mAh,Redmi Pad 2 4g,specification,"4GB + 128GB, 8GB + 256GB",Display,specification,Contents in the package may differ across different regions.,Tablet Computer / USB Type-C Cable / Quick Start Guide /Warranty Card / SIM Eject Tool,specification,Storage & RAM,Screen refresh rate when writing with Redmi Smart Pen may vary depending on device compatibility.,specification,resolution,PD2.0/ QC2.0,specification,Compatible with Redmi Smart Pen,Redmi Pad 2 4G is available in a stylish colour: Graphite Gray.,specification,1 month of VIP access to the bekids Coloring app: 1. Open the app and follow the prompts to claim. 2. Register or log in with your email address. 3. Claim successfully. 30 days from claim date. One VIP access available per Redmi Pad 2 Series. UI and product info are for reference only. Actual product may vary. Xiaomi may update details. See the actual product for specifics.,See specs,specification,9000,"Resolution: 2560 x 1600, 274 ppi",specification,USB 2.0,Redmi Pad 2 4g,specification,"Brightness: 500 nits (typ), 600 nits (Outdoor mode)","The unibody metal design refers specifically to the back cover of the product and does not include the camera deco, buttons, card slots, or other components. The body of Redmi Pad 4G contains plastic elements.",specification,19 hours,Have fun creating,specification,Eye-care display,TÜV Rheinland Flicker Free Certified,specification,inch,Graphite Gray,specification,1080P video at 30fps 720P video at 30fps,learn more,specification,Performance,Operating System,,,
xiaomi,2025-09-27,https://ams-go.buy.mi.com/uk/v2/item/productdetail?from=pc&tag=redmi-pad-2,https://www.mi.com/uk/product/redmi-pad-2/buy/?gid=4223709700,4223709700,REDMI Pad 2 Graphite Gray 4 GB + 128 GB,xiaomi,169,,,,Graphite Gray,4 GB + 128 GB,,,Mobile,Tablets,Tablet,,,,,https://i05.appmifile.com/570_item_uk/03/06/2025/0c15d237f96e100cb42eb25ba591dbc7.png,https://i05.appmifile.com/588_item_uk/03/06/2025/5d8174dbf0a5ef1d22e971206ac07d75.png,https://i05.appmifile.com/63_item_uk/03/06/2025/183640f47776b2231638103d1939dcd5.png,https://i05.appmifile.com/688_item_uk/03/06/2025/bf717665ac4e40c57459b48e714b2007.png,https://i05.appmifile.com/676_item_uk/03/06/2025/838a7dae285ac306af8e2d63165ecb20.png,"Buy Redmi Pad 2 at Xiaomi UK, packed with a ton of great features, all at an affordable price. It features an 11"" wide, crystal-clear display which delivers stunning visuals, supporting 1.07 billion colours. Whichever hue, shade or tint, the Redmi Pad 2 will present it beautifully. The tablet contains a massive 9000mAh battery, enabling hours on end of use without needing charging. Its quad stereo speaker setup with Dolby Atmos & Hi-Res audio support immerses you in any activity, whether that be movies, music, gaming and more.",,4,5.0,,,,,,£169,169,specification,Weight: 510g,"Redmi Pad 2 features an 11-inch 2.5K crystal-clear display that delivers stunning visuals. Supporting 1.07 billion colours, the display presents content with rich, vibrant hues and exquisite detail, excelling in both immersive entertainment and daily use.",specification,2TB expandable storage,Bluetooth 5.3,specification,Sensors,"Data tested by Xiaomi Internal Labs, actual results may vary.",specification,learn more,Xiaomi Interconnectivity,specification,Display,Redmi Pad 2,specification,"Xiaomi HyperOS 2 Availability of Xiaomi HyperOS features, apps and services may vary depending on software version and product model. Please refer to https://trust.mi.com/misrc/updates for minimum security update period.",Connectivity,specification,mAh,Redmi Pad 2,specification,Display,Contents in the package may differ across different regions.,specification,Redmi Pad 2,Tablet Computer / USB Type-C Cable / Quick Start Guide /Warranty Card,specification,"Accessories sold separately, availability may vary by regions.",resolution,specification,PD2.0/ QC2.0,Compatible with Redmi Smart Pen,specification,1 month of VIP access to the bekids Coloring app: 1. Open the app and follow the prompts to claim. 2. Register or log in with your email address. 3. Claim successfully. 30 days from claim date. One VIP access available per Redmi Pad 2 Series. UI and product info are for reference only. Actual product may vary. Xiaomi may update details. See the actual product for specifics.,See specs,specification,9000,"Resolution: 2560 x 1600, 274 ppi",specification,USB 2.0,Redmi Pad 2,specification,"Brightness: 500 nits (typ), 600 nits (Outdoor mode)","The unibody metal design refers specifically to the back cover of the product and does not include the camera deco, buttons, card slots, or other components.",specification,86 days,Eye-care display,specification,TÜV Rheinland Flicker Free Certified,inch,specification,Graphite Gray,1080P video at 30fps 720P video at 30fps,specification,learn more,Operating System,,,
xiaomi,2025-09-27,https://ams-go.buy.mi.com/uk/v2/item/productdetail?from=pc&tag=redmi-pad-2,https://www.mi.com/uk/product/redmi-pad-2/buy/?gid=4223709701,4223709701,REDMI Pad 2 Graphite Gray 8 GB + 256 GB,xiaomi,219,,,,Graphite Gray,8 GB + 256 GB,,,Mobile,Tablets,Tablet,,,,,https://i05.appmifile.com/570_item_uk/03/06/2025/0c15d237f96e100cb42eb25ba591dbc7.png,https://i05.appmifile.com/588_item_uk/03/06/2025/5d8174dbf0a5ef1d22e971206ac07d75.png,https://i05.appmifile.com/63_item_uk/03/06/2025/183640f47776b2231638103d1939dcd5.png,https://i05.appmifile.com/688_item_uk/03/06/2025/bf717665ac4e40c57459b48e714b2007.png,https://i05.appmifile.com/676_item_uk/03/06/2025/838a7dae285ac306af8e2d63165ecb20.png,"Buy Redmi Pad 2 at Xiaomi UK, packed with a ton of great features, all at an affordable price. It features an 11"" wide, crystal-clear display which delivers stunning visuals, supporting 1.07 billion colours. Whichever hue, shade or tint, the Redmi Pad 2 will present it beautifully. The tablet contains a massive 9000mAh battery, enabling hours on end of use without needing charging. Its quad stereo speaker setup with Dolby Atmos & Hi-Res audio support immerses you in any activity, whether that be movies, music, gaming and more.",,4,5.0,,,,,,£219,219,specification,Weight: 510g,"Redmi Pad 2 features an 11-inch 2.5K crystal-clear display that delivers stunning visuals. Supporting 1.07 billion colours, the display presents content with rich, vibrant hues and exquisite detail, excelling in both immersive entertainment and daily use.",specification,2TB expandable storage,Bluetooth 5.3,specification,Sensors,"Data tested by Xiaomi Internal Labs, actual results may vary.",specification,learn more,Xiaomi Interconnectivity,specification,Display,Redmi Pad 2,specification,"Xiaomi HyperOS 2 Availability of Xiaomi HyperOS features, apps and services may vary depending on software version and product model. Please refer to https://trust.mi.com/misrc/updates for minimum security update period.",Connectivity,specification,mAh,Redmi Pad 2,specification,Display,Contents in the package may differ across different regions.,specification,Redmi Pad 2,Tablet Computer / USB Type-C Cable / Quick Start Guide /Warranty Card,specification,"Accessories sold separately, availability may vary by regions.",resolution,specification,PD2.0/ QC2.0,Compatible with Redmi Smart Pen,specification,1 month of VIP access to the bekids Coloring app: 1. Open the app and follow the prompts to claim. 2. Register or log in with your email address. 3. Claim successfully. 30 days from claim date. One VIP access available per Redmi Pad 2 Series. UI and product info are for reference only. Actual product may vary. Xiaomi may update details. See the actual product for specifics.,See specs,specification,9000,"Resolution: 2560 x 1600, 274 ppi",specification,USB 2.0,Redmi Pad 2,specification,"Brightness: 500 nits (typ), 600 nits (Outdoor mode)","The unibody metal design refers specifically to the back cover of the product and does not include the camera deco, buttons, card slots, or other components.",specification,86 days,Eye-care display,specification,TÜV Rheinland Flicker Free Certified,inch,specification,Graphite Gray,1080P video at 30fps 720P video at 30fps,specification,learn more,Operating System,,,
xiaomi,2025-09-27,https://ams-go.buy.mi.com/uk/v2/item/productdetail?from=pc&tag=redmi-pad-2,https://www.mi.com/uk/product/redmi-pad-2/buy/?gid=4223709702,4223709702,REDMI Pad 2 Mint Green 4 GB + 128 GB,xiaomi,169,,,,Mint Green,4 GB + 128 GB,,,Mobile,Tablets,Tablet,,,,,https://i05.appmifile.com/519_item_uk/03/06/2025/914d3abfad777c1453b61815c5bb5a16.png,https://i05.appmifile.com/510_item_uk/03/06/2025/8925bc5431fd7c3b65b2d121abe1094f.png,https://i05.appmifile.com/721_item_uk/03/06/2025/ece592db1612c0ad036bba85b8bd330c.png,https://i05.appmifile.com/947_item_uk/03/06/2025/2dbd8587872a6f627c31f9305b84a690.png,https://i05.appmifile.com/991_item_uk/03/06/2025/8c256769faa08faecaa4d7998f94385f.png,"Buy Redmi Pad 2 at Xiaomi UK, packed with a ton of great features, all at an affordable price. It features an 11"" wide, crystal-clear display which delivers stunning visuals, supporting 1.07 billion colours. Whichever hue, shade or tint, the Redmi Pad 2 will present it beautifully. The tablet contains a massive 9000mAh battery, enabling hours on end of use without needing charging. Its quad stereo speaker setup with Dolby Atmos & Hi-Res audio support immerses you in any activity, whether that be movies, music, gaming and more.",,4,5.0,,,,,,£169,169,specification,Weight: 510g,"Redmi Pad 2 features an 11-inch 2.5K crystal-clear display that delivers stunning visuals. Supporting 1.07 billion colours, the display presents content with rich, vibrant hues and exquisite detail, excelling in both immersive entertainment and daily use.",specification,2TB expandable storage,Bluetooth 5.3,specification,Sensors,"Data tested by Xiaomi Internal Labs, actual results may vary.",specification,learn more,Xiaomi Interconnectivity,specification,Display,Redmi Pad 2,specification,"Xiaomi HyperOS 2 Availability of Xiaomi HyperOS features, apps and services may vary depending on software version and product model. Please refer to https://trust.mi.com/misrc/updates for minimum security update period.",Connectivity,specification,mAh,Redmi Pad 2,specification,Display,Contents in the package may differ across different regions.,specification,Redmi Pad 2,Tablet Computer / USB Type-C Cable / Quick Start Guide /Warranty Card,specification,"Accessories sold separately, availability may vary by regions.",resolution,specification,PD2.0/ QC2.0,Compatible with Redmi Smart Pen,specification,1 month of VIP access to the bekids Coloring app: 1. Open the app and follow the prompts to claim. 2. Register or log in with your email address. 3. Claim successfully. 30 days from claim date. One VIP access available per Redmi Pad 2 Series. UI and product info are for reference only. Actual product may vary. Xiaomi may update details. See the actual product for specifics.,See specs,specification,9000,"Resolution: 2560 x 1600, 274 ppi",specification,USB 2.0,Redmi Pad 2,specification,"Brightness: 500 nits (typ), 600 nits (Outdoor mode)","The unibody metal design refers specifically to the back cover of the product and does not include the camera deco, buttons, card slots, or other components.",specification,86 days,Eye-care display,specification,TÜV Rheinland Flicker Free Certified,inch,specification,Graphite Gray,1080P video at 30fps 720P video at 30fps,specification,learn more,Operating System,,,
xiaomi,2025-09-27,https://ams-go.buy.mi.com/uk/v2/item/productdetail?from=pc&tag=redmi-pad-2,https://www.mi.com/uk/product/redmi-pad-2/buy/?gid=4223709703,4223709703,REDMI Pad 2 Mint Green 8 GB + 256 GB,xiaomi,219,,,,Mint Green,8 GB + 256 GB,,,Mobile,Tablets,Tablet,,,,,https://i05.appmifile.com/519_item_uk/03/06/2025/914d3abfad777c1453b61815c5bb5a16.png,https://i05.appmifile.com/510_item_uk/03/06/2025/8925bc5431fd7c3b65b2d121abe1094f.png,https://i05.appmifile.com/721_item_uk/03/06/2025/ece592db1612c0ad036bba85b8bd330c.png,https://i05.appmifile.com/947_item_uk/03/06/2025/2dbd8587872a6f627c31f9305b84a690.png,https://i05.appmifile.com/991_item_uk/03/06/2025/8c256769faa08faecaa4d7998f94385f.png,"Buy Redmi Pad 2 at Xiaomi UK, packed with a ton of great features, all at an affordable price. It features an 11"" wide, crystal-clear display which delivers stunning visuals, supporting 1.07 billion colours. Whichever hue, shade or tint, the Redmi Pad 2 will present it beautifully. The tablet contains a massive 9000mAh battery, enabling hours on end of use without needing charging. Its quad stereo speaker setup with Dolby Atmos & Hi-Res audio support immerses you in any activity, whether that be movies, music, gaming and more.",,4,5.0,,,,,,£219,219,specification,Weight: 510g,"Redmi Pad 2 features an 11-inch 2.5K crystal-clear display that delivers stunning visuals. Supporting 1.07 billion colours, the display presents content with rich, vibrant hues and exquisite detail, excelling in both immersive entertainment and daily use.",specification,2TB expandable storage,Bluetooth 5.3,specification,Sensors,"Data tested by Xiaomi Internal Labs, actual results may vary.",specification,learn more,Xiaomi Interconnectivity,specification,Display,Redmi Pad 2,specification,"Xiaomi HyperOS 2 Availability of Xiaomi HyperOS features, apps and services may vary depending on software version and product model. Please refer to https://trust.mi.com/misrc/updates for minimum security update period.",Connectivity,specification,mAh,Redmi Pad 2,specification,Display,Contents in the package may differ across different regions.,specification,Redmi Pad 2,Tablet Computer / USB Type-C Cable / Quick Start Guide /Warranty Card,specification,"Accessories sold separately, availability may vary by regions.",resolution,specification,PD2.0/ QC2.0,Compatible with Redmi Smart Pen,specification,1 month of VIP access to the bekids Coloring app: 1. Open the app and follow the prompts to claim. 2. Register or log in with your email address. 3. Claim successfully. 30 days from claim date. One VIP access available per Redmi Pad 2 Series. UI and product info are for reference only. Actual product may vary. Xiaomi may update details. See the actual product for specifics.,See specs,specification,9000,"Resolution: 2560 x 1600, 274 ppi",specification,USB 2.0,Redmi Pad 2,specification,"Brightness: 500 nits (typ), 600 nits (Outdoor mode)","The unibody metal design refers specifically to the back cover of the product and does not include the camera deco, buttons, card slots, or other components.",specification,86 days,Eye-care display,specification,TÜV Rheinland Flicker Free Certified,inch,specification,Graphite Gray,1080P video at 30fps 720P video at 30fps,specification,learn more,Operating System,,,
xiaomi,2025-09-27,https://ams-go.buy.mi.com/uk/v2/item/productdetail?from=pc&tag=redmi-a5,https://www.mi.com/uk/product/redmi-a5/buy/?gid=4223709365,4223709365,REDMI A5 Ocean Blue 4 GB + 128 GB,xiaomi,89,109,Y,save £20,Ocean Blue,4 GB + 128 GB,,,Mobile,Phones,REDMI Series,,,,,https://i05.appmifile.com/895_item_uk/11/07/2025/b1f2d7383fcdc7cb2ac8d5e06a4103c7.png,https://i05.appmifile.com/745_item_uk/03/07/2025/dcf091c64f638d6dc7ca881f5680ceab.jpg,https://i05.appmifile.com/752_item_uk/16/04/2025/1d854a5c918668f14bdb6a96726a0056.png,https://i05.appmifile.com/579_item_uk/16/04/2025/d4393cf8960b3eb7a455d9b9d9da560e.png,https://i05.appmifile.com/64_item_uk/16/04/2025/6b6bfc24de54473275447cb491cdb707.png,"Redmi A5 Specs: 32MP AI dual camera, Immersive 6.88"" display, Powerful octa-core processor | Xiaomi UK",,11,5.0,,,,Y,,£89,89,specification,See specs,Lightweight and slim,specification,Circadian Friendly feature may be available via OTA update.,Redmi A5,specification,Bluetooth 5.2,Redmi A5,specification,Redmi A5 4G,Rear Camera,specification,Smooth operation,Gaming,specification,Redmi A5,GPS | Glonass | Galileo | BDS (only B1C）,specification,"Supports memory extension: 3GB up to 6GB, 4GB up to 8GB",Redmi A5,specification,Redmi A5,4G: LTE TDD: B38/40/41,specification,AI face unlock,USB Type-C,specification,Sandy Gold,Configurations available may differ between different regions. Available RAM and storage are less than the total memory due to storage of the operating system and software pre-installed on the device.,specification,"Data tested by Xiaomi Internal Labs, compared to Redmi A3.",TÜV Rheinland Circadian Friendly,specification,4G: LTE FDD: B1/3/5/7/8/20/28,Mobile Phone | USB Type-C Cable | SIM Eject Tool | Protective Case | Quick Start Guide and Warranty Card | Safety Information,specification,4P lens,Redmi A5,specification,720p 1280x720 30fps,"5,000 times",specification,Processor,Midnight Black,specification,Redmi A5,Ocean Blue,specification,Redmi A5,Redmi A5,specification,Redmi A5,5200mAh refers to the typical value of Redmi A5's battery capacity.,specification,"36 months like-new software experience tested with a dedicated software aging test which benchmarks the software experience against when the device is new. Results obtained from Xiaomi Internal Labs, actual situation may vary depending on the network environment, usage scenarios, personal habits and other factors.",Redmi A5,,,
xiaomi,2025-09-27,https://ams-go.buy.mi.com/uk/v2/item/productdetail?from=pc&tag=redmi-a5,https://www.mi.com/uk/product/redmi-a5/buy/?gid=4223709794,4223709794,REDMI A5 Midnight Black 4 GB + 128 GB,xiaomi,89,109,Y,save £20,Midnight Black,4 GB + 128 GB,,,Mobile,Phones,REDMI Series,,,,,https://i05.appmifile.com/332_item_uk/11/07/2025/f1f8e6cef11f237a0601246bf2c8cabf.png,https://i05.appmifile.com/222_item_uk/03/07/2025/05cb11dc15ff47b9db71f2ab0afa2c05.jpg,https://i05.appmifile.com/228_item_uk/16/04/2025/561e4a0c51f0b7e483fe169d11659d11.png,https://i05.appmifile.com/930_item_uk/16/04/2025/31649a04063e2a71f219359da684f03d.png,https://i05.appmifile.com/145_item_uk/16/04/2025/5eb08758c832d50908d71ab81ded2b17.png,"Redmi A5 Specs: 32MP AI dual camera, Immersive 6.88"" display, Powerful octa-core processor | Xiaomi UK",,11,5.0,,,,Y,,£89,89,specification,See specs,Lightweight and slim,specification,Circadian Friendly feature may be available via OTA update.,Redmi A5,specification,Bluetooth 5.2,Redmi A5,specification,Redmi A5 4G,Rear Camera,specification,Smooth operation,Gaming,specification,Redmi A5,GPS | Glonass | Galileo | BDS (only B1C）,specification,"Supports memory extension: 3GB up to 6GB, 4GB up to 8GB",Redmi A5,specification,Redmi A5,4G: LTE TDD: B38/40/41,specification,AI face unlock,USB Type-C,specification,Sandy Gold,Configurations available may differ between different regions. Available RAM and storage are less than the total memory due to storage of the operating system and software pre-installed on the device.,specification,"Data tested by Xiaomi Internal Labs, compared to Redmi A3.",TÜV Rheinland Circadian Friendly,specification,4G: LTE FDD: B1/3/5/7/8/20/28,Mobile Phone | USB Type-C Cable | SIM Eject Tool | Protective Case | Quick Start Guide and Warranty Card | Safety Information,specification,4P lens,Redmi A5,specification,720p 1280x720 30fps,"5,000 times",specification,Processor,Midnight Black,specification,Redmi A5,Ocean Blue,specification,Redmi A5,Redmi A5,specification,Redmi A5,5200mAh refers to the typical value of Redmi A5's battery capacity.,specification,"36 months like-new software experience tested with a dedicated software aging test which benchmarks the software experience against when the device is new. Results obtained from Xiaomi Internal Labs, actual situation may vary depending on the network environment, usage scenarios, personal habits and other factors.",Redmi A5,,,
xiaomi,2025-09-27,https://ams-go.buy.mi.com/uk/v2/item/productdetail?from=pc&tag=redmi-a5,https://www.mi.com/uk/product/redmi-a5/buy/?gid=4223709244,4223709244,REDMI A5 Midnight Black 3 GB + 64 GB,xiaomi,79,,,,Midnight Black,3 GB + 64 GB,,,Mobile,Phones,REDMI Series,,,,,https://i05.appmifile.com/332_item_uk/11/07/2025/f1f8e6cef11f237a0601246bf2c8cabf.png,https://i05.appmifile.com/222_item_uk/03/07/2025/05cb11dc15ff47b9db71f2ab0afa2c05.jpg,https://i05.appmifile.com/228_item_uk/16/04/2025/561e4a0c51f0b7e483fe169d11659d11.png,https://i05.appmifile.com/930_item_uk/16/04/2025/31649a04063e2a71f219359da684f03d.png,https://i05.appmifile.com/145_item_uk/16/04/2025/5eb08758c832d50908d71ab81ded2b17.png,"Redmi A5 Specs: 32MP AI dual camera, Immersive 6.88"" display, Powerful octa-core processor | Xiaomi UK",,11,5.0,,,Y,,,£79,79,specification,See specs,Lightweight and slim,specification,Circadian Friendly feature may be available via OTA update.,Redmi A5,specification,Bluetooth 5.2,Redmi A5,specification,Redmi A5 4G,Rear Camera,specification,Smooth operation,Gaming,specification,Redmi A5,GPS | Glonass | Galileo | BDS (only B1C）,specification,"Supports memory extension: 3GB up to 6GB, 4GB up to 8GB",Redmi A5,specification,Redmi A5,4G: LTE TDD: B38/40/41,specification,AI face unlock,USB Type-C,specification,Sandy Gold,Configurations available may differ between different regions. Available RAM and storage are less than the total memory due to storage of the operating system and software pre-installed on the device.,specification,"Data tested by Xiaomi Internal Labs, compared to Redmi A3.",TÜV Rheinland Circadian Friendly,specification,4G: LTE FDD: B1/3/5/7/8/20/28,Mobile Phone | USB Type-C Cable | SIM Eject Tool | Protective Case | Quick Start Guide and Warranty Card | Safety Information,specification,4P lens,Redmi A5,specification,720p 1280x720 30fps,"5,000 times",specification,Processor,Midnight Black,specification,Redmi A5,Ocean Blue,specification,Redmi A5,Redmi A5,specification,Redmi A5,5200mAh refers to the typical value of Redmi A5's battery capacity.,specification,"36 months like-new software experience tested with a dedicated software aging test which benchmarks the software experience against when the device is new. Results obtained from Xiaomi Internal Labs, actual situation may vary depending on the network environment, usage scenarios, personal habits and other factors.",Redmi A5,,,
xiaomi,2025-09-27,https://ams-go.buy.mi.com/uk/v2/item/productdetail?from=pc&tag=redmi-a5,https://www.mi.com/uk/product/redmi-a5/buy/?gid=4223709245,4223709245,REDMI A5 Lake Green 3 GB + 64 GB,xiaomi,79,,,,Lake Green,3 GB + 64 GB,,,Mobile,Phones,REDMI Series,,,,,https://i05.appmifile.com/297_item_uk/11/07/2025/d83bea6b1ebccf2a6d107fe24fe69b78.png,https://i05.appmifile.com/284_item_uk/03/07/2025/c2ab87006aedfc074bc2d1fb806830f7.jpg,https://i05.appmifile.com/862_item_uk/16/04/2025/b49576c0333b536dfb596b2196e6dabe.png,https://i05.appmifile.com/85_item_uk/16/04/2025/a5efe5bb15340b166ba43c20629f3eb5.png,https://i05.appmifile.com/128_item_uk/16/04/2025/fd92b868f3c5f03c4d703090f91a3985.png,"Redmi A5 Specs: 32MP AI dual camera, Immersive 6.88"" display, Powerful octa-core processor | Xiaomi UK",,11,5.0,,,Y,,,£79,79,specification,See specs,Lightweight and slim,specification,Circadian Friendly feature may be available via OTA update.,Redmi A5,specification,Bluetooth 5.2,Redmi A5,specification,Redmi A5 4G,Rear Camera,specification,Smooth operation,Gaming,specification,Redmi A5,GPS | Glonass | Galileo | BDS (only B1C）,specification,"Supports memory extension: 3GB up to 6GB, 4GB up to 8GB",Redmi A5,specification,Redmi A5,4G: LTE TDD: B38/40/41,specification,AI face unlock,USB Type-C,specification,Sandy Gold,Configurations available may differ between different regions. Available RAM and storage are less than the total memory due to storage of the operating system and software pre-installed on the device.,specification,"Data tested by Xiaomi Internal Labs, compared to Redmi A3.",TÜV Rheinland Circadian Friendly,specification,4G: LTE FDD: B1/3/5/7/8/20/28,Mobile Phone | USB Type-C Cable | SIM Eject Tool | Protective Case | Quick Start Guide and Warranty Card | Safety Information,specification,4P lens,Redmi A5,specification,720p 1280x720 30fps,"5,000 times",specification,Processor,Midnight Black,specification,Redmi A5,Ocean Blue,specification,Redmi A5,Redmi A5,specification,Redmi A5,5200mAh refers to the typical value of Redmi A5's battery capacity.,specification,"36 months like-new software experience tested with a dedicated software aging test which benchmarks the software experience against when the device is new. Results obtained from Xiaomi Internal Labs, actual situation may vary depending on the network environment, usage scenarios, personal habits and other factors.",Redmi A5,,,
xiaomi,2025-09-27,https://ams-go.buy.mi.com/uk/v2/item/productdetail?from=pc&tag=redmi-a5,https://www.mi.com/uk/product/redmi-a5/buy/?gid=4223709246,4223709246,REDMI A5 Ocean Blue 3 GB + 64 GB,xiaomi,79,,,,Ocean Blue,3 GB + 64 GB,,,Mobile,Phones,REDMI Series,,,,,https://i05.appmifile.com/895_item_uk/11/07/2025/b1f2d7383fcdc7cb2ac8d5e06a4103c7.png,https://i05.appmifile.com/745_item_uk/03/07/2025/dcf091c64f638d6dc7ca881f5680ceab.jpg,https://i05.appmifile.com/752_item_uk/16/04/2025/1d854a5c918668f14bdb6a96726a0056.png,https://i05.appmifile.com/579_item_uk/16/04/2025/d4393cf8960b3eb7a455d9b9d9da560e.png,https://i05.appmifile.com/64_item_uk/16/04/2025/6b6bfc24de54473275447cb491cdb707.png,"Redmi A5 Specs: 32MP AI dual camera, Immersive 6.88"" display, Powerful octa-core processor | Xiaomi UK",,11,5.0,,,Y,,,£79,79,specification,See specs,Lightweight and slim,specification,Circadian Friendly feature may be available via OTA update.,Redmi A5,specification,Bluetooth 5.2,Redmi A5,specification,Redmi A5 4G,Rear Camera,specification,Smooth operation,Gaming,specification,Redmi A5,GPS | Glonass | Galileo | BDS (only B1C）,specification,"Supports memory extension: 3GB up to 6GB, 4GB up to 8GB",Redmi A5,specification,Redmi A5,4G: LTE TDD: B38/40/41,specification,AI face unlock,USB Type-C,specification,Sandy Gold,Configurations available may differ between different regions. Available RAM and storage are less than the total memory due to storage of the operating system and software pre-installed on the device.,specification,"Data tested by Xiaomi Internal Labs, compared to Redmi A3.",TÜV Rheinland Circadian Friendly,specification,4G: LTE FDD: B1/3/5/7/8/20/28,Mobile Phone | USB Type-C Cable | SIM Eject Tool | Protective Case | Quick Start Guide and Warranty Card | Safety Information,specification,4P lens,Redmi A5,specification,720p 1280x720 30fps,"5,000 times",specification,Processor,Midnight Black,specification,Redmi A5,Ocean Blue,specification,Redmi A5,Redmi A5,specification,Redmi A5,5200mAh refers to the typical value of Redmi A5's battery capacity.,specification,"36 months like-new software experience tested with a dedicated software aging test which benchmarks the software experience against when the device is new. Results obtained from Xiaomi Internal Labs, actual situation may vary depending on the network environment, usage scenarios, personal habits and other factors.",Redmi A5,,,
xiaomi,2025-09-27,https://ams-go.buy.mi.com/uk/v2/item/productdetail?from=pc&tag=redmi-a5,https://www.mi.com/uk/product/redmi-a5/buy/?gid=4223709247,4223709247,REDMI A5 Sandy Gold 3 GB + 64 GB,xiaomi,79,,,,Sandy Gold,3 GB + 64 GB,,,Mobile,Phones,REDMI Series,,,,,https://i05.appmifile.com/173_item_uk/11/07/2025/dde17f9df180904a8fec3700b908533b.png,https://i05.appmifile.com/930_item_uk/03/07/2025/5cb0f0fcd4fa304ebd1caf0b722dc651.jpg,https://i05.appmifile.com/477_item_uk/16/04/2025/c8633b35ed0dfa86e119f776260421d1.png,https://i05.appmifile.com/997_item_uk/16/04/2025/e7a8f773887e0b6f1861e676d730adcb.png,https://i05.appmifile.com/37_item_uk/16/04/2025/4dd1e5cecfbd89a861bed4028bc9935f.png,"Redmi A5 Specs: 32MP AI dual camera, Immersive 6.88"" display, Powerful octa-core processor | Xiaomi UK",,11,5.0,,,Y,,,£79,79,specification,See specs,Lightweight and slim,specification,Circadian Friendly feature may be available via OTA update.,Redmi A5,specification,Bluetooth 5.2,Redmi A5,specification,Redmi A5 4G,Rear Camera,specification,Smooth operation,Gaming,specification,Redmi A5,GPS | Glonass | Galileo | BDS (only B1C）,specification,"Supports memory extension: 3GB up to 6GB, 4GB up to 8GB",Redmi A5,specification,Redmi A5,4G: LTE TDD: B38/40/41,specification,AI face unlock,USB Type-C,specification,Sandy Gold,Configurations available may differ between different regions. Available RAM and storage are less than the total memory due to storage of the operating system and software pre-installed on the device.,specification,"Data tested by Xiaomi Internal Labs, compared to Redmi A3.",TÜV Rheinland Circadian Friendly,specification,4G: LTE FDD: B1/3/5/7/8/20/28,Mobile Phone | USB Type-C Cable | SIM Eject Tool | Protective Case | Quick Start Guide and Warranty Card | Safety Information,specification,4P lens,Redmi A5,specification,720p 1280x720 30fps,"5,000 times",specification,Processor,Midnight Black,specification,Redmi A5,Ocean Blue,specification,Redmi A5,Redmi A5,specification,Redmi A5,5200mAh refers to the typical value of Redmi A5's battery capacity.,specification,"36 months like-new software experience tested with a dedicated software aging test which benchmarks the software experience against when the device is new. Results obtained from Xiaomi Internal Labs, actual situation may vary depending on the network environment, usage scenarios, personal habits and other factors.",Redmi A5,,,
xiaomi,2025-09-27,https://ams-go.buy.mi.com/uk/v2/item/productdetail?from=pc&tag=xiaomi-smart-scale-s200,https://www.mi.com/uk/product/xiaomi-smart-scale-s200/buy/?gid=4223709167,4223709167,Mi Smart Scale S200 White,xiaomi,15.99,,,,White,,,,Life style,Health & Fitness,Scales,,,,,https://i05.appmifile.com/543_item_uk/21/05/2025/aa51a1fe7d96315a0fcba6cf9f72354f.png,,,,,"Discover the Xiaomi Smart Scale S200 specs at Xiaomi UK. 0.05 kg accuracy, 0.1–150 kg range, auto user/object detection, 36 profiles, balance test & app sync.",,11,4.5,,,,,,£15.99,15.99,specification,Name,Xiaomi Smart Scale S200,specification,Dimensions,280 x 280 x 24.5mm,specification,Measurement unit,kg/lb,specification,Casing material,"Tempered glass, engineering plastic",specification,Operating temperature,0°C to 40°C,specification,Net weight,1.2kg,specification,Weighing range,0.1–150kg,specification,Minimum scale increments,0.05kg,specification,Wireless connectivity,Bluetooth Low Energy 5.4,specification,Rated power,450mW,specification,Rated voltage,4.5V⎓ (AAA battery x3),specification,Model,MJTZC02YM,specification,Compatible with,Android 8.0 or iOS 12.0 and above,,,,,,,,,,,,,,,,,,,,,
xiaomi,2025-09-27,https://ams-go.buy.mi.com/uk/v2/item/productdetail?from=pc&tag=xiaomi-smart-scale-s200,https://www.mi.com/uk/product/xiaomi-smart-scale-s200/buy/?gid=4223709168,4223709168,Mi Smart Scale S200 Dark Grey,xiaomi,15.99,,,,Dark Grey,,,,Life style,Health & Fitness,Scales,,,,,https://i05.appmifile.com/189_item_uk/21/05/2025/45b3f37b31ad3387eed879b1ef560361.png,,,,,"Discover the Xiaomi Smart Scale S200 specs at Xiaomi UK. 0.05 kg accuracy, 0.1–150 kg range, auto user/object detection, 36 profiles, balance test & app sync.",,11,4.5,,,,,,£15.99,15.99,specification,Name,Xiaomi Smart Scale S200,specification,Dimensions,280 x 280 x 24.5mm,specification,Measurement unit,kg/lb,specification,Casing material,"Tempered glass, engineering plastic",specification,Operating temperature,0°C to 40°C,specification,Net weight,1.2kg,specification,Weighing range,0.1–150kg,specification,Minimum scale increments,0.05kg,specification,Wireless connectivity,Bluetooth Low Energy 5.4,specification,Rated power,450mW,specification,Rated voltage,4.5V⎓ (AAA battery x3),specification,Model,MJTZC02YM,specification,Compatible with,Android 8.0 or iOS 12.0 and above,,,,,,,,,,,,,,,,,,,,,
xiaomi,2025-09-27,https://ams-go.buy.mi.com/uk/v2/item/productdetail?from=pc&tag=xiaomi-212w-hypercharge-power-bank-25000,https://www.mi.com/uk/product/xiaomi-212w-hypercharge-power-bank-25000/buy/?gid=4223709166,4223709166,Xiaomi 212W HyperCharge Power Bank 25000mAh GL Black 25000mAh,xiaomi,79.99,84.99,Y,save £5,Black,25000mAh,,,Life style,Chargings,Power Banks,,,,,https://i05.appmifile.com/748_item_uk/08/04/2025/a21899843d44f9a0d379094a648d8037.png,https://i05.appmifile.com/85_item_uk/08/04/2025/4209f9bd99a05dee7e5d06625a0e58c3.png,,,,"Xiaomi 212w Hypercharge Power Bank 25000 Specs: Powerful multi-port maximum output of 212W, Supports high-power fast charging for three devices at once, Single port PD 3.1 with a maximum output of 140W | Xiaomi UK",,4,5.0,,,,Y,,£79.99,79.99,specification,Product model,P03MI,specification,Battery type,Lithium-ion battery,specification,Rated capacity,"14,000 mAh (5V/6A)",specification,Typical energy,90.8Wh 3.63V 25000mAh,specification,Rated energy,89.0 Wh 3.63V 24500 mAh,specification,Input port,USB-C®,specification,Output port,USB-A/USB-C,specification,Input parameters,USB-C (C1) 5V=3A 9V=3A 12V=3A 15V=3A 20V=3.25A 20V=5A; USB-C (C2) 5V=3A 9V=3A 12V=3A 15V=3A 20V=2.25A,specification,Output parameters,Product dimensions,specification,55.4 x 55.4 x 160mm,Single port output,specification,USB-C (C1) 5V=3A 9V=3A 11V=3A 11V=6.1A 12V=3A 15V=3A 20V=2.25A 20V=3.25A 20V=4.5A 20V=6A 28V=5A 140W Max; USB-C (C2) 5V=3A 9V=3A 12V=3A 15V=3A 20V=2.25A 45W Max; USB-A (A)5V=3A 9V=3A 10V=2.25A 11V=6.1A 12V=1.67A 12V=3A 15V=3A 20V=3A 20V=6A 120W Max,Multi-port power output,,,,,,,,,,,,,,,,,,,,,,,,,,,
xiaomi,2025-09-27,https://ams-go.buy.mi.com/uk/v2/item/productdetail?from=pc&tag=xiaomi-robot-vacuum-x20-max-x20-pro-accessories,https://www.mi.com/uk/product/xiaomi-robot-vacuum-x20-max-x20-pro-accessories/buy/?gid=4223709110,4223709110,Xiaomi Robot Vacuum X20 Max Automatic Hair-cutting Brush,xiaomi,14.99,,,,Xiaomi Robot Vacuum X20 Max /5/5proAnti-tangle hair-cutting Brush,,,,Smart Home,Vacuum Cleaners,Vacuum Cleaners Accessories,,,,,https://i05.appmifile.com/535_item_uk/02/04/2025/5aa6317377cc1ea6ba44d277706e7ec6.png,,,,,Xiaomi Robot Vacuum X20 Max X20 Pro Accessories Specs: | Xiaomi UK,,4,5.0,,,,,,£14.99,14.99,,,,,,,,,,,,,,,,,,,,,,,,,,,,,,,,,,,,,,,,,,,,,,,,,,,,,,,,,,,,
xiaomi,2025-09-27,https://ams-go.buy.mi.com/uk/v2/item/productdetail?from=pc&tag=xiaomi-watch-s4-bezel-and-strap-kit,https://www.mi.com/uk/product/xiaomi-watch-s4-bezel-and-strap-kit/buy/?gid=4223709113,4223709113,Xiaomi Watch S4 Bezel Silver,xiaomi,9.99,,,,Xiaomi Watch S4 Bezel,Silver,,,Wearables,Smart Watches,Watches Accessories,,,,,https://i05.appmifile.com/541_item_uk/02/04/2025/486fd102b77b19bba8449085b5876114.png,,,,,Discover the Xiaomi Watch S4 Bezel and Strap Kit at Xiaomi UK. An accessory set with interchangeable bezels and straps for easy customisation and everyday wear.,,4,5.0,,,,,,£9.99,9.99,,,,,,,,,,,,,,,,,,,,,,,,,,,,,,,,,,,,,,,,,,,,,,,,,,,,,,,,,,,,
xiaomi,2025-09-27,https://ams-go.buy.mi.com/uk/v2/item/productdetail?from=pc&tag=xiaomi-watch-s4-bezel-and-strap-kit,https://www.mi.com/uk/product/xiaomi-watch-s4-bezel-and-strap-kit/buy/?gid=4223709111,4223709111,Xiaomi Watch S4 Bezel Rainbow,xiaomi,12.99,,,,Xiaomi Watch S4 Bezel,Rainbow,,,Wearables,Smart Watches,Watches Accessories,,,,,https://i05.appmifile.com/469_item_uk/02/04/2025/a0844ef6e6bf584d1fc27561cd71e221.png,,,,,Discover the Xiaomi Watch S4 Bezel and Strap Kit at Xiaomi UK. An accessory set with interchangeable bezels and straps for easy customisation and everyday wear.,,4,5.0,,,Y,,,£12.99,12.99,,,,,,,,,,,,,,,,,,,,,,,,,,,,,,,,,,,,,,,,,,,,,,,,,,,,,,,,,,,,
xiaomi,2025-09-27,https://ams-go.buy.mi.com/uk/v2/item/productdetail?from=pc&tag=xiaomi-watch-s4-bezel-and-strap-kit,https://www.mi.com/uk/product/xiaomi-watch-s4-bezel-and-strap-kit/buy/?gid=4223709112,4223709112,Xiaomi Watch S4 Bezel Black,xiaomi,9.99,,,,Xiaomi Watch S4 Bezel,Black,,,Wearables,Smart Watches,Watches Accessories,,,,,https://i05.appmifile.com/704_item_uk/02/04/2025/c8cfee722824368749bd168c694c4d77.png,,,,,Discover the Xiaomi Watch S4 Bezel and Strap Kit at Xiaomi UK. An accessory set with interchangeable bezels and straps for easy customisation and everyday wear.,,4,5.0,,,Y,,,£9.99,9.99,,,,,,,,,,,,,,,,,,,,,,,,,,,,,,,,,,,,,,,,,,,,,,,,,,,,,,,,,,,,
xiaomi,2025-09-27,https://ams-go.buy.mi.com/uk/v2/item/productdetail?from=pc&tag=xiaomi-smart-projector-l1-pro,https://www.mi.com/uk/product/xiaomi-smart-projector-l1-pro/buy/?gid=4223709105,4223709105,Xiaomi Smart Projector L1 Pro UK,xiaomi,249.99,269.99,Y,save £20,,,,,Smart Home,TVs & HA,Projectors,,,,,https://i05.appmifile.com/141_item_uk/01/04/2025/521dbdddd63b57397a4d37d62be4a6f0.png,https://i05.appmifile.com/73_item_uk/01/04/2025/be27d8ab713a9940e5686cba88e9076f.png,https://i05.appmifile.com/255_item_uk/01/04/2025/caecfdddccc8adb04e3152132ee3de96.png,,,"Xiaomi Smart Projector L1 Pro UK Specs: Everything you stream, all on one screen, Advanced fully sealed optical engine design, 400 ISO lumens brightness for stunning visuals* | Xiaomi UK",,2,5.0,,,,Y,,£249.99,249.99,,,,,,,,,,,,,,,,,,,,,,,,,,,,,,,,,,,,,,,,,,,,,,,,,,,,,,,,,,,,
xiaomi,2025-09-27,https://ams-go.buy.mi.com/uk/v2/item/productdetail?from=pc&tag=xiaomi-mesh-system-be3600-pro,https://www.mi.com/uk/product/xiaomi-mesh-system-be3600-pro/buy/?gid=4223709104,4223709104,Xiaomi Mesh System BE3600 Pro UK(2-pack),xiaomi,184.99,189.99,Y,save £5,,,,,Life style,Office,Routers,,,,,https://i05.appmifile.com/329_item_uk/01/04/2025/214573e6027e47b1d8278920b7e4bd04.png,https://i05.appmifile.com/258_item_uk/01/04/2025/cdf738d6656af28d5eb3c57029b7305d.png,,,,"Boost home Wi‑Fi with the Xiaomi Mesh System BE3600 Pro at Xiaomi UK. Enjoy Wi‑Fi 7 speeds, 2.5 Gbps port, NFC, Bluetooth Mesh, and seamless mesh coverage.",,3,5.0,,,,Y,,£184.99,184.99,specification,Dedicated IoT network for smart devices,"Supports web and Xiaomi Home app (Android, iOS)",specification,3570Mbps is the theoretical maximum wireless signal rate for concurrent 2.4GHz and 5GHz dual-band usage. The actual rate will depend on the environment.,x1,specification,Antenna,SECURITY,specification,OFDMA,WPA-PSK/WPA2-PSK/WPA3-SAE encryption,specification,Xiaomi Mesh System Be3600 Pro,Exclusive acceleration for Xiaomi smartphones,specification,Xiaomi Mesh System Be3600 Pro,How to enhance the Wi-Fi signal,specification,"The all-new Wi-Fi 7 protocol delivers higher speeds for increased throughput and introduces advanced features such as MLO for multi-link operation, ample utilisation of channel resources, latency reduction, enhancement of anti-interference capabilities and improvements to long-distance coverage.",Xiaomi Mesh System Be3600 Pro,specification,Band,Operating humidity,specification,Increase in theoretical rate,"The above content and features shown on the page cannot be guaranteed to remain permanent and may change as a result of changes in copyright, commercial, or technical conditions. In case of any changes, no individual notifications will be given, please refer to the actual content and features of the product.",specification,1 main router + 1 satellite router,Meticulous design to maximise antenna performance,specification,Dimensions,"Router x2, power adaptor x2, network cable x1, user manual x1, warranty notice x1",specification,Protocol standard,Support,specification,178mm x 70mm x 217.2mm,Several walls,specification,Xiaomi Family NetShield,Hostile environment testing,specification,This feature requires all devices in the network environment to support BSS Colouring,"After the main router is set up, satellite routers will automatically connect to the network once powered on.",specification,Xiaomi Mesh System Be3600 Pro,5–90% RH (non-condensing),specification,Xiaomi Mesh System Be3600 Pro,0–40°C,specification,MiWiFi ROM,Dual-link backhaul for increased stability,specification,NFC,Xiaomi Mesh System Be3600 Pro,,,
xiaomi,2025-09-27,https://ams-go.buy.mi.com/uk/v2/item/productdetail?from=pc&tag=poco-m7-pro-5g,https://www.mi.com/uk/product/poco-m7-pro-5g/buy/?gid=4223709095,4223709095,POCO M7 Pro 5G Silver 8 GB + 256 GB,xiaomi,159,199,Y,save £40,Silver,8 GB + 256 GB,,,Mobile,Phones,POCO Phones,POCO M Series,,,,https://i05.appmifile.com/138_item_uk/01/04/2025/e5af3bbfe91e6c052ad1ed19b19fd5d0.png,https://i05.appmifile.com/383_item_uk/03/07/2025/7607fcb76dc0d35e770750b3a0335f15.jpg,https://i05.appmifile.com/821_item_uk/01/04/2025/b679be249a02bbe26099200f3b5d3785.png,,,"POCO M7 Pro 5G Specs: Powerful Dimensity 7025-Ultra, Powerful and high efficiency 6nm 5G processor, 120Hz FHD+ eye-care AMOLED display",,28,5.0,,,,Y,,£159,159,specification,Clear 50MP Sony camera with OIS,42+ apps,specification,The upgraded 5G high-speed network delivers an improved entertainment experience with instant video and music streaming.,"Featuring a RAW Domain Ultra-Sense Night Mode algorithm to capture more details in both night and backlit scenes, presenting stunning depth in light and shadows.",specification,Powerful chip for immersive gameplay,Poco M7 Pro 5g,specification,HyperOS 1.0,IP64 dust and water resistance,specification,Poco M7 Pro 5g,POCO Imaging Engine,specification,Poco M7 Pro 5g,"With a 5110mAh big battery and smart power management, there's no need to worry about battery life even with heavy usage",specification,Three colours to choose from,PPI,specification,Battery Health 4.0,TÜV SÜD long-life battery certification,specification,"Product may vary by region, please refer to the actual product.",Dynamic shots may not support sharing via third-party apps.,specification,Poco M7 Pro 5g,hours,specification,Poco M7 Pro 5g,"Effective protection against water, dust, or other unexpected situations.",specification,"POCO M7 Pro 5G boasts a 6.67-inch AMOLED display with a 120Hz refresh rate and 394 PPI, delivering vibrant colors and sharp visuals. It also features ultra-high peak brightness, ensuring clear and comfortable viewing even outdoors.",Poco M7 Pro 5g,specification,Poco M7 Pro 5g,f/1.5,specification,Poco M7 Pro 5g,Poco M7 Pro 5g,specification,Poco M7 Pro 5g,Poco M7 Pro 5g,specification,Poco M7 Pro 5g,Poco M7 Pro 5g,specification,Poco M7 Pro 5g,Poco M7 Pro 5g,specification,Poco M7 Pro 5g,Poco M7 Pro 5g,specification,19+,Peak brightness,,,
xiaomi,2025-09-27,https://ams-go.buy.mi.com/uk/v2/item/productdetail?from=pc&tag=poco-m7-pro-5g,https://www.mi.com/uk/product/poco-m7-pro-5g/buy/?gid=4223709096,4223709096,POCO M7 Pro 5G Silver 12 GB + 256 GB,xiaomi,199,239,Y,save £40,Silver,12 GB + 256 GB,,,Mobile,Phones,POCO Phones,POCO M Series,,,,https://i05.appmifile.com/138_item_uk/01/04/2025/e5af3bbfe91e6c052ad1ed19b19fd5d0.png,https://i05.appmifile.com/383_item_uk/03/07/2025/7607fcb76dc0d35e770750b3a0335f15.jpg,https://i05.appmifile.com/821_item_uk/01/04/2025/b679be249a02bbe26099200f3b5d3785.png,,,"POCO M7 Pro 5G Specs: Powerful Dimensity 7025-Ultra, Powerful and high efficiency 6nm 5G processor, 120Hz FHD+ eye-care AMOLED display",,28,5.0,,,,Y,,£199,199,specification,Clear 50MP Sony camera with OIS,42+ apps,specification,The upgraded 5G high-speed network delivers an improved entertainment experience with instant video and music streaming.,"Featuring a RAW Domain Ultra-Sense Night Mode algorithm to capture more details in both night and backlit scenes, presenting stunning depth in light and shadows.",specification,Powerful chip for immersive gameplay,Poco M7 Pro 5g,specification,HyperOS 1.0,IP64 dust and water resistance,specification,Poco M7 Pro 5g,POCO Imaging Engine,specification,Poco M7 Pro 5g,"With a 5110mAh big battery and smart power management, there's no need to worry about battery life even with heavy usage",specification,Three colours to choose from,PPI,specification,Battery Health 4.0,TÜV SÜD long-life battery certification,specification,"Product may vary by region, please refer to the actual product.",Dynamic shots may not support sharing via third-party apps.,specification,Poco M7 Pro 5g,hours,specification,Poco M7 Pro 5g,"Effective protection against water, dust, or other unexpected situations.",specification,"POCO M7 Pro 5G boasts a 6.67-inch AMOLED display with a 120Hz refresh rate and 394 PPI, delivering vibrant colors and sharp visuals. It also features ultra-high peak brightness, ensuring clear and comfortable viewing even outdoors.",Poco M7 Pro 5g,specification,Poco M7 Pro 5g,f/1.5,specification,Poco M7 Pro 5g,Poco M7 Pro 5g,specification,Poco M7 Pro 5g,Poco M7 Pro 5g,specification,Poco M7 Pro 5g,Poco M7 Pro 5g,specification,Poco M7 Pro 5g,Poco M7 Pro 5g,specification,Poco M7 Pro 5g,Poco M7 Pro 5g,specification,19+,Peak brightness,,,
xiaomi,2025-09-27,https://ams-go.buy.mi.com/uk/v2/item/productdetail?from=pc&tag=poco-m7-pro-5g,https://www.mi.com/uk/product/poco-m7-pro-5g/buy/?gid=4223709100,4223709100,POCO M7 Pro 5G Purple 8 GB + 256 GB,xiaomi,159,199,Y,save £40,Purple,8 GB + 256 GB,,,Mobile,Phones,POCO Phones,POCO M Series,,,,https://i05.appmifile.com/137_item_uk/01/04/2025/92c2081893dac0396f511dd47eab30b4.png,https://i05.appmifile.com/125_item_uk/03/07/2025/d86620b5f1183bc5a5884497011ed4e6.jpg,https://i05.appmifile.com/353_item_uk/01/04/2025/a1cc5b9342efda67362633f3f6ddba70.png,,,"POCO M7 Pro 5G Specs: Powerful Dimensity 7025-Ultra, Powerful and high efficiency 6nm 5G processor, 120Hz FHD+ eye-care AMOLED display",,28,5.0,,,,Y,,£159,159,specification,Clear 50MP Sony camera with OIS,42+ apps,specification,The upgraded 5G high-speed network delivers an improved entertainment experience with instant video and music streaming.,"Featuring a RAW Domain Ultra-Sense Night Mode algorithm to capture more details in both night and backlit scenes, presenting stunning depth in light and shadows.",specification,Powerful chip for immersive gameplay,Poco M7 Pro 5g,specification,HyperOS 1.0,IP64 dust and water resistance,specification,Poco M7 Pro 5g,POCO Imaging Engine,specification,Poco M7 Pro 5g,"With a 5110mAh big battery and smart power management, there's no need to worry about battery life even with heavy usage",specification,Three colours to choose from,PPI,specification,Battery Health 4.0,TÜV SÜD long-life battery certification,specification,"Product may vary by region, please refer to the actual product.",Dynamic shots may not support sharing via third-party apps.,specification,Poco M7 Pro 5g,hours,specification,Poco M7 Pro 5g,"Effective protection against water, dust, or other unexpected situations.",specification,"POCO M7 Pro 5G boasts a 6.67-inch AMOLED display with a 120Hz refresh rate and 394 PPI, delivering vibrant colors and sharp visuals. It also features ultra-high peak brightness, ensuring clear and comfortable viewing even outdoors.",Poco M7 Pro 5g,specification,Poco M7 Pro 5g,f/1.5,specification,Poco M7 Pro 5g,Poco M7 Pro 5g,specification,Poco M7 Pro 5g,Poco M7 Pro 5g,specification,Poco M7 Pro 5g,Poco M7 Pro 5g,specification,Poco M7 Pro 5g,Poco M7 Pro 5g,specification,Poco M7 Pro 5g,Poco M7 Pro 5g,specification,19+,Peak brightness,,,
xiaomi,2025-09-27,https://ams-go.buy.mi.com/uk/v2/item/productdetail?from=pc&tag=poco-m7-pro-5g,https://www.mi.com/uk/product/poco-m7-pro-5g/buy/?gid=4223709092,4223709092,POCO M7 Pro 5G Green 8 GB + 256 GB,xiaomi,159,199,Y,save £40,Green,8 GB + 256 GB,,,Mobile,Phones,POCO Phones,POCO M Series,,,,https://i05.appmifile.com/924_item_uk/01/04/2025/7e74672abccd540cff48b1864bef6f9a.png,https://i05.appmifile.com/695_item_uk/03/07/2025/fbf00ae6a6c72239233d952e8ff42268.jpg,https://i05.appmifile.com/24_item_uk/01/04/2025/5cb83e2509b0aa8d848da0f4f1cb5fb1.png,,,"POCO M7 Pro 5G Specs: Powerful Dimensity 7025-Ultra, Powerful and high efficiency 6nm 5G processor, 120Hz FHD+ eye-care AMOLED display",,28,5.0,,,,Y,,£159,159,specification,Clear 50MP Sony camera with OIS,42+ apps,specification,The upgraded 5G high-speed network delivers an improved entertainment experience with instant video and music streaming.,"Featuring a RAW Domain Ultra-Sense Night Mode algorithm to capture more details in both night and backlit scenes, presenting stunning depth in light and shadows.",specification,Powerful chip for immersive gameplay,Poco M7 Pro 5g,specification,HyperOS 1.0,IP64 dust and water resistance,specification,Poco M7 Pro 5g,POCO Imaging Engine,specification,Poco M7 Pro 5g,"With a 5110mAh big battery and smart power management, there's no need to worry about battery life even with heavy usage",specification,Three colours to choose from,PPI,specification,Battery Health 4.0,TÜV SÜD long-life battery certification,specification,"Product may vary by region, please refer to the actual product.",Dynamic shots may not support sharing via third-party apps.,specification,Poco M7 Pro 5g,hours,specification,Poco M7 Pro 5g,"Effective protection against water, dust, or other unexpected situations.",specification,"POCO M7 Pro 5G boasts a 6.67-inch AMOLED display with a 120Hz refresh rate and 394 PPI, delivering vibrant colors and sharp visuals. It also features ultra-high peak brightness, ensuring clear and comfortable viewing even outdoors.",Poco M7 Pro 5g,specification,Poco M7 Pro 5g,f/1.5,specification,Poco M7 Pro 5g,Poco M7 Pro 5g,specification,Poco M7 Pro 5g,Poco M7 Pro 5g,specification,Poco M7 Pro 5g,Poco M7 Pro 5g,specification,Poco M7 Pro 5g,Poco M7 Pro 5g,specification,Poco M7 Pro 5g,Poco M7 Pro 5g,specification,19+,Peak brightness,,,
xiaomi,2025-09-27,https://ams-go.buy.mi.com/uk/v2/item/productdetail?from=pc&tag=poco-m7-pro-5g,https://www.mi.com/uk/product/poco-m7-pro-5g/buy/?gid=4223709093,4223709093,POCO M7 Pro 5G Green 12 GB + 256 GB,xiaomi,199,239,Y,save £40,Green,12 GB + 256 GB,,,Mobile,Phones,POCO Phones,POCO M Series,,,,https://i05.appmifile.com/924_item_uk/01/04/2025/7e74672abccd540cff48b1864bef6f9a.png,https://i05.appmifile.com/695_item_uk/03/07/2025/fbf00ae6a6c72239233d952e8ff42268.jpg,https://i05.appmifile.com/24_item_uk/01/04/2025/5cb83e2509b0aa8d848da0f4f1cb5fb1.png,,,"POCO M7 Pro 5G Specs: Powerful Dimensity 7025-Ultra, Powerful and high efficiency 6nm 5G processor, 120Hz FHD+ eye-care AMOLED display",,28,5.0,,,,Y,,£199,199,specification,Clear 50MP Sony camera with OIS,42+ apps,specification,The upgraded 5G high-speed network delivers an improved entertainment experience with instant video and music streaming.,"Featuring a RAW Domain Ultra-Sense Night Mode algorithm to capture more details in both night and backlit scenes, presenting stunning depth in light and shadows.",specification,Powerful chip for immersive gameplay,Poco M7 Pro 5g,specification,HyperOS 1.0,IP64 dust and water resistance,specification,Poco M7 Pro 5g,POCO Imaging Engine,specification,Poco M7 Pro 5g,"With a 5110mAh big battery and smart power management, there's no need to worry about battery life even with heavy usage",specification,Three colours to choose from,PPI,specification,Battery Health 4.0,TÜV SÜD long-life battery certification,specification,"Product may vary by region, please refer to the actual product.",Dynamic shots may not support sharing via third-party apps.,specification,Poco M7 Pro 5g,hours,specification,Poco M7 Pro 5g,"Effective protection against water, dust, or other unexpected situations.",specification,"POCO M7 Pro 5G boasts a 6.67-inch AMOLED display with a 120Hz refresh rate and 394 PPI, delivering vibrant colors and sharp visuals. It also features ultra-high peak brightness, ensuring clear and comfortable viewing even outdoors.",Poco M7 Pro 5g,specification,Poco M7 Pro 5g,f/1.5,specification,Poco M7 Pro 5g,Poco M7 Pro 5g,specification,Poco M7 Pro 5g,Poco M7 Pro 5g,specification,Poco M7 Pro 5g,Poco M7 Pro 5g,specification,Poco M7 Pro 5g,Poco M7 Pro 5g,specification,Poco M7 Pro 5g,Poco M7 Pro 5g,specification,19+,Peak brightness,,,
xiaomi,2025-09-27,https://ams-go.buy.mi.com/uk/v2/item/productdetail?from=pc&tag=poco-m7-pro-5g,https://www.mi.com/uk/product/poco-m7-pro-5g/buy/?gid=4223709094,4223709094,POCO M7 Pro 5G Purple 12 GB + 256 GB,xiaomi,199,239,Y,save £40,Purple,12 GB + 256 GB,,,Mobile,Phones,POCO Phones,POCO M Series,,,,https://i05.appmifile.com/137_item_uk/01/04/2025/92c2081893dac0396f511dd47eab30b4.png,https://i05.appmifile.com/125_item_uk/03/07/2025/d86620b5f1183bc5a5884497011ed4e6.jpg,https://i05.appmifile.com/353_item_uk/01/04/2025/a1cc5b9342efda67362633f3f6ddba70.png,,,"POCO M7 Pro 5G Specs: Powerful Dimensity 7025-Ultra, Powerful and high efficiency 6nm 5G processor, 120Hz FHD+ eye-care AMOLED display",,28,5.0,,,,Y,,£199,199,specification,Clear 50MP Sony camera with OIS,42+ apps,specification,The upgraded 5G high-speed network delivers an improved entertainment experience with instant video and music streaming.,"Featuring a RAW Domain Ultra-Sense Night Mode algorithm to capture more details in both night and backlit scenes, presenting stunning depth in light and shadows.",specification,Powerful chip for immersive gameplay,Poco M7 Pro 5g,specification,HyperOS 1.0,IP64 dust and water resistance,specification,Poco M7 Pro 5g,POCO Imaging Engine,specification,Poco M7 Pro 5g,"With a 5110mAh big battery and smart power management, there's no need to worry about battery life even with heavy usage",specification,Three colours to choose from,PPI,specification,Battery Health 4.0,TÜV SÜD long-life battery certification,specification,"Product may vary by region, please refer to the actual product.",Dynamic shots may not support sharing via third-party apps.,specification,Poco M7 Pro 5g,hours,specification,Poco M7 Pro 5g,"Effective protection against water, dust, or other unexpected situations.",specification,"POCO M7 Pro 5G boasts a 6.67-inch AMOLED display with a 120Hz refresh rate and 394 PPI, delivering vibrant colors and sharp visuals. It also features ultra-high peak brightness, ensuring clear and comfortable viewing even outdoors.",Poco M7 Pro 5g,specification,Poco M7 Pro 5g,f/1.5,specification,Poco M7 Pro 5g,Poco M7 Pro 5g,specification,Poco M7 Pro 5g,Poco M7 Pro 5g,specification,Poco M7 Pro 5g,Poco M7 Pro 5g,specification,Poco M7 Pro 5g,Poco M7 Pro 5g,specification,Poco M7 Pro 5g,Poco M7 Pro 5g,specification,19+,Peak brightness,,,
xiaomi,2025-09-27,https://ams-go.buy.mi.com/uk/v2/item/productdetail?from=pc&tag=xiaomi-instant-hot-water-dispenser-tube,https://www.mi.com/uk/product/xiaomi-instant-hot-water-dispenser-tube/buy/?gid=4223709072,4223709072,Xiaomi Instant Hot Water Dispenser S1 Tube,xiaomi,3.99,,,,,,,,Smart Home,Kitchen Appliances,Water Dispensers,,,,,https://i05.appmifile.com/284_item_uk/31/03/2025/f7ebcceaaa2cd32dfbec7c688f2f5851.png,,,,,Xiaomi Instant Hot Water Dispenser S1 Tube Specs: | Xiaomi UK,,,,,,,,,£3.99,3.99,specification,Xiaomi Instant Hot Water Dispenser Tube,Xiaomi Instant Hot Water Dispenser Tube,specification,Optional tube,Xiaomi Instant Hot Water Dispenser Tube,specification,Xiaomi Instant Hot Water Dispenser Tube,Compatible with: Xiaomi Instant Hot Water Dispenser,specification,Xiaomi Instant Hot Water Dispenser Tube,See specs,specification,Can be connected to commercial bottled water,"It is recommended to use with 58mm-diameter water bottle mouths. While usable with smaller bottle mouths, the tube cannot be securely fastened and may be loose.",,,,,,,,,,,,,,,,,,,,,,,,,,,,,,,,,,,,,,,,,,,,,
xiaomi,2025-09-27,https://ams-go.buy.mi.com/uk/v2/item/productdetail?from=pc&tag=xiaomi-blender,https://www.mi.com/uk/product/xiaomi-blender/buy/?gid=4223709041,4223709041,Xiaomi Blender UK,xiaomi,49.99,,,,,,,,Smart Home,Kitchen Appliances,Blenders,,,,,https://i05.appmifile.com/634_item_uk/28/03/2025/a92989735325a531f12c0a940f599925.png,https://i05.appmifile.com/963_item_uk/28/03/2025/4390f8d00e642c488aa5770d509e40ba.png,https://i05.appmifile.com/720_item_uk/28/03/2025/17f32c4cafe446ad39ad9a594a7dc3ca.png,https://i05.appmifile.com/271_item_uk/28/03/2025/d4890c0a33156865ae364d5eadf56220.png,https://i05.appmifile.com/641_item_uk/28/03/2025/8009335e671dd7166526235111621c42.png,"Xiaomi Blender UK Specs: Multifunctional blender, Create a variety of beverages, 600W large power | Xiaomi UK",,2,5.0,,,,,,£49.99,49.99,specification,Xiaomi Blender,User-friendly design details,specification,Quick grinding and blending,Xiaomi Blender,specification,Xiaomi Blender,Achieves a silky-smooth texture,specification,Conveniently stored in the base,6 stainless steel blades,specification,Xiaomi Blender,Blending power,,,,,,,,,,,,,,,,,,,,,,,,,,,,,,,,,,,,,,,,,,,,,
xiaomi,2025-09-27,https://ams-go.buy.mi.com/uk/v2/item/productdetail?from=pc&tag=poco-f7-ultra,https://www.mi.com/uk/product/poco-f7-ultra/buy/?gid=4223708839,4223708839,POCO F7 Ultra Yellow 12 GB + 256 GB,xiaomi,569,649,Y,save £80,Yellow,12 GB + 256 GB,,,Mobile,Phones,POCO Phones,POCO F Series,,,,https://i05.appmifile.com/240_item_uk/25/03/2025/149c6c963519dd74dbc0d1409d5a8851.png,https://i05.appmifile.com/73_item_uk/03/07/2025/95957d2767786bdee720e2e1ea876de1.jpg,https://i05.appmifile.com/400_item_uk/25/03/2025/a414fa6bf98035496d58c66dbd35b289.png,,,"Explore the POCO F7 Ultra in the UK at Xiaomi. Features a 6.67” 2K AMOLED display, Snapdragon 8 Elite, 5300mAh battery, 120W charging, and 50MP triple camera.",,33,5.0,,,,Y,,£569,569,specification,WildBoost Optimization 4.0,Poco F7 Ultra,specification,"The 2K display employs circular polarization technology, transforming the screen's original linearly polarized light into circularly polarized light, bringing the light closer to natural light, offering dependable eye protection in all scenarios. Multiple eye-care protection applied to reduce visual fatigue and protect eye health at all times, day or night.",Perfect for close-ups with finer details,specification,Night mode,Proximity sensor | Ambient light sensor | Accelerometer | Electronic compass | Gyroscope | IR blaster | Flicker sensor,specification,Storage & RAM,"UFS 4.1 will start to release via OTA, rollout schedule may vary by regions.",specification,2.0μm Super Pixel,Weight: 212g,specification,Functions may vary in some markets.,Poco F7 Ultra,specification,Poco F7 Ultra,f/2.2,specification,Wi-Fi and BT performance improvement,Improved drop resistance,specification,Poco F7 Ultra,AI energy efficiency,specification,Massive 5300mAh (typ) battery,Colour PRO,specification,50MP triple camera with OIS,Poco F7 Ultra,specification,Poco F7 Ultra,Go Live to talk things out with Gemini.,specification,50W wireless,"Powered by cloud-based AI technology, automatically convert speech to text, with speaker recognition, summary generation and translation.",specification,AnTuTu score,HyperCharge,specification,See specs,Ultra audio-visual experience,specification,24mm,526,specification,AI Speech Recognition is available in select languages. Internet connection required. Check responses for accuracy.,Poco F7 Ultra,specification,"Experience buttery-smooth gameplay with 120FPS frame interpolation, ensuring lower power consumption and even more fluid visuals.",Poco F7 Ultra,specification,"Data tested by POCO Internal Labs in comparison to POCO F7 Ultra test device without Surge T1S Tuner. The test results may vary due to network conditions, environment, and other factors. Please refer to the actual experience.",Poco F7 Ultra,,,
xiaomi,2025-09-27,https://ams-go.buy.mi.com/uk/v2/item/productdetail?from=pc&tag=poco-f7-ultra,https://www.mi.com/uk/product/poco-f7-ultra/buy/?gid=4223708840,4223708840,POCO F7 Ultra Yellow 16 GB+512GB,xiaomi,619,699,Y,save £80,Yellow,16 GB+512GB,,,Mobile,Phones,POCO Phones,POCO F Series,,,,https://i05.appmifile.com/240_item_uk/25/03/2025/149c6c963519dd74dbc0d1409d5a8851.png,https://i05.appmifile.com/73_item_uk/03/07/2025/95957d2767786bdee720e2e1ea876de1.jpg,https://i05.appmifile.com/400_item_uk/25/03/2025/a414fa6bf98035496d58c66dbd35b289.png,,,"Explore the POCO F7 Ultra in the UK at Xiaomi. Features a 6.67” 2K AMOLED display, Snapdragon 8 Elite, 5300mAh battery, 120W charging, and 50MP triple camera.",,33,5.0,,,,Y,,£619,619,specification,WildBoost Optimization 4.0,Poco F7 Ultra,specification,"The 2K display employs circular polarization technology, transforming the screen's original linearly polarized light into circularly polarized light, bringing the light closer to natural light, offering dependable eye protection in all scenarios. Multiple eye-care protection applied to reduce visual fatigue and protect eye health at all times, day or night.",Perfect for close-ups with finer details,specification,Night mode,Proximity sensor | Ambient light sensor | Accelerometer | Electronic compass | Gyroscope | IR blaster | Flicker sensor,specification,Storage & RAM,"UFS 4.1 will start to release via OTA, rollout schedule may vary by regions.",specification,2.0μm Super Pixel,Weight: 212g,specification,Functions may vary in some markets.,Poco F7 Ultra,specification,Poco F7 Ultra,f/2.2,specification,Wi-Fi and BT performance improvement,Improved drop resistance,specification,Poco F7 Ultra,AI energy efficiency,specification,Massive 5300mAh (typ) battery,Colour PRO,specification,50MP triple camera with OIS,Poco F7 Ultra,specification,Poco F7 Ultra,Go Live to talk things out with Gemini.,specification,50W wireless,"Powered by cloud-based AI technology, automatically convert speech to text, with speaker recognition, summary generation and translation.",specification,AnTuTu score,HyperCharge,specification,See specs,Ultra audio-visual experience,specification,24mm,526,specification,AI Speech Recognition is available in select languages. Internet connection required. Check responses for accuracy.,Poco F7 Ultra,specification,"Experience buttery-smooth gameplay with 120FPS frame interpolation, ensuring lower power consumption and even more fluid visuals.",Poco F7 Ultra,specification,"Data tested by POCO Internal Labs in comparison to POCO F7 Ultra test device without Surge T1S Tuner. The test results may vary due to network conditions, environment, and other factors. Please refer to the actual experience.",Poco F7 Ultra,,,
xiaomi,2025-09-27,https://ams-go.buy.mi.com/uk/v2/item/productdetail?from=pc&tag=poco-f7-ultra,https://www.mi.com/uk/product/poco-f7-ultra/buy/?gid=4223708841,4223708841,POCO F7 Ultra Black 12 GB + 256 GB,xiaomi,569,649,Y,save £80,Black,12 GB + 256 GB,,,Mobile,Phones,POCO Phones,POCO F Series,,,,https://i05.appmifile.com/53_item_uk/25/03/2025/38118d69aaa8b77a91c70614a97f73ef.png,https://i05.appmifile.com/208_item_uk/03/07/2025/ca84cc931e0c5bb557d89084bdf7f593.jpg,https://i05.appmifile.com/340_item_uk/25/03/2025/b60da5b01f930d83a131c9cdbe8bf3d0.png,,,"Explore the POCO F7 Ultra in the UK at Xiaomi. Features a 6.67” 2K AMOLED display, Snapdragon 8 Elite, 5300mAh battery, 120W charging, and 50MP triple camera.",,33,5.0,,,,Y,,£569,569,specification,WildBoost Optimization 4.0,Poco F7 Ultra,specification,"The 2K display employs circular polarization technology, transforming the screen's original linearly polarized light into circularly polarized light, bringing the light closer to natural light, offering dependable eye protection in all scenarios. Multiple eye-care protection applied to reduce visual fatigue and protect eye health at all times, day or night.",Perfect for close-ups with finer details,specification,Night mode,Proximity sensor | Ambient light sensor | Accelerometer | Electronic compass | Gyroscope | IR blaster | Flicker sensor,specification,Storage & RAM,"UFS 4.1 will start to release via OTA, rollout schedule may vary by regions.",specification,2.0μm Super Pixel,Weight: 212g,specification,Functions may vary in some markets.,Poco F7 Ultra,specification,Poco F7 Ultra,f/2.2,specification,Wi-Fi and BT performance improvement,Improved drop resistance,specification,Poco F7 Ultra,AI energy efficiency,specification,Massive 5300mAh (typ) battery,Colour PRO,specification,50MP triple camera with OIS,Poco F7 Ultra,specification,Poco F7 Ultra,Go Live to talk things out with Gemini.,specification,50W wireless,"Powered by cloud-based AI technology, automatically convert speech to text, with speaker recognition, summary generation and translation.",specification,AnTuTu score,HyperCharge,specification,See specs,Ultra audio-visual experience,specification,24mm,526,specification,AI Speech Recognition is available in select languages. Internet connection required. Check responses for accuracy.,Poco F7 Ultra,specification,"Experience buttery-smooth gameplay with 120FPS frame interpolation, ensuring lower power consumption and even more fluid visuals.",Poco F7 Ultra,specification,"Data tested by POCO Internal Labs in comparison to POCO F7 Ultra test device without Surge T1S Tuner. The test results may vary due to network conditions, environment, and other factors. Please refer to the actual experience.",Poco F7 Ultra,,,
xiaomi,2025-09-27,https://ams-go.buy.mi.com/uk/v2/item/productdetail?from=pc&tag=poco-f7-ultra,https://www.mi.com/uk/product/poco-f7-ultra/buy/?gid=4223708842,4223708842,POCO F7 Ultra Black 16 GB+512GB,xiaomi,619,699,Y,save £80,Black,16 GB+512GB,,,Mobile,Phones,POCO Phones,POCO F Series,,,,https://i05.appmifile.com/53_item_uk/25/03/2025/38118d69aaa8b77a91c70614a97f73ef.png,https://i05.appmifile.com/208_item_uk/03/07/2025/ca84cc931e0c5bb557d89084bdf7f593.jpg,https://i05.appmifile.com/340_item_uk/25/03/2025/b60da5b01f930d83a131c9cdbe8bf3d0.png,,,"Explore the POCO F7 Ultra in the UK at Xiaomi. Features a 6.67” 2K AMOLED display, Snapdragon 8 Elite, 5300mAh battery, 120W charging, and 50MP triple camera.",,33,5.0,,,,Y,,£619,619,specification,WildBoost Optimization 4.0,Poco F7 Ultra,specification,"The 2K display employs circular polarization technology, transforming the screen's original linearly polarized light into circularly polarized light, bringing the light closer to natural light, offering dependable eye protection in all scenarios. Multiple eye-care protection applied to reduce visual fatigue and protect eye health at all times, day or night.",Perfect for close-ups with finer details,specification,Night mode,Proximity sensor | Ambient light sensor | Accelerometer | Electronic compass | Gyroscope | IR blaster | Flicker sensor,specification,Storage & RAM,"UFS 4.1 will start to release via OTA, rollout schedule may vary by regions.",specification,2.0μm Super Pixel,Weight: 212g,specification,Functions may vary in some markets.,Poco F7 Ultra,specification,Poco F7 Ultra,f/2.2,specification,Wi-Fi and BT performance improvement,Improved drop resistance,specification,Poco F7 Ultra,AI energy efficiency,specification,Massive 5300mAh (typ) battery,Colour PRO,specification,50MP triple camera with OIS,Poco F7 Ultra,specification,Poco F7 Ultra,Go Live to talk things out with Gemini.,specification,50W wireless,"Powered by cloud-based AI technology, automatically convert speech to text, with speaker recognition, summary generation and translation.",specification,AnTuTu score,HyperCharge,specification,See specs,Ultra audio-visual experience,specification,24mm,526,specification,AI Speech Recognition is available in select languages. Internet connection required. Check responses for accuracy.,Poco F7 Ultra,specification,"Experience buttery-smooth gameplay with 120FPS frame interpolation, ensuring lower power consumption and even more fluid visuals.",Poco F7 Ultra,specification,"Data tested by POCO Internal Labs in comparison to POCO F7 Ultra test device without Surge T1S Tuner. The test results may vary due to network conditions, environment, and other factors. Please refer to the actual experience.",Poco F7 Ultra,,,
xiaomi,2025-09-27,https://ams-go.buy.mi.com/uk/v2/item/productdetail?from=pc&tag=poco-f7-pro,https://www.mi.com/uk/product/poco-f7-pro/buy/?gid=4223708834,4223708834,POCO F7 Pro Black 12 GB + 512 GB,xiaomi,449,549,Y,save £100,Black,12 GB + 512 GB,,,Mobile,Phones,POCO Phones,POCO F Series,,,,https://i05.appmifile.com/47_item_uk/25/03/2025/18287ab1142a54e9d649a99b28f3d152.png,https://i05.appmifile.com/593_item_uk/03/07/2025/2f0bbf7301aad63d32325b3df24dbe96.jpg,https://i05.appmifile.com/652_item_uk/25/03/2025/74c2a2d4f7c4f0f6df2655e998ee3ba0.png,//i05.appmifile.com/383_item_uk/25/03/2025/efa7d80b1e231b1dd3f217e0be0a1d4d.png,,"Discover the POCO F7 Pro in the UK at Xiaomi. Features a 6.67” WQHD+ AMOLED display, Snapdragon 8 Gen 3, 6000mAh battery, 90W charging, and 50MP camera.",,19,4.9,,,,Y,,£449,449,specification,2560Hz instant touch sampling rate is activated under Game Turbo Mode.,90W HyperCharge means the adaptor output power is 90W. Actual power output may vary depending on the environment.,specification,720p (1280x720) HD video recording at 30 fps,Poco F7 Pro,specification,"The device is certified to be water and dust resistant exclusively under specific laboratory conditions not corresponding to normal use conditions. The warranty does not cover liquid damage caused by conditions other than test conditions. Ingress protection might deteriorate due to wear and tear, physical damage and/or disassembly needed for repair. Please visit official website for more information.",Highlight the subject and bring out details in facial features.,specification,Poco F7 Pro,Flagship Snapdragon® 8 Gen 3,specification,Create stunning images with Gemini.,Circular polarisation technology,specification,1800 nits,Circle to Search,specification,Poco F7 Pro,"Instantly search what you see on your phone. A simple action starts a Google search without leaving the app or content you're on. Search any image, video, or text on your screen. Circle, highlight, scribble, or tap to pinpoint what you’re curious about, no screenshots necessary.",specification,Poco F7 Pro,"HDR10+, Dolby Vision",specification,USB Type-C,Supports audio formats such as MP3，FLAC，AAC，OGG，WAV，AMR，AWB,specification,"4K (3840x2160) video recording at 24 fps, 30 fps, or 60 fps",Without WildBoost Optimization 4.0,specification,4G LTE FDD: B1/2/3/4/5/7/8/18/19/20/26/28/66,Light Fusion 800 image sensor,specification,Sensors,0.6X,specification,"Data tested by POCO Internal Labs, actual results may vary.","1/1.55"" sensor size",specification,"1080p (1920x1080) HD video recording at 30 fps, or 60 fps",Stunning visuals,,,,,,,,,,,,,,,,,,
xiaomi,2025-09-27,https://ams-go.buy.mi.com/uk/v2/item/productdetail?from=pc&tag=poco-f7-pro,https://www.mi.com/uk/product/poco-f7-pro/buy/?gid=4223708835,4223708835,POCO F7 Pro Blue 12 GB + 256 GB,xiaomi,399,499,Y,save £100,Blue,12 GB + 256 GB,,,Mobile,Phones,POCO Phones,POCO F Series,,,,https://i05.appmifile.com/805_item_uk/25/03/2025/02cf176bdaece2585038da8df20bd175.png,https://i05.appmifile.com/573_item_uk/03/07/2025/1ca68b0868f9fa857edfa3601070caac.jpg,https://i05.appmifile.com/424_item_uk/25/03/2025/c2204675abbc21ad9f77ae38b64dcb5e.png,//i05.appmifile.com/383_item_uk/25/03/2025/efa7d80b1e231b1dd3f217e0be0a1d4d.png,,"Discover the POCO F7 Pro in the UK at Xiaomi. Features a 6.67” WQHD+ AMOLED display, Snapdragon 8 Gen 3, 6000mAh battery, 90W charging, and 50MP camera.",,19,4.9,,,Y,Y,,£399,399,specification,2560Hz instant touch sampling rate is activated under Game Turbo Mode.,90W HyperCharge means the adaptor output power is 90W. Actual power output may vary depending on the environment.,specification,720p (1280x720) HD video recording at 30 fps,Poco F7 Pro,specification,"The device is certified to be water and dust resistant exclusively under specific laboratory conditions not corresponding to normal use conditions. The warranty does not cover liquid damage caused by conditions other than test conditions. Ingress protection might deteriorate due to wear and tear, physical damage and/or disassembly needed for repair. Please visit official website for more information.",Highlight the subject and bring out details in facial features.,specification,Poco F7 Pro,Flagship Snapdragon® 8 Gen 3,specification,Create stunning images with Gemini.,Circular polarisation technology,specification,1800 nits,Circle to Search,specification,Poco F7 Pro,"Instantly search what you see on your phone. A simple action starts a Google search without leaving the app or content you're on. Search any image, video, or text on your screen. Circle, highlight, scribble, or tap to pinpoint what you’re curious about, no screenshots necessary.",specification,Poco F7 Pro,"HDR10+, Dolby Vision",specification,USB Type-C,Supports audio formats such as MP3，FLAC，AAC，OGG，WAV，AMR，AWB,specification,"4K (3840x2160) video recording at 24 fps, 30 fps, or 60 fps",Without WildBoost Optimization 4.0,specification,4G LTE FDD: B1/2/3/4/5/7/8/18/19/20/26/28/66,Light Fusion 800 image sensor,specification,Sensors,0.6X,specification,"Data tested by POCO Internal Labs, actual results may vary.","1/1.55"" sensor size",specification,"1080p (1920x1080) HD video recording at 30 fps, or 60 fps",Stunning visuals,,,,,,,,,,,,,,,,,,
xiaomi,2025-09-27,https://ams-go.buy.mi.com/uk/v2/item/productdetail?from=pc&tag=poco-f7-pro,https://www.mi.com/uk/product/poco-f7-pro/buy/?gid=4223708836,4223708836,POCO F7 Pro Blue 12 GB + 512 GB,xiaomi,449,549,Y,save £100,Blue,12 GB + 512 GB,,,Mobile,Phones,POCO Phones,POCO F Series,,,,https://i05.appmifile.com/805_item_uk/25/03/2025/02cf176bdaece2585038da8df20bd175.png,https://i05.appmifile.com/573_item_uk/03/07/2025/1ca68b0868f9fa857edfa3601070caac.jpg,https://i05.appmifile.com/424_item_uk/25/03/2025/c2204675abbc21ad9f77ae38b64dcb5e.png,//i05.appmifile.com/383_item_uk/25/03/2025/efa7d80b1e231b1dd3f217e0be0a1d4d.png,,"Discover the POCO F7 Pro in the UK at Xiaomi. Features a 6.67” WQHD+ AMOLED display, Snapdragon 8 Gen 3, 6000mAh battery, 90W charging, and 50MP camera.",,19,4.9,,,Y,Y,,£449,449,specification,2560Hz instant touch sampling rate is activated under Game Turbo Mode.,90W HyperCharge means the adaptor output power is 90W. Actual power output may vary depending on the environment.,specification,720p (1280x720) HD video recording at 30 fps,Poco F7 Pro,specification,"The device is certified to be water and dust resistant exclusively under specific laboratory conditions not corresponding to normal use conditions. The warranty does not cover liquid damage caused by conditions other than test conditions. Ingress protection might deteriorate due to wear and tear, physical damage and/or disassembly needed for repair. Please visit official website for more information.",Highlight the subject and bring out details in facial features.,specification,Poco F7 Pro,Flagship Snapdragon® 8 Gen 3,specification,Create stunning images with Gemini.,Circular polarisation technology,specification,1800 nits,Circle to Search,specification,Poco F7 Pro,"Instantly search what you see on your phone. A simple action starts a Google search without leaving the app or content you're on. Search any image, video, or text on your screen. Circle, highlight, scribble, or tap to pinpoint what you’re curious about, no screenshots necessary.",specification,Poco F7 Pro,"HDR10+, Dolby Vision",specification,USB Type-C,Supports audio formats such as MP3，FLAC，AAC，OGG，WAV，AMR，AWB,specification,"4K (3840x2160) video recording at 24 fps, 30 fps, or 60 fps",Without WildBoost Optimization 4.0,specification,4G LTE FDD: B1/2/3/4/5/7/8/18/19/20/26/28/66,Light Fusion 800 image sensor,specification,Sensors,0.6X,specification,"Data tested by POCO Internal Labs, actual results may vary.","1/1.55"" sensor size",specification,"1080p (1920x1080) HD video recording at 30 fps, or 60 fps",Stunning visuals,,,,,,,,,,,,,,,,,,
xiaomi,2025-09-27,https://ams-go.buy.mi.com/uk/v2/item/productdetail?from=pc&tag=poco-f7-pro,https://www.mi.com/uk/product/poco-f7-pro/buy/?gid=4223708837,4223708837,POCO F7 Pro Silver 12 GB + 256 GB,xiaomi,399,499,Y,save £100,Silver,12 GB + 256 GB,,,Mobile,Phones,POCO Phones,POCO F Series,,,,https://i05.appmifile.com/844_item_uk/25/03/2025/6e5bed0dea3e42bafe8c3426d0e3ec89.png,https://i05.appmifile.com/570_item_uk/03/07/2025/1a32a1a74e13a3edd0c9b67c36916935.jpg,https://i05.appmifile.com/397_item_uk/25/03/2025/33d87069fddeb62f4fffb4d54c7a716f.png,//i05.appmifile.com/383_item_uk/25/03/2025/efa7d80b1e231b1dd3f217e0be0a1d4d.png,,"Discover the POCO F7 Pro in the UK at Xiaomi. Features a 6.67” WQHD+ AMOLED display, Snapdragon 8 Gen 3, 6000mAh battery, 90W charging, and 50MP camera.",,19,4.9,,,Y,Y,,£399,399,specification,2560Hz instant touch sampling rate is activated under Game Turbo Mode.,90W HyperCharge means the adaptor output power is 90W. Actual power output may vary depending on the environment.,specification,720p (1280x720) HD video recording at 30 fps,Poco F7 Pro,specification,"The device is certified to be water and dust resistant exclusively under specific laboratory conditions not corresponding to normal use conditions. The warranty does not cover liquid damage caused by conditions other than test conditions. Ingress protection might deteriorate due to wear and tear, physical damage and/or disassembly needed for repair. Please visit official website for more information.",Highlight the subject and bring out details in facial features.,specification,Poco F7 Pro,Flagship Snapdragon® 8 Gen 3,specification,Create stunning images with Gemini.,Circular polarisation technology,specification,1800 nits,Circle to Search,specification,Poco F7 Pro,"Instantly search what you see on your phone. A simple action starts a Google search without leaving the app or content you're on. Search any image, video, or text on your screen. Circle, highlight, scribble, or tap to pinpoint what you’re curious about, no screenshots necessary.",specification,Poco F7 Pro,"HDR10+, Dolby Vision",specification,USB Type-C,Supports audio formats such as MP3，FLAC，AAC，OGG，WAV，AMR，AWB,specification,"4K (3840x2160) video recording at 24 fps, 30 fps, or 60 fps",Without WildBoost Optimization 4.0,specification,4G LTE FDD: B1/2/3/4/5/7/8/18/19/20/26/28/66,Light Fusion 800 image sensor,specification,Sensors,0.6X,specification,"Data tested by POCO Internal Labs, actual results may vary.","1/1.55"" sensor size",specification,"1080p (1920x1080) HD video recording at 30 fps, or 60 fps",Stunning visuals,,,,,,,,,,,,,,,,,,
xiaomi,2025-09-27,https://ams-go.buy.mi.com/uk/v2/item/productdetail?from=pc&tag=poco-f7-pro,https://www.mi.com/uk/product/poco-f7-pro/buy/?gid=4223708838,4223708838,POCO F7 Pro Silver 12 GB + 512 GB,xiaomi,449,549,Y,save £100,Silver,12 GB + 512 GB,,,Mobile,Phones,POCO Phones,POCO F Series,,,,https://i05.appmifile.com/844_item_uk/25/03/2025/6e5bed0dea3e42bafe8c3426d0e3ec89.png,https://i05.appmifile.com/570_item_uk/03/07/2025/1a32a1a74e13a3edd0c9b67c36916935.jpg,https://i05.appmifile.com/397_item_uk/25/03/2025/33d87069fddeb62f4fffb4d54c7a716f.png,//i05.appmifile.com/383_item_uk/25/03/2025/efa7d80b1e231b1dd3f217e0be0a1d4d.png,,"Discover the POCO F7 Pro in the UK at Xiaomi. Features a 6.67” WQHD+ AMOLED display, Snapdragon 8 Gen 3, 6000mAh battery, 90W charging, and 50MP camera.",,19,4.9,,,Y,Y,,£449,449,specification,2560Hz instant touch sampling rate is activated under Game Turbo Mode.,90W HyperCharge means the adaptor output power is 90W. Actual power output may vary depending on the environment.,specification,720p (1280x720) HD video recording at 30 fps,Poco F7 Pro,specification,"The device is certified to be water and dust resistant exclusively under specific laboratory conditions not corresponding to normal use conditions. The warranty does not cover liquid damage caused by conditions other than test conditions. Ingress protection might deteriorate due to wear and tear, physical damage and/or disassembly needed for repair. Please visit official website for more information.",Highlight the subject and bring out details in facial features.,specification,Poco F7 Pro,Flagship Snapdragon® 8 Gen 3,specification,Create stunning images with Gemini.,Circular polarisation technology,specification,1800 nits,Circle to Search,specification,Poco F7 Pro,"Instantly search what you see on your phone. A simple action starts a Google search without leaving the app or content you're on. Search any image, video, or text on your screen. Circle, highlight, scribble, or tap to pinpoint what you’re curious about, no screenshots necessary.",specification,Poco F7 Pro,"HDR10+, Dolby Vision",specification,USB Type-C,Supports audio formats such as MP3，FLAC，AAC，OGG，WAV，AMR，AWB,specification,"4K (3840x2160) video recording at 24 fps, 30 fps, or 60 fps",Without WildBoost Optimization 4.0,specification,4G LTE FDD: B1/2/3/4/5/7/8/18/19/20/26/28/66,Light Fusion 800 image sensor,specification,Sensors,0.6X,specification,"Data tested by POCO Internal Labs, actual results may vary.","1/1.55"" sensor size",specification,"1080p (1920x1080) HD video recording at 30 fps, or 60 fps",Stunning visuals,,,,,,,,,,,,,,,,,,
xiaomi,2025-09-27,https://ams-go.buy.mi.com/uk/v2/item/productdetail?from=pc&tag=poco-f7-pro,https://www.mi.com/uk/product/poco-f7-pro/buy/?gid=4223708833,4223708833,POCO F7 Pro Black 12 GB + 256 GB,xiaomi,399,499,Y,save £100,Black,12 GB + 256 GB,,,Mobile,Phones,POCO Phones,POCO F Series,,,,https://i05.appmifile.com/47_item_uk/25/03/2025/18287ab1142a54e9d649a99b28f3d152.png,https://i05.appmifile.com/593_item_uk/03/07/2025/2f0bbf7301aad63d32325b3df24dbe96.jpg,https://i05.appmifile.com/652_item_uk/25/03/2025/74c2a2d4f7c4f0f6df2655e998ee3ba0.png,//i05.appmifile.com/383_item_uk/25/03/2025/efa7d80b1e231b1dd3f217e0be0a1d4d.png,,"Discover the POCO F7 Pro in the UK at Xiaomi. Features a 6.67” WQHD+ AMOLED display, Snapdragon 8 Gen 3, 6000mAh battery, 90W charging, and 50MP camera.",,19,4.9,,,Y,Y,,£399,399,specification,2560Hz instant touch sampling rate is activated under Game Turbo Mode.,90W HyperCharge means the adaptor output power is 90W. Actual power output may vary depending on the environment.,specification,720p (1280x720) HD video recording at 30 fps,Poco F7 Pro,specification,"The device is certified to be water and dust resistant exclusively under specific laboratory conditions not corresponding to normal use conditions. The warranty does not cover liquid damage caused by conditions other than test conditions. Ingress protection might deteriorate due to wear and tear, physical damage and/or disassembly needed for repair. Please visit official website for more information.",Highlight the subject and bring out details in facial features.,specification,Poco F7 Pro,Flagship Snapdragon® 8 Gen 3,specification,Create stunning images with Gemini.,Circular polarisation technology,specification,1800 nits,Circle to Search,specification,Poco F7 Pro,"Instantly search what you see on your phone. A simple action starts a Google search without leaving the app or content you're on. Search any image, video, or text on your screen. Circle, highlight, scribble, or tap to pinpoint what you’re curious about, no screenshots necessary.",specification,Poco F7 Pro,"HDR10+, Dolby Vision",specification,USB Type-C,Supports audio formats such as MP3，FLAC，AAC，OGG，WAV，AMR，AWB,specification,"4K (3840x2160) video recording at 24 fps, 30 fps, or 60 fps",Without WildBoost Optimization 4.0,specification,4G LTE FDD: B1/2/3/4/5/7/8/18/19/20/26/28/66,Light Fusion 800 image sensor,specification,Sensors,0.6X,specification,"Data tested by POCO Internal Labs, actual results may vary.","1/1.55"" sensor size",specification,"1080p (1920x1080) HD video recording at 30 fps, or 60 fps",Stunning visuals,,,,,,,,,,,,,,,,,,
xiaomi,2025-09-27,https://ams-go.buy.mi.com/uk/v2/item/productdetail?from=pc&tag=xiaomi-router-be3600,https://www.mi.com/uk/product/xiaomi-router-be3600/buy/?gid=4223708817,4223708817,Xiaomi Router BE3600 2.5G UK,xiaomi,59.99,,,,,,,,Life style,Office,Routers,,,,,https://i05.appmifile.com/162_item_uk/14/03/2025/15883ab3c164c843a6dbe28224c6cffe.png,https://i05.appmifile.com/10_item_uk/14/03/2025/ab772d06c98bc5e27acefceb60cb3d1d.png,https://i05.appmifile.com/921_item_uk/14/03/2025/cfcfeabf0f19d8565329cfea10d794d0.png,,,"Xiaomi Router BE3600 2.5G UK Specs: Extra fast, stable and smart Exceeds expectations in every way, Ultra-fast Wi-Fi 7, Wireless speed at the level of 3600Mbps | Xiaomi UK",,,,,,,,,£59.99,59.99,specification,"Supports web access and Xiaomi Home app (Android, iOS)",Xiaomi Router Be3600,specification,"11b: DSSS: DBPSK(1 Mbps), DQPSK (2 Mbps), CCK (5.5/11 Mbps)",1× 10/100/1000/2500Mbps WAN/LAN auto-sensing port,specification,2.4G Wi-Fi,MLO dual-band aggregation,specification,Xiaomi Router Be3600,3× 10/100/1000Mbps WAN/LAN auto-sensing port,specification,Modulation,168%,specification,Operating humidity,WPA3,specification,L×W×H,2.5G Ethernet port,specification,Power adapter ×1,"Connect to 2.4G and 5G frequency bands simultaneously with a single device, leveraging parallel data channels to improve performance and reduce environmental interference.",specification,Mesh networking button,"1. Enclosed metal boxes, such as low-voltage panels or metal cabinets.",specification,4× high-gain antennas,209.98 mm x 40.95 mm x 219.83 mm,specification,Smart experience,Xiaomi's self-developed Mesh networking Switch between Wi-Fi networks at home instantly,specification,5–90% RH (non-condensing),0–40℃,specification,5G Wi-Fi,"Supports mixed networks and allows connection of up to 10 routers at a time. Automatically connect to the fastest router node within milliseconds as you move around the house, with a self-healing network that instantly provides secondary paths if there is a router malfunction.",specification,Advanced Wi-Fi 7,All-new Qualcomm processor 4 cores for quick and stable processing,,,,,,,,,,,,,,,,,,
xiaomi,2025-09-27,https://ams-go.buy.mi.com/uk/v2/item/productdetail?from=pc&tag=xiaomi-pad-7-7-pro-cover,https://www.mi.com/uk/product/xiaomi-pad-7-7-pro-cover/buy/?gid=4223708395,4223708395,Xiaomi Pad 7 / 7 Pro Cover Black,xiaomi,45,,,,Black,,,,Mobile,Tablets,Tablets Accessories,,,,,https://i05.appmifile.com/206_item_uk/02/03/2025/92c647486df9bfd745d63713f59ddbba.png,,,,,Xiaomi Pad 7 / 7 Pro Cover Specs:,,44,4.8,,,,,,£45,45,,,,,,,,,,,,,,,,,,,,,,,,,,,,,,,,,,,,,,,,,,,,,,,,,,,,,,,,,,,,
xiaomi,2025-09-27,https://ams-go.buy.mi.com/uk/v2/item/productdetail?from=pc&tag=xiaomi-focus-pen,https://www.mi.com/uk/product/xiaomi-focus-pen/buy/?gid=4223708393,4223708393,Xiaomi Focus Pen White,xiaomi,89,,,,White,,,,Mobile,Tablets,Tablets Accessories,,,,,https://i05.appmifile.com/544_item_uk/27/02/2025/ddd0e3c80626e4b4454e791099972bf8.png,,,,,Xiaomi Focus Pen Specs: | Xiaomi UK,,96,5.0,,,,,,£89,89,specification,Compatible models,"Xiaomi Pad 6S Pro 12.4, Xiaomi Pad 7, Xiaomi Pad 7 Pro",specification,Pen length,1608.8mm,specification,Weight,15.6g,specification,Pressure sensitivity,8192-level,specification,Touch sampling rate,240Hz,specification,Three buttons,"Spotlight button, screenshot button, writing button",,,,,,,,,,,,,,,,,,,,,,,,,,,,,,,,,,,,,,,,,,
xiaomi,2025-09-27,https://ams-go.buy.mi.com/uk/v2/item/productdetail?from=pc&tag=xiaomi-pad-7-7-pro-keyboard,https://www.mi.com/uk/product/xiaomi-pad-7-7-pro-keyboard/buy/?gid=4223708392,4223708392,Xiaomi Pad 7 / 7 Pro Keyboard,xiaomi,119,,,,,,,,Life style,Office,Keyboards and Mouse,,,,,https://i05.appmifile.com/713_item_uk/02/03/2025/3f8b013e4420e9b29fec74d7f18790a5.png,,,,,"Discover the Xiaomi Pad 7 / 7 Pro Keyboard specs at Xiaomi UK. See specs for this compact keyboard accessory, compatible with the Xiaomi Pad 7 / 7 Pro.",,6,4.8,,,,,,£119,119,,,,,,,,,,,,,,,,,,,,,,,,,,,,,,,,,,,,,,,,,,,,,,,,,,,,,,,,,,,,
xiaomi,2025-09-27,https://ams-go.buy.mi.com/uk/v2/item/productdetail?from=pc&tag=xiaomi-pad-7-7-pro-focus-keyboard,https://www.mi.com/uk/product/xiaomi-pad-7-7-pro-focus-keyboard/buy/?gid=4223708391,4223708391,Xiaomi Pad 7 / 7 Pro Focus Keyboard (US English),xiaomi,179,,,,,,,,Life style,Office,Keyboards and Mouse,,,,,https://i05.appmifile.com/150_item_uk/24/02/2025/31585464bf48484d3ab443d4ceae6af5.png,https://i05.appmifile.com/551_item_uk/24/02/2025/fdcb8de64cca9ea8bde35bf5317c2f47.png,,,,"Discover the Xiaomi Pad 7 / 7 Pro Focus Keyboard specs at Xiaomi UK. See specs for this compact keyboard accessory, compatible with the Xiaomi Pad 7 / 7 Pro.",,16,4.8,,,,,,£179,179,,,,,,,,,,,,,,,,,,,,,,,,,,,,,,,,,,,,,,,,,,,,,,,,,,,,,,,,,,,,
xiaomi,2025-09-27,https://ams-go.buy.mi.com/uk/v2/item/productdetail?from=pc&tag=xiaomi-buds-5-pro,https://www.mi.com/uk/product/xiaomi-buds-5-pro/buy/?gid=4223708389,4223708389,Xiaomi Buds 5 Pro Translucent Black (Wi-Fi),xiaomi,169.99,189.99,Y,save £20,Translucent Black (Wi-Fi),,,,Wearables,TWS Earphones,TWS Earphone,,,,,https://i05.appmifile.com/567_item_uk/03/03/2025/5bdf962774518316f90aa91803a3d918.png,https://i05.appmifile.com/387_item_uk/26/02/2025/813dc81be94a4650a0976b1f13f80aa2.png,https://i05.appmifile.com/867_item_uk/26/02/2025/8c13a0c8ce2ac4d2cfb4cdd0399a3aaa.png,https://i05.appmifile.com/69_item_uk/26/02/2025/c19e16334d748dd7383c6723c75ea5fa.png,,"Xiaomi Buds 5 Pro Specs: Dual-amplifier coaxial triple drivers for precise sound, Qualcomm® aptX™ Lossless audio, Harman AudioEFX tuning with two dedicated EQ profiles*",,16,5.0,,,,Y,,£169.99,169.99,specification,Model,M2437E1,specification,Colour,Titan Gray,specification,Ceramic White,Dimensions and weight,specification,Dimensions of a single earbud,25.78mm  31.39mm  21.24mm (ear tips of M size ),specification,Dimensions of charging case,60.5mm  48.45mm  26.79mm,specification,Weight of a single earbud,5.6g (±0.1g）,specification,Weight of charging case,41.8g (±0.5g),specification,Total weight,53g (±1g),specification,Charging,Battery capacity,specification,Earbuds,53mAh,specification,Charging case,570mAh,specification,Charging port,Type-C,specification,Earbud input parameters,5V⎓270mA,specification,Charging case input parameters,5V⎓2000mA,specification,Charging case output parameters,5V⎓540mA,specification,Connection,Wireless connection,specification,Bluetooth® 5.4,Bluetooth protocols,specification,Bluetooth® Low Energy / HFP / A2DP / AVRCP,Communication range,,,,,,
xiaomi,2025-09-27,https://ams-go.buy.mi.com/uk/v2/item/productdetail?from=pc&tag=xiaomi-buds-5-pro,https://www.mi.com/uk/product/xiaomi-buds-5-pro/buy/?gid=4223708387,4223708387,Xiaomi Buds 5 Pro Ceramic White,xiaomi,139.99,159.99,Y,save £20,Ceramic White,,,,Wearables,TWS Earphones,TWS Earphone,,,,,https://i05.appmifile.com/79_item_uk/26/02/2025/70d74f0c0e6c726b2fe1c16091974465.png,https://i05.appmifile.com/294_item_uk/26/02/2025/5d2af0804e8523de983674f1b48441fe.png,https://i05.appmifile.com/711_item_uk/26/02/2025/3c673feff1a1581d868a3b5044d25bc3.png,https://i05.appmifile.com/69_item_uk/26/02/2025/c19e16334d748dd7383c6723c75ea5fa.png,,"Xiaomi Buds 5 Pro Specs: Dual-amplifier coaxial triple drivers for precise sound, Qualcomm® aptX™ Lossless audio, Harman AudioEFX tuning with two dedicated EQ profiles*",,16,5.0,,,,Y,,£139.99,139.99,specification,Model,M2437E1,specification,Colour,Titan Gray,specification,Ceramic White,Dimensions and weight,specification,Dimensions of a single earbud,25.78mm  31.39mm  21.24mm (ear tips of M size ),specification,Dimensions of charging case,60.5mm  48.45mm  26.79mm,specification,Weight of a single earbud,5.6g (±0.1g）,specification,Weight of charging case,41.8g (±0.5g),specification,Total weight,53g (±1g),specification,Charging,Battery capacity,specification,Earbuds,53mAh,specification,Charging case,570mAh,specification,Charging port,Type-C,specification,Earbud input parameters,5V⎓270mA,specification,Charging case input parameters,5V⎓2000mA,specification,Charging case output parameters,5V⎓540mA,specification,Connection,Wireless connection,specification,Bluetooth® 5.4,Bluetooth protocols,specification,Bluetooth® Low Energy / HFP / A2DP / AVRCP,Communication range,,,,,,
xiaomi,2025-09-27,https://ams-go.buy.mi.com/uk/v2/item/productdetail?from=pc&tag=xiaomi-buds-5-pro,https://www.mi.com/uk/product/xiaomi-buds-5-pro/buy/?gid=4223708388,4223708388,Xiaomi Buds 5 Pro Titan Gray,xiaomi,139.99,159.99,Y,save £20,Titan Gray,,,,Wearables,TWS Earphones,TWS Earphone,,,,,https://i05.appmifile.com/985_item_uk/28/02/2025/198700c72dbf1960a927b06cb9d495c6.png,https://i05.appmifile.com/35_item_uk/28/02/2025/6ed9c07f5d3a7bcb8cac64aa5767dd50.png,https://i05.appmifile.com/57_item_uk/28/02/2025/dfacb6cfa98a195c9a6c860d2a972a2d.png,https://i05.appmifile.com/69_item_uk/26/02/2025/c19e16334d748dd7383c6723c75ea5fa.png,,"Xiaomi Buds 5 Pro Specs: Dual-amplifier coaxial triple drivers for precise sound, Qualcomm® aptX™ Lossless audio, Harman AudioEFX tuning with two dedicated EQ profiles*",,16,5.0,,,,Y,,£139.99,139.99,specification,Model,M2437E1,specification,Colour,Titan Gray,specification,Ceramic White,Dimensions and weight,specification,Dimensions of a single earbud,25.78mm  31.39mm  21.24mm (ear tips of M size ),specification,Dimensions of charging case,60.5mm  48.45mm  26.79mm,specification,Weight of a single earbud,5.6g (±0.1g）,specification,Weight of charging case,41.8g (±0.5g),specification,Total weight,53g (±1g),specification,Charging,Battery capacity,specification,Earbuds,53mAh,specification,Charging case,570mAh,specification,Charging port,Type-C,specification,Earbud input parameters,5V⎓270mA,specification,Charging case input parameters,5V⎓2000mA,specification,Charging case output parameters,5V⎓540mA,specification,Connection,Wireless connection,specification,Bluetooth® 5.4,Bluetooth protocols,specification,Bluetooth® Low Energy / HFP / A2DP / AVRCP,Communication range,,,,,,
xiaomi,2025-09-27,https://ams-go.buy.mi.com/uk/v2/item/productdetail?from=pc&tag=xiaomi-watch-s4,https://www.mi.com/uk/product/xiaomi-watch-s4/buy/?gid=4223708385,4223708385,Xiaomi Watch S4 Black,xiaomi,109.99,129.99,Y,save £20,Black,,,,Wearables,Smart Watches,Watch,,,,,https://i05.appmifile.com/953_item_uk/26/02/2025/283b4cbcfefb59b451683baa4c131cfe.png,https://i05.appmifile.com/587_item_uk/26/02/2025/0ddc8c874adfaf1509042fd14c52fbdd.png,https://i05.appmifile.com/22_item_uk/26/02/2025/6c73d5eb7eb0b37e36a5a9699b773212.png,,,"Find the Xiaomi Watch S4 specs at Xiaomi UK. Featuring a 1.43″ display, 150+ sports modes with GPS, heart rate & SpO₂ sensors and 15‑day battery life.",,40,4.8,,,,Y,,£109.99,109.99,specification,Xiaomi Watch S4,Sensors,specification,"The watch may not be able to detect all falls and may mistake high-impact activity as falls, triggering the alarm and initiating an emergency call. If a fall does not occur, the user can tap the ""I'm fine"" box on the ""Alarm"" page to disable the function. When a user is wearing the watch and it detects a fall, the alarm will only be triggered after 20 seconds if the user doesn't move. The watch will initiate an emergency call if the user fails to operate the watch 60 seconds after the alarm is triggered. The watch must be connected to the app to make emergency calls and send text messages. If you connect the watch to a phone of another brand, the text message will not be sent due to system limitations.","The all-day stress monitoring feature needs to be enabled before use. Different stress levels correspond with different expressions. Measurement accuracy may be affected by wearing status, skin type and environmental factors.",specification,"1.43"" AMOLED display with exceptional brightness",Xiaomi Watch S4,specification,New algorithm prevents accidental operations caused by water droplets.,Fall detection while skiing and emergency calling must be enabled and set up on the safety settings page of any skiing mode. The emergency call feature requires the watch to be connected to the Mi Fitness app.,specification,GPS | Galileo | Glonass | BeiDou | QZSS,44.5g approx. (without inbox strap),specification,Microphone: 2 mics,Rainbow: fluororubber strap+nylon strap,specification,Wireless connectivity: Bluetooth® 5.3,Dial up your style,specification,Featuring a stainless-steel wood-grain laser-engraved watch face with subtle light and shadow for a cosy vibe.,Display refresh rate may vary across different interfaces. Please refer to the actual usage scenario.,specification,Perfect for your training,Heart rate sensor (with blood oxygen sensor) | Accelerometer | Gyroscope | Ambient light sensor | Electronic compass | Barometer sensor | Hall sensor,specification,Silver,Water resistance rating: 5ATM,specification,Aluminum alloy frame,Sleek design with exceptional craftsmanship,specification,Xiaomi Watch S4,Dazzling display,specification,5 minutes of fast charging delivers 2 days of usage,"This product and its features are not designed for medical purposes or intended to predict, diagnose, prevent, or cure any disease.",specification,Battery life data is based on typical usage mode and comes from Xiaomi Internal Labs. Actual results may vary.,Xiaomi Watch S4,specification,1500nits,Xiaomi Watch S4,specification,The independent dual-frequency GNSS chip offers precise positioning via five major satellite systems to quickly and accurately record outdoor activities.,"A gap exists between the bezel and watch body due to the detachable structural design. Users should clean the sweat and dirt in the bezel after intense exercise to prevent excessive salt buildup, as this may affect the installation and use of the bezel.",specification,Xiaomi Watch S4,150+ sports modes,specification,Trendy and fully customisable,Xiaomi Watch S4,specification,Some of the dials are exclusive to the corresponding strap bezel sets and are not available for download from the watch face market.,The HBM brightness is the maximum brightness when the entire screen lights up. Peak brightness is the highest brightness achieved when only a specific part of the screen lights up.,,,
xiaomi,2025-09-27,https://ams-go.buy.mi.com/uk/v2/item/productdetail?from=pc&tag=xiaomi-watch-s4,https://www.mi.com/uk/product/xiaomi-watch-s4/buy/?gid=4223708386,4223708386,Xiaomi Watch S4 Silver,xiaomi,109.99,129.99,Y,save £20,Silver,,,,Wearables,Smart Watches,Watch,,,,,https://i05.appmifile.com/630_item_uk/26/02/2025/6c5af68a87508883b05593725dff85d6.png,https://i05.appmifile.com/748_item_uk/26/02/2025/205c15d39e45940d7eed6e2e1704a2f0.png,https://i05.appmifile.com/323_item_uk/26/02/2025/cfb23743dd4ab29cc6bc2a384fe7c045.png,,,"Find the Xiaomi Watch S4 specs at Xiaomi UK. Featuring a 1.43″ display, 150+ sports modes with GPS, heart rate & SpO₂ sensors and 15‑day battery life.",,40,4.8,,,,Y,,£109.99,109.99,specification,Xiaomi Watch S4,Sensors,specification,"The watch may not be able to detect all falls and may mistake high-impact activity as falls, triggering the alarm and initiating an emergency call. If a fall does not occur, the user can tap the ""I'm fine"" box on the ""Alarm"" page to disable the function. When a user is wearing the watch and it detects a fall, the alarm will only be triggered after 20 seconds if the user doesn't move. The watch will initiate an emergency call if the user fails to operate the watch 60 seconds after the alarm is triggered. The watch must be connected to the app to make emergency calls and send text messages. If you connect the watch to a phone of another brand, the text message will not be sent due to system limitations.","The all-day stress monitoring feature needs to be enabled before use. Different stress levels correspond with different expressions. Measurement accuracy may be affected by wearing status, skin type and environmental factors.",specification,"1.43"" AMOLED display with exceptional brightness",Xiaomi Watch S4,specification,New algorithm prevents accidental operations caused by water droplets.,Fall detection while skiing and emergency calling must be enabled and set up on the safety settings page of any skiing mode. The emergency call feature requires the watch to be connected to the Mi Fitness app.,specification,GPS | Galileo | Glonass | BeiDou | QZSS,44.5g approx. (without inbox strap),specification,Microphone: 2 mics,Rainbow: fluororubber strap+nylon strap,specification,Wireless connectivity: Bluetooth® 5.3,Dial up your style,specification,Featuring a stainless-steel wood-grain laser-engraved watch face with subtle light and shadow for a cosy vibe.,Display refresh rate may vary across different interfaces. Please refer to the actual usage scenario.,specification,Perfect for your training,Heart rate sensor (with blood oxygen sensor) | Accelerometer | Gyroscope | Ambient light sensor | Electronic compass | Barometer sensor | Hall sensor,specification,Silver,Water resistance rating: 5ATM,specification,Aluminum alloy frame,Sleek design with exceptional craftsmanship,specification,Xiaomi Watch S4,Dazzling display,specification,5 minutes of fast charging delivers 2 days of usage,"This product and its features are not designed for medical purposes or intended to predict, diagnose, prevent, or cure any disease.",specification,Battery life data is based on typical usage mode and comes from Xiaomi Internal Labs. Actual results may vary.,Xiaomi Watch S4,specification,1500nits,Xiaomi Watch S4,specification,The independent dual-frequency GNSS chip offers precise positioning via five major satellite systems to quickly and accurately record outdoor activities.,"A gap exists between the bezel and watch body due to the detachable structural design. Users should clean the sweat and dirt in the bezel after intense exercise to prevent excessive salt buildup, as this may affect the installation and use of the bezel.",specification,Xiaomi Watch S4,150+ sports modes,specification,Trendy and fully customisable,Xiaomi Watch S4,specification,Some of the dials are exclusive to the corresponding strap bezel sets and are not available for download from the watch face market.,The HBM brightness is the maximum brightness when the entire screen lights up. Peak brightness is the highest brightness achieved when only a specific part of the screen lights up.,,,
xiaomi,2025-09-27,https://ams-go.buy.mi.com/uk/v2/item/productdetail?from=pc&tag=xiaomi-watch-s4,https://www.mi.com/uk/product/xiaomi-watch-s4/buy/?gid=4223708384,4223708384,Xiaomi Watch S4 Rainbow,xiaomi,119.99,139.99,Y,save £20,Rainbow,,,,Wearables,Smart Watches,Watch,,,,,https://i05.appmifile.com/134_item_uk/26/02/2025/921cc669a6d61f4312bdf5581877d985.png,https://i05.appmifile.com/286_item_uk/26/02/2025/218b74de074ca33083633c416f7b1ca7.png,https://i05.appmifile.com/209_item_uk/26/02/2025/d633883705acf1d8a0c3b6d2c88b5c70.png,,,"Find the Xiaomi Watch S4 specs at Xiaomi UK. Featuring a 1.43″ display, 150+ sports modes with GPS, heart rate & SpO₂ sensors and 15‑day battery life.",,40,4.8,,,,Y,,£119.99,119.99,specification,Xiaomi Watch S4,Sensors,specification,"The watch may not be able to detect all falls and may mistake high-impact activity as falls, triggering the alarm and initiating an emergency call. If a fall does not occur, the user can tap the ""I'm fine"" box on the ""Alarm"" page to disable the function. When a user is wearing the watch and it detects a fall, the alarm will only be triggered after 20 seconds if the user doesn't move. The watch will initiate an emergency call if the user fails to operate the watch 60 seconds after the alarm is triggered. The watch must be connected to the app to make emergency calls and send text messages. If you connect the watch to a phone of another brand, the text message will not be sent due to system limitations.","The all-day stress monitoring feature needs to be enabled before use. Different stress levels correspond with different expressions. Measurement accuracy may be affected by wearing status, skin type and environmental factors.",specification,"1.43"" AMOLED display with exceptional brightness",Xiaomi Watch S4,specification,New algorithm prevents accidental operations caused by water droplets.,Fall detection while skiing and emergency calling must be enabled and set up on the safety settings page of any skiing mode. The emergency call feature requires the watch to be connected to the Mi Fitness app.,specification,GPS | Galileo | Glonass | BeiDou | QZSS,44.5g approx. (without inbox strap),specification,Microphone: 2 mics,Rainbow: fluororubber strap+nylon strap,specification,Wireless connectivity: Bluetooth® 5.3,Dial up your style,specification,Featuring a stainless-steel wood-grain laser-engraved watch face with subtle light and shadow for a cosy vibe.,Display refresh rate may vary across different interfaces. Please refer to the actual usage scenario.,specification,Perfect for your training,Heart rate sensor (with blood oxygen sensor) | Accelerometer | Gyroscope | Ambient light sensor | Electronic compass | Barometer sensor | Hall sensor,specification,Silver,Water resistance rating: 5ATM,specification,Aluminum alloy frame,Sleek design with exceptional craftsmanship,specification,Xiaomi Watch S4,Dazzling display,specification,5 minutes of fast charging delivers 2 days of usage,"This product and its features are not designed for medical purposes or intended to predict, diagnose, prevent, or cure any disease.",specification,Battery life data is based on typical usage mode and comes from Xiaomi Internal Labs. Actual results may vary.,Xiaomi Watch S4,specification,1500nits,Xiaomi Watch S4,specification,The independent dual-frequency GNSS chip offers precise positioning via five major satellite systems to quickly and accurately record outdoor activities.,"A gap exists between the bezel and watch body due to the detachable structural design. Users should clean the sweat and dirt in the bezel after intense exercise to prevent excessive salt buildup, as this may affect the installation and use of the bezel.",specification,Xiaomi Watch S4,150+ sports modes,specification,Trendy and fully customisable,Xiaomi Watch S4,specification,Some of the dials are exclusive to the corresponding strap bezel sets and are not available for download from the watch face market.,The HBM brightness is the maximum brightness when the entire screen lights up. Peak brightness is the highest brightness achieved when only a specific part of the screen lights up.,,,
xiaomi,2025-09-27,https://ams-go.buy.mi.com/uk/v2/item/productdetail?from=pc&tag=xiaomi-pad-7,https://www.mi.com/uk/product/xiaomi-pad-7/buy/?gid=4223708382,4223708382,Xiaomi Pad 7 Gray 8 GB + 256 GB,xiaomi,309,399,Y,save £90,Gray,8 GB + 256 GB,,,Mobile,Tablets,Tablet,,,,,https://i05.appmifile.com/834_item_uk/24/02/2025/1b9340d64ec4ed349eac08893ce32f04.png,https://i05.appmifile.com/788_item_uk/24/02/2025/7ba982b95b841ed8fc1a100ff46f66b3.png,https://i05.appmifile.com/445_item_uk/24/02/2025/509c96b4e1130fdb0bf277787a6c170d.png,https://i05.appmifile.com/513_item_uk/24/02/2025/8ddde8a484401c857ba66919fab51315.png,//i05.appmifile.com/399_item_uk/24/02/2025/b9c4398e5b925637660123aa48964c26.png,"Explore the Xiaomi Pad 7 in the UK at Xiaomi. Features an 11.2” 3.2K display, Snapdragon 7+ Gen 3, 8850mAh battery with 45W charging, and 13MP dual camera.",,71,5.0,,,,Y,,£309,309,specification,13MP rear camera,Xiaomi Pad 7,specification,Adreno™ GPU,Rear camera:,specification,Thickness: 6.18mm,Create stunning images with Gemini.,specification,Xiaomi Pad 7,Data transfer,specification,Xiaomi Pad 7,AI Art,specification,AI Speech Recognition,Xiaomi Pad 7,specification,Xiaomi Pad 7,ms-level,specification,"Data tested by Xiaomi Internal Labs, actual results may vary.",All-new accessories,specification,Xiaomi Pad 7,Go Live to talk things out with Gemini.,specification,Massive 8850mAh (typ) battery,Turbo Charging,specification,NFC tap-to-share,Xiaomi Pad 7,specification,Xiaomi Pad 7,Hidden antenna,specification,"With millisecond-level low latency, the pen reacts sensitively to each pressure change, delivering a smoother writing and drawing experience. Embrace the calming refinement of the all-new white version. It's elegance in your hand.",Xiaomi Pad 7,specification,Xiaomi Pad 7,"Availability of Xiaomi Pad 7, Xiaomi Pad 7 Pro may vary across different regions, sold separately.",specification,Data come from Xiaomi Internal Labs. Actual results may vary due to different industry measurement methods.,DCI-P3 support,specification,4nm process for peak performance,12-bit colour depth,specification,Side-mounted fingerprint sensor,Xiaomi Pad 7,specification,Xiaomi Smart Hub,"45W turbo charging, 30 mins to 40%",specification,Mechanical touchpad,Efficient connections,,,
xiaomi,2025-09-27,https://ams-go.buy.mi.com/uk/v2/item/productdetail?from=pc&tag=xiaomi-pad-7,https://www.mi.com/uk/product/xiaomi-pad-7/buy/?gid=4223708377,4223708377,Xiaomi Pad 7 Green 8 GB + 128 GB,xiaomi,279,369,Y,save £90,Green,8 GB + 128 GB,,,Mobile,Tablets,Tablet,,,,,https://i05.appmifile.com/941_item_uk/24/02/2025/beff2d389e355113eacaf22d10c61136.png,https://i05.appmifile.com/876_item_uk/24/02/2025/abe485bcab67c2a5b609f8433dc55a85.png,https://i05.appmifile.com/988_item_uk/24/02/2025/cef45016ae1397e36e568bde9fb4e9e6.png,https://i05.appmifile.com/677_item_uk/24/02/2025/1718fb756e38698bd4630e3b8a2f929c.png,//i05.appmifile.com/399_item_uk/24/02/2025/b9c4398e5b925637660123aa48964c26.png,"Explore the Xiaomi Pad 7 in the UK at Xiaomi. Features an 11.2” 3.2K display, Snapdragon 7+ Gen 3, 8850mAh battery with 45W charging, and 13MP dual camera.",,71,5.0,,,,Y,,£279,279,specification,13MP rear camera,Xiaomi Pad 7,specification,Adreno™ GPU,Rear camera:,specification,Thickness: 6.18mm,Create stunning images with Gemini.,specification,Xiaomi Pad 7,Data transfer,specification,Xiaomi Pad 7,AI Art,specification,AI Speech Recognition,Xiaomi Pad 7,specification,Xiaomi Pad 7,ms-level,specification,"Data tested by Xiaomi Internal Labs, actual results may vary.",All-new accessories,specification,Xiaomi Pad 7,Go Live to talk things out with Gemini.,specification,Massive 8850mAh (typ) battery,Turbo Charging,specification,NFC tap-to-share,Xiaomi Pad 7,specification,Xiaomi Pad 7,Hidden antenna,specification,"With millisecond-level low latency, the pen reacts sensitively to each pressure change, delivering a smoother writing and drawing experience. Embrace the calming refinement of the all-new white version. It's elegance in your hand.",Xiaomi Pad 7,specification,Xiaomi Pad 7,"Availability of Xiaomi Pad 7, Xiaomi Pad 7 Pro may vary across different regions, sold separately.",specification,Data come from Xiaomi Internal Labs. Actual results may vary due to different industry measurement methods.,DCI-P3 support,specification,4nm process for peak performance,12-bit colour depth,specification,Side-mounted fingerprint sensor,Xiaomi Pad 7,specification,Xiaomi Smart Hub,"45W turbo charging, 30 mins to 40%",specification,Mechanical touchpad,Efficient connections,,,
xiaomi,2025-09-27,https://ams-go.buy.mi.com/uk/v2/item/productdetail?from=pc&tag=xiaomi-pad-7,https://www.mi.com/uk/product/xiaomi-pad-7/buy/?gid=4223708378,4223708378,Xiaomi Pad 7 Green 8 GB + 256 GB,xiaomi,309,399,Y,save £90,Green,8 GB + 256 GB,,,Mobile,Tablets,Tablet,,,,,https://i05.appmifile.com/941_item_uk/24/02/2025/beff2d389e355113eacaf22d10c61136.png,https://i05.appmifile.com/876_item_uk/24/02/2025/abe485bcab67c2a5b609f8433dc55a85.png,https://i05.appmifile.com/988_item_uk/24/02/2025/cef45016ae1397e36e568bde9fb4e9e6.png,https://i05.appmifile.com/677_item_uk/24/02/2025/1718fb756e38698bd4630e3b8a2f929c.png,//i05.appmifile.com/399_item_uk/24/02/2025/b9c4398e5b925637660123aa48964c26.png,"Explore the Xiaomi Pad 7 in the UK at Xiaomi. Features an 11.2” 3.2K display, Snapdragon 7+ Gen 3, 8850mAh battery with 45W charging, and 13MP dual camera.",,71,5.0,,,,Y,,£309,309,specification,13MP rear camera,Xiaomi Pad 7,specification,Adreno™ GPU,Rear camera:,specification,Thickness: 6.18mm,Create stunning images with Gemini.,specification,Xiaomi Pad 7,Data transfer,specification,Xiaomi Pad 7,AI Art,specification,AI Speech Recognition,Xiaomi Pad 7,specification,Xiaomi Pad 7,ms-level,specification,"Data tested by Xiaomi Internal Labs, actual results may vary.",All-new accessories,specification,Xiaomi Pad 7,Go Live to talk things out with Gemini.,specification,Massive 8850mAh (typ) battery,Turbo Charging,specification,NFC tap-to-share,Xiaomi Pad 7,specification,Xiaomi Pad 7,Hidden antenna,specification,"With millisecond-level low latency, the pen reacts sensitively to each pressure change, delivering a smoother writing and drawing experience. Embrace the calming refinement of the all-new white version. It's elegance in your hand.",Xiaomi Pad 7,specification,Xiaomi Pad 7,"Availability of Xiaomi Pad 7, Xiaomi Pad 7 Pro may vary across different regions, sold separately.",specification,Data come from Xiaomi Internal Labs. Actual results may vary due to different industry measurement methods.,DCI-P3 support,specification,4nm process for peak performance,12-bit colour depth,specification,Side-mounted fingerprint sensor,Xiaomi Pad 7,specification,Xiaomi Smart Hub,"45W turbo charging, 30 mins to 40%",specification,Mechanical touchpad,Efficient connections,,,
xiaomi,2025-09-27,https://ams-go.buy.mi.com/uk/v2/item/productdetail?from=pc&tag=xiaomi-pad-7,https://www.mi.com/uk/product/xiaomi-pad-7/buy/?gid=4223708379,4223708379,Xiaomi Pad 7 Blue 8 GB + 128 GB,xiaomi,279,369,Y,save £90,Blue,8 GB + 128 GB,,,Mobile,Tablets,Tablet,,,,,https://i05.appmifile.com/501_item_uk/24/02/2025/dcf78b86bc3cd84e5e9aaa5f2d020a9d.png,https://i05.appmifile.com/579_item_uk/24/02/2025/3a28b9602c0aaaa781d539834f54d3fd.png,https://i05.appmifile.com/819_item_uk/24/02/2025/a3354dddb0c6d4d095a2e00c6faa4caf.png,https://i05.appmifile.com/697_item_uk/24/02/2025/452fe9ebb4606af7c2b8c0c3488f70d6.png,//i05.appmifile.com/399_item_uk/24/02/2025/b9c4398e5b925637660123aa48964c26.png,"Explore the Xiaomi Pad 7 in the UK at Xiaomi. Features an 11.2” 3.2K display, Snapdragon 7+ Gen 3, 8850mAh battery with 45W charging, and 13MP dual camera.",,71,5.0,,,,Y,,£279,279,specification,13MP rear camera,Xiaomi Pad 7,specification,Adreno™ GPU,Rear camera:,specification,Thickness: 6.18mm,Create stunning images with Gemini.,specification,Xiaomi Pad 7,Data transfer,specification,Xiaomi Pad 7,AI Art,specification,AI Speech Recognition,Xiaomi Pad 7,specification,Xiaomi Pad 7,ms-level,specification,"Data tested by Xiaomi Internal Labs, actual results may vary.",All-new accessories,specification,Xiaomi Pad 7,Go Live to talk things out with Gemini.,specification,Massive 8850mAh (typ) battery,Turbo Charging,specification,NFC tap-to-share,Xiaomi Pad 7,specification,Xiaomi Pad 7,Hidden antenna,specification,"With millisecond-level low latency, the pen reacts sensitively to each pressure change, delivering a smoother writing and drawing experience. Embrace the calming refinement of the all-new white version. It's elegance in your hand.",Xiaomi Pad 7,specification,Xiaomi Pad 7,"Availability of Xiaomi Pad 7, Xiaomi Pad 7 Pro may vary across different regions, sold separately.",specification,Data come from Xiaomi Internal Labs. Actual results may vary due to different industry measurement methods.,DCI-P3 support,specification,4nm process for peak performance,12-bit colour depth,specification,Side-mounted fingerprint sensor,Xiaomi Pad 7,specification,Xiaomi Smart Hub,"45W turbo charging, 30 mins to 40%",specification,Mechanical touchpad,Efficient connections,,,
xiaomi,2025-09-27,https://ams-go.buy.mi.com/uk/v2/item/productdetail?from=pc&tag=xiaomi-pad-7,https://www.mi.com/uk/product/xiaomi-pad-7/buy/?gid=4223708380,4223708380,Xiaomi Pad 7 Blue 8 GB + 256 GB,xiaomi,309,399,Y,save £90,Blue,8 GB + 256 GB,,,Mobile,Tablets,Tablet,,,,,https://i05.appmifile.com/501_item_uk/24/02/2025/dcf78b86bc3cd84e5e9aaa5f2d020a9d.png,https://i05.appmifile.com/579_item_uk/24/02/2025/3a28b9602c0aaaa781d539834f54d3fd.png,https://i05.appmifile.com/819_item_uk/24/02/2025/a3354dddb0c6d4d095a2e00c6faa4caf.png,https://i05.appmifile.com/697_item_uk/24/02/2025/452fe9ebb4606af7c2b8c0c3488f70d6.png,//i05.appmifile.com/399_item_uk/24/02/2025/b9c4398e5b925637660123aa48964c26.png,"Explore the Xiaomi Pad 7 in the UK at Xiaomi. Features an 11.2” 3.2K display, Snapdragon 7+ Gen 3, 8850mAh battery with 45W charging, and 13MP dual camera.",,71,5.0,,,,Y,,£309,309,specification,13MP rear camera,Xiaomi Pad 7,specification,Adreno™ GPU,Rear camera:,specification,Thickness: 6.18mm,Create stunning images with Gemini.,specification,Xiaomi Pad 7,Data transfer,specification,Xiaomi Pad 7,AI Art,specification,AI Speech Recognition,Xiaomi Pad 7,specification,Xiaomi Pad 7,ms-level,specification,"Data tested by Xiaomi Internal Labs, actual results may vary.",All-new accessories,specification,Xiaomi Pad 7,Go Live to talk things out with Gemini.,specification,Massive 8850mAh (typ) battery,Turbo Charging,specification,NFC tap-to-share,Xiaomi Pad 7,specification,Xiaomi Pad 7,Hidden antenna,specification,"With millisecond-level low latency, the pen reacts sensitively to each pressure change, delivering a smoother writing and drawing experience. Embrace the calming refinement of the all-new white version. It's elegance in your hand.",Xiaomi Pad 7,specification,Xiaomi Pad 7,"Availability of Xiaomi Pad 7, Xiaomi Pad 7 Pro may vary across different regions, sold separately.",specification,Data come from Xiaomi Internal Labs. Actual results may vary due to different industry measurement methods.,DCI-P3 support,specification,4nm process for peak performance,12-bit colour depth,specification,Side-mounted fingerprint sensor,Xiaomi Pad 7,specification,Xiaomi Smart Hub,"45W turbo charging, 30 mins to 40%",specification,Mechanical touchpad,Efficient connections,,,
xiaomi,2025-09-27,https://ams-go.buy.mi.com/uk/v2/item/productdetail?from=pc&tag=xiaomi-pad-7,https://www.mi.com/uk/product/xiaomi-pad-7/buy/?gid=4223708381,4223708381,Xiaomi Pad 7 Gray 8 GB + 128 GB,xiaomi,279,369,Y,save £90,Gray,8 GB + 128 GB,,,Mobile,Tablets,Tablet,,,,,https://i05.appmifile.com/834_item_uk/24/02/2025/1b9340d64ec4ed349eac08893ce32f04.png,https://i05.appmifile.com/788_item_uk/24/02/2025/7ba982b95b841ed8fc1a100ff46f66b3.png,https://i05.appmifile.com/445_item_uk/24/02/2025/509c96b4e1130fdb0bf277787a6c170d.png,https://i05.appmifile.com/513_item_uk/24/02/2025/8ddde8a484401c857ba66919fab51315.png,//i05.appmifile.com/399_item_uk/24/02/2025/b9c4398e5b925637660123aa48964c26.png,"Explore the Xiaomi Pad 7 in the UK at Xiaomi. Features an 11.2” 3.2K display, Snapdragon 7+ Gen 3, 8850mAh battery with 45W charging, and 13MP dual camera.",,71,5.0,,,,Y,,£279,279,specification,13MP rear camera,Xiaomi Pad 7,specification,Adreno™ GPU,Rear camera:,specification,Thickness: 6.18mm,Create stunning images with Gemini.,specification,Xiaomi Pad 7,Data transfer,specification,Xiaomi Pad 7,AI Art,specification,AI Speech Recognition,Xiaomi Pad 7,specification,Xiaomi Pad 7,ms-level,specification,"Data tested by Xiaomi Internal Labs, actual results may vary.",All-new accessories,specification,Xiaomi Pad 7,Go Live to talk things out with Gemini.,specification,Massive 8850mAh (typ) battery,Turbo Charging,specification,NFC tap-to-share,Xiaomi Pad 7,specification,Xiaomi Pad 7,Hidden antenna,specification,"With millisecond-level low latency, the pen reacts sensitively to each pressure change, delivering a smoother writing and drawing experience. Embrace the calming refinement of the all-new white version. It's elegance in your hand.",Xiaomi Pad 7,specification,Xiaomi Pad 7,"Availability of Xiaomi Pad 7, Xiaomi Pad 7 Pro may vary across different regions, sold separately.",specification,Data come from Xiaomi Internal Labs. Actual results may vary due to different industry measurement methods.,DCI-P3 support,specification,4nm process for peak performance,12-bit colour depth,specification,Side-mounted fingerprint sensor,Xiaomi Pad 7,specification,Xiaomi Smart Hub,"45W turbo charging, 30 mins to 40%",specification,Mechanical touchpad,Efficient connections,,,
xiaomi,2025-09-27,https://ams-go.buy.mi.com/uk/v2/item/productdetail?from=pc&tag=xiaomi-pad-7-pro,https://www.mi.com/uk/product/xiaomi-pad-7-pro/buy/?gid=4223708373,4223708373,Xiaomi Pad 7 Pro Gray 8 GB + 256 GB,xiaomi,369,449,Y,save £80,Gray,8 GB + 256 GB,,,Mobile,Tablets,Tablet,,,,,https://i05.appmifile.com/736_item_uk/24/02/2025/a27fbd12ca4060815a3d50ab6a61382e.png,https://i05.appmifile.com/65_item_uk/24/02/2025/82c2505c3d9e6a487467effbdb358be3.png,https://i05.appmifile.com/681_item_uk/24/02/2025/4e9368edf19f6ec06f65c3ff8f3c538f.png,https://i05.appmifile.com/588_item_uk/24/02/2025/da9a030be7103318c962cad775f272a4.png,//i05.appmifile.com/114_item_uk/24/02/2025/c813e67fc8b0292453d9e53eab40ab8d.png,"Explore the Xiaomi Pad 7 Pro in the UK at Xiaomi. Features an 11.2” 3.2K display, Snapdragon 8s Gen 3, 8850mAh battery with 67W charging, and 50MP dual camera.",,106,4.9,,,Y,Y,,£369,369,specification,USB 3.2 Gen 1,Brand-new design,specification,800 nits peak brightness,Xiaomi Pad 7 Pro,specification,"The matte glass version features a matte texture to replicate the feel of paper, making note-taking and drawing a breeze.",Image Generation,specification,Mechanical touchpad,Xiaomi Pad 7 / 7 Pro Focus Keyboard,specification,Xiaomi Pad 7 Pro,Xiaomi Pad 7 Pro,specification,Xiaomi Pad 7 Pro,"Data relating to charging time: Actual performance may vary depending on test software versions, specific test environments and different device versions. Actual use time shall prevail.",specification,Xiaomi Pad 7 Pro,"3200 x 2136, 345 ppi",specification,Snapdragon® 8s Gen 3 Mobile Platform,800 nits peak brightness,specification,Seamless desktop-like experience​,Xiaomi Pad 7 Pro,specification,Photo | Video | Portrait | Document | Dual video | Director mode | Teleprompter | Dynamic shot | HDR,Xiaomi Pad 7 Pro,specification,light interference,IPv6,specification,Home screen+ 2.0,Xiaomi Pad 7 Pro,specification,8850mAh (typ) battery,Xiaomi Pad 7 Pro,specification,3.2K 144Hz crystal-clear display,Multiple professional certifications,specification,Available storage and RAM are less than the total memory due to storage of operating system and software pre-installed on the device. 128GB storage variant uses UFS 3.1.,Xiaomi HyperOS 2,specification,Xiaomi Pad 7 Pro,HyperCharge,specification,Qualcomm AI engine,Height: 251.22mm,specification,Xiaomi Pad 7 Pro,Xiaomi Pad 7 Pro,specification,"Enjoy the powerful performance and smooth experience empowered by the flagship Snapdragon® 8s Gen 3 Mobile Platform, which utilises an advanced 4nm process to provide outstanding performance and power efficiency, whether you're doing creative work such as editing videos, or simply playing graphics-required games.",Xiaomi Pad 7 Pro,,,
xiaomi,2025-09-27,https://ams-go.buy.mi.com/uk/v2/item/productdetail?from=pc&tag=xiaomi-pad-7-pro,https://www.mi.com/uk/product/xiaomi-pad-7-pro/buy/?gid=4223708374,4223708374,Xiaomi Pad 7 Pro Gray 12 GB + 512 GB,xiaomi,419,499,Y,save £80,Gray,12 GB + 512 GB,,,Mobile,Tablets,Tablet,,,,,https://i05.appmifile.com/736_item_uk/24/02/2025/a27fbd12ca4060815a3d50ab6a61382e.png,https://i05.appmifile.com/65_item_uk/24/02/2025/82c2505c3d9e6a487467effbdb358be3.png,https://i05.appmifile.com/681_item_uk/24/02/2025/4e9368edf19f6ec06f65c3ff8f3c538f.png,https://i05.appmifile.com/588_item_uk/24/02/2025/da9a030be7103318c962cad775f272a4.png,//i05.appmifile.com/114_item_uk/24/02/2025/c813e67fc8b0292453d9e53eab40ab8d.png,"Explore the Xiaomi Pad 7 Pro in the UK at Xiaomi. Features an 11.2” 3.2K display, Snapdragon 8s Gen 3, 8850mAh battery with 67W charging, and 50MP dual camera.",,106,4.9,,,Y,Y,,£419,419,specification,USB 3.2 Gen 1,Brand-new design,specification,800 nits peak brightness,Xiaomi Pad 7 Pro,specification,"The matte glass version features a matte texture to replicate the feel of paper, making note-taking and drawing a breeze.",Image Generation,specification,Mechanical touchpad,Xiaomi Pad 7 / 7 Pro Focus Keyboard,specification,Xiaomi Pad 7 Pro,Xiaomi Pad 7 Pro,specification,Xiaomi Pad 7 Pro,"Data relating to charging time: Actual performance may vary depending on test software versions, specific test environments and different device versions. Actual use time shall prevail.",specification,Xiaomi Pad 7 Pro,"3200 x 2136, 345 ppi",specification,Snapdragon® 8s Gen 3 Mobile Platform,800 nits peak brightness,specification,Seamless desktop-like experience​,Xiaomi Pad 7 Pro,specification,Photo | Video | Portrait | Document | Dual video | Director mode | Teleprompter | Dynamic shot | HDR,Xiaomi Pad 7 Pro,specification,light interference,IPv6,specification,Home screen+ 2.0,Xiaomi Pad 7 Pro,specification,8850mAh (typ) battery,Xiaomi Pad 7 Pro,specification,3.2K 144Hz crystal-clear display,Multiple professional certifications,specification,Available storage and RAM are less than the total memory due to storage of operating system and software pre-installed on the device. 128GB storage variant uses UFS 3.1.,Xiaomi HyperOS 2,specification,Xiaomi Pad 7 Pro,HyperCharge,specification,Qualcomm AI engine,Height: 251.22mm,specification,Xiaomi Pad 7 Pro,Xiaomi Pad 7 Pro,specification,"Enjoy the powerful performance and smooth experience empowered by the flagship Snapdragon® 8s Gen 3 Mobile Platform, which utilises an advanced 4nm process to provide outstanding performance and power efficiency, whether you're doing creative work such as editing videos, or simply playing graphics-required games.",Xiaomi Pad 7 Pro,,,
xiaomi,2025-09-27,https://ams-go.buy.mi.com/uk/v2/item/productdetail?from=pc&tag=xiaomi-pad-7-pro,https://www.mi.com/uk/product/xiaomi-pad-7-pro/buy/?gid=4223708383,4223708383,Xiaomi Pad 7 Pro Gray (Matte Glass Version) 12 GB + 512 GB,xiaomi,459,549,Y,save £90,Gray (Matte Glass Version),12 GB + 512 GB,,,Mobile,Tablets,Tablet,,,,,https://i05.appmifile.com/736_item_uk/24/02/2025/a27fbd12ca4060815a3d50ab6a61382e.png,https://i05.appmifile.com/65_item_uk/24/02/2025/82c2505c3d9e6a487467effbdb358be3.png,https://i05.appmifile.com/681_item_uk/24/02/2025/4e9368edf19f6ec06f65c3ff8f3c538f.png,https://i05.appmifile.com/588_item_uk/24/02/2025/da9a030be7103318c962cad775f272a4.png,//i05.appmifile.com/114_item_uk/24/02/2025/c813e67fc8b0292453d9e53eab40ab8d.png,"Explore the Xiaomi Pad 7 Pro in the UK at Xiaomi. Features an 11.2” 3.2K display, Snapdragon 8s Gen 3, 8850mAh battery with 67W charging, and 50MP dual camera.",,106,4.9,,,Y,Y,,£459,459,specification,USB 3.2 Gen 1,Brand-new design,specification,800 nits peak brightness,Xiaomi Pad 7 Pro,specification,"The matte glass version features a matte texture to replicate the feel of paper, making note-taking and drawing a breeze.",Image Generation,specification,Mechanical touchpad,Xiaomi Pad 7 / 7 Pro Focus Keyboard,specification,Xiaomi Pad 7 Pro,Xiaomi Pad 7 Pro,specification,Xiaomi Pad 7 Pro,"Data relating to charging time: Actual performance may vary depending on test software versions, specific test environments and different device versions. Actual use time shall prevail.",specification,Xiaomi Pad 7 Pro,"3200 x 2136, 345 ppi",specification,Snapdragon® 8s Gen 3 Mobile Platform,800 nits peak brightness,specification,Seamless desktop-like experience​,Xiaomi Pad 7 Pro,specification,Photo | Video | Portrait | Document | Dual video | Director mode | Teleprompter | Dynamic shot | HDR,Xiaomi Pad 7 Pro,specification,light interference,IPv6,specification,Home screen+ 2.0,Xiaomi Pad 7 Pro,specification,8850mAh (typ) battery,Xiaomi Pad 7 Pro,specification,3.2K 144Hz crystal-clear display,Multiple professional certifications,specification,Available storage and RAM are less than the total memory due to storage of operating system and software pre-installed on the device. 128GB storage variant uses UFS 3.1.,Xiaomi HyperOS 2,specification,Xiaomi Pad 7 Pro,HyperCharge,specification,Qualcomm AI engine,Height: 251.22mm,specification,Xiaomi Pad 7 Pro,Xiaomi Pad 7 Pro,specification,"Enjoy the powerful performance and smooth experience empowered by the flagship Snapdragon® 8s Gen 3 Mobile Platform, which utilises an advanced 4nm process to provide outstanding performance and power efficiency, whether you're doing creative work such as editing videos, or simply playing graphics-required games.",Xiaomi Pad 7 Pro,,,
xiaomi,2025-09-27,https://ams-go.buy.mi.com/uk/v2/item/productdetail?from=pc&tag=xiaomi-pad-7-pro,https://www.mi.com/uk/product/xiaomi-pad-7-pro/buy/?gid=4223708369,4223708369,Xiaomi Pad 7 Pro Blue 8 GB + 256 GB,xiaomi,369,449,Y,save £80,Blue,8 GB + 256 GB,,,Mobile,Tablets,Tablet,,,,,https://i05.appmifile.com/828_item_uk/24/02/2025/1f7f65934a82a55749dcf044c9a8423c.png,https://i05.appmifile.com/28_item_uk/24/02/2025/ab67b60091f831889f380395558f3f06.png,https://i05.appmifile.com/607_item_uk/24/02/2025/60189ba786fc2ac57fdfcf015e06afc2.png,https://i05.appmifile.com/368_item_uk/24/02/2025/9735edc17bc51382ef4322342c2eb22e.png,//i05.appmifile.com/114_item_uk/24/02/2025/c813e67fc8b0292453d9e53eab40ab8d.png,"Explore the Xiaomi Pad 7 Pro in the UK at Xiaomi. Features an 11.2” 3.2K display, Snapdragon 8s Gen 3, 8850mAh battery with 67W charging, and 50MP dual camera.",,106,4.9,,,Y,Y,,£369,369,specification,USB 3.2 Gen 1,Brand-new design,specification,800 nits peak brightness,Xiaomi Pad 7 Pro,specification,"The matte glass version features a matte texture to replicate the feel of paper, making note-taking and drawing a breeze.",Image Generation,specification,Mechanical touchpad,Xiaomi Pad 7 / 7 Pro Focus Keyboard,specification,Xiaomi Pad 7 Pro,Xiaomi Pad 7 Pro,specification,Xiaomi Pad 7 Pro,"Data relating to charging time: Actual performance may vary depending on test software versions, specific test environments and different device versions. Actual use time shall prevail.",specification,Xiaomi Pad 7 Pro,"3200 x 2136, 345 ppi",specification,Snapdragon® 8s Gen 3 Mobile Platform,800 nits peak brightness,specification,Seamless desktop-like experience​,Xiaomi Pad 7 Pro,specification,Photo | Video | Portrait | Document | Dual video | Director mode | Teleprompter | Dynamic shot | HDR,Xiaomi Pad 7 Pro,specification,light interference,IPv6,specification,Home screen+ 2.0,Xiaomi Pad 7 Pro,specification,8850mAh (typ) battery,Xiaomi Pad 7 Pro,specification,3.2K 144Hz crystal-clear display,Multiple professional certifications,specification,Available storage and RAM are less than the total memory due to storage of operating system and software pre-installed on the device. 128GB storage variant uses UFS 3.1.,Xiaomi HyperOS 2,specification,Xiaomi Pad 7 Pro,HyperCharge,specification,Qualcomm AI engine,Height: 251.22mm,specification,Xiaomi Pad 7 Pro,Xiaomi Pad 7 Pro,specification,"Enjoy the powerful performance and smooth experience empowered by the flagship Snapdragon® 8s Gen 3 Mobile Platform, which utilises an advanced 4nm process to provide outstanding performance and power efficiency, whether you're doing creative work such as editing videos, or simply playing graphics-required games.",Xiaomi Pad 7 Pro,,,
xiaomi,2025-09-27,https://ams-go.buy.mi.com/uk/v2/item/productdetail?from=pc&tag=xiaomi-pad-7-pro,https://www.mi.com/uk/product/xiaomi-pad-7-pro/buy/?gid=4223708370,4223708370,Xiaomi Pad 7 Pro Blue 12 GB + 512 GB,xiaomi,419,499,Y,save £80,Blue,12 GB + 512 GB,,,Mobile,Tablets,Tablet,,,,,https://i05.appmifile.com/828_item_uk/24/02/2025/1f7f65934a82a55749dcf044c9a8423c.png,https://i05.appmifile.com/28_item_uk/24/02/2025/ab67b60091f831889f380395558f3f06.png,https://i05.appmifile.com/607_item_uk/24/02/2025/60189ba786fc2ac57fdfcf015e06afc2.png,https://i05.appmifile.com/368_item_uk/24/02/2025/9735edc17bc51382ef4322342c2eb22e.png,//i05.appmifile.com/114_item_uk/24/02/2025/c813e67fc8b0292453d9e53eab40ab8d.png,"Explore the Xiaomi Pad 7 Pro in the UK at Xiaomi. Features an 11.2” 3.2K display, Snapdragon 8s Gen 3, 8850mAh battery with 67W charging, and 50MP dual camera.",,106,4.9,,,Y,Y,,£419,419,specification,USB 3.2 Gen 1,Brand-new design,specification,800 nits peak brightness,Xiaomi Pad 7 Pro,specification,"The matte glass version features a matte texture to replicate the feel of paper, making note-taking and drawing a breeze.",Image Generation,specification,Mechanical touchpad,Xiaomi Pad 7 / 7 Pro Focus Keyboard,specification,Xiaomi Pad 7 Pro,Xiaomi Pad 7 Pro,specification,Xiaomi Pad 7 Pro,"Data relating to charging time: Actual performance may vary depending on test software versions, specific test environments and different device versions. Actual use time shall prevail.",specification,Xiaomi Pad 7 Pro,"3200 x 2136, 345 ppi",specification,Snapdragon® 8s Gen 3 Mobile Platform,800 nits peak brightness,specification,Seamless desktop-like experience​,Xiaomi Pad 7 Pro,specification,Photo | Video | Portrait | Document | Dual video | Director mode | Teleprompter | Dynamic shot | HDR,Xiaomi Pad 7 Pro,specification,light interference,IPv6,specification,Home screen+ 2.0,Xiaomi Pad 7 Pro,specification,8850mAh (typ) battery,Xiaomi Pad 7 Pro,specification,3.2K 144Hz crystal-clear display,Multiple professional certifications,specification,Available storage and RAM are less than the total memory due to storage of operating system and software pre-installed on the device. 128GB storage variant uses UFS 3.1.,Xiaomi HyperOS 2,specification,Xiaomi Pad 7 Pro,HyperCharge,specification,Qualcomm AI engine,Height: 251.22mm,specification,Xiaomi Pad 7 Pro,Xiaomi Pad 7 Pro,specification,"Enjoy the powerful performance and smooth experience empowered by the flagship Snapdragon® 8s Gen 3 Mobile Platform, which utilises an advanced 4nm process to provide outstanding performance and power efficiency, whether you're doing creative work such as editing videos, or simply playing graphics-required games.",Xiaomi Pad 7 Pro,,,
xiaomi,2025-09-27,https://ams-go.buy.mi.com/uk/v2/item/productdetail?from=pc&tag=xiaomi-pad-7-pro,https://www.mi.com/uk/product/xiaomi-pad-7-pro/buy/?gid=4223708371,4223708371,Xiaomi Pad 7 Pro Green 8 GB + 256 GB,xiaomi,369,449,Y,save £80,Green,8 GB + 256 GB,,,Mobile,Tablets,Tablet,,,,,https://i05.appmifile.com/137_item_uk/24/02/2025/8337e7b2d47a3f9a2965b1263c2903bc.png,https://i05.appmifile.com/147_item_uk/24/02/2025/1ac0f7e6854550742fe604bd13ca383c.png,https://i05.appmifile.com/524_item_uk/24/02/2025/ecef0091e9828f6114fb8af514670da3.png,https://i05.appmifile.com/489_item_uk/24/02/2025/45e2d714dcaa1ce6578b5cf5098d38e9.png,//i05.appmifile.com/114_item_uk/24/02/2025/c813e67fc8b0292453d9e53eab40ab8d.png,"Explore the Xiaomi Pad 7 Pro in the UK at Xiaomi. Features an 11.2” 3.2K display, Snapdragon 8s Gen 3, 8850mAh battery with 67W charging, and 50MP dual camera.",,106,4.9,,,Y,Y,,£369,369,specification,USB 3.2 Gen 1,Brand-new design,specification,800 nits peak brightness,Xiaomi Pad 7 Pro,specification,"The matte glass version features a matte texture to replicate the feel of paper, making note-taking and drawing a breeze.",Image Generation,specification,Mechanical touchpad,Xiaomi Pad 7 / 7 Pro Focus Keyboard,specification,Xiaomi Pad 7 Pro,Xiaomi Pad 7 Pro,specification,Xiaomi Pad 7 Pro,"Data relating to charging time: Actual performance may vary depending on test software versions, specific test environments and different device versions. Actual use time shall prevail.",specification,Xiaomi Pad 7 Pro,"3200 x 2136, 345 ppi",specification,Snapdragon® 8s Gen 3 Mobile Platform,800 nits peak brightness,specification,Seamless desktop-like experience​,Xiaomi Pad 7 Pro,specification,Photo | Video | Portrait | Document | Dual video | Director mode | Teleprompter | Dynamic shot | HDR,Xiaomi Pad 7 Pro,specification,light interference,IPv6,specification,Home screen+ 2.0,Xiaomi Pad 7 Pro,specification,8850mAh (typ) battery,Xiaomi Pad 7 Pro,specification,3.2K 144Hz crystal-clear display,Multiple professional certifications,specification,Available storage and RAM are less than the total memory due to storage of operating system and software pre-installed on the device. 128GB storage variant uses UFS 3.1.,Xiaomi HyperOS 2,specification,Xiaomi Pad 7 Pro,HyperCharge,specification,Qualcomm AI engine,Height: 251.22mm,specification,Xiaomi Pad 7 Pro,Xiaomi Pad 7 Pro,specification,"Enjoy the powerful performance and smooth experience empowered by the flagship Snapdragon® 8s Gen 3 Mobile Platform, which utilises an advanced 4nm process to provide outstanding performance and power efficiency, whether you're doing creative work such as editing videos, or simply playing graphics-required games.",Xiaomi Pad 7 Pro,,,
xiaomi,2025-09-27,https://ams-go.buy.mi.com/uk/v2/item/productdetail?from=pc&tag=xiaomi-pad-7-pro,https://www.mi.com/uk/product/xiaomi-pad-7-pro/buy/?gid=4223708372,4223708372,Xiaomi Pad 7 Pro Green 12 GB + 512 GB,xiaomi,419,499,Y,save £80,Green,12 GB + 512 GB,,,Mobile,Tablets,Tablet,,,,,https://i05.appmifile.com/137_item_uk/24/02/2025/8337e7b2d47a3f9a2965b1263c2903bc.png,https://i05.appmifile.com/147_item_uk/24/02/2025/1ac0f7e6854550742fe604bd13ca383c.png,https://i05.appmifile.com/524_item_uk/24/02/2025/ecef0091e9828f6114fb8af514670da3.png,https://i05.appmifile.com/489_item_uk/24/02/2025/45e2d714dcaa1ce6578b5cf5098d38e9.png,//i05.appmifile.com/114_item_uk/24/02/2025/c813e67fc8b0292453d9e53eab40ab8d.png,"Explore the Xiaomi Pad 7 Pro in the UK at Xiaomi. Features an 11.2” 3.2K display, Snapdragon 8s Gen 3, 8850mAh battery with 67W charging, and 50MP dual camera.",,106,4.9,,,Y,Y,,£419,419,specification,USB 3.2 Gen 1,Brand-new design,specification,800 nits peak brightness,Xiaomi Pad 7 Pro,specification,"The matte glass version features a matte texture to replicate the feel of paper, making note-taking and drawing a breeze.",Image Generation,specification,Mechanical touchpad,Xiaomi Pad 7 / 7 Pro Focus Keyboard,specification,Xiaomi Pad 7 Pro,Xiaomi Pad 7 Pro,specification,Xiaomi Pad 7 Pro,"Data relating to charging time: Actual performance may vary depending on test software versions, specific test environments and different device versions. Actual use time shall prevail.",specification,Xiaomi Pad 7 Pro,"3200 x 2136, 345 ppi",specification,Snapdragon® 8s Gen 3 Mobile Platform,800 nits peak brightness,specification,Seamless desktop-like experience​,Xiaomi Pad 7 Pro,specification,Photo | Video | Portrait | Document | Dual video | Director mode | Teleprompter | Dynamic shot | HDR,Xiaomi Pad 7 Pro,specification,light interference,IPv6,specification,Home screen+ 2.0,Xiaomi Pad 7 Pro,specification,8850mAh (typ) battery,Xiaomi Pad 7 Pro,specification,3.2K 144Hz crystal-clear display,Multiple professional certifications,specification,Available storage and RAM are less than the total memory due to storage of operating system and software pre-installed on the device. 128GB storage variant uses UFS 3.1.,Xiaomi HyperOS 2,specification,Xiaomi Pad 7 Pro,HyperCharge,specification,Qualcomm AI engine,Height: 251.22mm,specification,Xiaomi Pad 7 Pro,Xiaomi Pad 7 Pro,specification,"Enjoy the powerful performance and smooth experience empowered by the flagship Snapdragon® 8s Gen 3 Mobile Platform, which utilises an advanced 4nm process to provide outstanding performance and power efficiency, whether you're doing creative work such as editing videos, or simply playing graphics-required games.",Xiaomi Pad 7 Pro,,,
xiaomi,2025-09-27,https://ams-go.buy.mi.com/uk/v2/item/productdetail?from=pc&tag=xiaomi-15-ultra,https://www.mi.com/uk/product/xiaomi-15-ultra/buy/?gid=4223708357,4223708357,Xiaomi 15 Ultra White 16 GB+512GB,xiaomi,1299,,,,White,16 GB+512GB,,,Mobile,Phones,Xiaomi Series,,,,,https://i05.appmifile.com/81_item_uk/24/02/2025/cc4683651baed7d7c6b2f3971e73aeb0.png,https://i05.appmifile.com/474_item_uk/03/07/2025/c55cf109878a49c186ea541f31c8d895.jpg,https://i05.appmifile.com/449_item_uk/24/02/2025/dec21871500d3768867441aef2d08092.png,//i05.appmifile.com/541_item_uk/24/02/2025/586b60498e95ac3be7c6f191373260cc.png,,"Explore the Xiaomi 15 Ultra in the UK at Xiaomi. Features a 6.73” WQHD+ AMOLED display, Snapdragon 8 Elite, 5410mAh battery with 90W charging, and 200MP camera.",,88,5.0,,,,,,£1299,1299,specification,"Chat with Gemini, a truly helpful personal AI assistant from Google, to supercharge your ideas.",Xiaomi 15 Ultra,specification,Detachable and removable,"Availability of data-assisted calling may vary based on VoWiFi support, please refer to the actual use.",specification,Xiaomi 15 Ultra,Leica 70mm,specification,One out-of-warranty repair with free labor costs within 12 months,Dust and water resistance,specification,Xiaomi 15 Ultra,"With AI Search, your smart device can now understand your words like a human and accurately help you find the content you need, greatly improving efficiency.",specification,Xiaomi 15 Ultra,Bluetooth 6.0,specification,Play Video,Xiaomi 15 Ultra,specification,Video log format,Xiaomi 15 Ultra,specification,Front Camera,Xiaomi 15 Ultra,specification,HDR,HDR10+,specification,Superb perspective,Xiaomi 15 Ultra,specification,Super macro,8K (7680x4320) video recording at 30 fps,specification,Audio,USB 3.2 Gen 2,specification,USB Type-C charging port,Pinnacle Photography,specification,Spin-coated,Leica 23mm,specification,Xiaomi 15 Ultra,1X,specification,"AI Dynamic Wallpaper introduces a transformative aesthetic experience, by instantly generating animation based on static wallpapers of cities, plants and more.",Xiaomi 15 Ultra,specification,Xiaomi 15 Ultra,PERFORMANCE,specification,TÜV Rheinland Circadian Friendly Certified,Xiaomi 15 Ultra,,,
xiaomi,2025-09-27,https://ams-go.buy.mi.com/uk/v2/item/productdetail?from=pc&tag=xiaomi-15-ultra,https://www.mi.com/uk/product/xiaomi-15-ultra/buy/?gid=4223708358,4223708358,Xiaomi 15 Ultra Black 16 GB+512GB,xiaomi,1299,,,,Black,16 GB+512GB,,,Mobile,Phones,Xiaomi Series,,,,,https://i05.appmifile.com/615_item_uk/24/02/2025/b0fa91d3f571c6987d080616d103c85a.png,https://i05.appmifile.com/967_item_uk/03/07/2025/15c478215c5d1682f8f0b9197061d62f.jpg,https://i05.appmifile.com/330_item_uk/24/02/2025/1c075d47ef5643baea55c1e4484ba215.png,//i05.appmifile.com/541_item_uk/24/02/2025/586b60498e95ac3be7c6f191373260cc.png,,"Explore the Xiaomi 15 Ultra in the UK at Xiaomi. Features a 6.73” WQHD+ AMOLED display, Snapdragon 8 Elite, 5410mAh battery with 90W charging, and 200MP camera.",,88,5.0,,,Y,,,£1299,1299,specification,"Chat with Gemini, a truly helpful personal AI assistant from Google, to supercharge your ideas.",Xiaomi 15 Ultra,specification,Detachable and removable,"Availability of data-assisted calling may vary based on VoWiFi support, please refer to the actual use.",specification,Xiaomi 15 Ultra,Leica 70mm,specification,One out-of-warranty repair with free labor costs within 12 months,Dust and water resistance,specification,Xiaomi 15 Ultra,"With AI Search, your smart device can now understand your words like a human and accurately help you find the content you need, greatly improving efficiency.",specification,Xiaomi 15 Ultra,Bluetooth 6.0,specification,Play Video,Xiaomi 15 Ultra,specification,Video log format,Xiaomi 15 Ultra,specification,Front Camera,Xiaomi 15 Ultra,specification,HDR,HDR10+,specification,Superb perspective,Xiaomi 15 Ultra,specification,Super macro,8K (7680x4320) video recording at 30 fps,specification,Audio,USB 3.2 Gen 2,specification,USB Type-C charging port,Pinnacle Photography,specification,Spin-coated,Leica 23mm,specification,Xiaomi 15 Ultra,1X,specification,"AI Dynamic Wallpaper introduces a transformative aesthetic experience, by instantly generating animation based on static wallpapers of cities, plants and more.",Xiaomi 15 Ultra,specification,Xiaomi 15 Ultra,PERFORMANCE,specification,TÜV Rheinland Circadian Friendly Certified,Xiaomi 15 Ultra,,,
xiaomi,2025-09-27,https://ams-go.buy.mi.com/uk/v2/item/productdetail?from=pc&tag=xiaomi-15-ultra,https://www.mi.com/uk/product/xiaomi-15-ultra/buy/?gid=4223708359,4223708359,Xiaomi 15 Ultra Silver Chrome 16 GB+512GB,xiaomi,1299,,,,Silver Chrome,16 GB+512GB,,,Mobile,Phones,Xiaomi Series,,,,,https://i05.appmifile.com/264_item_uk/24/02/2025/4de692cc0a0ea98c850ac446c8007e35.png,https://i05.appmifile.com/98_item_uk/03/07/2025/558b03f13955753d53599d0a7f5312b8.jpg,https://i05.appmifile.com/379_item_uk/24/02/2025/f0dee3bcae259995164270089cdcf846.png,//i05.appmifile.com/541_item_uk/24/02/2025/586b60498e95ac3be7c6f191373260cc.png,,"Explore the Xiaomi 15 Ultra in the UK at Xiaomi. Features a 6.73” WQHD+ AMOLED display, Snapdragon 8 Elite, 5410mAh battery with 90W charging, and 200MP camera.",,88,5.0,,,Y,,,£1299,1299,specification,"Chat with Gemini, a truly helpful personal AI assistant from Google, to supercharge your ideas.",Xiaomi 15 Ultra,specification,Detachable and removable,"Availability of data-assisted calling may vary based on VoWiFi support, please refer to the actual use.",specification,Xiaomi 15 Ultra,Leica 70mm,specification,One out-of-warranty repair with free labor costs within 12 months,Dust and water resistance,specification,Xiaomi 15 Ultra,"With AI Search, your smart device can now understand your words like a human and accurately help you find the content you need, greatly improving efficiency.",specification,Xiaomi 15 Ultra,Bluetooth 6.0,specification,Play Video,Xiaomi 15 Ultra,specification,Video log format,Xiaomi 15 Ultra,specification,Front Camera,Xiaomi 15 Ultra,specification,HDR,HDR10+,specification,Superb perspective,Xiaomi 15 Ultra,specification,Super macro,8K (7680x4320) video recording at 30 fps,specification,Audio,USB 3.2 Gen 2,specification,USB Type-C charging port,Pinnacle Photography,specification,Spin-coated,Leica 23mm,specification,Xiaomi 15 Ultra,1X,specification,"AI Dynamic Wallpaper introduces a transformative aesthetic experience, by instantly generating animation based on static wallpapers of cities, plants and more.",Xiaomi 15 Ultra,specification,Xiaomi 15 Ultra,PERFORMANCE,specification,TÜV Rheinland Circadian Friendly Certified,Xiaomi 15 Ultra,,,
xiaomi,2025-09-27,https://ams-go.buy.mi.com/uk/v2/item/productdetail?from=pc&tag=xiaomi-15-ultra,https://www.mi.com/uk/product/xiaomi-15-ultra/buy/?gid=4223708360,4223708360,Xiaomi 15 Ultra Silver Chrome 16GB+1TB,xiaomi,1499,,,,Silver Chrome,16GB+1TB,,,Mobile,Phones,Xiaomi Series,,,,,https://i05.appmifile.com/264_item_uk/24/02/2025/4de692cc0a0ea98c850ac446c8007e35.png,https://i05.appmifile.com/98_item_uk/03/07/2025/558b03f13955753d53599d0a7f5312b8.jpg,https://i05.appmifile.com/379_item_uk/24/02/2025/f0dee3bcae259995164270089cdcf846.png,//i05.appmifile.com/541_item_uk/24/02/2025/586b60498e95ac3be7c6f191373260cc.png,,"Explore the Xiaomi 15 Ultra in the UK at Xiaomi. Features a 6.73” WQHD+ AMOLED display, Snapdragon 8 Elite, 5410mAh battery with 90W charging, and 200MP camera.",,88,5.0,,,Y,,,£1499,1499,specification,"Chat with Gemini, a truly helpful personal AI assistant from Google, to supercharge your ideas.",Xiaomi 15 Ultra,specification,Detachable and removable,"Availability of data-assisted calling may vary based on VoWiFi support, please refer to the actual use.",specification,Xiaomi 15 Ultra,Leica 70mm,specification,One out-of-warranty repair with free labor costs within 12 months,Dust and water resistance,specification,Xiaomi 15 Ultra,"With AI Search, your smart device can now understand your words like a human and accurately help you find the content you need, greatly improving efficiency.",specification,Xiaomi 15 Ultra,Bluetooth 6.0,specification,Play Video,Xiaomi 15 Ultra,specification,Video log format,Xiaomi 15 Ultra,specification,Front Camera,Xiaomi 15 Ultra,specification,HDR,HDR10+,specification,Superb perspective,Xiaomi 15 Ultra,specification,Super macro,8K (7680x4320) video recording at 30 fps,specification,Audio,USB 3.2 Gen 2,specification,USB Type-C charging port,Pinnacle Photography,specification,Spin-coated,Leica 23mm,specification,Xiaomi 15 Ultra,1X,specification,"AI Dynamic Wallpaper introduces a transformative aesthetic experience, by instantly generating animation based on static wallpapers of cities, plants and more.",Xiaomi 15 Ultra,specification,Xiaomi 15 Ultra,PERFORMANCE,specification,TÜV Rheinland Circadian Friendly Certified,Xiaomi 15 Ultra,,,
xiaomi,2025-09-27,https://ams-go.buy.mi.com/uk/v2/item/productdetail?from=pc&tag=xiaomi-165w-power-bank-10000-integrated-cable,https://www.mi.com/uk/product/xiaomi-165w-power-bank-10000-integrated-cable/buy/?gid=4223708145,4223708145,Xiaomi 165W Power Bank 10000 (Integrated Cable) Silver 10000mAh,xiaomi,34.99,,,,Gray,10000mAh,,,Life style,Chargings,Power Banks,,,,,https://i05.appmifile.com/287_item_uk/03/03/2025/7199cf68e54f477274a7ec7ffbf8408d.png,https://i05.appmifile.com/391_item_uk/03/03/2025/81c373789237cc3851ceb649f3884ce3.png,https://i05.appmifile.com/610_item_uk/03/03/2025/e0315a4b7b224ff6f768827e9ca90cc9.png,,,"Discover the Xiaomi 165W Power Bank 10000 specs at Xiaomi UK. Use a 10,000 mAh portable charger up to 165W output, and 15 minute rapid self‑charge.",,28,5.0,,,,,,£34.99,34.99,specification,Xiaomi 165w Power Bank 10000 Integrated Cable,Dell,specification,Charge to full in 38min Charge 1.45 times,Compatibility list: Charging supported for devices with power delivery (PD) protocol such as these popular models:,specification,Design,Samsung Galaxy Tab S9 FE,specification,Overflowing with energy Extensive compatibility,Intelligent temperature control Stays cool to ensure safe use,specification,Smartphone compatibility list,Charge 100% in 28min,specification,HONOR,ASUS,specification,"13"" iPad Air (M2)","Compatibility list: Charging is supported for devices with PD2.0, PD3.0, PPS, QC2.0, QC3.0, QC3.5, BC1.2, and Apple 2.4 protocols, such as these popular models:",specification,"E.g. Xiaomi Pad 6, iPad 9",Xiaomi 165w Power Bank 10000 Integrated Cable,specification,Samsung Galaxy S24 Ultra,"Charges a Redmi Note 14 Pro+ 5G to full in just 23 minutes: Data tested by Xiaomi Internal Labs, actual results may vary due to factors like device software version and environmental conditions.",specification,Integrated USB-C cable Enjoy your travels with convenient charging,The interface features a high-tech look and distinguishes information by colour for concise charging details that look stunning.,specification,E.g. MacBook Pro,Redmi Note 13 Pro+,specification,Xiaomi 165w Power Bank 10000 Integrated Cable,Rated capacity,specification,HP Star Book Pro 14,Xiaomi 165w Power Bank 10000 Integrated Cable,specification,USB-C®/USB-C with integrated cable,Function,specification,Xiaomi 165W Power Bank 10000 (Integrated Cable) x1,Xiaomi 165w Power Bank 10000 Integrated Cable,specification,Redmi Note 13,Xiaomi 165w Power Bank 10000 Integrated Cable,specification,Product Model,165W max. 120W (USB-C with integrated cable) + 45W (USB-C) USB-C with integrated cable (OUT1) 5V⎓3A 9V⎓3A 11V⎓3A 11V⎓6A 12V⎓3A 15V⎓3A 20V⎓3.25A 20V⎓6A max. USB-C (OUT2) 5V⎓3A 9V⎓3A 11V-3A 12V⎓3A 15V⎓3A 20V-2.25A max.,specification,User manual x 1,Battery power,specification,Brand,Samsung Galaxy S23 Ultra,,,
xiaomi,2025-09-27,https://ams-go.buy.mi.com/uk/v2/item/productdetail?from=pc&tag=xiaomi-magnetic-power-bank-5000,https://www.mi.com/uk/product/xiaomi-magnetic-power-bank-5000/buy/?gid=4223708142,4223708142,Xiaomi Magnetic Power Bank 5000 White 5000mAh,xiaomi,18.99,19.99,Y,save £1,White,5000mAh,,,Life style,Chargings,Power Banks,,,,,https://i05.appmifile.com/541_item_uk/03/03/2025/fe6a467565286f15dd07e1ca56beaaf5.png,https://i05.appmifile.com/253_item_uk/03/03/2025/614085c5154b587f639c3bc22114b8fd.png,https://i05.appmifile.com/775_item_uk/03/03/2025/7c9571b29fcc5b86ee0722d44f666d01.png,https://i05.appmifile.com/305_item_uk/03/03/2025/fa2e0761cabaf7677b55dcf748c47af3.png,,Xiaomi Magnetic Power Bank 5000 Specs:,,12,5.0,,,,Y,,£18.99,18.99,specification,"This product contains magnets. Please keep at a distance of at least 20 cm from implanted medical devices (pacemakers, cochlear implants, etc.) to avoid potential interference.",Peace of mind when charging,specification,USB-C (IN) 5V⎓3A 9V⎓2.22A,NTC temperature control system,specification,Xiaomi Magnetic Power Bank 5000,Xiaomi Magnetic Power Bank 5000,specification,Xiaomi Magnetic Power Bank 5000,7.5W MAX,specification,Xiaomi Magnetic Power Bank 5000,The image is for demonstration purposes only. Socket standards may vary between different countries and regions.,specification,Wired output,"Unless otherwise specified, all data above comes from manufacturer and is subject to change or error due to objective factors such as device software version, ambient temperature, and so on.",specification,Enterprise standards,Rated capacity,specification,USB-C®,Xiaomi Magnetic Power Bank 5000,specification,Model,Rated energy,specification,Xiaomi Magnetic Power Bank 5000 x1,"Compact and wireless, providing instant charging upon attachment",specification,Temperature protection,WPB0507,specification,Input port,Reset protection,specification,10N powerful magnetic attraction: Tested on an iPhone 15 at an ambient temperature of 25°C and 50% humidity.,The rated capacity of the Xiaomi Magnetic Power Bank 5000 is 2800mAh (5V/2.4A). It can be paired with the official MagSafe protective case.,specification,Xiaomi Magnetic Power Bank 5000,Data comes from manufacturer and is based on an iPhone 15 at low power (2% charge) plugged into the power bank (fully charged) until the phone reached 100%.,specification,This photo is for illustrative purposes only. The USB-C charging cable comes with the product.,Xiaomi Magnetic Power Bank 5000,specification,"Suitable for air travel: Complies with international aviation standards, namely, a single portable charging device with a capacity of less than 100Wh.",Designed for iPhone 12 and later models,specification,Xiaomi Magnetic Power Bank 5000,Xiaomi Magnetic Power Bank 5000,specification,Slim 12mm body,Intelligent temperature control to prevent damage to your device,specification,Xiaomi Magnetic Power Bank 5000,Xiaomi Magnetic Power Bank 5000,,,
xiaomi,2025-09-27,https://ams-go.buy.mi.com/uk/v2/item/productdetail?from=pc&tag=xiaomi-smart-jump-rope,https://www.mi.com/uk/product/xiaomi-smart-jump-rope/buy/?gid=4223708140,4223708140,Xiaomi Smart Jump Rope,xiaomi,24.99,,,,,,,,Life style,Health & Fitness,Health and Fitness Accessories,,,,,https://i05.appmifile.com/750_item_uk/03/03/2025/a8eb18ed81b05d27d17ac0606046c322.png,https://i05.appmifile.com/982_item_uk/03/03/2025/a2f272c48dc3de70b851626c8a92ec9b.png,https://i05.appmifile.com/697_item_uk/03/03/2025/0cdbcec2a7d7ba81c15670e45f0c9eee.png,https://i05.appmifile.com/359_item_uk/03/03/2025/2fc5aae535e5db015285ec586c0f2959.png,https://i05.appmifile.com/524_item_uk/03/03/2025/2a7ab697b0c17b808602be42e1c62ffd.png,"View the Xiaomi Smart Jump Rope specs at Xiaomi UK. Sporting corded/cordless modes, borderless LED, precision sensors, Bluetooth syncing and 20‑day battery.",,7,5.0,,,,,,£24.99,24.99,specification,Product name,Xiaomi Smart Jump Rope,specification,Model,XMSR-P804,specification,Handle dimensions,162.2 x 25 x 25mm,specification,Battery capacity,200mAh,specification,Rated input,5V⎓0.5A,specification,Product net weight,Approx. 180g (handles + swinging balls),specification,Main material,PC,specification,Charging port,Type-C,,,,,,,,,,,,,,,,,,,,,,,,,,,,,,,,,,,,
xiaomi,2025-09-27,https://ams-go.buy.mi.com/uk/v2/item/productdetail?from=pc&tag=xiaomi-ultra-slim-power-bank-5000mah,https://www.mi.com/uk/product/xiaomi-ultra-slim-power-bank-5000mah/buy/?gid=4223708138,4223708138,Xiaomi Ultra Slim Power Bank 5000mAh Silver 5000mAh,xiaomi,17.99,19.99,Y,save £2,Silver,5000mAh,,,Life style,Chargings,Power Banks,,,,,https://i05.appmifile.com/230_item_uk/03/03/2025/5041e8554ff218b51fc6eb84c4702e27.png,https://i05.appmifile.com/11_item_uk/03/03/2025/21c47feab9c5f2e0fc493eefe27ccea9.png,,,,Xiaomi Ultra Slim Power Bank 5000mah Specs:,,,,,,,Y,,£17.99,17.99,specification,"With 18W input capacity, the USB Type-C interface supports two-way fast charging. When used with the included USB cable, the power bank can charge to 100% in 1.75 hours.",Lithium-ion battery,specification,Xiaomi Ultra Slim Power Bank 5000mAh x1,Xiaomi Ultra Slim Power Bank 5000mah,specification,19.4Wh 3.88V 5000mAh,High compatibility,specification,19.1Wh 3.88V 4900mAh,Xiaomi Ultra Slim Power Bank 5000mah,specification,Input parameters,5°C–35°C,specification,"Lithium-ion battery cell for more safety, reliability and durability. Effortlessly manage anomalies such as over-charging, over-discharging, high temperatures, or short-circuiting, ensuring safety during daily use.",5V⎓2.4A 9V⎓2.22A 12V⎓1.5A,specification,Xiaomi Ultra Slim Power Bank 5000mah,Rated capacity,specification,Sleek card-style aesthetic design,Xiaomi Ultra Slim Power Bank 5000mah,specification,Rated power,Portable charger that fits in a shirt pocket,specification,Xiaomi Ultra Slim Power Bank 5000mah,"Weighing a mere 93g, this power bank with a 5000mAh battery capacity fits perfectly in your shirt pocket. It is light, convenient to carry around and takes up minimal space.",specification,2700mAh (5V/2.4A),USB Type-C two-way fast charging,specification,User manual x1,Input overvoltage protection,specification,Rated capacity of the Xiaomi Ultra Slim Power Bank 5000mAh is 2700mAh (5V/2.4A),Xiaomi Ultra Slim Power Bank 5000mah,specification,"Low-current device charging: Also supports low-current charging for non-Xiaomi branded Bluetooth headsets, smart bands and other devices.",Xiaomi Ultra Slim Power Bank 5000mah,specification,"Unique card-style design, about 10mm thin. It sports a sleek, metallic sheen with NCVM surface treatment, fits comfortably in your palm, and exudes elegance and sophistication.",Compatible with multiple devices,specification,USB Type-C two-way charging,Xiaomi Ultra Slim Power Bank 5000mah,specification,"Features a built-in intelligent recognition chip that automatically adjusts the output to match the required current for different devices. Charge phones, tablets, wireless earphones and other low-current devices safely.","Supports fast charging for the Xiaomi 14 and Xiaomi 14 Ultra, charging up to 39% and 37% respectively in just 30 minutes, so you never need to worry about running out of battery.",specification,Xiaomi Ultra Slim Power Bank 5000mah,Xiaomi Ultra Slim Power Bank 5000mah,specification,Xiaomi Ultra Slim Power Bank 5000mah,Reset protection,,,
xiaomi,2025-09-27,https://ams-go.buy.mi.com/uk/v2/item/productdetail?from=pc&tag=xiaomi-33w-power-bank-10000-integrated-cable,https://www.mi.com/uk/product/xiaomi-33w-power-bank-10000-integrated-cable/buy/?gid=4223708137,4223708137,Xiaomi 33W Power Bank 10000mAh (Integrated Cable) Ice Blue 10000mAh,xiaomi,18.99,19.99,Y,save £1,Ice Blue,10000mAh,,,Life style,Chargings,Power Banks,,,,,https://i05.appmifile.com/729_item_uk/03/03/2025/2027122921f8ecc40dc9e2e65fc9be26.png,https://i05.appmifile.com/143_item_uk/03/03/2025/072e5bf939bfd83cbf4f7fadb7761079.png,https://i05.appmifile.com/297_item_uk/03/03/2025/39871b182395d5b2f3ac11c8103c5277.png,,,"Look up the Xiaomi 33 W Power Bank 10000 specs at Xiaomi UK. Enjoy 33 W wired output, 3‑device charging, safety controls, and cable convenience.",,9,5.0,,,,Y,,£18.99,18.99,specification,Xiaomi 33w Power Bank 10000 Integrated Cable,Up to 33W fast charging output,specification,Overcurrent short circuit protection,Multiple safety protections Safeguarding every charge,specification,Xiaomi 33w Power Bank 10000 Integrated Cable,Output parameters,specification,Input overcurrent protection,Xiaomi 33w Power Bank 10000 Integrated Cable,specification,Xiaomi 33W Power Bank 10000 (Integrated Cable) x1,Output port,specification,USB-C (OUT2) 5V⎓3A 9V⎓3A 11V⎓3A 12V⎓2.5A 15V⎓2A 20V⎓1.5A max.,Xiaomi 33w Power Bank 10000 Integrated Cable,specification,Xiaomi 33w Power Bank 10000 Integrated Cable,Short-circuit protection,specification,Xiaomi 33w Power Bank 10000 Integrated Cable,Xiaomi 33w Power Bank 10000 Integrated Cable,specification,Multiple safety protections,Compatible with multiple devices,specification,"10,000mAh capacity in a compact and portable design",Charges 45% in 30 minutes,specification,Expertly finished surface that is smooth to the touch featuring stylish and sophisticated Morandi-style colours.,Integrated fast-charging cable Convenient and portable,specification,High-power fast charging 30 minutes is all you need when charging in a pinch,33W charging refers to maximum output power. Actual performance may vary based on environmental conditions and device charging capabilities.,specification,Xiaomi 33w Power Bank 10000 Integrated Cable,Charge 47% in 30 minutes,specification,Output overcurrent protection,Xiaomi 33w Power Bank 10000 Integrated Cable,specification,Xiaomi 33w Power Bank 10000 Integrated Cable,"When used with Xiaomi smartphones equipped with smart fast charging, the output can reach up to 33W. The USB-C port can deliver up to 30W power when charging the power bank, effectively reducing charging time",specification,Xiaomi 14 Ultra,Xiaomi 33w Power Bank 10000 Integrated Cable,specification,"The power bank features two 5000mAh high-quality battery cells, equivalent to 10,000mAh battery power. The built-in smart identification chip can automatically match the output current with the operating current of different devices, meeting your basic power needs and ensuring battery life.",Xiaomi 33w Power Bank 10000 Integrated Cable,specification,30W self-charging refers to maximum input power. Actual performance may vary based on environmental conditions. USB-C2 port self-charging requires a 3A charging cable for optimal performance.,Xiaomi 33w Power Bank 10000 Integrated Cable,specification,Charge to full in 97 minutes,Xiaomi 33w Power Bank 10000 Integrated Cable,,,
xiaomi,2025-09-27,https://ams-go.buy.mi.com/uk/v2/item/productdetail?from=pc&tag=xiaomi-33w-power-bank-10000-integrated-cable,https://www.mi.com/uk/product/xiaomi-33w-power-bank-10000-integrated-cable/buy/?gid=4223708136,4223708136,Xiaomi 33W Power Bank 10000mAh (Integrated Cable) Tan 10000mAh,xiaomi,18.99,19.99,Y,save £1,Tan,10000mAh,,,Life style,Chargings,Power Banks,,,,,https://i05.appmifile.com/180_item_uk/03/03/2025/8c8d7e6d5a1445af5fa8ad5699d789f9.png,https://i05.appmifile.com/552_item_uk/03/03/2025/0894d434e24f8ef07b943f2996ac540b.png,https://i05.appmifile.com/827_item_uk/03/03/2025/ecc9729f394a24a3bf1db39d4b213aae.png,,,"Look up the Xiaomi 33 W Power Bank 10000 specs at Xiaomi UK. Enjoy 33 W wired output, 3‑device charging, safety controls, and cable convenience.",,9,5.0,,,,Y,,£18.99,18.99,specification,Xiaomi 33w Power Bank 10000 Integrated Cable,Up to 33W fast charging output,specification,Overcurrent short circuit protection,Multiple safety protections Safeguarding every charge,specification,Xiaomi 33w Power Bank 10000 Integrated Cable,Output parameters,specification,Input overcurrent protection,Xiaomi 33w Power Bank 10000 Integrated Cable,specification,Xiaomi 33W Power Bank 10000 (Integrated Cable) x1,Output port,specification,USB-C (OUT2) 5V⎓3A 9V⎓3A 11V⎓3A 12V⎓2.5A 15V⎓2A 20V⎓1.5A max.,Xiaomi 33w Power Bank 10000 Integrated Cable,specification,Xiaomi 33w Power Bank 10000 Integrated Cable,Short-circuit protection,specification,Xiaomi 33w Power Bank 10000 Integrated Cable,Xiaomi 33w Power Bank 10000 Integrated Cable,specification,Multiple safety protections,Compatible with multiple devices,specification,"10,000mAh capacity in a compact and portable design",Charges 45% in 30 minutes,specification,Expertly finished surface that is smooth to the touch featuring stylish and sophisticated Morandi-style colours.,Integrated fast-charging cable Convenient and portable,specification,High-power fast charging 30 minutes is all you need when charging in a pinch,33W charging refers to maximum output power. Actual performance may vary based on environmental conditions and device charging capabilities.,specification,Xiaomi 33w Power Bank 10000 Integrated Cable,Charge 47% in 30 minutes,specification,Output overcurrent protection,Xiaomi 33w Power Bank 10000 Integrated Cable,specification,Xiaomi 33w Power Bank 10000 Integrated Cable,"When used with Xiaomi smartphones equipped with smart fast charging, the output can reach up to 33W. The USB-C port can deliver up to 30W power when charging the power bank, effectively reducing charging time",specification,Xiaomi 14 Ultra,Xiaomi 33w Power Bank 10000 Integrated Cable,specification,"The power bank features two 5000mAh high-quality battery cells, equivalent to 10,000mAh battery power. The built-in smart identification chip can automatically match the output current with the operating current of different devices, meeting your basic power needs and ensuring battery life.",Xiaomi 33w Power Bank 10000 Integrated Cable,specification,30W self-charging refers to maximum input power. Actual performance may vary based on environmental conditions. USB-C2 port self-charging requires a 3A charging cable for optimal performance.,Xiaomi 33w Power Bank 10000 Integrated Cable,specification,Charge to full in 97 minutes,Xiaomi 33w Power Bank 10000 Integrated Cable,,,
xiaomi,2025-09-27,https://ams-go.buy.mi.com/uk/v2/item/productdetail?from=pc&tag=xiaomi-high-speed-ionic-hair-dryer,https://www.mi.com/uk/product/xiaomi-high-speed-ionic-hair-dryer/buy/?gid=4223708133,4223708133,Xiaomi High-speed Iconic Hair Dryer White,xiaomi,39.99,49.99,Y,save £10,White,,,,Life style,Personal Care,Hair Dryers,,,,,https://i05.appmifile.com/104_item_uk/03/03/2025/4d02f8b0d984a92c47e4ea42e9d7147e.png,https://i05.appmifile.com/472_item_uk/03/03/2025/0b4e3d46f015e8e2ba443cf57b01d71c.png,https://i05.appmifile.com/661_item_uk/03/03/2025/126f04d71f230231f8554eaeae96c570.png,https://i05.appmifile.com/703_item_uk/03/03/2025/5f3b1cde487461047d6f8ff97b22dec0.png,https://i05.appmifile.com/997_item_uk/03/03/2025/bf4326439d2dfb1caa84575bc20c7563.png,"Xiaomi High Speed Ionic Hair Dryer Specs: Blow dry medium-length hair in 3min*, 110,000, rpm*",,5,5.0,,,,Y,,£39.99,39.99,specification,Product Dimensions,Blow dry medium-length hair in 3 minutes,specification,Integrated drying and protection,High negative ion concentration,specification,"Medium- or long-length hair can be dried in just 5 minutes. If used twice daily, that equals 10 minutes of use a day. Under these conditions, it can last approximately 8 years.",400g lightweight body,specification,Lighter than a cup of coffee,Reliable quality,specification,Xiaomi High Speed Ionic Hair Dryer,Shoulder-length hair,specification,4 temperature levels,62,specification,Powerful airflow for quick drying,Approximately,specification,Xiaomi High Speed Ionic Hair Dryer,rpm,specification,Prolonged usage won't leave you tired,Temperature check 100 times/s: This product is designed to perform temperature tests 100 times per second.,specification,Prolonged usage won't leave you tired,min,specification,"3 mins: The lab invited 38 participants to use the most powerful hot air mode. Based on their personal preferences, short and shoulder-length hair took approximately 3 minutes on average to dry. Data tested by the manufacturer. Results may vary depending on hair type and environmental conditions.",62,specification,(past the shoulders),Neutralise static electricity and reduce frizz,specification,"With temperature checks 100 times/s, the NTC smart temperature control for real-time monitoring of air temperature prevents high-temperature hair damage.",Product service life,specification,"A large cup of coffee: Coffee has a density of 1g/ml, so a large cup of coffee therefore weighs approximately 450g.","110,000 rpm: Under standard environmental conditions and at the rated voltage, with a dedicated motor controller and a stroboscope to test the motor's operating speed, the motor can reach up to 110,000 rpm. Data comes from VDE CGC (Guangdong) Testing and Certification Co., Ltd. Report No.:VC-WT2024-2356.",specification,5,Xiaomi High Speed Ionic Hair Dryer,specification,"62m/s: While operating continuously in the highest cold air mode (without accessories), the air speed was tested with a pitot tube placed near the outlet and attained a speed of up to 62±3m/s. Data comes from Vkan Certification & Testing Co., Ltd. (CVC). Report No.:WTS2024-15101. Actual air speed may vary depending on environmental differences.",Fine mesh filter Prevent hair from getting sucked in,specification,Anti-hair-suction design,Xiaomi High Speed Ionic Hair Dryer,specification,High negative ion concentration,Lightweight feel,specification,Xiaomi High Speed Ionic Hair Dryer,Xiaomi High Speed Ionic Hair Dryer,,,
xiaomi,2025-09-27,https://ams-go.buy.mi.com/uk/v2/item/productdetail?from=pc&tag=xiaomi-electric-scooter-5-max,https://www.mi.com/uk/product/xiaomi-electric-scooter-5-max/buy/?gid=4223708061,4223708061,Xiaomi Electric Scooter 5 Max Black,xiaomi,499.99,,,,Black,,,,Life style,Outdoors,Scooters,,,,,https://i05.appmifile.com/497_item_uk/02/03/2025/ba524b8526e0161bb7d473827c873928.png,https://i05.appmifile.com/760_item_uk/02/03/2025/4174885f70a71cf9a7b1b6fe61b74f9e.png,https://i05.appmifile.com/7_item_uk/02/03/2025/0daa8d4617fcd20cc7368dc09e65d6e3.png,,,"Check the Xiaomi Electric Scooter 5 Max specs at Xiaomi UK. Engineered for comfort and power with a 60 km range, dual suspension, and 1,000 W peak motor.",,5,4.8,,,,,,£499.99,499.99,specification,Xiaomi Electric Scooter 5 Max,Important information,specification,Xiaomi Electric Scooter 5 Max,Xiaomi Electric Scooter 5 Max,specification,Working temperature,Braking,specification,Xiaomi Electric Scooter 5 Max,Xiaomi Electric Scooter 5 Max,specification,"The 48V battery system and 400W rear-wheel drive motor provide more power. Whether accelerating or climbing a hill, the scooter handles it effortlessly, for a smooth and enjoyable ride!",Xiaomi Electric Scooter 5 Max,specification,Dual brakes for double protection,Xiaomi Electric Scooter 5 Max,specification,511 x 178mm,Xiaomi Electric Scooter 5 Max,specification,20km/h,Xiaomi Electric Scooter 5 Max,specification,1000W,Xiaomi Electric Scooter 5 Max,specification,Xiaomi Electric Scooter 5 Max,Automatic under-voltage sleep,specification,Smart app for easy connectivity,22%,specification,0℃–40℃,Charging temperature,specification,Storage temperature,-20℃–45℃,specification,2A Max,T2336-BD4A,specification,70W,Product name,specification,"477Wh battery capacity: To calculate the actual capacity of the battery pack, it was first charged fully according to the standard charging mode in the specification and left to stand for 1 hour before being discharged at room temperature (25±5)℃ and at a current of 0.5C to the specified termination voltage or the battery pack protection value. The battery pack was charged and discharged in this way twice and the maximum discharge capacity was used as the measured capacity. The test battery capacity is 477Wh. Data comes from manufacturer.",Over-discharge protection,specification,22,"The deck of Xiaomi Electric Scooter 5 Max has been widened compared to that of Xiaomi Electric Scooter 4 Pro Max, which measures 470mm x 150mm.",,,,,,,,,
xiaomi,2025-09-27,https://ams-go.buy.mi.com/uk/v2/item/productdetail?from=pc&tag=xiaomi-electric-scooter-elite,https://www.mi.com/uk/product/xiaomi-electric-scooter-elite/buy/?gid=4223708060,4223708060,Xiaomi Electric Scooter Elite Black,xiaomi,269.99,299.99,Y,save £30,Black,,,,Life style,Outdoors,Scooters,,,,,https://i05.appmifile.com/420_item_uk/03/03/2025/23d255dec04c525727df55f862059db3.png,https://i05.appmifile.com/658_item_uk/03/03/2025/ca8e2a634f1a7052ed8a80867216c749.png,https://i05.appmifile.com/469_item_uk/03/03/2025/16db89b18bfbd6f366d6c175c211e5f8.png,https://i05.appmifile.com/592_item_uk/03/03/2025/962af578ea427fd940db8ad6e44151fa.png,https://i05.appmifile.com/48_item_uk/03/03/2025/9826b1e94e09f9db6bb33261e67da22b.png,"Explore the Xiaomi Electric Scooter Elite specs at Xiaomi UK. Cruise up to 45 km on a 360 Wh battery, enjoy dual front suspension and IPX5 water resistance.",,2,5.0,,,,Y,,£269.99,269.99,specification,Indicators,Important information manual ×1,specification,Xiaomi Electric Scooter Elite,Rider age,specification,Max. incline,Xiaomi Electric Scooter Elite,specification,Strong frame with a load capacity of up to 120kg,Xiaomi Electric Scooter Elite,specification,"When turning, use the indicators to alert other vehicles and pedestrians.",400W,specification,Xiaomi Electric Scooter Elite,Xiaomi Electric Scooter Elite,specification,Xiaomi Electric Scooter Elite,Brushless motor with Hall sensors,specification,Approx. 8hours,20kg,specification,Cable lock ×1,0℃-40℃,specification,"1. Release the folding mechanism, pull the latch up and push forward.",Charging temperature,specification,Working temperature,Xiaomi Electric Scooter Elite,specification,Battery info,-10°C–40°C,specification,2.5A Max,Xiaomi Electric Scooter Elite,specification,"IPX5 Waterproof Rating: A nozzle with a diameter of 6.3mm was used, with a water flow rate of 12.5±0.625L/min. At a distance of 2.5m from the nozzle, the centre of the main water flow had a diameter of approximately 40mm. The testing duration was 3minutes and the distance from the nozzle to the scooter was between 2.5m and 3m. No water penetration was observed. Report No.: 20240923001.",Xiaomi Electric Scooter Elite,specification,The high-strength reinforced carbon structural steel frame is durable and capable of carrying a max. load of 120kg.,Travel range,specification,DT3610CT-LQ-03,61.5W,specification,Product name,Walking mode: The scooter's max. speed in Walking mode was tested under the same conditions as those used to test the max. speed in Sport mode. The scooter reached a speed of 6km/h. Report number: 202409250023,specification,Xiaomi Electric Scooter Elite,"Your city, your ride",,,,,,
xiaomi,2025-09-27,https://ams-go.buy.mi.com/uk/v2/item/productdetail?from=pc&tag=xiaomi-electric-scooter-5,https://www.mi.com/uk/product/xiaomi-electric-scooter-5/buy/?gid=4223708059,4223708059,Xiaomi Electric Scooter 5 Black,xiaomi,349.99,,,,Black,,,,Life style,Outdoors,Scooters,,,,,https://i05.appmifile.com/228_item_uk/03/03/2025/d559ccb0a1eeeb24c525f61d82a571e9.png,https://i05.appmifile.com/167_item_uk/03/03/2025/88f19ea675b8f40c0235eac5e68c1e94.png,https://i05.appmifile.com/851_item_uk/03/03/2025/b817eab6f7c37fb3899f38964965935c.png,https://i05.appmifile.com/927_item_uk/03/03/2025/9f2d3619598706b01ef66048359b0052.png,https://i05.appmifile.com/195_item_uk/03/03/2025/fc3d140af259382d4aaf9d0e6eb6c508.png,"Xiaomi Electric Scooter 5 Specs: Front dual-spring shock absorbers, 60km, Super-long battery life",,7,4.7,,,,,,£349.99,349.99,specification,Important information,Xiaomi Electric Scooter 5,specification,Working temperature,18,specification,Braking,Xiaomi Electric Scooter 5,specification,Xiaomi Electric Scooter 5,700W,specification,Smart app for better connection,Xiaomi Electric Scooter 5,specification,Xiaomi Electric Scooter 5,10-inch tubeless tires for comfort and safety,specification,Xiaomi Electric Scooter 5,Approx. 18%,specification,0℃–40℃,Charging temperature,specification,Storage temperature,"Unless otherwise specified, all data and statistics come from manufacturers. Actual results may vary due to different usage scenarios.",specification,-20–45℃,2A Max.,specification,"25km/h maximum speed: Carrying a total load of 75±5kg and charged to 70%±10% power in an environment with a temperature of 25±5℃ and a wind speed of ≤3m/s, the scooter accelerated in an auxiliary driving area, maintaining its maximum speed on reaching the test area. The maximum speed in the test area was measured with a speedometer. Maximum speed: 25km/h±10%. Data comes from TIRT. Report number: OTA1-202403488.",Over-discharge protection,specification,Xiaomi Electric Scooter 5,700W,specification,%,Xiaomi Electric Scooter 5,specification,T2336-BD4A,70W,specification,Product name,"In low-light surroundings, the headlight automatically turns on to make riding much safer. As the headlight is on, the tail light also turns on automatically.",specification,Xiaomi Electric Scooter 5,Short circuit protection,specification,Xiaomi Electric Scooter 5,60km,specification,18%,"700W peak power: At a maximum voltage of 54.6Vdc with maximum cut-off current, a power meter was used to test the motor's input power. Compliance requirement: 700W±50W. Data comes from TIRT. Report number: OTA1-2024034.",,,,,,
xiaomi,2025-09-27,https://ams-go.buy.mi.com/uk/v2/item/productdetail?from=pc&tag=xiaomi-electric-scooter-5-pro,https://www.mi.com/uk/product/xiaomi-electric-scooter-5-pro/buy/?gid=4223708058,4223708058,Xiaomi Electric Scooter 5 Pro Black,xiaomi,449.99,,,,Black,,,,Life style,Outdoors,Scooters,,,,,https://i05.appmifile.com/916_item_uk/19/05/2025/4cf54ad5bad6c8a03e96219091ffec6e.png,https://i05.appmifile.com/965_item_uk/19/05/2025/2c7eae7cc12d626768e9eeb8cd8080af.png,https://i05.appmifile.com/562_item_uk/19/05/2025/7b9b55bc7a94280d67ecdafbfd79c1b7.png,https://i05.appmifile.com/961_item_uk/19/05/2025/17b8b637bd2b5f57bdfa7ec70ba88433.png,https://i05.appmifile.com/15_item_uk/19/05/2025/dd3d32c19637e196398f8c849d74a2e2.png,"View the Xiaomi Electric Scooter 5 Pro specs at Xiaomi UK. Featuring 120kg load capacity, 60 km range, dual suspension, and IPX5-rated splash protection.",,3,5.0,,,,,,£449.99,449.99,specification,User manual,Xiaomi Electric Scooter 5 Pro,specification,Important information,Working temperature,specification,Braking,"120kg dynamic load: The scooter was tested on real roads for 3,000km by a tester weighing 120kg. Inspection requirements and standards: The whole vehicle has no functional damage, and structural and plastic parts have no cracks or breakages. Data comes from the manufacturer.",specification,Wide tubeless tires,Xiaomi Electric Scooter 5 Pro,specification,1000W,Xiaomi Electric Scooter 5 Pro,specification,Xiaomi Electric Scooter 5 Pro,Intelligent energy recovery system for a brand-new riding experience,specification,"Go further, ride smoother",W,specification,Approx. 22%,0℃–40℃,specification,Upgraded larger deck for a more comfortable ride,1000,specification,Charging temperature,Storage temperature,specification,-20–45℃,2A Max.,specification,Xiaomi Electric Scooter 5 Pro,Xiaomi Electric Scooter 5 Pro,specification,T2336-BD4A,70W,specification,Product name,The drum brake for the front wheel and E-ABS for the rear wheel work together to shorten the braking distance and enhance safety.,specification,Xiaomi Electric Scooter 5 Pro,Xiaomi Electric Scooter 5 Pro,specification,Xiaomi Electric Scooter 5 Pro,Xiaomi Electric Scooter 5 Pro,,,,,,,,,,,,
xiaomi,2025-09-27,https://ams-go.buy.mi.com/uk/v2/item/productdetail?from=pc&tag=redmi-watch-5,https://www.mi.com/uk/product/redmi-watch-5/buy/?gid=4223707644,4223707644,REDMI Watch 5 Obsidian Black,xiaomi,74.99,89.99,Y,save £15,Obsidian Black,,,,Wearables,Smart Watches,Watch,,,,,https://i05.appmifile.com/589_item_uk/10/01/2025/e7e4182b2d5a8e0501369b1e89434767.png,https://i05.appmifile.com/369_item_uk/10/01/2025/f7499d2e20cbcdb416a76f70966df27e.png,https://i05.appmifile.com/959_item_uk/10/01/2025/70a1c61a48a5b3c715cbabf64a49c5bb.png,https://i05.appmifile.com/79_item_uk/10/01/2025/04f64babe4ab683d8fdd24035afc9218.png,https://i05.appmifile.com/432_item_uk/10/01/2025/c64055b5060f66b16adaef33f0767493.png,"Ready to upgrade your wrist game? Discover the Redmi Watch 5 specs in Obsidian Black, Silver Gray & Lavender Purple!",,39,5.0,,,,Y,,£74.99,74.99,specification,Silver,All-day scientific sleep monitoring,specification,Battery,Featuring a sandblasted and diamond-cut finish and a precisely ground stainless-steel crown for delicate control and premium quality in every detail.,specification,Local available storage: 164MB,Redmi Watch 5,specification,Redmi Watch 5,Redmi Watch 5,specification,Assess your current vitality state.,Redmi Watch 5,specification,150+ sports modes,Microphone: 2 mics,specification,Professional water resistance,"Comes with an Obsidian Black, Silver Gray, or Lavender Purple TPU strap as standard. Other straps must be purchased separately.",specification,Directional sound pickup,Redmi Watch 5,specification,Refreshing style,Display,specification,"With over 20 distinct vibration patterns, you can enjoy a more intuitive experience with haptic feedback from the linear motor.",Redmi Watch 5,specification,Supports 10 running courses to provide more scientific running guidance for exercise duration and heart rate range.,Redmi Watch 5,specification,Breathing exercises,See specs,specification,Khaki Brown,Berry Red,specification,Redmi Watch 5,47.5mm × 41.1mm × 11.3mm,specification,Recorder,Health,specification,For crystal-clear calls,Redmi Watch 5,specification,New watch faces,Silver Gray,specification,"See more, do more",Battery life data is based on typical usage mode and was tested by Xiaomi Internal Labs. Actual results may vary.,specification,Convenience,"Running courses: Basic run/walk, Advanced run/walk, Basic jog, Fat burn run (Basic), Fat burn run (Advanced), MIIT, Endurance run (Basic), Endurance run (Advanced), Interval run (Basic) and Interval run (Advanced).",,,
xiaomi,2025-09-27,https://ams-go.buy.mi.com/uk/v2/item/productdetail?from=pc&tag=redmi-watch-5,https://www.mi.com/uk/product/redmi-watch-5/buy/?gid=4223707416,4223707416,REDMI Watch 5 Lavender Purple,xiaomi,74.99,89.99,Y,save £15,Lavender Purple,,,,Wearables,Smart Watches,Watch,,,,,https://i05.appmifile.com/175_item_uk/06/01/2025/0544833b35cf2af2e4a1739e0adea242.png,https://i05.appmifile.com/50_item_uk/06/01/2025/75c2c1f976ab306fdec23d658a6b36c2.png,https://i05.appmifile.com/579_item_uk/06/01/2025/9cbde1af0ac98ae0671346c2fdd8366f.png,https://i05.appmifile.com/103_item_uk/06/01/2025/23d4d1babcadd9705487c1c965a3ffb3.png,https://i05.appmifile.com/15_item_uk/06/01/2025/0de528bf020e3e103856cd41f54540b2.png,"Ready to upgrade your wrist game? Discover the Redmi Watch 5 specs in Obsidian Black, Silver Gray & Lavender Purple!",,39,5.0,,,,Y,,£74.99,74.99,specification,Silver,All-day scientific sleep monitoring,specification,Battery,Featuring a sandblasted and diamond-cut finish and a precisely ground stainless-steel crown for delicate control and premium quality in every detail.,specification,Local available storage: 164MB,Redmi Watch 5,specification,Redmi Watch 5,Redmi Watch 5,specification,Assess your current vitality state.,Redmi Watch 5,specification,150+ sports modes,Microphone: 2 mics,specification,Professional water resistance,"Comes with an Obsidian Black, Silver Gray, or Lavender Purple TPU strap as standard. Other straps must be purchased separately.",specification,Directional sound pickup,Redmi Watch 5,specification,Refreshing style,Display,specification,"With over 20 distinct vibration patterns, you can enjoy a more intuitive experience with haptic feedback from the linear motor.",Redmi Watch 5,specification,Supports 10 running courses to provide more scientific running guidance for exercise duration and heart rate range.,Redmi Watch 5,specification,Breathing exercises,See specs,specification,Khaki Brown,Berry Red,specification,Redmi Watch 5,47.5mm × 41.1mm × 11.3mm,specification,Recorder,Health,specification,For crystal-clear calls,Redmi Watch 5,specification,New watch faces,Silver Gray,specification,"See more, do more",Battery life data is based on typical usage mode and was tested by Xiaomi Internal Labs. Actual results may vary.,specification,Convenience,"Running courses: Basic run/walk, Advanced run/walk, Basic jog, Fat burn run (Basic), Fat burn run (Advanced), MIIT, Endurance run (Basic), Endurance run (Advanced), Interval run (Basic) and Interval run (Advanced).",,,
xiaomi,2025-09-27,https://ams-go.buy.mi.com/uk/v2/item/productdetail?from=pc&tag=redmi-watch-5,https://www.mi.com/uk/product/redmi-watch-5/buy/?gid=4223707643,4223707643,REDMI Watch 5 Silver Gray,xiaomi,74.99,89.99,Y,save £15,Silver Gray,,,,Wearables,Smart Watches,Watch,,,,,https://i05.appmifile.com/359_item_uk/10/01/2025/80b5303e1843ae0e41bdbe47b06a6c05.png,https://i05.appmifile.com/435_item_uk/10/01/2025/2ce5178c3e5a098e3c4ecacfadbf79df.png,https://i05.appmifile.com/915_item_uk/10/01/2025/d25a4847021b8be195a9062a2beea501.png,https://i05.appmifile.com/263_item_uk/10/01/2025/360215b200ab98062ac4bfe4d3e56d1e.png,https://i05.appmifile.com/487_item_uk/10/01/2025/7a4eb710b782b2e7c7db1014c4923700.png,"Ready to upgrade your wrist game? Discover the Redmi Watch 5 specs in Obsidian Black, Silver Gray & Lavender Purple!",,39,5.0,,,,Y,,£74.99,74.99,specification,Silver,All-day scientific sleep monitoring,specification,Battery,Featuring a sandblasted and diamond-cut finish and a precisely ground stainless-steel crown for delicate control and premium quality in every detail.,specification,Local available storage: 164MB,Redmi Watch 5,specification,Redmi Watch 5,Redmi Watch 5,specification,Assess your current vitality state.,Redmi Watch 5,specification,150+ sports modes,Microphone: 2 mics,specification,Professional water resistance,"Comes with an Obsidian Black, Silver Gray, or Lavender Purple TPU strap as standard. Other straps must be purchased separately.",specification,Directional sound pickup,Redmi Watch 5,specification,Refreshing style,Display,specification,"With over 20 distinct vibration patterns, you can enjoy a more intuitive experience with haptic feedback from the linear motor.",Redmi Watch 5,specification,Supports 10 running courses to provide more scientific running guidance for exercise duration and heart rate range.,Redmi Watch 5,specification,Breathing exercises,See specs,specification,Khaki Brown,Berry Red,specification,Redmi Watch 5,47.5mm × 41.1mm × 11.3mm,specification,Recorder,Health,specification,For crystal-clear calls,Redmi Watch 5,specification,New watch faces,Silver Gray,specification,"See more, do more",Battery life data is based on typical usage mode and was tested by Xiaomi Internal Labs. Actual results may vary.,specification,Convenience,"Running courses: Basic run/walk, Advanced run/walk, Basic jog, Fat burn run (Basic), Fat burn run (Advanced), MIIT, Endurance run (Basic), Endurance run (Advanced), Interval run (Basic) and Interval run (Advanced).",,,
xiaomi,2025-09-27,https://ams-go.buy.mi.com/uk/v2/item/productdetail?from=pc&tag=redmi-buds-6-pro,https://www.mi.com/uk/product/redmi-buds-6-pro/buy/?gid=4223707415,4223707415,REDMI Buds 6 Pro Space Black,xiaomi,49.99,64.99,Y,save £15,Space Black,,,,Wearables,TWS Earphones,TWS Earphone,,,,,https://i05.appmifile.com/121_item_uk/04/07/2025/f5a52a4e8433443370a151eaa3e88865.png,https://i05.appmifile.com/25_item_uk/04/07/2025/bf9007ec4f2010337a9941604ee789e2.png,https://i05.appmifile.com/700_item_uk/04/07/2025/d444c3cdde1ad14af370387d9f84676d.png,https://i05.appmifile.com/107_item_uk/04/07/2025/ab8d95c06b6d58929b5f314ed9ca853c.png,,"View the Redmi Buds 6 Pro specs at Xiaomi UK. Featuring hi-res sound, 55 dB ANC, LDAC/Bluetooth 5.3, and 36 hrs battery life with charging case.",,50,4.9,,,,Y,,£49.99,49.99,specification,All-new battery indicator light strip,Wireless connection,specification,Redmi Buds 6 Pro,Good music deserves to be shared.,specification,"Total ANC refers to the measurable reduction of noise within the effective frequency range during typical usage scenarios. Redmi Buds 6 Pro achieves a noise cancellation level of 490.9, a 14.16% improvement compared with Redmi Buds 5 Pro, as certified by the National Institute of Metrology, China.",Adjustable noise cancellation levels,specification,Charging case x 1,Redmi Buds 6 Pro,specification,61.0548.2825.17mm,Glacier White,specification,Redmi Buds 6 Pro,Redmi Buds 6 Pro,specification,Notes:,36 hours,specification,Bluetooth®Low Energy / HFP / A2DP / AVRCP,Lavender Purple,specification,Noise cancellation frequency,Total ANC,specification,Colour,Battery capacity,specification,Earbud input parameters,Classic look,specification,Redmi Buds 6 Pro,Swipe to adjust volume,specification,Dimensions of charging case,Silky soft feel,specification,Weight of a single earbud,30.6mm21.4mm24.5mm,specification,Elevate every beat,About 36.1g,specification,Redmi Buds 6 Pro,Redmi Buds 6 Pro,specification,The case's proportions have been optimised for both a comfortable grip and an elegant appearance.,Hi-Res Audio Wireless,specification,Model,M2430E1,specification,Type-C Charging cable x 1,Charging,,,
xiaomi,2025-09-27,https://ams-go.buy.mi.com/uk/v2/item/productdetail?from=pc&tag=redmi-buds-6-pro,https://www.mi.com/uk/product/redmi-buds-6-pro/buy/?gid=4223707442,4223707442,REDMI Buds 6 Pro Glacier White,xiaomi,49.99,64.99,Y,save £15,Glacier White,,,,Wearables,TWS Earphones,TWS Earphone,,,,,https://i05.appmifile.com/74_item_uk/04/07/2025/3ef632c4200b08146f7ef8dc234a477d.png,https://i05.appmifile.com/162_item_uk/04/07/2025/b416d91dc5705258bc987b89f050a7e4.png,https://i05.appmifile.com/687_item_uk/04/07/2025/4ad82e8cf25ee6e5a5748294b74f71f8.png,https://i05.appmifile.com/440_item_uk/04/07/2025/779654d3f109fa36d6e3a3a1a4582c54.png,,"View the Redmi Buds 6 Pro specs at Xiaomi UK. Featuring hi-res sound, 55 dB ANC, LDAC/Bluetooth 5.3, and 36 hrs battery life with charging case.",,50,4.9,,,,Y,,£49.99,49.99,specification,All-new battery indicator light strip,Wireless connection,specification,Redmi Buds 6 Pro,Good music deserves to be shared.,specification,"Total ANC refers to the measurable reduction of noise within the effective frequency range during typical usage scenarios. Redmi Buds 6 Pro achieves a noise cancellation level of 490.9, a 14.16% improvement compared with Redmi Buds 5 Pro, as certified by the National Institute of Metrology, China.",Adjustable noise cancellation levels,specification,Charging case x 1,Redmi Buds 6 Pro,specification,61.0548.2825.17mm,Glacier White,specification,Redmi Buds 6 Pro,Redmi Buds 6 Pro,specification,Notes:,36 hours,specification,Bluetooth®Low Energy / HFP / A2DP / AVRCP,Lavender Purple,specification,Noise cancellation frequency,Total ANC,specification,Colour,Battery capacity,specification,Earbud input parameters,Classic look,specification,Redmi Buds 6 Pro,Swipe to adjust volume,specification,Dimensions of charging case,Silky soft feel,specification,Weight of a single earbud,30.6mm21.4mm24.5mm,specification,Elevate every beat,About 36.1g,specification,Redmi Buds 6 Pro,Redmi Buds 6 Pro,specification,The case's proportions have been optimised for both a comfortable grip and an elegant appearance.,Hi-Res Audio Wireless,specification,Model,M2430E1,specification,Type-C Charging cable x 1,Charging,,,
xiaomi,2025-09-27,https://ams-go.buy.mi.com/uk/v2/item/productdetail?from=pc&tag=redmi-buds-6-pro,https://www.mi.com/uk/product/redmi-buds-6-pro/buy/?gid=4223707636,4223707636,REDMI Buds 6 Pro Lavender Purple,xiaomi,49.99,64.99,Y,save £15,Lavender Purple,,,,Wearables,TWS Earphones,TWS Earphone,,,,,https://i05.appmifile.com/309_item_uk/04/07/2025/2bb69e445125ee9b807beb8cb7fbc40c.png,https://i05.appmifile.com/965_item_uk/04/07/2025/a56ffa21f7d35f78584f584ba51e2e86.png,https://i05.appmifile.com/726_item_uk/04/07/2025/4e35e6858ca7c8684266ef9483e93396.png,https://i05.appmifile.com/268_item_uk/04/07/2025/1c9a5bf7abde234cdccdc7d3c5ea22b8.png,,"View the Redmi Buds 6 Pro specs at Xiaomi UK. Featuring hi-res sound, 55 dB ANC, LDAC/Bluetooth 5.3, and 36 hrs battery life with charging case.",,50,4.9,,,,Y,,£49.99,49.99,specification,All-new battery indicator light strip,Wireless connection,specification,Redmi Buds 6 Pro,Good music deserves to be shared.,specification,"Total ANC refers to the measurable reduction of noise within the effective frequency range during typical usage scenarios. Redmi Buds 6 Pro achieves a noise cancellation level of 490.9, a 14.16% improvement compared with Redmi Buds 5 Pro, as certified by the National Institute of Metrology, China.",Adjustable noise cancellation levels,specification,Charging case x 1,Redmi Buds 6 Pro,specification,61.0548.2825.17mm,Glacier White,specification,Redmi Buds 6 Pro,Redmi Buds 6 Pro,specification,Notes:,36 hours,specification,Bluetooth®Low Energy / HFP / A2DP / AVRCP,Lavender Purple,specification,Noise cancellation frequency,Total ANC,specification,Colour,Battery capacity,specification,Earbud input parameters,Classic look,specification,Redmi Buds 6 Pro,Swipe to adjust volume,specification,Dimensions of charging case,Silky soft feel,specification,Weight of a single earbud,30.6mm21.4mm24.5mm,specification,Elevate every beat,About 36.1g,specification,Redmi Buds 6 Pro,Redmi Buds 6 Pro,specification,The case's proportions have been optimised for both a comfortable grip and an elegant appearance.,Hi-Res Audio Wireless,specification,Model,M2430E1,specification,Type-C Charging cable x 1,Charging,,,
xiaomi,2025-09-27,https://ams-go.buy.mi.com/uk/v2/item/productdetail?from=pc&tag=redmi-note-14-pro,https://www.mi.com/uk/product/redmi-note-14-pro/buy/?gid=4223710241,4223710241,REDMI Note 14 pro Sand Gold 12 GB + 512 GB,xiaomi,269,299,Y,save £30,Sand Gold,12 GB + 512 GB,,,Mobile,Phones,REDMI Series,,,,,https://i05.appmifile.com/631_item_uk/10/06/2025/e3ac84851a24a6f846d1c16f1a9274b1.png,https://i05.appmifile.com/592_item_uk/03/07/2025/c1aac3c4c69574205b52f7755ee08ef2.jpg,https://i05.appmifile.com/417_item_uk/10/06/2025/b92419e4cc3e202512e14fccdf7776ae.png,,,"Check full Redmi Note 14 Pro smartphone specs at Xiaomi UK. Includes 200MP camera, AMOLED display, fast processor, battery capacity, and 5G connectivity.",,27,5.0,,,Y,Y,,£269,269,,,,,,,,,,,,,,,,,,,,,,,,,,,,,,,,,,,,,,,,,,,,,,,,,,,,,,,,,,,,
xiaomi,2025-09-27,https://ams-go.buy.mi.com/uk/v2/item/productdetail?from=pc&tag=redmi-note-14-pro,https://www.mi.com/uk/product/redmi-note-14-pro/buy/?gid=4223707407,4223707407,REDMI Note 14 pro Ocean Blue 8 GB + 256 GB,xiaomi,219,249,Y,save £30,Ocean Blue,8 GB + 256 GB,,,Mobile,Phones,REDMI Series,,,,,https://i05.appmifile.com/473_item_uk/06/01/2025/25c212e9ef19c602b4decb3ee9f4ea02.png,https://i05.appmifile.com/426_item_uk/03/07/2025/3e5506f8b7269e0ff0ceab7d77643bcb.jpg,https://i05.appmifile.com/776_item_uk/06/01/2025/0e845745a3fd04b9059c456e89e6eaa2.png,,,"Check full Redmi Note 14 Pro smartphone specs at Xiaomi UK. Includes 200MP camera, AMOLED display, fast processor, battery capacity, and 5G connectivity.",,27,5.0,,,Y,Y,,£219,219,,,,,,,,,,,,,,,,,,,,,,,,,,,,,,,,,,,,,,,,,,,,,,,,,,,,,,,,,,,,
xiaomi,2025-09-27,https://ams-go.buy.mi.com/uk/v2/item/productdetail?from=pc&tag=redmi-note-14-pro,https://www.mi.com/uk/product/redmi-note-14-pro/buy/?gid=4223707406,4223707406,REDMI Note 14 pro Aurora Purple 8 GB + 256 GB,xiaomi,219,249,Y,save £30,Aurora Purple,8 GB + 256 GB,,,Mobile,Phones,REDMI Series,,,,,https://i05.appmifile.com/663_item_uk/06/01/2025/88e3812486af72b50708b954d1239622.png,https://i05.appmifile.com/197_item_uk/03/07/2025/9c3beb780f2943c1108fab8d72fbc91f.jpg,https://i05.appmifile.com/905_item_uk/06/01/2025/88e8b4a3bef425504781644ab2de31c2.png,,,"Check full Redmi Note 14 Pro smartphone specs at Xiaomi UK. Includes 200MP camera, AMOLED display, fast processor, battery capacity, and 5G connectivity.",,27,5.0,,,Y,Y,,£219,219,,,,,,,,,,,,,,,,,,,,,,,,,,,,,,,,,,,,,,,,,,,,,,,,,,,,,,,,,,,,
xiaomi,2025-09-27,https://ams-go.buy.mi.com/uk/v2/item/productdetail?from=pc&tag=redmi-note-14-pro,https://www.mi.com/uk/product/redmi-note-14-pro/buy/?gid=4223707405,4223707405,REDMI Note 14 pro Midnight Black 8 GB + 256 GB,xiaomi,219,249,Y,save £30,Midnight Black,8 GB + 256 GB,,,Mobile,Phones,REDMI Series,,,,,https://i05.appmifile.com/677_item_uk/06/01/2025/349e85bbc1a1de0cfe0bb083cde08621.png,https://i05.appmifile.com/135_item_uk/03/07/2025/e0a0a16ebeec43babc88f3199ce1b064.jpg,https://i05.appmifile.com/722_item_uk/06/01/2025/8dd4dfbe8fcdcc16051f76900eb21c76.png,,,"Check full Redmi Note 14 Pro smartphone specs at Xiaomi UK. Includes 200MP camera, AMOLED display, fast processor, battery capacity, and 5G connectivity.",,27,5.0,,,Y,Y,,£219,219,,,,,,,,,,,,,,,,,,,,,,,,,,,,,,,,,,,,,,,,,,,,,,,,,,,,,,,,,,,,
xiaomi,2025-09-27,https://ams-go.buy.mi.com/uk/v2/item/productdetail?from=pc&tag=redmi-note-14-pro-plus-5g,https://www.mi.com/uk/product/redmi-note-14-pro-plus-5g/buy/?gid=4223707401,4223707401,REDMI Note 14 Pro+ 5G Frost Blue 8 GB + 256 GB,xiaomi,259,399,Y,save £140,Frost Blue,8 GB + 256 GB,,,Mobile,Phones,REDMI Series,,,,,https://i05.appmifile.com/993_item_uk/06/01/2025/80b55f94f6e733c9716b6fd07475d418.png,https://i05.appmifile.com/271_item_uk/03/07/2025/a820d06a1a0fe7cc91a2051bd501bf10.jpg,https://i05.appmifile.com/328_item_uk/06/01/2025/fdc291f70624fc1a49847678244e8234.png,,,"Check full Redmi Note 14 Pro+ 5G smartphone specs at Xiaomi UK. Includes 200MP camera, processor, AMOLED display, battery capacity, and fast charging support.",,94,4.9,,,,Y,,£259,259,specification,Redmi Note 14 Pro Plus 5g,Roller tests,specification,8MP ultra-wide camera,IP68,specification,"Sand Gold, Midnight Black, Frost Blue 8.75mm丨Lavender Purple 8.85mm",Redmi Note 14,specification,IP64,Redmi Note 14 Pro 5G,specification,Enjoy 3 months of Spotify Premium for free. Limited eligibility.,Compression tests,specification,Capture and record more of life's beauty and magical moments,Unsurpassed imaging excellence,specification,"The curvature of the screen matches the shape of your palm, enhancing the Redmi Note 14 Pro+ 5G's comfortable grip.",Redmi Note 14 Pro Plus 5g,specification,Redmi Note 14 Pro Plus 5g,Corning® Gorilla® Glass 7i,specification,"The 6.67"" flagship-level AMOLED display delivers magnificent colours and an immersive viewing experience.",Extensions connect Gemini to other Google apps and services you rely on.,specification,Precise and efficient AI experiences,Ultimate all-rounder,specification,5500mAh,Redmi Note 14 Pro Plus 5g,specification,at your fingertips,"Thanks to powerful hardware and in-depth tuning of algorithms, capturing beautiful moments has never been easier.",specification,Fits comfortably in your hand,Redmi Note 14 Pro,specification,Redmi Note 14 Pro Plus 5g,45W,specification,1.5K curved display,Redmi Note 14 Pro Plus 5g,specification,Up to 30 frames per shot,Redmi Note 14 Pro Plus 5g,specification,200MP,TÜV Rheinland Flicker Free Certified,specification,Redmi Note 14 Pro Plus 5g,FHD+ flat display,specification,Redmi Note 14 Pro Plus 5g,Enjoy a 24-month quality assurance,,,
xiaomi,2025-09-27,https://ams-go.buy.mi.com/uk/v2/item/productdetail?from=pc&tag=redmi-note-14-pro-plus-5g,https://www.mi.com/uk/product/redmi-note-14-pro-plus-5g/buy/?gid=4223707402,4223707402,REDMI Note 14 Pro+ 5G Frost Blue 12 GB + 512 GB,xiaomi,309,449,Y,save £140,Frost Blue,12 GB + 512 GB,,,Mobile,Phones,REDMI Series,,,,,https://i05.appmifile.com/993_item_uk/06/01/2025/80b55f94f6e733c9716b6fd07475d418.png,https://i05.appmifile.com/271_item_uk/03/07/2025/a820d06a1a0fe7cc91a2051bd501bf10.jpg,https://i05.appmifile.com/328_item_uk/06/01/2025/fdc291f70624fc1a49847678244e8234.png,,,"Check full Redmi Note 14 Pro+ 5G smartphone specs at Xiaomi UK. Includes 200MP camera, processor, AMOLED display, battery capacity, and fast charging support.",,94,4.9,,,,Y,,£309,309,specification,Redmi Note 14 Pro Plus 5g,Roller tests,specification,8MP ultra-wide camera,IP68,specification,"Sand Gold, Midnight Black, Frost Blue 8.75mm丨Lavender Purple 8.85mm",Redmi Note 14,specification,IP64,Redmi Note 14 Pro 5G,specification,Enjoy 3 months of Spotify Premium for free. Limited eligibility.,Compression tests,specification,Capture and record more of life's beauty and magical moments,Unsurpassed imaging excellence,specification,"The curvature of the screen matches the shape of your palm, enhancing the Redmi Note 14 Pro+ 5G's comfortable grip.",Redmi Note 14 Pro Plus 5g,specification,Redmi Note 14 Pro Plus 5g,Corning® Gorilla® Glass 7i,specification,"The 6.67"" flagship-level AMOLED display delivers magnificent colours and an immersive viewing experience.",Extensions connect Gemini to other Google apps and services you rely on.,specification,Precise and efficient AI experiences,Ultimate all-rounder,specification,5500mAh,Redmi Note 14 Pro Plus 5g,specification,at your fingertips,"Thanks to powerful hardware and in-depth tuning of algorithms, capturing beautiful moments has never been easier.",specification,Fits comfortably in your hand,Redmi Note 14 Pro,specification,Redmi Note 14 Pro Plus 5g,45W,specification,1.5K curved display,Redmi Note 14 Pro Plus 5g,specification,Up to 30 frames per shot,Redmi Note 14 Pro Plus 5g,specification,200MP,TÜV Rheinland Flicker Free Certified,specification,Redmi Note 14 Pro Plus 5g,FHD+ flat display,specification,Redmi Note 14 Pro Plus 5g,Enjoy a 24-month quality assurance,,,
xiaomi,2025-09-27,https://ams-go.buy.mi.com/uk/v2/item/productdetail?from=pc&tag=redmi-note-14-pro-plus-5g,https://www.mi.com/uk/product/redmi-note-14-pro-plus-5g/buy/?gid=4223707403,4223707403,REDMI Note 14 Pro+ 5G Lavender Purple 8 GB + 256 GB,xiaomi,259,399,Y,save £140,Lavender Purple,8 GB + 256 GB,,,Mobile,Phones,REDMI Series,,,,,https://i05.appmifile.com/935_item_uk/06/01/2025/9a859ad23c69161ff7f41a5d3f478640.png,https://i05.appmifile.com/775_item_uk/03/07/2025/293a2bf8cb2dd680cd761d6f3b50d30c.jpg,https://i05.appmifile.com/348_item_uk/06/01/2025/f489451dd23347b5828a62a5d2a5396c.png,,,"Check full Redmi Note 14 Pro+ 5G smartphone specs at Xiaomi UK. Includes 200MP camera, processor, AMOLED display, battery capacity, and fast charging support.",,94,4.9,,,,Y,,£259,259,specification,Redmi Note 14 Pro Plus 5g,Roller tests,specification,8MP ultra-wide camera,IP68,specification,"Sand Gold, Midnight Black, Frost Blue 8.75mm丨Lavender Purple 8.85mm",Redmi Note 14,specification,IP64,Redmi Note 14 Pro 5G,specification,Enjoy 3 months of Spotify Premium for free. Limited eligibility.,Compression tests,specification,Capture and record more of life's beauty and magical moments,Unsurpassed imaging excellence,specification,"The curvature of the screen matches the shape of your palm, enhancing the Redmi Note 14 Pro+ 5G's comfortable grip.",Redmi Note 14 Pro Plus 5g,specification,Redmi Note 14 Pro Plus 5g,Corning® Gorilla® Glass 7i,specification,"The 6.67"" flagship-level AMOLED display delivers magnificent colours and an immersive viewing experience.",Extensions connect Gemini to other Google apps and services you rely on.,specification,Precise and efficient AI experiences,Ultimate all-rounder,specification,5500mAh,Redmi Note 14 Pro Plus 5g,specification,at your fingertips,"Thanks to powerful hardware and in-depth tuning of algorithms, capturing beautiful moments has never been easier.",specification,Fits comfortably in your hand,Redmi Note 14 Pro,specification,Redmi Note 14 Pro Plus 5g,45W,specification,1.5K curved display,Redmi Note 14 Pro Plus 5g,specification,Up to 30 frames per shot,Redmi Note 14 Pro Plus 5g,specification,200MP,TÜV Rheinland Flicker Free Certified,specification,Redmi Note 14 Pro Plus 5g,FHD+ flat display,specification,Redmi Note 14 Pro Plus 5g,Enjoy a 24-month quality assurance,,,
xiaomi,2025-09-27,https://ams-go.buy.mi.com/uk/v2/item/productdetail?from=pc&tag=redmi-note-14-pro-plus-5g,https://www.mi.com/uk/product/redmi-note-14-pro-plus-5g/buy/?gid=4223707404,4223707404,REDMI Note 14 Pro+ 5G Lavender Purple 12 GB + 512 GB,xiaomi,309,449,Y,save £140,Lavender Purple,12 GB + 512 GB,,,Mobile,Phones,REDMI Series,,,,,https://i05.appmifile.com/935_item_uk/06/01/2025/9a859ad23c69161ff7f41a5d3f478640.png,https://i05.appmifile.com/775_item_uk/03/07/2025/293a2bf8cb2dd680cd761d6f3b50d30c.jpg,https://i05.appmifile.com/348_item_uk/06/01/2025/f489451dd23347b5828a62a5d2a5396c.png,,,"Check full Redmi Note 14 Pro+ 5G smartphone specs at Xiaomi UK. Includes 200MP camera, processor, AMOLED display, battery capacity, and fast charging support.",,94,4.9,,,,Y,,£309,309,specification,Redmi Note 14 Pro Plus 5g,Roller tests,specification,8MP ultra-wide camera,IP68,specification,"Sand Gold, Midnight Black, Frost Blue 8.75mm丨Lavender Purple 8.85mm",Redmi Note 14,specification,IP64,Redmi Note 14 Pro 5G,specification,Enjoy 3 months of Spotify Premium for free. Limited eligibility.,Compression tests,specification,Capture and record more of life's beauty and magical moments,Unsurpassed imaging excellence,specification,"The curvature of the screen matches the shape of your palm, enhancing the Redmi Note 14 Pro+ 5G's comfortable grip.",Redmi Note 14 Pro Plus 5g,specification,Redmi Note 14 Pro Plus 5g,Corning® Gorilla® Glass 7i,specification,"The 6.67"" flagship-level AMOLED display delivers magnificent colours and an immersive viewing experience.",Extensions connect Gemini to other Google apps and services you rely on.,specification,Precise and efficient AI experiences,Ultimate all-rounder,specification,5500mAh,Redmi Note 14 Pro Plus 5g,specification,at your fingertips,"Thanks to powerful hardware and in-depth tuning of algorithms, capturing beautiful moments has never been easier.",specification,Fits comfortably in your hand,Redmi Note 14 Pro,specification,Redmi Note 14 Pro Plus 5g,45W,specification,1.5K curved display,Redmi Note 14 Pro Plus 5g,specification,Up to 30 frames per shot,Redmi Note 14 Pro Plus 5g,specification,200MP,TÜV Rheinland Flicker Free Certified,specification,Redmi Note 14 Pro Plus 5g,FHD+ flat display,specification,Redmi Note 14 Pro Plus 5g,Enjoy a 24-month quality assurance,,,
xiaomi,2025-09-27,https://ams-go.buy.mi.com/uk/v2/item/productdetail?from=pc&tag=redmi-note-14-pro-plus-5g,https://www.mi.com/uk/product/redmi-note-14-pro-plus-5g/buy/?gid=4223709124,4223709124,REDMI Note 14 Pro+ 5G Sand Gold 12 GB + 512 GB,xiaomi,309,449,Y,save £140,Sand Gold,12 GB + 512 GB,,,Mobile,Phones,REDMI Series,,,,,https://i05.appmifile.com/146_item_uk/02/04/2025/e6dc7c067a263bc98715018db7829c21.png,https://i05.appmifile.com/902_item_uk/03/07/2025/887baad82a602db1422ae5cd3ea99f7f.jpg,https://i05.appmifile.com/597_item_uk/02/04/2025/ab69247b96ea57a624520bf202d678c5.png,,,"Check full Redmi Note 14 Pro+ 5G smartphone specs at Xiaomi UK. Includes 200MP camera, processor, AMOLED display, battery capacity, and fast charging support.",,94,4.9,,,Y,Y,,£309,309,specification,Redmi Note 14 Pro Plus 5g,Roller tests,specification,8MP ultra-wide camera,IP68,specification,"Sand Gold, Midnight Black, Frost Blue 8.75mm丨Lavender Purple 8.85mm",Redmi Note 14,specification,IP64,Redmi Note 14 Pro 5G,specification,Enjoy 3 months of Spotify Premium for free. Limited eligibility.,Compression tests,specification,Capture and record more of life's beauty and magical moments,Unsurpassed imaging excellence,specification,"The curvature of the screen matches the shape of your palm, enhancing the Redmi Note 14 Pro+ 5G's comfortable grip.",Redmi Note 14 Pro Plus 5g,specification,Redmi Note 14 Pro Plus 5g,Corning® Gorilla® Glass 7i,specification,"The 6.67"" flagship-level AMOLED display delivers magnificent colours and an immersive viewing experience.",Extensions connect Gemini to other Google apps and services you rely on.,specification,Precise and efficient AI experiences,Ultimate all-rounder,specification,5500mAh,Redmi Note 14 Pro Plus 5g,specification,at your fingertips,"Thanks to powerful hardware and in-depth tuning of algorithms, capturing beautiful moments has never been easier.",specification,Fits comfortably in your hand,Redmi Note 14 Pro,specification,Redmi Note 14 Pro Plus 5g,45W,specification,1.5K curved display,Redmi Note 14 Pro Plus 5g,specification,Up to 30 frames per shot,Redmi Note 14 Pro Plus 5g,specification,200MP,TÜV Rheinland Flicker Free Certified,specification,Redmi Note 14 Pro Plus 5g,FHD+ flat display,specification,Redmi Note 14 Pro Plus 5g,Enjoy a 24-month quality assurance,,,
xiaomi,2025-09-27,https://ams-go.buy.mi.com/uk/v2/item/productdetail?from=pc&tag=redmi-note-14-pro-plus-5g,https://www.mi.com/uk/product/redmi-note-14-pro-plus-5g/buy/?gid=4223707399,4223707399,REDMI Note 14 Pro+ 5G Midnight Black 8 GB + 256 GB,xiaomi,259,399,Y,save £140,Midnight Black,8 GB + 256 GB,,,Mobile,Phones,REDMI Series,,,,,https://i05.appmifile.com/741_item_uk/06/01/2025/09b55668d04e99a43b042893aa3b53f2.png,https://i05.appmifile.com/527_item_uk/03/07/2025/384ec770db3bebe906cbb64aae47e69f.jpg,https://i05.appmifile.com/613_item_uk/06/01/2025/54f7f8114d5e42e001409ed54d3f3b1e.png,,,"Check full Redmi Note 14 Pro+ 5G smartphone specs at Xiaomi UK. Includes 200MP camera, processor, AMOLED display, battery capacity, and fast charging support.",,94,4.9,,,Y,Y,,£259,259,specification,Redmi Note 14 Pro Plus 5g,Roller tests,specification,8MP ultra-wide camera,IP68,specification,"Sand Gold, Midnight Black, Frost Blue 8.75mm丨Lavender Purple 8.85mm",Redmi Note 14,specification,IP64,Redmi Note 14 Pro 5G,specification,Enjoy 3 months of Spotify Premium for free. Limited eligibility.,Compression tests,specification,Capture and record more of life's beauty and magical moments,Unsurpassed imaging excellence,specification,"The curvature of the screen matches the shape of your palm, enhancing the Redmi Note 14 Pro+ 5G's comfortable grip.",Redmi Note 14 Pro Plus 5g,specification,Redmi Note 14 Pro Plus 5g,Corning® Gorilla® Glass 7i,specification,"The 6.67"" flagship-level AMOLED display delivers magnificent colours and an immersive viewing experience.",Extensions connect Gemini to other Google apps and services you rely on.,specification,Precise and efficient AI experiences,Ultimate all-rounder,specification,5500mAh,Redmi Note 14 Pro Plus 5g,specification,at your fingertips,"Thanks to powerful hardware and in-depth tuning of algorithms, capturing beautiful moments has never been easier.",specification,Fits comfortably in your hand,Redmi Note 14 Pro,specification,Redmi Note 14 Pro Plus 5g,45W,specification,1.5K curved display,Redmi Note 14 Pro Plus 5g,specification,Up to 30 frames per shot,Redmi Note 14 Pro Plus 5g,specification,200MP,TÜV Rheinland Flicker Free Certified,specification,Redmi Note 14 Pro Plus 5g,FHD+ flat display,specification,Redmi Note 14 Pro Plus 5g,Enjoy a 24-month quality assurance,,,
xiaomi,2025-09-27,https://ams-go.buy.mi.com/uk/v2/item/productdetail?from=pc&tag=redmi-note-14-pro-plus-5g,https://www.mi.com/uk/product/redmi-note-14-pro-plus-5g/buy/?gid=4223707400,4223707400,REDMI Note 14 Pro+ 5G Midnight Black 12 GB + 512 GB,xiaomi,309,449,Y,save £140,Midnight Black,12 GB + 512 GB,,,Mobile,Phones,REDMI Series,,,,,https://i05.appmifile.com/741_item_uk/06/01/2025/09b55668d04e99a43b042893aa3b53f2.png,https://i05.appmifile.com/527_item_uk/03/07/2025/384ec770db3bebe906cbb64aae47e69f.jpg,https://i05.appmifile.com/613_item_uk/06/01/2025/54f7f8114d5e42e001409ed54d3f3b1e.png,,,"Check full Redmi Note 14 Pro+ 5G smartphone specs at Xiaomi UK. Includes 200MP camera, processor, AMOLED display, battery capacity, and fast charging support.",,94,4.9,,,Y,Y,,£309,309,specification,Redmi Note 14 Pro Plus 5g,Roller tests,specification,8MP ultra-wide camera,IP68,specification,"Sand Gold, Midnight Black, Frost Blue 8.75mm丨Lavender Purple 8.85mm",Redmi Note 14,specification,IP64,Redmi Note 14 Pro 5G,specification,Enjoy 3 months of Spotify Premium for free. Limited eligibility.,Compression tests,specification,Capture and record more of life's beauty and magical moments,Unsurpassed imaging excellence,specification,"The curvature of the screen matches the shape of your palm, enhancing the Redmi Note 14 Pro+ 5G's comfortable grip.",Redmi Note 14 Pro Plus 5g,specification,Redmi Note 14 Pro Plus 5g,Corning® Gorilla® Glass 7i,specification,"The 6.67"" flagship-level AMOLED display delivers magnificent colours and an immersive viewing experience.",Extensions connect Gemini to other Google apps and services you rely on.,specification,Precise and efficient AI experiences,Ultimate all-rounder,specification,5500mAh,Redmi Note 14 Pro Plus 5g,specification,at your fingertips,"Thanks to powerful hardware and in-depth tuning of algorithms, capturing beautiful moments has never been easier.",specification,Fits comfortably in your hand,Redmi Note 14 Pro,specification,Redmi Note 14 Pro Plus 5g,45W,specification,1.5K curved display,Redmi Note 14 Pro Plus 5g,specification,Up to 30 frames per shot,Redmi Note 14 Pro Plus 5g,specification,200MP,TÜV Rheinland Flicker Free Certified,specification,Redmi Note 14 Pro Plus 5g,FHD+ flat display,specification,Redmi Note 14 Pro Plus 5g,Enjoy a 24-month quality assurance,,,
xiaomi,2025-09-27,https://ams-go.buy.mi.com/uk/v2/item/productdetail?from=pc&tag=redmi-note-14-pro-5g,https://www.mi.com/uk/product/redmi-note-14-pro-5g/buy/?gid=4223707395,4223707395,REDMI Note 14 Pro 5G Lavender Purple 8 GB + 256 GB,xiaomi,219,299,Y,save £80,Lavender Purple,8 GB + 256 GB,,,Mobile,Phones,REDMI Series,,,,,https://i05.appmifile.com/481_item_uk/06/01/2025/4567bfdb92c367a0a1af3845579ff954.png,https://i05.appmifile.com/924_item_uk/03/07/2025/e45b07bceeb5841d307afc9e04861939.jpg,https://i05.appmifile.com/561_item_uk/06/01/2025/42447de384c84d5a621cadaaf76ed1e2.png,,,"Explore the Redmi Note 14 Pro 5G in the UK at Xiaomi. Features a 6.67” AMOLED display, Dimensity 7300, 5110mAh battery with 45W charging, and 200MP camera.",,64,4.8,,,,Y,,£219,219,,,,,,,,,,,,,,,,,,,,,,,,,,,,,,,,,,,,,,,,,,,,,,,,,,,,,,,,,,,,
xiaomi,2025-09-27,https://ams-go.buy.mi.com/uk/v2/item/productdetail?from=pc&tag=redmi-note-14-pro-5g,https://www.mi.com/uk/product/redmi-note-14-pro-5g/buy/?gid=4223707396,4223707396,REDMI Note 14 Pro 5G Lavender Purple 12 GB + 512 GB,xiaomi,259,349,Y,save £90,Lavender Purple,12 GB + 512 GB,,,Mobile,Phones,REDMI Series,,,,,https://i05.appmifile.com/481_item_uk/06/01/2025/4567bfdb92c367a0a1af3845579ff954.png,https://i05.appmifile.com/924_item_uk/03/07/2025/e45b07bceeb5841d307afc9e04861939.jpg,https://i05.appmifile.com/561_item_uk/06/01/2025/42447de384c84d5a621cadaaf76ed1e2.png,,,"Explore the Redmi Note 14 Pro 5G in the UK at Xiaomi. Features a 6.67” AMOLED display, Dimensity 7300, 5110mAh battery with 45W charging, and 200MP camera.",,64,4.8,,,,Y,,£259,259,,,,,,,,,,,,,,,,,,,,,,,,,,,,,,,,,,,,,,,,,,,,,,,,,,,,,,,,,,,,
xiaomi,2025-09-27,https://ams-go.buy.mi.com/uk/v2/item/productdetail?from=pc&tag=redmi-note-14-pro-5g,https://www.mi.com/uk/product/redmi-note-14-pro-5g/buy/?gid=4223707397,4223707397,REDMI Note 14 Pro 5G Coral Green 8 GB + 256 GB,xiaomi,219,299,Y,save £80,Coral Green,8 GB + 256 GB,,,Mobile,Phones,REDMI Series,,,,,https://i05.appmifile.com/45_item_uk/06/01/2025/b7cbccea80e01734d20260e2dae58c6c.png,https://i05.appmifile.com/991_item_uk/03/07/2025/6a673b10d7ed984828b608b43acf9c0e.jpg,https://i05.appmifile.com/71_item_uk/06/01/2025/3b5dc2114876c7bd8956acf020337e09.png,,,"Explore the Redmi Note 14 Pro 5G in the UK at Xiaomi. Features a 6.67” AMOLED display, Dimensity 7300, 5110mAh battery with 45W charging, and 200MP camera.",,64,4.8,,,,Y,,£219,219,,,,,,,,,,,,,,,,,,,,,,,,,,,,,,,,,,,,,,,,,,,,,,,,,,,,,,,,,,,,
xiaomi,2025-09-27,https://ams-go.buy.mi.com/uk/v2/item/productdetail?from=pc&tag=redmi-note-14-pro-5g,https://www.mi.com/uk/product/redmi-note-14-pro-5g/buy/?gid=4223707398,4223707398,REDMI Note 14 Pro 5G Coral Green 12 GB + 512 GB,xiaomi,259,349,Y,save £90,Coral Green,12 GB + 512 GB,,,Mobile,Phones,REDMI Series,,,,,https://i05.appmifile.com/45_item_uk/06/01/2025/b7cbccea80e01734d20260e2dae58c6c.png,https://i05.appmifile.com/991_item_uk/03/07/2025/6a673b10d7ed984828b608b43acf9c0e.jpg,https://i05.appmifile.com/71_item_uk/06/01/2025/3b5dc2114876c7bd8956acf020337e09.png,,,"Explore the Redmi Note 14 Pro 5G in the UK at Xiaomi. Features a 6.67” AMOLED display, Dimensity 7300, 5110mAh battery with 45W charging, and 200MP camera.",,64,4.8,,,Y,Y,,£259,259,,,,,,,,,,,,,,,,,,,,,,,,,,,,,,,,,,,,,,,,,,,,,,,,,,,,,,,,,,,,
xiaomi,2025-09-27,https://ams-go.buy.mi.com/uk/v2/item/productdetail?from=pc&tag=redmi-note-14-pro-5g,https://www.mi.com/uk/product/redmi-note-14-pro-5g/buy/?gid=4223710245,4223710245,REDMI Note 14 Pro 5G Sand Gold 12 GB + 512 GB,xiaomi,259,349,Y,save £90,Sand Gold,12 GB + 512 GB,,,Mobile,Phones,REDMI Series,,,,,https://i05.appmifile.com/604_item_uk/10/06/2025/1b9dfa2f6c473f283c0f2799db962cf3.png,https://i05.appmifile.com/692_item_uk/03/07/2025/14e917023b4c899f737b3ab3587cdced.jpg,https://i05.appmifile.com/413_item_uk/10/06/2025/502d12da77312778acb1107bb70c7307.png,,,"Explore the Redmi Note 14 Pro 5G in the UK at Xiaomi. Features a 6.67” AMOLED display, Dimensity 7300, 5110mAh battery with 45W charging, and 200MP camera.",,64,4.8,,,Y,Y,,£259,259,,,,,,,,,,,,,,,,,,,,,,,,,,,,,,,,,,,,,,,,,,,,,,,,,,,,,,,,,,,,
xiaomi,2025-09-27,https://ams-go.buy.mi.com/uk/v2/item/productdetail?from=pc&tag=redmi-note-14-pro-5g,https://www.mi.com/uk/product/redmi-note-14-pro-5g/buy/?gid=4223707393,4223707393,REDMI Note 14 Pro 5G Midnight Black 8 GB + 256 GB,xiaomi,219,299,Y,save £80,Midnight Black,8 GB + 256 GB,,,Mobile,Phones,REDMI Series,,,,,https://i05.appmifile.com/545_item_uk/06/01/2025/61e1b45a76213f3bf66d90794c2f396f.png,https://i05.appmifile.com/11_item_uk/03/07/2025/7cdf9c0df7cb80b1bea35c4d2fc614bf.jpg,https://i05.appmifile.com/569_item_uk/06/01/2025/f9760f72cf321cae7d49b4e92b8b8e7e.png,,,"Explore the Redmi Note 14 Pro 5G in the UK at Xiaomi. Features a 6.67” AMOLED display, Dimensity 7300, 5110mAh battery with 45W charging, and 200MP camera.",,64,4.8,,,Y,Y,,£219,219,,,,,,,,,,,,,,,,,,,,,,,,,,,,,,,,,,,,,,,,,,,,,,,,,,,,,,,,,,,,
xiaomi,2025-09-27,https://ams-go.buy.mi.com/uk/v2/item/productdetail?from=pc&tag=redmi-note-14-pro-5g,https://www.mi.com/uk/product/redmi-note-14-pro-5g/buy/?gid=4223707394,4223707394,REDMI Note 14 Pro 5G Midnight Black 12 GB + 512 GB,xiaomi,259,349,Y,save £90,Midnight Black,12 GB + 512 GB,,,Mobile,Phones,REDMI Series,,,,,https://i05.appmifile.com/545_item_uk/06/01/2025/61e1b45a76213f3bf66d90794c2f396f.png,https://i05.appmifile.com/11_item_uk/03/07/2025/7cdf9c0df7cb80b1bea35c4d2fc614bf.jpg,https://i05.appmifile.com/569_item_uk/06/01/2025/f9760f72cf321cae7d49b4e92b8b8e7e.png,,,"Explore the Redmi Note 14 Pro 5G in the UK at Xiaomi. Features a 6.67” AMOLED display, Dimensity 7300, 5110mAh battery with 45W charging, and 200MP camera.",,64,4.8,,,Y,Y,,£259,259,,,,,,,,,,,,,,,,,,,,,,,,,,,,,,,,,,,,,,,,,,,,,,,,,,,,,,,,,,,,
xiaomi,2025-09-27,https://ams-go.buy.mi.com/uk/v2/item/productdetail?from=pc&tag=redmi-note-14,https://www.mi.com/uk/product/redmi-note-14/buy/?gid=4223707387,4223707387,REDMI Note 14 Ocean Blue 8 GB + 256 GB,xiaomi,139,229,Y,save £90,Ocean Blue,8 GB + 256 GB,,,Mobile,Phones,REDMI Series,,,,,https://i05.appmifile.com/590_item_uk/06/01/2025/ac9cafa6120adca7181475903bf0cb54.png,https://i05.appmifile.com/948_item_uk/06/01/2025/af44aa4c18d7a44ba1cee91f6900d307.png,,,,"Read the Redmi Note 14 reviews smartphone on Xiaomi UK. Find out how users rate the AI-Powered Triple camera, 120Hz 2400x1080 flat display and durable battery.",,95,5.0,,,,Y,,£139,139,,,,,,,,,,,,,,,,,,,,,,,,,,,,,,,,,,,,,,,,,,,,,,,,,,,,,,,,,,,,
xiaomi,2025-09-27,https://ams-go.buy.mi.com/uk/v2/item/productdetail?from=pc&tag=redmi-note-14,https://www.mi.com/uk/product/redmi-note-14/buy/?gid=4223707386,4223707386,REDMI Note 14 Midnight Black 6 GB + 128 GB,xiaomi,129,179,Y,save £50,Midnight Black,6 GB + 128 GB,,,Mobile,Phones,REDMI Series,,,,,https://i05.appmifile.com/721_item_uk/06/01/2025/6edcc54244186fcd4b24310d8a3d7ef3.png,https://i05.appmifile.com/429_item_uk/06/01/2025/03e6fc2a5146a0cd266decc749455acf.png,,,,"Read the Redmi Note 14 reviews smartphone on Xiaomi UK. Find out how users rate the AI-Powered Triple camera, 120Hz 2400x1080 flat display and durable battery.",,95,5.0,,,,Y,,£129,129,,,,,,,,,,,,,,,,,,,,,,,,,,,,,,,,,,,,,,,,,,,,,,,,,,,,,,,,,,,,
xiaomi,2025-09-27,https://ams-go.buy.mi.com/uk/v2/item/productdetail?from=pc&tag=redmi-note-14,https://www.mi.com/uk/product/redmi-note-14/buy/?gid=4223707390,4223707390,REDMI Note 14 Lime Green 6 GB + 128 GB,xiaomi,129,179,Y,save £50,Lime Green,6 GB + 128 GB,,,Mobile,Phones,REDMI Series,,,,,https://i05.appmifile.com/752_item_uk/06/01/2025/0670081519cb746dd1d30984ced80010.png,https://i05.appmifile.com/505_item_uk/06/01/2025/f6399eb1e407b2403fc8c7fe6dd9d92d.png,,,,"Read the Redmi Note 14 reviews smartphone on Xiaomi UK. Find out how users rate the AI-Powered Triple camera, 120Hz 2400x1080 flat display and durable battery.",,95,5.0,,,,Y,,£129,129,,,,,,,,,,,,,,,,,,,,,,,,,,,,,,,,,,,,,,,,,,,,,,,,,,,,,,,,,,,,
xiaomi,2025-09-27,https://ams-go.buy.mi.com/uk/v2/item/productdetail?from=pc&tag=redmi-note-14,https://www.mi.com/uk/product/redmi-note-14/buy/?gid=4223707388,4223707388,REDMI Note 14 Ocean Blue 6 GB + 128 GB,xiaomi,129,179,Y,save £50,Ocean Blue,6 GB + 128 GB,,,Mobile,Phones,REDMI Series,,,,,https://i05.appmifile.com/590_item_uk/06/01/2025/ac9cafa6120adca7181475903bf0cb54.png,https://i05.appmifile.com/948_item_uk/06/01/2025/af44aa4c18d7a44ba1cee91f6900d307.png,,,,"Read the Redmi Note 14 reviews smartphone on Xiaomi UK. Find out how users rate the AI-Powered Triple camera, 120Hz 2400x1080 flat display and durable battery.",,95,5.0,,,,Y,,£129,129,,,,,,,,,,,,,,,,,,,,,,,,,,,,,,,,,,,,,,,,,,,,,,,,,,,,,,,,,,,,
xiaomi,2025-09-27,https://ams-go.buy.mi.com/uk/v2/item/productdetail?from=pc&tag=redmi-note-14,https://www.mi.com/uk/product/redmi-note-14/buy/?gid=4223707389,4223707389,REDMI Note 14 Lime Green 8 GB + 256 GB,xiaomi,139,229,Y,save £90,Lime Green,8 GB + 256 GB,,,Mobile,Phones,REDMI Series,,,,,https://i05.appmifile.com/752_item_uk/06/01/2025/0670081519cb746dd1d30984ced80010.png,https://i05.appmifile.com/505_item_uk/06/01/2025/f6399eb1e407b2403fc8c7fe6dd9d92d.png,,,,"Read the Redmi Note 14 reviews smartphone on Xiaomi UK. Find out how users rate the AI-Powered Triple camera, 120Hz 2400x1080 flat display and durable battery.",,95,5.0,,,Y,Y,,£139,139,,,,,,,,,,,,,,,,,,,,,,,,,,,,,,,,,,,,,,,,,,,,,,,,,,,,,,,,,,,,
xiaomi,2025-09-27,https://ams-go.buy.mi.com/uk/v2/item/productdetail?from=pc&tag=redmi-note-14,https://www.mi.com/uk/product/redmi-note-14/buy/?gid=4223707385,4223707385,REDMI Note 14 Midnight Black 8 GB + 256 GB,xiaomi,139,229,Y,save £90,Midnight Black,8 GB + 256 GB,,,Mobile,Phones,REDMI Series,,,,,https://i05.appmifile.com/721_item_uk/06/01/2025/6edcc54244186fcd4b24310d8a3d7ef3.png,https://i05.appmifile.com/429_item_uk/06/01/2025/03e6fc2a5146a0cd266decc749455acf.png,,,,"Read the Redmi Note 14 reviews smartphone on Xiaomi UK. Find out how users rate the AI-Powered Triple camera, 120Hz 2400x1080 flat display and durable battery.",,95,5.0,,,Y,Y,,£139,139,,,,,,,,,,,,,,,,,,,,,,,,,,,,,,,,,,,,,,,,,,,,,,,,,,,,,,,,,,,,
xiaomi,2025-09-27,https://ams-go.buy.mi.com/uk/v2/item/productdetail?from=pc&tag=redmi-buds-6,https://www.mi.com/uk/product/redmi-buds-6/buy/?gid=4223707384,4223707384,REDMI Buds 6 Coral Green,xiaomi,32.99,34.99,Y,save £2,Coral Green,,,,Wearables,TWS Earphones,TWS Earphone,,,,,https://i05.appmifile.com/279_item_uk/06/01/2025/5056937259b7bfa9e3c0a2af2e5458ec.png,https://i05.appmifile.com/784_item_uk/06/01/2025/12045a3536d937a2791e5a454c402ac0.png,https://i05.appmifile.com/7_item_uk/06/01/2025/2a9bae82123b4e82631d8d6a5dd044d0.png,https://i05.appmifile.com/7_item_uk/06/01/2025/1bd86a6a29093c93175d8d6ad441064a.png,,"Explore the specs in 360° spatial sound, dual-driver design, 49dB noise cancellation & clear calls—even in windy weather!",,63,4.9,,,,Y,,£32.99,32.99,specification,Touch control settings are only available on the Xiaomi Earbuds app.,Charging case:,specification,61.01mm51.71mm24.80mm,Bluetooth® 5.4,specification,Up to 9m/s wind noise cancellation,Night Black,specification,S ear cap 2pcs,Colour,specification,Earbud input parameters,Deep noise cancellation,specification,Sound calibration curve test,"Supports switching between 3 different transparency modes, allowing you to remain aware of your surroundings even during conversations or while listening to music.",specification,Redmi Buds 6,Create a quiet space exclusively for you.,specification,Redmi Buds 6,Redmi Buds 6,specification,50%-75% power: 3 lights are on,Redmi Buds 6,specification,"Noise reduction depth is enabled through active noise cancellation technology, supporting a depth of up to 49dB. It can also reduce background noise by up to 99.6%. Test data is provided by the National Institute of Metrology, China. Actual results may vary depending on the size of a user's ears, buds selected, ear canal structure, how earbuds are worn, whether the user is chewing or exercising, etc.",Tailor to your preferences,specification,Redmi Buds 6,Redmi Buds 6,specification,Enjoy 2 months of ad-free music listening with Spotify Premium for free,49dB in-ear deep noise cancellation,specification,See specs,Bluetooth® Low Energy / HFP / A2DP / AVRCP,specification,L ear cap 2pcs,for various scenarios,specification,Redmi Buds 6,Redmi Buds 6 2pcs,specification,Charging,Coral Green,specification,Redmi Buds 6 immersive sound is a built-in algorithm and is not limited by phone model or brand. Please enable immersive sound in the Xiaomi Earbuds app. The app must be updated to the latest version.,Redmi Buds 6,specification,10 hours,Battery capacity,specification,Dimentions and weight,5V 150mA,,,
xiaomi,2025-09-27,https://ams-go.buy.mi.com/uk/v2/item/productdetail?from=pc&tag=redmi-buds-6,https://www.mi.com/uk/product/redmi-buds-6/buy/?gid=4223707382,4223707382,REDMI Buds 6 Black,xiaomi,32.99,34.99,Y,save £2,Black,,,,Wearables,TWS Earphones,TWS Earphone,,,,,https://i05.appmifile.com/699_item_uk/06/01/2025/21090e72e43b27205f7fb167d23cc9a2.png,https://i05.appmifile.com/413_item_uk/06/01/2025/41280198365df1d2464e21937841061c.png,https://i05.appmifile.com/957_item_uk/06/01/2025/71f9bca61bb8c244a0cc946966a8b46e.png,https://i05.appmifile.com/162_item_uk/06/01/2025/448b8cd52a98ce313dd3bd55501630ea.png,,"Explore the specs in 360° spatial sound, dual-driver design, 49dB noise cancellation & clear calls—even in windy weather!",,63,4.9,,,,Y,,£32.99,32.99,specification,Touch control settings are only available on the Xiaomi Earbuds app.,Charging case:,specification,61.01mm51.71mm24.80mm,Bluetooth® 5.4,specification,Up to 9m/s wind noise cancellation,Night Black,specification,S ear cap 2pcs,Colour,specification,Earbud input parameters,Deep noise cancellation,specification,Sound calibration curve test,"Supports switching between 3 different transparency modes, allowing you to remain aware of your surroundings even during conversations or while listening to music.",specification,Redmi Buds 6,Create a quiet space exclusively for you.,specification,Redmi Buds 6,Redmi Buds 6,specification,50%-75% power: 3 lights are on,Redmi Buds 6,specification,"Noise reduction depth is enabled through active noise cancellation technology, supporting a depth of up to 49dB. It can also reduce background noise by up to 99.6%. Test data is provided by the National Institute of Metrology, China. Actual results may vary depending on the size of a user's ears, buds selected, ear canal structure, how earbuds are worn, whether the user is chewing or exercising, etc.",Tailor to your preferences,specification,Redmi Buds 6,Redmi Buds 6,specification,Enjoy 2 months of ad-free music listening with Spotify Premium for free,49dB in-ear deep noise cancellation,specification,See specs,Bluetooth® Low Energy / HFP / A2DP / AVRCP,specification,L ear cap 2pcs,for various scenarios,specification,Redmi Buds 6,Redmi Buds 6 2pcs,specification,Charging,Coral Green,specification,Redmi Buds 6 immersive sound is a built-in algorithm and is not limited by phone model or brand. Please enable immersive sound in the Xiaomi Earbuds app. The app must be updated to the latest version.,Redmi Buds 6,specification,10 hours,Battery capacity,specification,Dimentions and weight,5V 150mA,,,
xiaomi,2025-09-27,https://ams-go.buy.mi.com/uk/v2/item/productdetail?from=pc&tag=redmi-buds-6,https://www.mi.com/uk/product/redmi-buds-6/buy/?gid=4223707383,4223707383,REDMI Buds 6 White,xiaomi,32.99,34.99,Y,save £2,White,,,,Wearables,TWS Earphones,TWS Earphone,,,,,https://i05.appmifile.com/841_item_uk/06/01/2025/74b29b44fc733efb62842bd1add1c7c0.png,https://i05.appmifile.com/210_item_uk/06/01/2025/4a1b73e98dc5cea8621c5bd818a8a45f.png,https://i05.appmifile.com/797_item_uk/06/01/2025/cf85411a72d055222f3c091f8f49a555.png,https://i05.appmifile.com/54_item_uk/06/01/2025/5ea9221a139b59497e77cb94e0c2af0c.png,,"Explore the specs in 360° spatial sound, dual-driver design, 49dB noise cancellation & clear calls—even in windy weather!",,63,4.9,,,,Y,,£32.99,32.99,specification,Touch control settings are only available on the Xiaomi Earbuds app.,Charging case:,specification,61.01mm51.71mm24.80mm,Bluetooth® 5.4,specification,Up to 9m/s wind noise cancellation,Night Black,specification,S ear cap 2pcs,Colour,specification,Earbud input parameters,Deep noise cancellation,specification,Sound calibration curve test,"Supports switching between 3 different transparency modes, allowing you to remain aware of your surroundings even during conversations or while listening to music.",specification,Redmi Buds 6,Create a quiet space exclusively for you.,specification,Redmi Buds 6,Redmi Buds 6,specification,50%-75% power: 3 lights are on,Redmi Buds 6,specification,"Noise reduction depth is enabled through active noise cancellation technology, supporting a depth of up to 49dB. It can also reduce background noise by up to 99.6%. Test data is provided by the National Institute of Metrology, China. Actual results may vary depending on the size of a user's ears, buds selected, ear canal structure, how earbuds are worn, whether the user is chewing or exercising, etc.",Tailor to your preferences,specification,Redmi Buds 6,Redmi Buds 6,specification,Enjoy 2 months of ad-free music listening with Spotify Premium for free,49dB in-ear deep noise cancellation,specification,See specs,Bluetooth® Low Energy / HFP / A2DP / AVRCP,specification,L ear cap 2pcs,for various scenarios,specification,Redmi Buds 6,Redmi Buds 6 2pcs,specification,Charging,Coral Green,specification,Redmi Buds 6 immersive sound is a built-in algorithm and is not limited by phone model or brand. Please enable immersive sound in the Xiaomi Earbuds app. The app must be updated to the latest version.,Redmi Buds 6,specification,10 hours,Battery capacity,specification,Dimentions and weight,5V 150mA,,,
xiaomi,2025-09-27,https://ams-go.buy.mi.com/uk/v2/item/productdetail?from=pc&tag=poco-x7-pro,https://www.mi.com/uk/product/poco-x7-pro/buy/?gid=4223707233,4223707233,POCO X7 Pro Green 12 GB + 512 GB,xiaomi,256,349,Y,save £93,Green,12 GB + 512 GB,,,Mobile,Phones,POCO Phones,POCO X Series,,,,https://i05.appmifile.com/772_item_uk/26/12/2024/372f8ef3f175c3f2b3a8b5389140ac23.png,https://i05.appmifile.com/678_item_uk/26/12/2024/b39bbaa943549894ed26ccc692a9962e.png,,,,"Explore the POCO X7 Pro in the UK at Xiaomi. Features a 6.67” 1.5K AMOLED display, Dimensity 8400, 6000mAh battery with 90W charging, and 50MP dual camera.",,130,5.0,,,,Y,,£256,256,,,,,,,,,,,,,,,,,,,,,,,,,,,,,,,,,,,,,,,,,,,,,,,,,,,,,,,,,,,,
xiaomi,2025-09-27,https://ams-go.buy.mi.com/uk/v2/item/productdetail?from=pc&tag=poco-x7-pro,https://www.mi.com/uk/product/poco-x7-pro/buy/?gid=4223707234,4223707234,POCO X7 Pro Green 8 GB + 256 GB,xiaomi,220,309,Y,save £89,Green,8 GB + 256 GB,,,Mobile,Phones,POCO Phones,POCO X Series,,,,https://i05.appmifile.com/772_item_uk/26/12/2024/372f8ef3f175c3f2b3a8b5389140ac23.png,https://i05.appmifile.com/678_item_uk/26/12/2024/b39bbaa943549894ed26ccc692a9962e.png,,,,"Explore the POCO X7 Pro in the UK at Xiaomi. Features a 6.67” 1.5K AMOLED display, Dimensity 8400, 6000mAh battery with 90W charging, and 50MP dual camera.",,130,5.0,,,,Y,,£220,220,,,,,,,,,,,,,,,,,,,,,,,,,,,,,,,,,,,,,,,,,,,,,,,,,,,,,,,,,,,,
xiaomi,2025-09-27,https://ams-go.buy.mi.com/uk/v2/item/productdetail?from=pc&tag=poco-x7-pro,https://www.mi.com/uk/product/poco-x7-pro/buy/?gid=4223707235,4223707235,POCO X7 Pro Yellow 12 GB + 512 GB,xiaomi,256,349,Y,save £93,Yellow,12 GB + 512 GB,,,Mobile,Phones,POCO Phones,POCO X Series,,,,https://i05.appmifile.com/801_item_uk/26/12/2024/c54b8c8cdeaadbe142340a2491d528e3.png,https://i05.appmifile.com/307_item_uk/26/12/2024/d6a2ff65d7d95027feebc396c3bf1c2a.png,,,,"Explore the POCO X7 Pro in the UK at Xiaomi. Features a 6.67” 1.5K AMOLED display, Dimensity 8400, 6000mAh battery with 90W charging, and 50MP dual camera.",,130,5.0,,,,Y,,£256,256,,,,,,,,,,,,,,,,,,,,,,,,,,,,,,,,,,,,,,,,,,,,,,,,,,,,,,,,,,,,
xiaomi,2025-09-27,https://ams-go.buy.mi.com/uk/v2/item/productdetail?from=pc&tag=poco-x7-pro,https://www.mi.com/uk/product/poco-x7-pro/buy/?gid=4223707236,4223707236,POCO X7 Pro Yellow 8 GB + 256 GB,xiaomi,220,309,Y,save £89,Yellow,8 GB + 256 GB,,,Mobile,Phones,POCO Phones,POCO X Series,,,,https://i05.appmifile.com/801_item_uk/26/12/2024/c54b8c8cdeaadbe142340a2491d528e3.png,https://i05.appmifile.com/307_item_uk/26/12/2024/d6a2ff65d7d95027feebc396c3bf1c2a.png,,,,"Explore the POCO X7 Pro in the UK at Xiaomi. Features a 6.67” 1.5K AMOLED display, Dimensity 8400, 6000mAh battery with 90W charging, and 50MP dual camera.",,130,5.0,,,,Y,,£220,220,,,,,,,,,,,,,,,,,,,,,,,,,,,,,,,,,,,,,,,,,,,,,,,,,,,,,,,,,,,,
xiaomi,2025-09-27,https://ams-go.buy.mi.com/uk/v2/item/productdetail?from=pc&tag=poco-x7-pro,https://www.mi.com/uk/product/poco-x7-pro/buy/?gid=4223707231,4223707231,POCO X7 Pro Black 12 GB + 512 GB,xiaomi,256,349,Y,save £93,Black,12 GB + 512 GB,,,Mobile,Phones,POCO Phones,POCO X Series,,,,https://i05.appmifile.com/191_item_uk/26/12/2024/1fbd8fb41d5ce0e1b9337eb3906d6e5f.png,https://i05.appmifile.com/459_item_uk/26/12/2024/470449cb709d63a546485f135e5c9169.png,,,,"Explore the POCO X7 Pro in the UK at Xiaomi. Features a 6.67” 1.5K AMOLED display, Dimensity 8400, 6000mAh battery with 90W charging, and 50MP dual camera.",,130,5.0,,,,Y,,£256,256,,,,,,,,,,,,,,,,,,,,,,,,,,,,,,,,,,,,,,,,,,,,,,,,,,,,,,,,,,,,
xiaomi,2025-09-27,https://ams-go.buy.mi.com/uk/v2/item/productdetail?from=pc&tag=poco-x7-pro,https://www.mi.com/uk/product/poco-x7-pro/buy/?gid=4223707232,4223707232,POCO X7 Pro Black 8 GB + 256 GB,xiaomi,220,309,Y,save £89,Black,8 GB + 256 GB,,,Mobile,Phones,POCO Phones,POCO X Series,,,,https://i05.appmifile.com/191_item_uk/26/12/2024/1fbd8fb41d5ce0e1b9337eb3906d6e5f.png,https://i05.appmifile.com/459_item_uk/26/12/2024/470449cb709d63a546485f135e5c9169.png,,,,"Explore the POCO X7 Pro in the UK at Xiaomi. Features a 6.67” 1.5K AMOLED display, Dimensity 8400, 6000mAh battery with 90W charging, and 50MP dual camera.",,130,5.0,,,,Y,,£220,220,,,,,,,,,,,,,,,,,,,,,,,,,,,,,,,,,,,,,,,,,,,,,,,,,,,,,,,,,,,,
xiaomi,2025-09-27,https://ams-go.buy.mi.com/uk/v2/item/productdetail?from=pc&tag=poco-x7,https://www.mi.com/uk/product/poco-x7/buy/?gid=4223707226,4223707226,POCO X7 Black 12 GB + 512 GB,xiaomi,196,299,Y,save £103,Black,12 GB + 512 GB,,,Mobile,Phones,POCO Phones,POCO X Series,,,,https://i05.appmifile.com/296_item_uk/26/12/2024/731fdcd0717a90cd4059e2cab0c792d5.png,https://i05.appmifile.com/738_item_uk/26/12/2024/68f5b97551109e2ade6df9b949dd34f2.png,//i05.appmifile.com/899_item_uk/26/12/2024/07be731b95ef1cde5299fccd5a2b1f82.png,,,"Explore the POCO X7 smartphone specs at Xiaomi UK. This phone features a 6.67″ 120 Hz AMOLED display, Dimensity 7300‑Ultra chip and 5110 mAh battery.",,46,4.9,,,,Y,,£196,196,,,,,,,,,,,,,,,,,,,,,,,,,,,,,,,,,,,,,,,,,,,,,,,,,,,,,,,,,,,,
xiaomi,2025-09-27,https://ams-go.buy.mi.com/uk/v2/item/productdetail?from=pc&tag=poco-x7,https://www.mi.com/uk/product/poco-x7/buy/?gid=4223707227,4223707227,POCO X7 Green 8 GB + 256 GB,xiaomi,175,249,Y,save £74,Green,8 GB + 256 GB,,,Mobile,Phones,POCO Phones,POCO X Series,,,,https://i05.appmifile.com/517_item_uk/26/12/2024/3a70011c23470d7c0aa763e1b16f651c.png,https://i05.appmifile.com/251_item_uk/26/12/2024/0beab0bf4cb9702f24813630006c6e37.png,//i05.appmifile.com/899_item_uk/26/12/2024/07be731b95ef1cde5299fccd5a2b1f82.png,,,"Explore the POCO X7 smartphone specs at Xiaomi UK. This phone features a 6.67″ 120 Hz AMOLED display, Dimensity 7300‑Ultra chip and 5110 mAh battery.",,46,4.9,,,,Y,,£175,175,,,,,,,,,,,,,,,,,,,,,,,,,,,,,,,,,,,,,,,,,,,,,,,,,,,,,,,,,,,,
xiaomi,2025-09-27,https://ams-go.buy.mi.com/uk/v2/item/productdetail?from=pc&tag=poco-x7,https://www.mi.com/uk/product/poco-x7/buy/?gid=4223707228,4223707228,POCO X7 Green 12 GB + 512 GB,xiaomi,196,299,Y,save £103,Green,12 GB + 512 GB,,,Mobile,Phones,POCO Phones,POCO X Series,,,,https://i05.appmifile.com/517_item_uk/26/12/2024/3a70011c23470d7c0aa763e1b16f651c.png,https://i05.appmifile.com/251_item_uk/26/12/2024/0beab0bf4cb9702f24813630006c6e37.png,//i05.appmifile.com/899_item_uk/26/12/2024/07be731b95ef1cde5299fccd5a2b1f82.png,,,"Explore the POCO X7 smartphone specs at Xiaomi UK. This phone features a 6.67″ 120 Hz AMOLED display, Dimensity 7300‑Ultra chip and 5110 mAh battery.",,46,4.9,,,,Y,,£196,196,,,,,,,,,,,,,,,,,,,,,,,,,,,,,,,,,,,,,,,,,,,,,,,,,,,,,,,,,,,,
xiaomi,2025-09-27,https://ams-go.buy.mi.com/uk/v2/item/productdetail?from=pc&tag=poco-x7,https://www.mi.com/uk/product/poco-x7/buy/?gid=4223707229,4223707229,POCO X7 Silvery 8 GB + 256 GB,xiaomi,175,249,Y,save £74,Silver,8 GB + 256 GB,,,Mobile,Phones,POCO Phones,POCO X Series,,,,https://i05.appmifile.com/935_item_uk/26/12/2024/d00f9509c4e750ec5a45ddca665cfc86.png,https://i05.appmifile.com/829_item_uk/26/12/2024/dc056d42f78726d1fb1b3d19b90483fc.png,//i05.appmifile.com/899_item_uk/26/12/2024/07be731b95ef1cde5299fccd5a2b1f82.png,,,"Explore the POCO X7 smartphone specs at Xiaomi UK. This phone features a 6.67″ 120 Hz AMOLED display, Dimensity 7300‑Ultra chip and 5110 mAh battery.",,46,4.9,,,,Y,,£175,175,,,,,,,,,,,,,,,,,,,,,,,,,,,,,,,,,,,,,,,,,,,,,,,,,,,,,,,,,,,,
xiaomi,2025-09-27,https://ams-go.buy.mi.com/uk/v2/item/productdetail?from=pc&tag=poco-x7,https://www.mi.com/uk/product/poco-x7/buy/?gid=4223707230,4223707230,POCO X7 Silvery 12 GB + 512 GB,xiaomi,196,299,Y,save £103,Silver,12 GB + 512 GB,,,Mobile,Phones,POCO Phones,POCO X Series,,,,https://i05.appmifile.com/935_item_uk/26/12/2024/d00f9509c4e750ec5a45ddca665cfc86.png,https://i05.appmifile.com/829_item_uk/26/12/2024/dc056d42f78726d1fb1b3d19b90483fc.png,//i05.appmifile.com/899_item_uk/26/12/2024/07be731b95ef1cde5299fccd5a2b1f82.png,,,"Explore the POCO X7 smartphone specs at Xiaomi UK. This phone features a 6.67″ 120 Hz AMOLED display, Dimensity 7300‑Ultra chip and 5110 mAh battery.",,46,4.9,,,,Y,,£196,196,,,,,,,,,,,,,,,,,,,,,,,,,,,,,,,,,,,,,,,,,,,,,,,,,,,,,,,,,,,,
xiaomi,2025-09-27,https://ams-go.buy.mi.com/uk/v2/item/productdetail?from=pc&tag=poco-x7,https://www.mi.com/uk/product/poco-x7/buy/?gid=4223707225,4223707225,POCO X7 Black 8 GB + 256 GB,xiaomi,175,249,Y,save £74,Black,8 GB + 256 GB,,,Mobile,Phones,POCO Phones,POCO X Series,,,,https://i05.appmifile.com/296_item_uk/26/12/2024/731fdcd0717a90cd4059e2cab0c792d5.png,https://i05.appmifile.com/738_item_uk/26/12/2024/68f5b97551109e2ade6df9b949dd34f2.png,//i05.appmifile.com/899_item_uk/26/12/2024/07be731b95ef1cde5299fccd5a2b1f82.png,,,"Explore the POCO X7 smartphone specs at Xiaomi UK. This phone features a 6.67″ 120 Hz AMOLED display, Dimensity 7300‑Ultra chip and 5110 mAh battery.",,46,4.9,,,,Y,,£175,175,,,,,,,,,,,,,,,,,,,,,,,,,,,,,,,,,,,,,,,,,,,,,,,,,,,,,,,,,,,,
xiaomi,2025-09-27,https://ams-go.buy.mi.com/uk/v2/item/productdetail?from=pc&tag=xiaomi-22-5-w-power-adapter,https://www.mi.com/uk/product/xiaomi-22-5-w-power-adapter/buy/?gid=4223706595,4223706595,Xiaomi 22.5W Power Adapter (Type-A),xiaomi,9.99,,,,,,,,Life style,Chargings,Power Adapters,,,,,https://i05.appmifile.com/930_item_uk/15/05/2025/dd10d98b19e3f93cfbf3decebda5bcbb.png,,,,,Xiaomi 22.5W Power Adapter (Type-A) Specs:,,11,5.0,,,,,,£9.99,9.99,specification,Xiaomi 22.5w Power Adapter,Xiaomi 22 5 W Power Adapter,specification,Multiple safety features,Xiaomi 22 5 W Power Adapter,specification,Xiaomi 22 5 W Power Adapter,Xiaomi 22 5 W Power Adapter,specification,Xiaomi 22 5 W Power Adapter,Xiaomi 22.5W Power Adapter (Type-A),specification,Please note that pictures shown on our website are for illustration purposes only and actual products may vary due to product enhancements or changes.,High-level flame-resistant materials,specification,Xiaomi 22 5 W Power Adapter,Electromagnetic field protection,specification,Xiaomi 22 5 W Power Adapter,Xiaomi 22 5 W Power Adapter,specification,Xiaomi 22 5 W Power Adapter,Xiaomi 22 5 W Power Adapter,,,,,,,,,,,,,,,,,,,,,,,,,,,,,,,,,,,,
xiaomi,2025-09-27,https://ams-go.buy.mi.com/uk/v2/item/productdetail?from=pc&tag=xiaomi-expandable-luggage,https://www.mi.com/uk/product/xiaomi-expandable-luggage/buy/?gid=4223706474,4223706474,"Xiaomi Expandable Luggage 20""  Blue 20 Inch",xiaomi,84.99,,,,Blue,20 Inch,,,Life style,Outdoors,Luggages,,,,,https://i05.appmifile.com/669_item_uk/06/12/2024/4e56e79dc77ee60b955e5217fc1b904c.png,https://i05.appmifile.com/254_item_uk/06/12/2024/9fbd5382807265a476d0977aa9ca9bda.png,https://i05.appmifile.com/244_item_uk/06/12/2024/d4c6358a0764d51e361af9fa21a01be2.png,//i05.appmifile.com/110_item_uk/06/12/2024/4b7f2d50b4efc720e89530cc01e57fa7.jpg,,"Xiaomi Expandable Luggage 20"" Specs: Large expanding compartment, Effortlessly increase capacity by 30%*, Large-diameter omnidirectional wheels",,,,,,,,,£84.99,84.99,specification,"Refined through years of industry experience, the luggage features an innovative shell and internal structure design, enhancing storage capacity and ensuring it can contain more than other similarly sized products.","‌Manoeuvrable, durable and quiet",,,,,,,,,,,,,,,,,,,,,,,,,,,,,,,,,,,,,,,,,,,,,,,,,,,,,,,,,
xiaomi,2025-09-27,https://ams-go.buy.mi.com/uk/v2/item/productdetail?from=pc&tag=xiaomi-2k-monitor-a27qi,https://www.mi.com/uk/product/xiaomi-2k-monitor-a27qi/buy/?gid=4223706457,4223706457,Xiaomi 2K Monitor A27Qi 27 Inch,xiaomi,119.99,,,,27 Inch,,,,Life style,Office,Monitors,,,,,https://i05.appmifile.com/828_item_uk/05/12/2024/2ba72d36872349eda4485ec1c935376a.png,https://i05.appmifile.com/483_item_uk/05/12/2024/e03f3aeb1ffb8cd4c3cad46ed0d5941a.png,https://i05.appmifile.com/726_item_uk/05/12/2024/20008364549409473fe471a1e9b1c81e.png,https://i05.appmifile.com/50_item_uk/05/12/2024/50bca3136bd781a57ba27d14cf17d42a.png,//i05.appmifile.com/895_item_uk/05/12/2024/015f8cca22ff1ff750cd3ff89f4db24b.jpg,"View the Xiaomi 2K Monitor A27Qi specs at Xiaomi UK. Enjoy a vibrant 27″ wide display with 2560×1440 resolution, 100 Hz refresh plus 6 ms response.",,4,5.0,,,,,,£119.99,119.99,specification,"With super-narrow bezels and a 90% screen-to-body ratio, it provides a distraction-free viewing experience to help you focus at work. You can connect multiple screens at once for a wider, more immersive visual experience.",Xiaomi 2k Monitor A27qi,specification,Multiple ports for endless possibilities,Clear viewing and gentle on the eyes,specification,Xiaomi 2k Monitor A27qi,Xiaomi 2K Monitor A27Qi,specification,Product net weight,100Hz,specification,Power input,DP port x1,specification,12V⎓3A,The wall mount bracket is not included with this product and needs to be purchased separately.,specification,High colour depth,Notes:,specification,6ms (GTG response time),Xiaomi 2k Monitor A27qi,specification,Wide colour gamut,Display monitor x1,specification,User manual x 1,"ΔE<2 professional colour standard: ΔE<2 is the average value. ΔE refers to the testing unit for colour differences perceived by the human eye in a uniform colour perception space. It can quantify colour reproduction to indicate the accuracy of the colour display. A smaller numerical value indicates less colour distortion. Each display goes through colour calibration on the production line in sRGB/DCI-P3. Colour gamut mode can be manually enabled by accessing the OSD menu, and choosing Picture Mode > Colour Space > sRGB/DCI-P3.",specification,16.7 million,P27QCA-RAGL,specification,Model,1000:1 (typical),specification,Immersive viewing,Xiaomi 2k Monitor A27qi,specification,Xiaomi 2k Monitor A27qi,16.7 million colours,specification,Xiaomi 2k Monitor A27qi,2K,specification,Power adaptor x1,Rated power,specification,Brightness,HDMI port x1,specification,Screw Kit x1,"This product supports a maximum resolution of 2560 x 1440 with a maximum refresh rate of 100Hz. For optimal performance, it is recommended to use the HDMI included with the product. If the display resolution and refresh rate cannot reach the optimal value when any other HDMI cable is used, please confirm with the supplier whether the HDMI cable and the signal source device support the highest resolution output.",specification,Operating temperature,sRGB,,,
xiaomi,2025-09-27,https://ams-go.buy.mi.com/uk/v2/item/productdetail?from=pc&tag=xiaomi-sport-water-bottle,https://www.mi.com/uk/product/xiaomi-sport-water-bottle/buy/?gid=4223706456,4223706456,Xiaomi Sport Water Bottle,xiaomi,19.99,,,,,,,,Life style,Health & Fitness,Water Bottle,,,,,https://i05.appmifile.com/832_item_uk/05/12/2024/c93864b9b451d41742a0490513891b86.png,https://i05.appmifile.com/246_item_uk/05/12/2024/96b2682f19714b29f412c839e0d75a0d.png,https://i05.appmifile.com/660_item_uk/05/12/2024/574222ef42e9a0873973030edb5252da.png,https://i05.appmifile.com/207_item_uk/05/12/2024/9b7be508000971a874b9d8948f065268.png,https://i05.appmifile.com/786_item_uk/05/12/2024/377121357c59ce14d0b6b448f11bc6a8.png,"Xiaomi Sport Water Bottle Specs: 1L large capacity, Safe materials, Baby-safe Tritan bottle",,6,4.8,,,,,,£19.99,19.99,specification,Product volume,See specs,specification,-10°C to +95°C,For easy monitoring,specification,Xiaomi Sport Water Bottle,96 x 84 x 227mm,specification,Separate tea strainer,Heat-resistant,specification,Xiaomi Sport Water Bottle,1L,specification,Xiaomi Sport Water Bottle,Impact resistance category,specification,Category B,Xiaomi Sport Water Bottle,specification,Sport bottle x1,Take large gulps,specification,Lid locks on closing to mitigate chances of accidental opening,Product dimensions,specification,Heat-resistance range: -10°C to +95°C. Data comes from Ningbo Customs District Technology Centre. Report numbers: NH2400001175 and NH2400001109.,Xiaomi Sport Water Bottle,specification,"The bottle body is made of maternal and infant-grade Tritan material which does not contain bisphenol A, is odourless, and is cold and heat-resistant.",Xiaomi Sport Water Bottle,specification,Automatic locking when lid is closed,Xiaomi Sport Water Bottle,specification,White,Product colour,specification,Durable and impact-resistant,Xiaomi Sport Water Bottle,specification,User manual x1,Xiaomi Sport Water Bottle,specification,Safe material for healthy hydration,Xiaomi Sport Water Bottle,specification,Stay refreshed when hitting the gym,Product name,specification,Keep your energy up when exercising outdoors,Hydrate and up your strength while cycling,specification,"Tritan explanation: Environmentally friendly infant milk bottle-grade material that does not produce or release bisphenol A during polymerisation and use. It is safe and reliable, resistant to high temperatures, impacts and corrosion, as well as boasting high transparency.",-10,,,
xiaomi,2025-09-27,https://ams-go.buy.mi.com/uk/v2/item/productdetail?from=pc&tag=xiaomi-portable-electric-air-compressor-2-pro,https://www.mi.com/uk/product/xiaomi-portable-electric-air-compressor-2-pro/buy/?gid=4223706455,4223706455,Xiaomi Portable Electric Air Compressor 2 Pro,xiaomi,59.99,,,,,,,,Life style,Outdoors,Air Compressors,,,,,https://i05.appmifile.com/603_item_uk/05/12/2024/363f196d3f75cc975c844715dab25ff0.png,https://i05.appmifile.com/862_item_uk/05/12/2024/222a9344fcd50d562df195fb298fe841.png,https://i05.appmifile.com/345_item_uk/05/12/2024/ff17c6ee89b8a4f8b1b6fe81f47b2450.png,https://i05.appmifile.com/803_item_uk/05/12/2024/28f11094cc1162aed4d31308011f00c4.png,https://i05.appmifile.com/937_item_uk/05/12/2024/4ed802f46b1f40dc7a1d5dcf3277e603.png,"Xiaomi Portable Electric Air Compressor 2 Pro Specs: Massive air volume, Rapid inflation in 45 seconds*, Long battery life",,6,5.0,,,,,,£59.99,59.99,specification,Xiaomi Portable Electric Air Compressor 2 Pro,Presta valve adaptor x1,specification,Xiaomi Portable Electric Air Compressor 2 Pro,Name,specification,Xiaomi Portable Electric Air Compressor 2 Pro x1,2.2,specification,Convenient in emergencies,Powerful inflation,specification,Rapid pressure increase in 45 seconds,Max. Pressure (PSI),specification,Use in a variety of scenarios,Charging time,specification,2500mAh,Approx. 2.5 tyres,specification,Product comparison,Xiaomi Portable Electric Air Compressor 2 Pro,specification,Adjustable range: 1.8–3.5 Bar,30 times,specification,Xiaomi Portable Electric Air Compressor 2 Pro,10.8V,specification,The high-capacity lithium battery can re-inflate approximately 16 car tyres on a full charge. Convenient for general use without frequent recharging.,7.2V,specification,Xiaomi Portable Electric Air Compressor 2 Pro,5V⎓3A,specification,Type-C charging cable x1,Accessories,specification,138 times,2.5 Bar by default,specification,27Wh,Massive air volume,specification,"Inflate a flat tyre in 3.5 minutes: When fully charged and in Car mode, the device can inflate a 205/55 R16 car tyre from 0 Bar to 2.5 Bar in 3.5 minutes (±10%).",Xiaomi Portable Electric Air Compressor 2 Pro,specification,Increase in inflation speed,Model,specification,Xiaomi Portable Electric Air Compressor 2 Pro,Xiaomi Portable Electric Air Compressor 2 Pro,specification,Re-inflate car tyres,Xiaomi Portable Electric Air Compressor 2 Pro,,,
xiaomi,2025-09-27,https://ams-go.buy.mi.com/uk/v2/item/productdetail?from=pc&tag=xiaomi-smart-projector-l1,https://www.mi.com/uk/product/xiaomi-smart-projector-l1/buy/?gid=4223706454,4223706454,Xiaomi Smart Projector L1,xiaomi,169.99,179.99,Y,save £10,,,,,Smart Home,TVs & HA,Projectors,,,,,https://i05.appmifile.com/140_item_uk/05/12/2024/1265d78d4d6f7d541f0d7ef90862f110.png,https://i05.appmifile.com/351_item_uk/05/12/2024/1f118d3d7bf643e522773a88de2e9185.png,https://i05.appmifile.com/545_item_uk/05/12/2024/074c2a22c00aa2d0bbbea632ca5f270c.png,https://i05.appmifile.com/106_item_uk/05/12/2024/e000857a9407da5f0f7169601fc72841.png,https://i05.appmifile.com/812_item_uk/05/12/2024/d95334a83e2643271dbd5e2047b45e3d.png,Xiaomi Smart Projector L1 Specs:,,8,4.9,,,,Y,,£169.99,169.99,,,,,,,,,,,,,,,,,,,,,,,,,,,,,,,,,,,,,,,,,,,,,,,,,,,,,,,,,,,,
xiaomi,2025-09-27,https://ams-go.buy.mi.com/uk/v2/item/productdetail?from=pc&tag=xiaomi-mesh-system-ax3000-ne,https://www.mi.com/uk/product/xiaomi-mesh-system-ax3000-ne/buy/?gid=4223705841,4223705841,Xiaomi Mesh System AX3000 NE(1 pack) 1-pack,xiaomi,34.99,39.99,Y,save £5,Xiaomi Mesh System AX3000 NE(1 pack),White,,,Life style,Office,Routers,,,,,https://i05.appmifile.com/779_item_uk/09/10/2024/0ad5ec8e1a79adad6bc9dab325dd1714.png,https://i05.appmifile.com/750_item_uk/09/10/2024/17cf1e3db1e4c9e1f8baadf09d59579a.png,https://i05.appmifile.com/6_item_uk/09/10/2024/2e4eec52ee9635c41fec0b455a3ee16b.png,https://i05.appmifile.com/916_item_uk/09/10/2024/fc10a010756404abbc0538f040c07e04.png,https://i05.appmifile.com/209_item_uk/09/10/2024/ef4607d2818aea4112338797b6796a12.png,"Xiaomi Mesh System AX3000 NE(1 pack) Specs: Whole-home Wi-Fi 6, Pre-arranged kit pairing, Xiaomi Mesh",,24,4.9,,,,Y,,£34.99,34.99,,,,,,,,,,,,,,,,,,,,,,,,,,,,,,,,,,,,,,,,,,,,,,,,,,,,,,,,,,,,
xiaomi,2025-09-27,https://ams-go.buy.mi.com/uk/v2/item/productdetail?from=pc&tag=xiaomi-magnetic-power-bank-6000mah,https://www.mi.com/uk/product/xiaomi-magnetic-power-bank-6000mah/buy/?gid=4223706452,4223706452,Xiaomi Magnetic Power Bank 6000mAh  Tan 6000mAh,xiaomi,39.99,,,,Tan,6000mAh,,,Life style,Chargings,Power Banks,,,,,https://i05.appmifile.com/237_item_uk/05/12/2024/3c572a013c2e7d47d1641078da6dfdf2.png,https://i05.appmifile.com/655_item_uk/05/12/2024/d0030782cd186caf3052b9bcd653c42d.png,https://i05.appmifile.com/685_item_uk/05/12/2024/55d5aeb0c02b8436fd97dc908b2d4905.png,https://i05.appmifile.com/852_item_uk/05/12/2024/3f1d87975315eced853596065bd642fa.png,//i05.appmifile.com/560_item_uk/04/12/2024/95437dcad14e714f4dd14f00184631c1.jpg,"Xiaomi Magnetic Power Bank 6000mAh Specs: 15W super-fast wireless charging, Charge and use simultaneously, Suitable for Apple devices that meet the latest Qi 2.0 standard",,2,5.0,,,,,,£39.99,39.99,specification,Xiaomi Magnetic Power Bank 6000mah,"Unless otherwise specified, all data above is measured by manufacturers and is subject to change or error due to objective factors (e.g. device software version, ambient temperature, and so on).",specification,Wired output,Xiaomi Magnetic Power Bank 6000mah,specification,Xiaomi Magnetic Power Bank 6000mah,Xiaomi Magnetic Power Bank 6000mah,specification,Xiaomi Magnetic Power Bank 6000mah,Xiaomi Magnetic Power Bank 6000mah,specification,Short circuit protection,Input overvoltage protection,specification,Xiaomi Magnetic Power Bank 6000mah,"According to Apple's official data, the iPhone 15 can play videos for up to 20 hours. This product can charge an iPhone 15 by 15% within 10 minutes in wireless charging mode.",specification,Xiaomi Magnetic Power Bank 6000mah,Charge up and use whenever and wherever you need,specification,Charge and use simultaneously,Input overcurrent protection,specification,Invisible stand that opens and closes in one second. Use horizontally to watch films or vertically for office work. It's effortless to use and keeps your hands-free.,Xiaomi Magnetic Power Bank 6000mah,specification,Xiaomi Magnetic Power Bank 6000mah,Suitable for air travel,specification,Compact and portable,Foreign object protection,specification,20W self-charging input power,Xiaomi Magnetic Power Bank 6000mah,specification,"To use the charging and placing function simultaneously, a 10W or higher power adaptor is required. iPhone 13-15 series devices that meet the Qi 2.0 standard require a 20W or higher power adaptor.",Effortlessly double the battery life of iPhones,specification,Xiaomi Magnetic Power Bank 6000mah,15W output power magnetic charging for even faster charging,specification,Complies with the latest wireless charging protocol certification to truly support the latest 15W wireless charging function for Apple devices.,Over-charge and over-discharge protection,specification,Reset protection,Suitable for Apple devices that meet the latest Qi 2.0 standard,specification,More details,Xiaomi Magnetic Power Bank 6000mah,specification,"Power bank capacity has been upgraded to 6000mAh. Using the wireless charging function, it can fully charge an iPhone 15 from zero power approximately 1.1 times.",Multiple safety protections,specification,Output overcurrent protection,"It is small enough to hold in one hand and closely fits to the back of a phone, ensuring a comfortable grip.",,,
xiaomi,2025-09-27,https://ams-go.buy.mi.com/uk/v2/item/productdetail?from=pc&tag=xiaomi-instant-hot-water-dispenser,https://www.mi.com/uk/product/xiaomi-instant-hot-water-dispenser/buy/?gid=4223706443,4223706443,Xiaomi Instant Hot Water Dispenser,xiaomi,59.99,,,,,,,,Smart Home,Kitchen Appliances,Water Dispensers,,,,,https://i05.appmifile.com/858_item_uk/04/12/2024/507cdddc93fa1943c8b94fe0792d6bc9.png,https://i05.appmifile.com/572_item_uk/04/12/2024/c6c4033b7af8d515e77db5914f8f534b.png,https://i05.appmifile.com/850_item_uk/04/12/2024/959658da35f2f75e1fdafec25ff0d69e.png,https://i05.appmifile.com/424_item_uk/04/12/2024/32ce96b25483ec60ea7701aa824c5fa7.png,https://i05.appmifile.com/924_item_uk/04/12/2024/23cfa7d066d1f7c06a7de74052725171.png,"Read the Xiaomi Instant Hot Water Dispenser specs at Xiaomi UK. Heat water in just 3 seconds with 2kW power, 3L, precise temp control, and child safety lock.",,12,5.0,,,,,,£59.99,59.99,specification,Xiaomi Instant Hot Water Dispenser,Xiaomi Instant Hot Water Dispenser,specification,Model,Xiaomi Instant Hot Water Dispenser,specification,Approx. 1.75kg,Rated voltage,specification,Large 3L water tank,Xiaomi Instant Hot Water Dispenser,specification,Xiaomi Instant Hot Water Dispenser,MSYSJ03-EU,specification,Rated power,Optional tube to connect to bottled water,specification,Water dispenser x1,Dimensions,specification,Xiaomi Instant Hot Water Dispenser,Instant hot water technology for hot water in 3 seconds,specification,Purified water,Xiaomi Instant Hot Water Dispenser,specification,Xiaomi Instant Hot Water Dispenser,Xiaomi Instant Hot Water Dispenser,specification,Xiaomi Instant Hot Water Dispenser,Xiaomi Instant Hot Water Dispenser,specification,Hot water in 3 seconds data tested from the manufacturer. Report No.: SYS20240628005.,"Water left in the pipe is cleaned automatically and a ""Self-Clean"" progress bar is displayed, preventing secondary contamination and ensuring fresh water for your family.",,,,,,,,,,,,,,,,,,,,,,,,
xiaomi,2025-09-27,https://ams-go.buy.mi.com/uk/v2/item/productdetail?from=pc&tag=xiaomi-toaster,https://www.mi.com/uk/product/xiaomi-toaster/buy/?gid=4223706442,4223706442,Xiaomi Toaster,xiaomi,24.99,,,,,,,,Smart Home,Cooking Appliances,Toaster,,,,,https://i05.appmifile.com/931_item_uk/04/12/2024/467ed3aa39864aa7e3d11170158fb25c.png,https://i05.appmifile.com/685_item_uk/04/12/2024/c7cb5d45e1393f882e47365fbece2f3b.png,https://i05.appmifile.com/354_item_uk/04/12/2024/642362fec2641d800cffc7b64d7d54be.png,https://i05.appmifile.com/71_item_uk/04/12/2024/669a01e851658ebfaa992c2c0b65cb35.png,https://i05.appmifile.com/460_item_uk/04/12/2024/8e1a374be1941606d63231a202ab97f4.png,"Discover the Xiaomi Toaster at Xiaomi UK — compact and stylish 2-slice toaster with 6 browning levels, dual 35 mm slots, even heating with defrost function.",,19,4.9,,,,,,£24.99,24.99,specification,Rated power is 780–930W,Prepare mouth-watering breakfasts such as croissants and buns with the toast rack. The rack is also foldable for convenient storage when not in use.,specification,Xiaomi Toaster,"Beautifully browned, soft and fragrant",specification,Xiaomi Toaster,Product weight,specification,Xiaomi Toaster,Toaster x1,specification,Product dimensions,User manual x1,specification,1.2kg,Xiaomi Toaster,specification,The images on this page are for illustration purposes only. The appearance of the product may vary slightly and please refer to the actual product.,Xiaomi Toaster,,,,,,,,,,,,,,,,,,,,,,,,,,,,,,,,,,,,,,,
xiaomi,2025-09-27,https://ams-go.buy.mi.com/uk/v2/item/productdetail?from=pc&tag=xiaomi-robot-vacuum-e10-accessories,https://www.mi.com/uk/product/xiaomi-robot-vacuum-e10-accessories/buy/?gid=4223705789,4223705789,Xiaomi Robot Vacuum E10 Brush,xiaomi,5.99,,,,Xiaomi Robot Vacuum E10 Brush,,,,Smart Home,Vacuum Cleaners,Vacuum Cleaners Accessories,,,,,https://i05.appmifile.com/24_item_uk/29/09/2024/473051fe28366ed55c904e3d472c725b.jpg,//i05.appmifile.com/28_item_uk/29/09/2024/9ba84b9340b40246765624e21e3fda8b.jpg,,,,Xiaomi Robot Vacuum E10/E12/E10C Mop Pad Specs: | Xiaomi UK,,13,5.0,,,,,,£5.99,5.99,,,,,,,,,,,,,,,,,,,,,,,,,,,,,,,,,,,,,,,,,,,,,,,,,,,,,,,,,,,,
xiaomi,2025-09-27,https://ams-go.buy.mi.com/uk/v2/item/productdetail?from=pc&tag=xiaomi-polarized-fitover-sunglasses,https://www.mi.com/uk/product/xiaomi-polarized-fitover-sunglasses/buy/?gid=4223706404,4223706404,Xiaomi Polarized Fitover Sunglasses  Black,xiaomi,16.99,,,,Black,,,,Life style,Outdoors,Glasses,,,,,https://i05.appmifile.com/238_item_uk/28/11/2024/d24b6e2f7b9fa52cd185b550b5e7b5c0.png,https://i05.appmifile.com/889_item_uk/28/11/2024/c1e0900442de7053c25bc62718cdbef1.png,https://i05.appmifile.com/905_item_uk/28/11/2024/feac1ffb1f1c0c1cc63a9fcee12278b2.png,https://i05.appmifile.com/611_item_uk/28/11/2024/e12930a44b655b95e91bd7770b6ca0a6.png,https://i05.appmifile.com/937_item_uk/28/11/2024/084a860875fc1e3515ac8aca03c4a848.png,"Xiaomi Polarized Fitover Sunglasses Specs: Specially designed for the nearsighted, Compatible with a wide range of frames, High-definition nylon polarisation",,2,4.5,,,,,,£16.99,16.99,specification,58-19-150mm,Frame Colour,specification,Xiaomi Polarized Fitover Sunglasses,UV400 protection to effectively block UV light. 7 layers of composite impact-resistant film enhance the toughness of the lens and protect the eyes.,specification,Xiaomi Polarized Fitover Sunglasses,Xiaomi Polarized Fitover Sunglasses,specification,TAC,Xiaomi Polarized Fitover Sunglasses,specification,Integrated screwless frame,Xiaomi Polarized Fitover Sunglasses,specification,Non-slip silicone temples More wearing stability,Round,specification,Xiaomi Polarized Fitover Sunglasses,Approx. 23g,specification,Xiaomi Polarized Fitover Sunglasses,Substrate (UV light protection + polarisation),specification,Xiaomi Polarized Fitover Sunglasses,"Specially designed for the nearsighted, block bright light",specification,Xiaomi Polarized Fitover Sunglasses,UV light protection,specification,Unisex style Compatible with a wide range of frames,Xiaomi Polarized Fitover Sunglasses,specification,Xiaomi Polarized Fitover Sunglasses,Approx. 23g: The weight of the product in grams was obtained in the laboratory. There may be differences due to changes in the environment during use. Please refer to the actual weight of the product.,specification,Xiaomi Polarized Fitover Sunglasses,Camping,specification,Non-slip rubber,"The frame is made of TR90 polymer material, providing uniform pressure to reduce the burden on the ears and nose.",specification,100,Xiaomi Polarized Fitover Sunglasses,specification,100% UV light protection lenses Powerful sun blocking,layers,specification,Xiaomi Polarized Fitover Sunglasses,High-refraction anti-reflective layer,specification,Xiaomi Polarized Fitover Sunglasses,Made from high-definition TAC polarised lenses. ≥ 95% polarisation efficiency blocks blinding glare for clearer vision.,specification,Fit the head Comfortable to wear,Oval,,,
xiaomi,2025-09-27,https://ams-go.buy.mi.com/uk/v2/item/productdetail?from=pc&tag=xiaomi-square-sunglasses,https://www.mi.com/uk/product/xiaomi-square-sunglasses/buy/?gid=4223706403,4223706403,Xiaomi Square Sunglasses Black,xiaomi,34.99,,,,Black,,,,Life style,Outdoors,Glasses,,,,,https://i05.appmifile.com/632_item_uk/28/11/2024/a55b15cb6138c649627b2d6b761a81b5.png,https://i05.appmifile.com/174_item_uk/28/11/2024/ed433c30efd7163ab5ba92d7e71187b2.png,https://i05.appmifile.com/647_item_uk/28/11/2024/5a4cfd4c148fa6172abef3e2689dea67.png,https://i05.appmifile.com/921_item_uk/28/11/2024/3d845ad510f8dbf015ce0e003a049302.png,https://i05.appmifile.com/982_item_uk/28/11/2024/58b3f010fe519933b71f0a4e93b8e031.png,"Xiaomi Square Sunglasses Specs: Fashionable square frame, UV light-blocking, High-definition nylon polarization",,4,5.0,,,,,,£34.99,34.99,specification,56-18-150mm,Frame Colour,specification,Xiaomi Square Sunglasses,Soft light,specification,"""High-definition nylon polarised lenses Block glare for comfortable vision""",Nylon,specification,Xiaomi Square Sunglasses,"Suitable for driving, travelling, camping, fishing, and any other scenario where you want to block bright light for a softer, more comfortable field of vision.",specification,Xiaomi Square Sunglasses,26g lightweight design Burden-free wearing,specification,Low-refraction anti-reflective layer,Exquisitely compact Shiny and dynamic,specification,Approx. 26g: The weight of the product in grams was obtained in the laboratory. There may be differences due to changes in the environment during use. Please refer to the actual weight of the product.,Enhanced oil-resistant film,specification,Xiaomi Square Sunglasses,Xiaomi Square Sunglasses,specification,Xiaomi Square Sunglasses,Non-slip rubber temples,specification,Xiaomi Square Sunglasses,Stylish square frame for a cool look,specification,Xiaomi Square Sunglasses,Xiaomi Square Sunglasses,specification,Oil-resistant layer,100% UV light protection lenses Powerful sun blocking,specification,Metal rivets,Sunlight,specification,Substrate,"Double-sided oil-resistant: Data tested from EMTEK (Guangzhou) Co., Ltd. Report No. EGZ2302240187R00102R.",specification,Low-refraction anti-reflective layer,"The lens is coated with an oil-resistant, easy-to-clean film on both sides for effective fingerprint and oil resistance.",specification,OAR coating technique Reduced reflections for clear and comfortable viewing,Xiaomi Square Sunglasses,specification,Xiaomi Square Sunglasses,Xiaomi Square Sunglasses,specification,Oil-resistant layer,Xiaomi Square Sunglasses,specification,"The concave surface of the lens is coated with 8 layers of OAR anti-reflective film to significantly reduce the visual interference caused by reflected light and improve lens transparency, reducing visual fatigue while increasing comfort.",Xiaomi Square Sunglasses,,,
xiaomi,2025-09-27,https://ams-go.buy.mi.com/uk/v2/item/productdetail?from=pc&tag=xiaomi-power-bank-10000mah-22w-lite,https://www.mi.com/uk/product/xiaomi-power-bank-10000mah-22w-lite/buy/?gid=4223706399,4223706399,Xiaomi Power Bank 10000mAh 22.5W Lite White 10000mAh,xiaomi,10.99,,,,White,10000mAh,,,Life style,Chargings,Power Banks,,,,,https://i05.appmifile.com/81_item_uk/27/11/2024/2d529eb7bb8fca862b587c730a59598d.png,https://i05.appmifile.com/203_item_uk/27/11/2024/d8feb24e3ddb75399b4b206762cc1dca.png,https://i05.appmifile.com/115_item_uk/27/11/2024/23e8a970ed46ef64d334aac8aea325ff.png,https://i05.appmifile.com/537_item_uk/27/11/2024/6410ec187297ea20b7f63fc281a271dd.png,//i05.appmifile.com/153_item_uk/27/11/2024/a24df72354037bb27a7c5aa4a07a2b7a.jpg,"Discover the Xiaomi Power Bank 10000 mAh 22.5 W Lite specs at Xiaomi UK. Slim, lightweight, fast dual‑port charging, triple‑device support, and built‑in safety.",,13,5.0,,,,,,£10.99,10.99,specification,"Approximately 4.5 hours (with a 9V/2A charger and the charging cable included in the package) Approximately 6 hours (with a 5V/2A charger, charging cable included in the package)",Rated capacity,specification,P16ZM,For a POCO F5 Pro,specification,Output overcurrent protection,Rated capacity of the Xiaomi Power Bank 10000mAh 22.5W Lite is 5500mAh (5V/3A).,specification,Xiaomi Power Bank 10000mah 22w Lite,For a Xiaomi 13,specification,Input parameters,Output parameters,specification,To full charge for a Redmi K60,USB-C two-way fast charging,specification,"High capacity. Lighter, thinner, and more portable",Input overcurrent protection,,,,,,,,,,,,,,,,,,,,,,,,,,,,,,,,,,,,,,,
xiaomi,2025-09-27,https://ams-go.buy.mi.com/uk/v2/item/productdetail?from=pc&tag=xiaomi-smart-water-dispenser-hot-and-cold,https://www.mi.com/uk/product/xiaomi-smart-water-dispenser-hot-and-cold/buy/?gid=4223706398,4223706398,Xiaomi Smart Water Dispenser (Hot and Cold),xiaomi,109.99,,,,,,,,Smart Home,Kitchen Appliances,Water Dispensers,,,,,https://i05.appmifile.com/506_item_uk/27/11/2024/d0fc79513029681c4e1eeff53cb7b035.png,https://i05.appmifile.com/610_item_uk/27/11/2024/2d3ac71a1fe06ba595a8f870b1780596.png,https://i05.appmifile.com/292_item_uk/27/11/2024/821eec75abcca6b2df90e105e355a3c4.png,https://i05.appmifile.com/601_item_uk/27/11/2024/d00084c06ff985938fc38e9f695ebc11.png,https://i05.appmifile.com/754_item_uk/27/11/2024/10a1c4bc5a562853aa5f5f5ecba07865.png,"Xiaomi Smart Water Dispenser (Hot and Cold) Specs: Cooling function | Heat in 3 seconds | 4 preset water volume options | Compact design, ,",,11,4.9,,,,,,£109.99,109.99,specification,MJMY23-A,Xiaomi Smart Water Dispenser x1,specification,Xiaomi Smart Water Dispenser Hot And Cold,Xiaomi Smart Water Dispenser Hot And Cold,specification,3L,Xiaomi Smart Water Dispenser Hot And Cold,specification,3,55°C Warm water mode,specification,Purified water,Cold water that doesn’t irritate your teeth,specification,220–240V~,Xiaomi Smart Water Dispenser Hot And Cold,specification,Product dimensions,Xiaomi Smart Water Dispenser Hot And Cold,specification,Wi-Fi IEEE 802.11b/g/n 2.4GHz,Suitable water supply,specification,Xiaomi Smart Water Dispenser Hot And Cold,Stepless temperature adjustment range: Ice water: approximately 7 to 15℃; warm water: approximately 40 to 90℃,specification,Rated frequency,Xiaomi Smart Water Dispenser Hot And Cold,specification,Rated voltage,The perfect temprature,specification,Xiaomi Smart Water Dispenser Hot And Cold,Xiaomi Smart Water Dispenser Hot And Cold,specification,No repeatedly heated water,50/60Hz,specification,Gentle night light,Drip tray x1,specification,Xiaomi Smart Water Dispenser Hot And Cold,Secure child lock,specification,High power,Xiaomi Smart Water Dispenser Hot And Cold,specification,Xiaomi Smart Water Dispenser Hot And Cold,"Versatile heating and cooling functions, stepless 1°C temperature adjustment",specification,Elegant design,Xiaomi Smart Water Dispenser Hot And Cold,specification,95°C Boiled water mode,Info at a glance,,,
xiaomi,2025-09-27,https://ams-go.buy.mi.com/uk/v2/item/productdetail?from=pc&tag=xiaomi-straw-mug,https://www.mi.com/uk/product/xiaomi-straw-mug/buy/?gid=4223706397,4223706397,Xiaomi Straw Mug,xiaomi,24.99,,,,,,,,Life style,Health & Fitness,Water Bottle,,,,,https://i05.appmifile.com/500_item_uk/27/11/2024/a1d4d74185286deda36de7273f2afa10.png,https://i05.appmifile.com/471_item_uk/27/11/2024/106a0f9b1e9c09dcc97114a7e06cce50.png,https://i05.appmifile.com/989_item_uk/27/11/2024/d4614751f71167b1ae87341fc12a067c.png,https://i05.appmifile.com/340_item_uk/27/11/2024/5a32b9873f0a48c09298f1c9130dc990.png,https://i05.appmifile.com/135_item_uk/27/11/2024/463d83dcb4de06e62b1c6d10bcd1842a.png,"Xiaomi Straw Mug Specs: 1L large capacity, Stay hydrated at all times, 316L stainless steel",,2,5.0,,,,,,£24.99,24.99,specification,Xiaomi Straw Mug,Wide mouth for convenient filling and cleaning,specification,Xiaomi Straw Mug,Xiaomi Straw Mug,specification,Cool and refreshing drinks with ice can be enjoyed any time.,Xiaomi Straw Mug,specification,Fits in a cup holder to keep you refreshed on the go,Mug x1,specification,Xiaomi Straw Mug,Silicone straw x1,specification,Xiaomi Straw Mug,Xiaomi Straw Mug,specification,At work,55,specification,Water level tip: The maximum water volume should be below the MAX water level mark on the mug's interior. This prevents liquids from overflowing and scalding you or staining clothing.,See specs,specification,User manual x 1,Stays warm for 6 hours,specification,Cold preservation performance,Safe materials and thoughtful design,specification,Xiaomi Straw Mug,Xiaomi Straw Mug,specification,Below 10°C (6 hrs),Thoughtful reminders of a safe water filling volume,,,,,,,,,,,,,,,,,,,,,,,,
xiaomi,2025-09-27,https://ams-go.buy.mi.com/uk/v2/item/productdetail?from=pc&tag=xiaomi-compact-hair-dryer-h101,https://www.mi.com/uk/product/xiaomi-compact-hair-dryer-h101/buy/?gid=4223706396,4223706396,Xiaomi Compact Hair Dryer H101,xiaomi,15.99,19.99,Y,save £4,White,,,,Life style,Personal Care,Hair Dryers,,,,,https://i05.appmifile.com/807_item_uk/27/11/2024/67a506ccf83eb7030f26502685e35737.png,https://i05.appmifile.com/774_item_uk/27/11/2024/76fc1d207849c103af825b1bd4a1d077.png,https://i05.appmifile.com/513_item_uk/27/11/2024/26a19c821ae69c612c4d448ffdde8672.png,,,"Xiaomi Compact Hair Dryer H101 Specs: Compact and foldable, 15m/s* high air flow, 50 million* negative ions",,6,5.0,,,,Y,,£15.99,15.99,specification,Rated frequency,Cold air,specification,Foldable handle,The compact hair dryer,specification,15,Ergonomic design for a more comfortable grip. Say goodbye to clumsiness or uncomfortable grips.,specification,Xiaomi Compact Hair Dryer H101,Off,specification,Hot air,Unlock more colours to choose freely. Versatile matte style with minimal fuss.,specification,Xiaomi Compact Hair Dryer H101,300g (without nozzle and power cord),specification,Press to switch,Say goodbye to withered and knotted hair,specification,High speed,Xiaomi Compact Hair Dryer H101,specification,A dual overheat protection mechanism for more reassuring use,Air temperature level,specification,Xiaomi Compact Hair Dryer H101,Low speed,specification,1.7m power cord,Xiaomi Compact Hair Dryer H101,specification,m/s,Xiaomi Compact Hair Dryer H101,specification,Xiaomi Compact Hair Dryer H101,"A 20,000rpm high-performance, high-speed motor provides strong power, with a 15m/s high air flow. Using a unqiue, 6-wing aircraft propeller bypass design, it gets a strong, reliable flow.",specification,Always exceptional,Xiaomi Compact Hair Dryer H101,specification,The two air temperature modes are paired with two air flow speed modes to meet different blow-drying needs. Simply press to alternate hot/cold air.,Makes blow-drying effortless,specification,Xiaomi Compact Hair Dryer H101,Prevents accidental burns,specification,Xiaomi Compact Hair Dryer H101,Hot air,specification,Two air temperature modes,High air flow,specification,15m/s high air flow,Xiaomi Compact Hair Dryer H101,,,
xiaomi,2025-09-27,https://ams-go.buy.mi.com/uk/v2/item/productdetail?from=pc&tag=xiaomi-smart-camera-c500-dual,https://www.mi.com/uk/product/xiaomi-smart-camera-c500-dual/buy/?gid=4223706387,4223706387,Xiaomi Smart Camera C500 Dual White Camera,xiaomi,69.99,,,,White,Camera,,,Smart Home,Home Security,Security Cameras,,,,,https://i05.appmifile.com/795_item_uk/27/11/2024/f2641e18d5b895d70a975679a94388ed.png,https://i05.appmifile.com/606_item_uk/27/11/2024/95a38d55eeeae28646c022d1117adde9.png,https://i05.appmifile.com/78_item_uk/27/11/2024/1cd0d1dffc4fb135a0f67ed2736b75e6.png,https://i05.appmifile.com/166_item_uk/27/11/2024/c71794a9b0b9a530df1167ace95ef3c8.png,https://i05.appmifile.com/99_item_uk/27/11/2024/18ea8420e7dd190fce989bae7d92f5fc.png,"Xiaomi Smart Camera C500 Dual Specs: Dual cameras, one device, One device, double the coverage, Several AI monitoring modes",,1,5.0,,,,,,£69.99,69.99,specification,Dynamic smoothness,Video encoding,specification,Equipped with an adjustable ceiling mount to avoid blind spots,Xiaomi Smart Camera C500 Dual,specification,2560 x 1440,5V⎓2A,specification,"Wi-Fi IEEE 802.11 a/b/g/n/ac/ax 2.4GHz/5GHz, Bluetooth 5.3",Fast,specification,Xiaomi Smart Camera C500 Dual,Xiaomi Smart Camera C500 Dual,specification,2MP,Xiaomi Smart Camera C500 Dual,specification,1. Stick the mounting template sticker to the wall/ceiling surface and drill holes for the plastic anchors.,Works with Amazon Alexa or Google Assistant.,specification,Item dimensions,PTZ camera automatically tracks human movement detected by the fixed camera,specification,"3. Suspended installation: For side installation, it is recommended to position the device 60cm away from the wall. Avoid placing the camera lens facing or next to a reflective surface, such as glass windows or doors and white walls, as this will cause the image to appear overly bright in areas close to the camera and darker in areas further away, or cause the camera to produce white images.",Delivers detailed images day and night,specification,Cloud storage service policies may vary by region and country. Please refer to the Xiaomi Home app for specific details.,Xiaomi Smart Camera C500 Dual,specification,Fixed camera viewing angle,TSMC process,specification,Wireless connectivity,Virtual fence,specification,Fixed camera footage: Entryway,Xiaomi Smart Camera C500 Dual,specification,4. Adjust the mounting shaft vertically and horizontally to the desired angle.,Rated input,specification,Xiaomi Smart Camera C500 Dual,Mounting template sticker,specification,Power cable,Full colour night vision for longer colour image time,specification,No red lights around the lens,Ultra-clear vision,specification,Xiaomi Smart Camera C500 Dual,Equipped with a 6mm telephoto camera providing a 58° horizontal view for clearer details.,specification,-frame,Rotate to preset position when the door opens,,,
xiaomi,2025-09-27,https://ams-go.buy.mi.com/uk/v2/item/productdetail?from=pc&tag=xiaomi-vacuum-cleaner-g20-max,https://www.mi.com/uk/product/xiaomi-vacuum-cleaner-g20-max/buy/?gid=4223706379,4223706379,Xiaomi Vacuum Cleaner G20 Max,xiaomi,229.99,,,,,,,,Smart Home,Vacuum Cleaners,Handheld Vacuums,,,,,https://i05.appmifile.com/761_item_uk/27/11/2024/a9fc3412f17d0cc4a1c0baa653f1f126.png,https://i05.appmifile.com/423_item_uk/27/11/2024/9056bf74585e68a50c0d68854537e35c.png,https://i05.appmifile.com/880_item_uk/27/11/2024/109d003674dcecc58c2c4dc61cb913d5.png,https://i05.appmifile.com/953_item_uk/27/11/2024/1276673b58a2d01bd6138760c8050a90.png,https://i05.appmifile.com/53_item_uk/27/11/2024/0c6b873131faf5b292cb49b25ead0fde.png,"Explore the Xiaomi Vacuum Cleaner G20 Max at Xiaomi UK. Featuring 180AW suction, 25,000Pa power, 12-cone filtration, 60min runtime and mini electric brush.",,8,5.0,,,,,,£229.99,229.99,specification,The anti-tangle feature aims to reduce hair entanglement but does not prevent it completely. Actual performance may vary.,Energy-saving mode,specification,Charger x1 User Manual x1,Xiaomi Vacuum Cleaner G20 Max,specification,"The mini electric brush operates at a high speed of 1500rpm. Combined with strong suction, it effectively removes mites and dander hidden deep within mattresses and sofas, providing a clean and hygienic living environment.",Standard mode,specification,Energy-saving mode: 50 minutes,Xiaomi Vacuum Cleaner G20 Max,specification,12-cone dust-air separation technology,Dedicated pet brush,specification,Beds,High-definition LED display,specification,520W,D206,specification,"(including self-tapping screw x4, wall plug x4)","25,000Pa",specification,Extension Rod x1,Model:,specification,Mount Kit x1,Charging Voltage:,specification,"Utilising a 5-stage precise filtration system, overall filtration efficiency is 99.9%, effectively capturing particles as small as 0.3μm and releasing clean air to protect your family's health.",Xiaomi Vacuum Cleaner G20 Max,specification,High power mode,Net Weight:,specification,Maximum suction power,"With a built-in large-capacity 7-cell battery pack and 3 adjustable suction levels, it allows you to comfortably manage extensive cleaning tasks.",specification,"Compatible with the 2-in-1 brush nozzle and pet brush for cleaning surfaces like cabinets and window sills, or for removing pet hair.",Recommended usage scenario,specification,25.2V ⎓,"The built-in electrostatic discharge device effectively neutralises static electricity within the vacuum cleaner, preventing sparks from reaching the user.",specification,High power mode: 5 minutes,Versatile 2-in-1 charging and storage stand,specification,Energy-saving mode: 45 minutes,"Quick charging, easy access.",specification,"12-cone dust-air separation generates significant centrifugal force to swiftly separate dust from the air, preventing filter clogging and ensuring continuous, powerful suction.",12-cone dust-air separation,specification,Xiaomi Vacuum Cleaner G20 Max,Xiaomi Vacuum Cleaner G20 Max,,,
xiaomi,2025-09-27,https://ams-go.buy.mi.com/uk/v2/item/productdetail?from=pc&tag=xiaomi-smart-camera-c300-dual,https://www.mi.com/uk/product/xiaomi-smart-camera-c300-dual/buy/?gid=4223706372,4223706372,Xiaomi Smart Camera C300 Dual White Camera,xiaomi,49.99,,,,White,Camera,,,Smart Home,Home Security,Security Cameras,,,,,https://i05.appmifile.com/582_item_uk/27/11/2024/a3c519f75d58fbcc0324943110190417.png,https://i05.appmifile.com/90_item_uk/27/11/2024/c62062b75919c22376ee701cab8cc733.png,https://i05.appmifile.com/108_item_uk/27/11/2024/b0ed8ef00f1c752d25aeac452d1ecc5f.png,https://i05.appmifile.com/214_item_uk/27/11/2024/edd1d74145ef5921fb6f972f217f995a.png,https://i05.appmifile.com/389_item_uk/27/11/2024/7b467da9b69deba2eae41e80a12f00d4.png,"Xiaomi Smart Camera C300 Dual Specs: True dual camera, 6 mm, Telephoto lens",,,,,,,,,£49.99,49.99,specification,Xiaomi Smart Camera C300 Dual,Xiaomi Smart Camera C300 Dual,specification,Xiaomi Smart Camera C300 Dual,PTZ camera films and automatically tracks motion,specification,Fixed camera footage: Living room,Dual-band Wi-Fi 6,specification,Captures colour footage even in evenings and low-light conditions,True power,specification,Single device serving dual purposes,Xiaomi Smart Camera C300 Dual,specification,Charging Cable,2304 x 1296,specification,Mounting Sticker,360°,specification,No sleep disturbance,User Manual,specification,PTZ camera footage,Processing technology,specification,PTZ camera footage: Entryway,Xiaomi Smart Camera C300 Dual,specification,Xiaomi Smart Camera C300 Dual,Calculations a second,specification,Detailed reproduction,"MicroSD card, cloud storage and network-attached storage",specification,Net Weight,-10°C to 40°C,specification,Local sound detection,"One camera, two lenses, fewer blindspots",specification,Enable your security camera in three simple steps,Xiaomi Smart Camera C300 Dual,specification,Full-colour night vision,Fixed camera for single-directional capture,specification,Approx. 384g,Xiaomi Smart Camera C300 Dual,specification,Xiaomi Smart Camera C300 Dual,Xiaomi Smart Camera C300 Dual,specification,Xiaomi Smart Camera C300 Dual,Xiaomi Smart Camera C300 Dual,,,
xiaomi,2025-09-27,https://ams-go.buy.mi.com/uk/v2/item/productdetail?from=pc&tag=xiaomi-air-fryer-essential-6l,https://www.mi.com/uk/product/xiaomi-air-fryer-essential-6l/buy/?gid=4223706358,4223706358,Xiaomi Air Fryer Essential 6L White,xiaomi,39.99,44.99,Y,save £5,White,,,,Smart Home,Cooking Appliances,Air Fryers,,,,,https://i05.appmifile.com/998_item_uk/27/11/2024/7fe1fdfa2eaee3c78ce79a5c62758b4d.png,https://i05.appmifile.com/613_item_uk/27/11/2024/c13914df82d9023dceca2a6082d8ebac.png,https://i05.appmifile.com/229_item_uk/27/11/2024/e10c99e4ac3c60c9500e50bf3863b6bb.png,https://i05.appmifile.com/192_item_uk/27/11/2024/13ddcb5c0e973a81fb659e251f63ba99.png,https://i05.appmifile.com/596_item_uk/27/11/2024/ab9cbb5341b4a308aed7b3cba0b2b3e2.png,"Xiaomi Air Fryer Essential 6L Specs: Flip-free cooking, Double-fin spiral fan blades and 3D cyclone frying plate, Metal interior",,3,5.0,,,,Y,,£39.99,39.99,specification,Rated voltage,1550W powerful convection heating swiftly seals in moisture in food and forces out oil to achieve a crispy outside and tender inside.,specification,revolutions/min,Xiaomi Air Fryer Essential 6l,specification,Data tested from the manufacturer.,Xiaomi Air Fryer Essential 6l,specification,Xiaomi Air Fryer Essential 6l,Xiaomi Air Fryer Essential 6l,specification,Xiaomi Air Fryer Essential 6l,Heat dissipation vent behind Extended lifespan,specification,Temperature: 160°C,Double-fin spiral fan blades and a 3D cyclone frying plate deliver 360° convection heating to evenly cook food with no flipping required.,specification,Cakes,"Grease can be removed effortlessly from the non-stick coating. Adopting food contact grade material that is durable and resistant to up to 10,000 scratches before the coating peels off, the air fryer offers you peace of mind with every use.",specification,Egg tarts x5,Cook sumptuous food effortlessly,specification,Xiaomi Air Fryer Essential 6l,Even roasting throughout,specification,Xiaomi Air Fryer Essential 6l,Xiaomi Air Fryer Essential 6l,specification,Temperatures and time above are for reference only and may need to be adjusted according to actual conditions.,High-temperature resistant and easy to clean,specification,Xiaomi Air Fryer Essential 6l,Steak,specification,Low fat for healthier food,fan blades,specification,6L optimal volume,Easy operation for effortless cooking of sumptuous food,specification,Xiaomi Air Fryer Essential 6l,Xiaomi Air Fryer Essential 6l,specification,Xiaomi Air Fryer Essential 6l,A wide temperature range to suit your cooking needs,specification,Xiaomi Air Fryer Essential 6l,Simple knob control : a quick turn that delivers delectable results,specification,Chicken wings x10,Temperature: 200°C,specification,Xiaomi Air Fryer Essential 6l,Double-fin spiral fan blades and 3D cyclone frying plate,,,
xiaomi,2025-09-27,https://ams-go.buy.mi.com/uk/v2/item/productdetail?from=pc&tag=xiaomi-vacuum-cleaner-g20,https://www.mi.com/uk/product/xiaomi-vacuum-cleaner-g20/buy/?gid=4223706357,4223706357,Xiaomi Vacuum Cleaner G20,xiaomi,149.99,169.99,Y,save £20,,,,,Smart Home,Vacuum Cleaners,Handheld Vacuums,,,,,https://i05.appmifile.com/226_item_uk/27/11/2024/0697086de7b1fb46014e5fcd8a98d087.png,https://i05.appmifile.com/441_item_uk/27/11/2024/22a4efb9c1d76045e7b6487843216654.png,https://i05.appmifile.com/152_item_uk/27/11/2024/6d07c84d8f38350c43d41b663fe257db.png,https://i05.appmifile.com/598_item_uk/27/11/2024/03f4652586aa54b0fc133ce4f2c6045c.png,//i05.appmifile.com/457_item_uk/27/11/2024/a0c8f76c4150e39b1c6aac072f635735.jpg,Xiaomi Vacuum Cleaner G20 Specs:,,4,5.0,,,,Y,,£149.99,149.99,specification,Xiaomi Vacuum Cleaner G20,Energy-saving mode: 60 minutes,specification,Xiaomi Vacuum Cleaner G20,Tiles,specification,Xiaomi Vacuum Cleaner G20,Electric brush bar x1,specification,Up to 150AW powerful suction,Standard mode,specification,"Equipped with a 12-cone cyclone-dust separation system, the vacuum generates a strong centrifugal force through cyclonic airflow. It effectively sends large particles to the bottom of the dust compartment while maintaining a smooth airflow to increase filtration efficiency.",Operating time,specification,25%,Xiaomi Vacuum Cleaner G20,specification,Ground electric brush bar for diverse floor types,"1500 rpm powerful beating was tested by Xiaomi Internal Lab. When the battery is fully charged, the mini electric brush can rotate at 1500 rpm. Report number: SZ-2405214.",specification,An ideal choice for large homes,Energy-saving mode,specification,Xiaomi Vacuum Cleaner G20,Ultra-long battery life,specification,Xiaomi Vacuum Cleaner G20,460W,specification,Dust compartment capacity:,D205,specification,Xiaomi Vacuum Cleaner G20,Extension rod x1,specification,Model:,Charging voltage:,specification,12-cone cyclone separator,Net weight:,specification,99.9% high-efficiency filtering,Low-pile carpets,specification,25.2V⎓,Distributes fresh air,specification,The above operating time data come from Xiaomi Internal Lab. The electric brush bar was tested on hard floors and floor tiles.,Xiaomi Vacuum Cleaner G20,specification,Xiaomi Vacuum Cleaner G20,Xiaomi Vacuum Cleaner G20,specification,Easy to clean,"25000Pa maximum vacuum suction was tested by Xiaomi Internal Lab. When the battery is fully charged, the maximum vacuum suction can reach 25000Pa in high power mode. Report number: 0379-24A-01.",,,
xiaomi,2025-09-27,https://ams-go.buy.mi.com/uk/v2/item/productdetail?from=pc&tag=xiaomi-desk-lamp-lite,https://www.mi.com/uk/product/xiaomi-desk-lamp-lite/buy/?gid=4223706293,4223706293,Xiaomi Desk Lamp Lite,xiaomi,17.99,,,,,,,,Smart Home,Smart Lightings,Indoor Lightings,,,,,https://i05.appmifile.com/98_item_uk/20/11/2024/9dbe583e0c7c7c0016846eff098be765.png,https://i05.appmifile.com/335_item_uk/20/11/2024/26f579aef58aea13518d0754f1c165a6.png,https://i05.appmifile.com/277_item_uk/20/11/2024/2de9e35540de222eb48a05b2b743a85b.png,https://i05.appmifile.com/952_item_uk/20/11/2024/e19aa915e48c02064452e0e7a726093d.png,https://i05.appmifile.com/48_item_uk/20/11/2024/0bae73da15339d0361cd001e19710d6f.png,"Xiaomi Desk Lamp Lite Specs: Wide-area illumination, uniform and comfortable light, Ra90 high CRI | Xiaomi United Kingdom",,5,5.0,,,,,,£17.99,17.99,specification,Upward 85°,Xiaomi Desk Lamp Lite,specification,Xiaomi Desk Lamp Lite x1,"Adopting premium quality LEDs, the blue light blocking capabilities have been assessed as RG0 blue light hazard exemption level and visible flicker-free, so there is no light glare, delaying eye fatigue.",specification,Simple and slim with a premium feel,RG0 blue light hazard exemption level,specification,Xiaomi Desk Lamp Lite,Craftsmanship and quality shine through the details,specification,Turn the light on/off,easily position the light as you wish,specification,Xiaomi Desk Lamp Lite,0.5,specification,Xiaomi Desk Lamp Lite,Wide-area illumination,specification,The comparison images on this page are only illustrations of functions or effects. Please refer to the actual effects.,90° flip to the left and right,specification,Product net weight,Long press the switch,specification,Rated input,"The product images, models, data, functions, performance, specification parameters, user interfaces and other product information on this page are for reference only. Xiaomi may edit the above content. For specific information and usage effects, please refer to the actual product, subject to actual conditions.",specification,"The lamp neck, arm, and base are linked across three shafts, achieving flexible lighting. Adjust the lamp arm to 85° for daily use, fold to suit your needs for convenient storage, so it doesn't occupy desk space.",7.5W,specification,Applicable scope,Power factor,specification,White,Ra90 high CRI is comparable to natural good lighting,specification,Actual colour temperature may vary (±300K),Indoor,specification,Approx. 0.56kg,Xiaomi Desk Lamp Lite,specification,Other angles are for storage and not recommended for use as they may pose a tipping risk.,Three-level brightness adjustment to meet your needs in more scenarios,specification,The optical lens design delivers a bright and comfortable light,Xiaomi Desk Lamp Lite,specification,"Visible flicker-free was tested by Feihui Lighting Technology (shanghai) Co., Ltd.",flexible light for different scenarios,specification,"If the product is returned or exchanged due to the user's own reasons, the reverse logistics costs will be borne by the user. Due to differences in product weight and dimensions, reverse logistics costs are based on actual costs incurred. For more details, please consult customer service.",Xiaomi Desk Lamp Lite,,,
xiaomi,2025-09-27,https://ams-go.buy.mi.com/uk/v2/item/productdetail?from=pc&tag=xiaomi-smart-camera-c700,https://www.mi.com/uk/product/xiaomi-smart-camera-c700/buy/?gid=4223706291,4223706291,Xiaomi Smart Camera C700 Camera,xiaomi,59.99,,,,Camera,,,,Smart Home,Home Security,Security Cameras,,,,,https://i05.appmifile.com/949_item_uk/20/11/2024/a0838756dbd49c7fe436ea44c7a0a845.png,https://i05.appmifile.com/587_item_uk/20/11/2024/7652c256cb78df1c76c340ee18d9f16c.png,https://i05.appmifile.com/199_item_uk/20/11/2024/97bb2a947aef47f4557c548075a3f466.png,https://i05.appmifile.com/323_item_uk/20/11/2024/3e0500a34fa81daaa6860f157632f472.png,https://i05.appmifile.com/673_item_uk/20/11/2024/e07b9cb4f83dcd9dac271df94fb22ee3.png,"Xiaomi Smart Camera C700 Specs: 4K ultra-HD images, 8MP professional camera, 3840 x 2160 resolution | Xiaomi UK",,4,5.0,,,,,,£59.99,59.99,specification,Xiaomi Smart Camera C700,Video Codec,specification,Local AI algorithm,Xiaomi Smart Camera C700,specification,Xiaomi Smart Camera C700,82 x 82 x 130mm,specification,940nm infrared illuminators,Xiaomi Smart Camera C700,specification,"Wall Mounting Kit (base x1, wall plug x 2,screw x 2)",User Manual,specification,Supports smoke and fire detection,135 Mbps,specification,Xiaomi Smart Camera C700,Upright,specification,"Smoke and fire detection requires enabling in the Xiaomi Home app before use. This function relies solely on camera footage to detect smoke and fire. Due to technical limitations and environmental factors, there may be false alarms and missed detections. It cannot replace professional fire alarm equipment. We recommend using this function only as a supplementary method for smoke and fire detection.",Rated input,specification,Xiaomi Smart Camera C700,Compatible with,specification,Warranty Notice,Xiaomi Smart Camera C700,specification,Xiaomi Smart Camera C700,MJA1 security chipset,specification,Xiaomi Smart Camera C700,Physical lens shielding,specification,H.265,AI monitors your pets and children effortlessly,specification,Revolutionary imaging,4K ultra-HD evolution with a flagship AI chip,specification,MB,Multiple AI functions with local data processing for added security,specification,Next-generation dual-band Wi-Fi 6,Net Weight,specification,Flagship AI chip with enhanced performance,Send automatic alerts when a human is detected,specification,Monitor surroundings from your smartphone,Physical lens shielding recording on a timed basis,specification,Xiaomi Smart Camera C700,Xiaomi Smart Camera C700,,,
xiaomi,2025-09-27,https://ams-go.buy.mi.com/uk/v2/item/productdetail?from=pc&tag=xiaomi-outdoor-camera-cw700s,https://www.mi.com/uk/product/xiaomi-outdoor-camera-cw700s/buy/?gid=4223706290,4223706290,Xiaomi Outdoor Camera CW700S Camera,xiaomi,69.99,,,,Camera,,,,Smart Home,Home Security,Security Cameras,,,,,https://i05.appmifile.com/826_item_uk/20/11/2024/30932e09418ec8e0b09a23d270f858cf.png,https://i05.appmifile.com/657_item_uk/20/11/2024/b72938bde511f4197c24232a1dfae33e.png,https://i05.appmifile.com/440_item_uk/20/11/2024/65e803d90d69ac76efd4578599eded41.png,https://i05.appmifile.com/358_item_uk/20/11/2024/8ea9584e1b0d42e83899268b3a7a97b3.png,https://i05.appmifile.com/322_item_uk/20/11/2024/584f391a966d93e51206fa8056de5f85.png,"Xiaomi Outdoor Camera CW700S Specs: 9x dual-lens zoom, Zoom in on details, focus on distant scenes and get crystal-clear images, IP66",,5,5.0,,,,,,£69.99,69.99,specification,Xiaomi Outdoor Camera Cw700s,"To enhance the product's visual appeal, the power supply and cables have not been displayed on this page. Please note that the cables must be connected to a power supply to use this product.",specification,Two lights,MicroSD cards are not included in the package and must be purchased by the user. It is recommended to use a MicroSD card (8GB to 256GB) produced by a certified manufacturer. Cloud storage is a paid feature and requires the cloud storage service to be activated.,specification,"Supports time-lapse photography to capture the blooming and withering of flowers, the rising and setting of the sun, or the swirling of clouds.",Xiaomi Outdoor Camera Cw700s,specification,12V/1A,Xiaomi Outdoor Camera CW700S,specification,Waterproof rubber strip for power cable x1,H.265,specification,Ethernet port waterproof four-piece set x1,"To prevent accidental injury, the camera must be securely mounted to the wall according to the installation instructions. The wall must be able to support at least three times the camera's total weight.",specification,-30°C to 60°C,"Product images and models, data, functions, performance, specification parameters, user interface and other product information are for reference only. Xiaomi reserves the right to amend this information. For details, please refer to the product and the product manual.",specification,"The 4MP ultra-clear camera and 2.5K ultra-HD resolution deliver clear and bright images and ensure details stay sharp, even when zoomed in.",6.60 mm,specification,Xiaomi Outdoor Camera Cw700s,Xiaomi Outdoor Camera Cw700s,specification,User manual x1,View,specification,Xiaomi Outdoor Camera Cw700s,8 m,specification,IP66,"The f/1.6 large-aperture lens captures colour images in extremely low-light environments. When a human is detected at night, supplementary lights turn on automatically.",specification,Xiaomi Outdoor Camera Cw700s,Xiaomi Outdoor Camera Cw700s,specification,1x,Resolution,specification,"MicroSD card (8GB to 256GB), network-attached storage and Xiaomi Cloud storage",Three storage options: Local + cloud + network-attached storage,specification,2560 x 1440,Product working temperature,specification,The high-gain external dual-antenna design supports 2.4GHz Wi-Fi networks and provides stronger and more stable signal transmission.,IP66,specification,Video encoding,Xiaomi Outdoor Camera Cw700s,specification,See specs,H.265,,,
xiaomi,2025-09-27,https://ams-go.buy.mi.com/uk/v2/item/productdetail?from=pc&tag=xiaomi-motion-sensor-2s,https://www.mi.com/uk/product/xiaomi-motion-sensor-2s/buy/?gid=4223706289,4223706289,Mi Motion Sensor 2S,xiaomi,14.99,,,,,,,,Smart Home,Home Security,Smart Sensors & Hubs,,,,,https://i05.appmifile.com/134_item_uk/20/11/2024/d401dbf1d7aa9730a3e051d229d0c212.png,https://i05.appmifile.com/230_item_uk/20/11/2024/308611957a4baffff6317abbf1ed5c74.png,https://i05.appmifile.com/714_item_uk/20/11/2024/f5782bf7ace80a51d683cb524048de57.png,https://i05.appmifile.com/713_item_uk/20/11/2024/5b0c3911f141dba236b9bd052abe7cc0.png,https://i05.appmifile.com/838_item_uk/20/11/2024/a4b9d9f5fcd1b8339a67a625815c2ebc.png,"Mi Motion Sensor 2S Specs: High sensitivity | Illuminance detection | Automation | 3-year battery life, Illuminance detection, Automation",,4,4.8,,,,,,£14.99,14.99,specification,Battery type:,"mount it according to the user manual,",specification,Battery life,"High sensitivity: Activate in the app to detect actions like waving, reducing the frequency of sensor misjudgments.",specification,Detection sensitivity,CR2450,specification,detection of a person entering the monitored area triggers an alert notification.,Connection protocol,specification,Seamlessly coordinate with lighting,Xiaomi Motion Sensor 2s,specification,Step 1,Detection angle:,specification,Bluetooth 5.0,approx. 7m,specification,XMPIR02SGXS,Light/dark recognition,specification,User manual x1,Net weight:,specification,Xiaomi Motion Sensor 2s,Xiaomi Motion Sensor 2s,specification,Quantify light with illuminance values,"The monitoring range extends up to 7m. Once monitoring is activated,",specification,or functionality of the product.,Xiaomi Motion Sensor 2s,specification,"Start the Xiaomi Home app, tap the",φ32.5 x 69.5mm,specification,Wireless connectivity:,Dimensions:,specification,Xiaomi Motion Sensor 2s,Xiaomi Motion Sensor 2s,specification,0–95% RH (no condensation),Xiaomi Motion Sensor 2s,specification,"To link with other smart devices, devices that support Bluetooth® gateway functionality are required, such as Mi Smart Home Hub, Xiaomi Smart Home Hub 2,",Linking and gateway devices need to be purchased separately.,specification,"The 3-year battery life is estimated by the manufacturer at the ambient temperature of 25°C,",ensuring there is a Bluetooth® gateway,specification,-10°C~ 45°C,"Monitor the movements of people and pets at home, synchronise the product with other smart devices, in order to configure automated smart scenarios, achieving an ideal smart lifestyle.",,,
xiaomi,2025-09-27,https://ams-go.buy.mi.com/uk/v2/item/productdetail?from=pc&tag=xiaomi-2k-gaming-monitor-g27qi,https://www.mi.com/uk/product/xiaomi-2k-gaming-monitor-g27qi/buy/?gid=4223706288,4223706288,Xiaomi 2K Gaming Monitor G27Qi 27 Inch,xiaomi,159.99,,,,27 Inch,,,,Life style,Office,Monitors,,,,,https://i05.appmifile.com/533_item_uk/20/11/2024/271380d0a0d86d68ca6cfff52d9edb33.png,https://i05.appmifile.com/973_item_uk/20/11/2024/3b87b182d2ee217e4b3166e507c8172b.png,https://i05.appmifile.com/862_item_uk/20/11/2024/99c6633e65b8d282ec153050f50d29c3.png,https://i05.appmifile.com/955_item_uk/20/11/2024/7dc0bf11c1d74e4dbbc1b81196976948.png,//i05.appmifile.com/471_item_uk/20/11/2024/360606541e8e2ee61ce7ff185239c3a6.jpg,"See full specifications, including a 27"" Fast LCD with FreeSync, 180Hz refresh rate, 1ms GTG & 100% sRGB colour gamut.",,8,4.8,,,,,,£159.99,159.99,,,,,,,,,,,,,,,,,,,,,,,,,,,,,,,,,,,,,,,,,,,,,,,,,,,,,,,,,,,,
xiaomi,2025-09-27,https://ams-go.buy.mi.com/uk/v2/item/productdetail?from=pc&tag=xiaomi-vacuum-cleaner-g20-lite,https://www.mi.com/uk/product/xiaomi-vacuum-cleaner-g20-lite/buy/?gid=4223706286,4223706286,Xiaomi Vacuum Cleaner G20 Lite,xiaomi,84.99,,,,,,,,Smart Home,Vacuum Cleaners,Handheld Vacuums,,,,,https://i05.appmifile.com/582_item_uk/20/11/2024/eddf3581016e3f24279fa14e174d2a58.png,https://i05.appmifile.com/426_item_uk/20/11/2024/4a072146917af0441908b060953826fb.png,https://i05.appmifile.com/24_item_uk/20/11/2024/513928dfbd7b6f35a951be7aa7c924f4.png,https://i05.appmifile.com/889_item_uk/20/11/2024/60c866577aa8298ab7121f9c43d0c7f9.png,//i05.appmifile.com/967_item_uk/20/11/2024/d114bb6a15a6e43164f3d61a8b096be6.jpg,"Find the Xiaomi Vacuum Cleaner G20 Lite specs at Xiaomi UK. Unleash 18,000 PA cyclone suction, 5-stage filtration, 45 min runtime and versatile brush combo.",,14,4.9,,,,,,£84.99,84.99,specification,Xiaomi Vacuum Cleaner G20 Lite,Vacuum cleaner ×1,specification,Corners,Tiles,specification,Upgraded brush head combo Comprehensive cleaning on multiple surfaces,Xiaomi Vacuum Cleaner G20 Lite,specification,Charging voltage,Ceilings,specification,Turbo mode: 15 min Standard mode: 40 min,Net weight,specification,Recommended usage scenario,Certification name,specification,Cordless vacuum cleaner,Compact for convenient storage,specification,340 × 114 × 217 mm,Power supply ×1,specification,"99.9% of particulate matter: Based on testing by Suzhou GTT Service Co., Ltd. according to Clause 5.11 of IEC 62885-4:2020, proving that the machine could filter 99.9% of particulates with a size of 0.3–10um. Report No.: 0898-23A-01.",Electric brush bar 40-minute maximum battery life,specification,Rated voltage,User manual ×1,specification,More thoughtful design elements,"Extension rod: You can easily reach high corners, the tops of curtains, or air conditioners with its lightweight body supported by the extension rod.",specification,Electric brush bar,Brush head type,specification,Ultra-long battery life Long-lasting support for all your cleaning needs,Xiaomi Vacuum Cleaner G20 Lite,specification,Xiaomi Vacuum Cleaner G20 Lite,2-in-1 brush nozzle,specification,Five-stage deep filtration Preventing secondary pollution,"Five-stage precise filtration locks in 99.9% of particulate matter as small as 0.3μm, generating fresher air and preventing secondary pollution.",specification,Xiaomi Vacuum Cleaner G20 Lite,Floor mats,specification,Maximum suction power,Air cone separator,specification,Xiaomi Vacuum Cleaner G20 Lite,Xiaomi Vacuum Cleaner G20 Lite,specification,Turbo mode: 15 min Standard mode: 45 min,Xiaomi Vacuum Cleaner G20 Lite,,,
xiaomi,2025-09-27,https://ams-go.buy.mi.com/uk/v2/item/productdetail?from=pc&tag=xiaomi-smart-band-9-active-strap,https://www.mi.com/uk/product/xiaomi-smart-band-9-active-strap/buy/?gid=4223706256,4223706256,Xiaomi Smart Band 9 Active Strap Yellow,xiaomi,4.99,,,,Yellow,,,,Wearables,Smart Bands,Bands Accessories,,,,,https://i05.appmifile.com/91_item_uk/19/11/2024/45cdb34572dd0fde33a86341ed8ec4bb.png,//i05.appmifile.com/751_item_uk/19/11/2024/5c4e0fea552fe1cb25facc003d66f6cc.jpg,,,,Xiaomi Smart Band 9 Active Strap Specs:,,2,4.5,,,,,,£4.99,4.99,,,,,,,,,,,,,,,,,,,,,,,,,,,,,,,,,,,,,,,,,,,,,,,,,,,,,,,,,,,,
xiaomi,2025-09-27,https://ams-go.buy.mi.com/uk/v2/item/productdetail?from=pc&tag=xiaomi-smart-band-9-active-strap,https://www.mi.com/uk/product/xiaomi-smart-band-9-active-strap/buy/?gid=4223706257,4223706257,Xiaomi Smart Band 9 Active Strap Luminous,xiaomi,6.99,,,,Luminous,,,,Wearables,Smart Bands,Bands Accessories,,,,,https://i05.appmifile.com/152_item_uk/19/11/2024/cdcb6a485f7b07fe2dcca331ba901631.png,//i05.appmifile.com/751_item_uk/19/11/2024/5c4e0fea552fe1cb25facc003d66f6cc.jpg,,,,Xiaomi Smart Band 9 Active Strap Specs:,,2,4.5,,,,,,£6.99,6.99,,,,,,,,,,,,,,,,,,,,,,,,,,,,,,,,,,,,,,,,,,,,,,,,,,,,,,,,,,,,
xiaomi,2025-09-27,https://ams-go.buy.mi.com/uk/v2/item/productdetail?from=pc&tag=xiaomi-smart-band-9-active,https://www.mi.com/uk/product/xiaomi-smart-band-9-active/buy/?gid=4223706249,4223706249,Xiaomi Smart Band 9 Active Beige White,xiaomi,19.99,,,,Beige White,,,,Wearables,Smart Bands,Band,,,,,https://i05.appmifile.com/421_item_uk/18/11/2024/71bdf6ad6f6946ab954cda37dee034d3.png,https://i05.appmifile.com/740_item_uk/18/11/2024/3689e27a772bd06b3f7ddb42b6ba34b8.png,https://i05.appmifile.com/915_item_uk/18/11/2024/88f813fb94753dfe7813eef42fa55912.png,//i05.appmifile.com/816_item_uk/05/09/2025/992622b3d40d033855ad4f230f3be3c1.jpg,,"Discover the Xiaomi Smart Band 9 Active at Xiaomi UK — a sleek, lightweight fitness tracker with built-in GPS, 50+ sports modes, and up to 18‑day battery life.",,87,4.9,,,Y,,,£19.99,19.99,specification,18 days,Support,specification,Support,Almost weightless,specification,Support,Support,specification,Support,45.9 x 26.94 x 9.99mm,specification,"Refresh your style wherever, whenever",Colorful straps and 100+ watch faces to style yourself,specification,Resolution:,TPU,specification,Health,Weather,specification,Support,Gadgets,specification,"Heavy-load mode test conditions for the Xiaomi Smart Band 9 Active: Fully charged, using factory default settings and a static watch face, with advanced monitoring and breathing score monitoring turned on; whole-day heart rate monitoring turned on at a frequency of once every minute; blood oxygen saturation manually measured twice per day; message reminders (200 messages, 15 call reminders and 3 alarms per day) turned on; screen activated 500 times from arm movement daily and movement recording turned on for 90 minutes per week.",Find phone,specification,Super-light design,Xiaomi Smart Band 9 Active,specification,Bluetooth® 5.3 BLE,Xiaomi Smart Band 9 Active,specification,Up to 18 days,Enhanced chip,specification,Support,Smoother than ever before,specification,The strap is a separate accessory and must be purchased separately.,Xiaomi Smart Band 9 Active,specification,Women's health management,Material:,specification,Ultra-slim body,Typical usage mode,specification,Sleep Animal,5ATM water resistant,specification,Support,Support,specification,Mi Fitness,Xiaomi Smart Band 9 Active,,,
xiaomi,2025-09-27,https://ams-go.buy.mi.com/uk/v2/item/productdetail?from=pc&tag=xiaomi-smart-band-9-active,https://www.mi.com/uk/product/xiaomi-smart-band-9-active/buy/?gid=4223711913,4223711913,Xiaomi Smart Band 9 Active Purple,xiaomi,19.99,,,,Purple,,,,Wearables,Smart Bands,Band,,,,,https://i05.appmifile.com/764_item_uk/05/09/2025/c9110a7cf0f0b04c5263b463e96c467a.png,https://i05.appmifile.com/651_item_uk/05/09/2025/f721f3a15e5d8bbeb2e112ad47b8fb44.png,https://i05.appmifile.com/892_item_uk/05/09/2025/e4945ba2b23629087b1b81f0228fc6ba.png,//i05.appmifile.com/816_item_uk/05/09/2025/992622b3d40d033855ad4f230f3be3c1.jpg,,"Discover the Xiaomi Smart Band 9 Active at Xiaomi UK — a sleek, lightweight fitness tracker with built-in GPS, 50+ sports modes, and up to 18‑day battery life.",,87,4.9,,,Y,,,£19.99,19.99,specification,18 days,Support,specification,Support,Almost weightless,specification,Support,Support,specification,Support,45.9 x 26.94 x 9.99mm,specification,"Refresh your style wherever, whenever",Colorful straps and 100+ watch faces to style yourself,specification,Resolution:,TPU,specification,Health,Weather,specification,Support,Gadgets,specification,"Heavy-load mode test conditions for the Xiaomi Smart Band 9 Active: Fully charged, using factory default settings and a static watch face, with advanced monitoring and breathing score monitoring turned on; whole-day heart rate monitoring turned on at a frequency of once every minute; blood oxygen saturation manually measured twice per day; message reminders (200 messages, 15 call reminders and 3 alarms per day) turned on; screen activated 500 times from arm movement daily and movement recording turned on for 90 minutes per week.",Find phone,specification,Super-light design,Xiaomi Smart Band 9 Active,specification,Bluetooth® 5.3 BLE,Xiaomi Smart Band 9 Active,specification,Up to 18 days,Enhanced chip,specification,Support,Smoother than ever before,specification,The strap is a separate accessory and must be purchased separately.,Xiaomi Smart Band 9 Active,specification,Women's health management,Material:,specification,Ultra-slim body,Typical usage mode,specification,Sleep Animal,5ATM water resistant,specification,Support,Support,specification,Mi Fitness,Xiaomi Smart Band 9 Active,,,
xiaomi,2025-09-27,https://ams-go.buy.mi.com/uk/v2/item/productdetail?from=pc&tag=xiaomi-smart-band-9-active,https://www.mi.com/uk/product/xiaomi-smart-band-9-active/buy/?gid=4223711914,4223711914,Xiaomi Smart Band 9 Active Green,xiaomi,19.99,,,,Green,,,,Wearables,Smart Bands,Band,,,,,https://i05.appmifile.com/260_item_uk/05/09/2025/039cdd156f106d0039f153b1dd2c74d1.png,https://i05.appmifile.com/943_item_uk/05/09/2025/1c1ec3cd45c86a198d61ffe41bff8f00.png,https://i05.appmifile.com/164_item_uk/05/09/2025/a8546bd1890466fd79cd2a0fc5d04e1a.png,//i05.appmifile.com/816_item_uk/05/09/2025/992622b3d40d033855ad4f230f3be3c1.jpg,,"Discover the Xiaomi Smart Band 9 Active at Xiaomi UK — a sleek, lightweight fitness tracker with built-in GPS, 50+ sports modes, and up to 18‑day battery life.",,87,4.9,,,Y,,,£19.99,19.99,specification,18 days,Support,specification,Support,Almost weightless,specification,Support,Support,specification,Support,45.9 x 26.94 x 9.99mm,specification,"Refresh your style wherever, whenever",Colorful straps and 100+ watch faces to style yourself,specification,Resolution:,TPU,specification,Health,Weather,specification,Support,Gadgets,specification,"Heavy-load mode test conditions for the Xiaomi Smart Band 9 Active: Fully charged, using factory default settings and a static watch face, with advanced monitoring and breathing score monitoring turned on; whole-day heart rate monitoring turned on at a frequency of once every minute; blood oxygen saturation manually measured twice per day; message reminders (200 messages, 15 call reminders and 3 alarms per day) turned on; screen activated 500 times from arm movement daily and movement recording turned on for 90 minutes per week.",Find phone,specification,Super-light design,Xiaomi Smart Band 9 Active,specification,Bluetooth® 5.3 BLE,Xiaomi Smart Band 9 Active,specification,Up to 18 days,Enhanced chip,specification,Support,Smoother than ever before,specification,The strap is a separate accessory and must be purchased separately.,Xiaomi Smart Band 9 Active,specification,Women's health management,Material:,specification,Ultra-slim body,Typical usage mode,specification,Sleep Animal,5ATM water resistant,specification,Support,Support,specification,Mi Fitness,Xiaomi Smart Band 9 Active,,,
xiaomi,2025-09-27,https://ams-go.buy.mi.com/uk/v2/item/productdetail?from=pc&tag=xiaomi-smart-band-9-active,https://www.mi.com/uk/product/xiaomi-smart-band-9-active/buy/?gid=4223706247,4223706247,Xiaomi Smart Band 9 Active Black,xiaomi,19.99,,,,Black,,,,Wearables,Smart Bands,Band,,,,,https://i05.appmifile.com/892_item_uk/18/11/2024/cb7287969c92c1b3b9eecf9f755ca339.png,https://i05.appmifile.com/887_item_uk/18/11/2024/a709c6e8d478c51e76733309915f113c.png,https://i05.appmifile.com/784_item_uk/18/11/2024/3b50ce36e768a6a6c08f5d2585852990.png,//i05.appmifile.com/816_item_uk/05/09/2025/992622b3d40d033855ad4f230f3be3c1.jpg,,"Discover the Xiaomi Smart Band 9 Active at Xiaomi UK — a sleek, lightweight fitness tracker with built-in GPS, 50+ sports modes, and up to 18‑day battery life.",,87,4.9,,,Y,,,£19.99,19.99,specification,18 days,Support,specification,Support,Almost weightless,specification,Support,Support,specification,Support,45.9 x 26.94 x 9.99mm,specification,"Refresh your style wherever, whenever",Colorful straps and 100+ watch faces to style yourself,specification,Resolution:,TPU,specification,Health,Weather,specification,Support,Gadgets,specification,"Heavy-load mode test conditions for the Xiaomi Smart Band 9 Active: Fully charged, using factory default settings and a static watch face, with advanced monitoring and breathing score monitoring turned on; whole-day heart rate monitoring turned on at a frequency of once every minute; blood oxygen saturation manually measured twice per day; message reminders (200 messages, 15 call reminders and 3 alarms per day) turned on; screen activated 500 times from arm movement daily and movement recording turned on for 90 minutes per week.",Find phone,specification,Super-light design,Xiaomi Smart Band 9 Active,specification,Bluetooth® 5.3 BLE,Xiaomi Smart Band 9 Active,specification,Up to 18 days,Enhanced chip,specification,Support,Smoother than ever before,specification,The strap is a separate accessory and must be purchased separately.,Xiaomi Smart Band 9 Active,specification,Women's health management,Material:,specification,Ultra-slim body,Typical usage mode,specification,Sleep Animal,5ATM water resistant,specification,Support,Support,specification,Mi Fitness,Xiaomi Smart Band 9 Active,,,
xiaomi,2025-09-27,https://ams-go.buy.mi.com/uk/v2/item/productdetail?from=pc&tag=xiaomi-smart-band-9-active,https://www.mi.com/uk/product/xiaomi-smart-band-9-active/buy/?gid=4223706248,4223706248,Xiaomi Smart Band 9 Active Pink,xiaomi,19.99,,,,Pink,,,,Wearables,Smart Bands,Band,,,,,https://i05.appmifile.com/854_item_uk/18/11/2024/28af9a0c9e2f88bb6315ef28da48f486.png,https://i05.appmifile.com/203_item_uk/18/11/2024/3bcac032b7fd5a5b5e5e7e282b2ce770.png,https://i05.appmifile.com/429_item_uk/18/11/2024/9c155c2e35e96228831bee26c9f44ec7.png,//i05.appmifile.com/816_item_uk/05/09/2025/992622b3d40d033855ad4f230f3be3c1.jpg,,"Discover the Xiaomi Smart Band 9 Active at Xiaomi UK — a sleek, lightweight fitness tracker with built-in GPS, 50+ sports modes, and up to 18‑day battery life.",,87,4.9,,,Y,,,£19.99,19.99,specification,18 days,Support,specification,Support,Almost weightless,specification,Support,Support,specification,Support,45.9 x 26.94 x 9.99mm,specification,"Refresh your style wherever, whenever",Colorful straps and 100+ watch faces to style yourself,specification,Resolution:,TPU,specification,Health,Weather,specification,Support,Gadgets,specification,"Heavy-load mode test conditions for the Xiaomi Smart Band 9 Active: Fully charged, using factory default settings and a static watch face, with advanced monitoring and breathing score monitoring turned on; whole-day heart rate monitoring turned on at a frequency of once every minute; blood oxygen saturation manually measured twice per day; message reminders (200 messages, 15 call reminders and 3 alarms per day) turned on; screen activated 500 times from arm movement daily and movement recording turned on for 90 minutes per week.",Find phone,specification,Super-light design,Xiaomi Smart Band 9 Active,specification,Bluetooth® 5.3 BLE,Xiaomi Smart Band 9 Active,specification,Up to 18 days,Enhanced chip,specification,Support,Smoother than ever before,specification,The strap is a separate accessory and must be purchased separately.,Xiaomi Smart Band 9 Active,specification,Women's health management,Material:,specification,Ultra-slim body,Typical usage mode,specification,Sleep Animal,5ATM water resistant,specification,Support,Support,specification,Mi Fitness,Xiaomi Smart Band 9 Active,,,
xiaomi,2025-09-27,https://ams-go.buy.mi.com/uk/v2/item/productdetail?from=pc&tag=xiaomi-dust-mite-vacuum-cleaner-filter,https://www.mi.com/uk/product/xiaomi-dust-mite-vacuum-cleaner-filter/buy/?gid=4223706206,4223706206,Xiaomi Dust Mite Vacuum Cleaner Filter (2-Pack),xiaomi,5.99,,,,,,,,Smart Home,Vacuum Cleaners,Vacuum Cleaners Accessories,,,,,https://i05.appmifile.com/853_item_uk/15/11/2024/ca707c921630ee4153fa7cd73ccdaabf.png,https://i05.appmifile.com/674_item_uk/15/11/2024/deaa2a9251e79bd5b193d7e9644caa0a.png,https://i05.appmifile.com/136_item_uk/15/11/2024/ac1eabcb61ee734bc9f08b80a22009c8.png,https://i05.appmifile.com/329_item_uk/15/11/2024/6ee0dfb38a67c27ab4f6a39d2f21caab.png,https://i05.appmifile.com/473_item_uk/15/11/2024/6c77f687edc6bec2cdeba0c3dda8d846.png,Xiaomi Dust Mite Vacuum Cleaner Filter (2-Pack) Specs: | Xiaomi United Kingdom,,3,5.0,,,,,,£5.99,5.99,specification,Warranty notice x1,Step 2:,specification,Economical,2-3 months,specification,MJCMY02GL-LX,User manual x1,specification,Model:,Item Dimensions:,specification,Xiaomi Dust Mite Vacuum Cleaner Filter,Xiaomi Dust Mite Vacuum Cleaner Filter,specification,Xiaomi Dust Mite Vacuum Cleaner Filter,5-step easy cleaning,specification,19g (each),"The filter uses high-density paper folded into 46 mountain-like structures, reducing air resistance for smooth and unclogged filtration. The filtration area is increased compared to flat structures, improving the effectiveness of purification.",specification,Xiaomi Dust Mite Vacuum Cleaner Filter,Twist to remove the cyclone separator,specification,high-efficiency filter,Xiaomi Dust Mite Vacuum Cleaner Filter,specification,Twist to remove the filter,Step 4:,specification,Reinstall the filter after drying,Xiaomi Dust Mite Vacuum Cleaner Filter,specification,Xiaomi Dust Mite Vacuum Cleaner Filter,Step 5:,specification,Xiaomi Dust Mite Vacuum Cleaner Filter,Effectively filter fine dust as small as 0.3μm,specification,Washable and reusable,"The filter can be disassembled and washed. After cleaning with water and being left to air dry, it can be reused, providing an economical, environmentally friendly and cost-effective solution.",specification,Xiaomi Dust Mite Vacuum Cleaner Filter,Step 3:,specification,Xiaomi Dust Mite Vacuum Cleaner Filter,"99% filtration efficiency: Verified by Suzhou GTT Service Co., Ltd. The full unit filtration efficiency for 0.3 to 10μm fine dust can reach 99%. Report number: 0017-24A-03.",specification,"Tips: To ensure optimal performance, clean the filter weekly and replace it every 2 to 3 months.",Xiaomi Dust Mite Vacuum Cleaner Filter,specification,H13-grade,"Rinse with water to clean, then air dry the filter away from direct light",,,,,,
xiaomi,2025-09-27,https://ams-go.buy.mi.com/uk/v2/item/productdetail?from=pc&tag=xiaomi-smart-dehumidifier-lite,https://www.mi.com/uk/product/xiaomi-smart-dehumidifier-lite/buy/?gid=4223706205,4223706205,Xiaomi Smart Dehumidifier Lite,xiaomi,149.99,,,,,,,,Smart Home,Environment Appliances,Dehumidifiers,,,,,https://i05.appmifile.com/613_item_uk/15/11/2024/7f95aab5250f9cfedfa865e40de9ca5e.png,https://i05.appmifile.com/512_item_uk/15/11/2024/08ce7d6a4e909ebaa2e93858bd4c72ec.png,https://i05.appmifile.com/213_item_uk/15/11/2024/1d4a9d3e4aace22ad69422981b6ac24b.png,https://i05.appmifile.com/674_item_uk/15/11/2024/da5dcd73b45f3ff2c0d6aa4324d6ef5b.png,https://i05.appmifile.com/621_item_uk/15/11/2024/ef2185a3771db0d07670b9afc951ad0c.png,"Explore the Xiaomi Smart Dehumidifier Lite specs at Xiaomi UK. Delivers whisper‑quiet 34 dB, washable filter, app + voice control and easy mobility.",,16,4.9,,,,,,£149.99,149.99,specification,"Smart defrosting: when the indoor temperature drops below 15°C, the evaporator and condenser of the dehumidifier could get frosty. If frost is detected, the dehumidifier will automatically switch to defrost mode. This means the compressor will stop, but the fan will keep running until the frost melts. Once defrosting is completed, the dehumidifier will return to normal operations.",Xiaomi Smart Dehumidifier Lite,specification,Refrigerant leak protection,13L/D compact and rapid dehumidification delivers sunshine-like refreshment,specification,Dehumidifying capacity,Wi-Fi IEEE 802.11b/g/n 2.4GHz,specification,Cover a wider area and remove moisture throughout your whole home,scheduling,specification,"25m² bedroom: in an enthalpy difference lab with an area of 25m², a height of 2.8m, and operating at 30±2°C with 80%RH, the dehumidifier ran in clothes drying mode for 90 minutes, resulting in a 20% average decrease in relative humidity. Tested by Zhuhai Samyou Environmental Technology Co., Ltd. Report No.: PP-20230807-001.",Water tank x1 (pre-installed),specification,Xiaomi Smart Dehumidifier Lite,Xiaomi Smart Dehumidifier Lite,specification,13L/D (30°C/80%RH) 0.29kg/h (27°C/60%RH),Noise,specification,Good night: switch to sleep mode,Surroundings feel instantly refreshed,specification,Xiaomi Smart Dehumidifier Lite,Control remotely with the MiHome/Xiaomi Home app and set working modes to suit versatile scenarios,specification,Xiaomi Smart Dehumidifier Lite,Xiaomi Smart Dehumidifier Lite,specification,Operating temperature,Rated power,specification,=,Item dimensions,specification,Xiaomi Smart Dehumidifier Lite,Max. input current,specification,220V-240V~,190W,specification,Fire and flame retardancy,Overheating protection,specification,Refrigerant,Automatic switch-off when tank is full,specification,Model,Net weight,specification,"Quiet operation at 34dB(A): measured in sleep mode in accordance with the GB/T 19411-2003 standard, the noise level was 34dB(A). Tested by Vkan Certification & Testing Co., Ltd. (CVC). Report No.: WTS2024-2486.",13L,specification,8-hour continuous operation protection,7 noise cancellation optimisations for a quiet drying experience,,,
xiaomi,2025-09-27,https://ams-go.buy.mi.com/uk/v2/item/productdetail?from=pc&tag=xiaomi-truclean-w20-wet-dry-vacuum-filter-2-pack,https://www.mi.com/uk/product/xiaomi-truclean-w20-wet-dry-vacuum-filter-2-pack/buy/?gid=4223706182,4223706182,Xiaomi Truclean W20 Wet Dry Vacuum Filter (2-Pack),xiaomi,7.99,,,,,,,,Smart Home,Vacuum Cleaners,Vacuum Cleaners Accessories,,,,,https://i05.appmifile.com/712_item_uk/13/11/2024/90b5a04fdb16de4ff9a56ccfd00d0894.png,,,,,Xiaomi Truclean W20 Wet Dry Vacuum Filter (2-Pack) Specs:,,6,5.0,,,,,,£7.99,7.99,,,,,,,,,,,,,,,,,,,,,,,,,,,,,,,,,,,,,,,,,,,,,,,,,,,,,,,,,,,,
xiaomi,2025-09-27,https://ams-go.buy.mi.com/uk/v2/item/productdetail?from=pc&tag=xiaomi-business-backpack,https://www.mi.com/uk/product/xiaomi-business-backpack/buy/?gid=4223706181,4223706181,Xiaomi Business Backpack Black,xiaomi,59.99,,,,Black,,,,Life style,Outdoors,Bags,,,,,https://i05.appmifile.com/987_item_uk/13/11/2024/3c6d3a6d5bd2ab89d14c0deb6329677c.png,https://i05.appmifile.com/850_item_uk/13/11/2024/39caf4a648a6665b12a9b4125d0218d3.png,https://i05.appmifile.com/323_item_uk/13/11/2024/3639031541dac2a3239dc79a46042829.png,//i05.appmifile.com/893_item_uk/13/11/2024/edb1e8e6edef10b92075223a6f183970.jpg,,"Xiaomi Business Backpack Specs: Divider for organised storage, Separate space for your laptop and work things and a large-capacity compartment for everything else, Multifunctional front compartment",,3,5.0,,,,,,£59.99,59.99,specification,Premium spliced fabric,Fabric - polyester,specification,Xiaomi Business Backpack,Xiaomi Business Backpack,specification,Xiaomi Business Backpack,All dimensions are measured manually leading to the possibility of a 1–2cm deviation.,specification,"The large-capacity compartment accommodates a storage pouch and multiple dividers, as well as mesh pockets, specifically designed for small items such as wallets, USB cables, and pens. Keep miscellaneous items neatly organised for easy access and enhanced efficiency.",Approx. 1100g,specification,Xiaomi Business Backpack,Xiaomi Business Backpack,specification,Net weight,Xiaomi Business Backpack,specification,Name,Portable suitcase strap,specification,More details,"The ergonomic backpack design featuring wide shoulder straps with a breathable sandwich mesh provides excellent comfort and ventilation. S-shaped shoulder straps distribute weight efficiently, reducing pressure on the shoulders for a more comfortable experience.",specification,Xiaomi Business Backpack,Black,specification,Xiaomi Business Backpack,Product volume,specification,"Instant access to small items (e.g. earphones, ID card, tissues). Conveniently retrieve frequently used items when out and about.",Xiaomi Business Backpack,specification,Multifunctional front compartment,Lining - polyester,specification,Xiaomi Business Backpack,Xiaomi Business Backpack,specification,Colour offering,"Smoothly attaches and detaches from a suitcase handle, allowing you to keep your hands free for worry-free travelling.",specification,Spacious laptop compartment,Xiaomi Business Backpack,specification,"Spacious laptop compartment with a shock-absorbing sleeve to protect your device. With an accordion-like structure, it has reinforced storage compartments to keep office essentials such as folders and books organised and accessible.",Fits a 17-inch laptop,specification,"Elastic side pockets on both sides, suitable for quick access to water bottles and umbrellas.",Xiaomi Business Backpack,specification,Xiaomi Business Backpack,Xiaomi Business Backpack,specification,Strong weight-bearing capability to reduce strain on your hands.,"Compatible with Xiaomi suitcases. As telescopic handles may differ, the actual product experience and functions may vary.",,,
