source,date,apiURL,url,sku,name,brand,price,previousPrice,onSale,saleText,colour,size,UPC,EAN,cat,subcat1,subcat2,subcat3,subcat4,subcat5,warranty,image1,image2,image3,image4,image5,desc,shortDesc,reviewCount,reviewRating,videoURL,isSellingFast,isRestockingSoon,isPromotion,isOutletPrice,lowestPriceText,lowestPriceValue,attributeType1,attributeTitle1,attributeValue1,attributeType2,attributeTitle2,attributeValue2,attributeType3,attributeTitle3,attributeValue3,attributeType4,attributeTitle4,attributeValue4,attributeType5,attributeTitle5,attributeValue5,attributeType6,attributeTitle6,attributeValue6,attributeType7,attributeTitle7,attributeValue7,attributeType8,attributeTitle8,attributeValue8,attributeType9,attributeTitle9,attributeValue9,attributeType10,attributeTitle10,attributeValue10,attributeType11,attributeTitle11,attributeValue11,attributeType12,attributeTitle12,attributeValue12,attributeType13,attributeTitle13,attributeValue13,attributeType14,attributeTitle14,attributeValue14,attributeType15,attributeTitle15,attributeValue15,attributeType16,attributeTitle16,attributeValue16,attributeType17,attributeTitle17,attributeValue17,attributeType18,attributeTitle18,attributeValue18,attributeType19,attributeTitle19,attributeValue19,attributeType20,attributeTitle20,attributeValue20
HONOR,2025-09-25,https://selfservice-de.hihonor.com/ccpcmd/services/dispatch/secured/CCPC/EN/eCommerce/querySkuDetailDispInfo/1000?skuCodes=82440110012030000101&siteCode=uk&groupFlag=false,https://www.honor.com/uk/audio/honor-earbuds-open/buy/?productId=18244923354098&skuCode=82440110012030000101,82440110012030000101,HONOR Earbuds Open Polar Gold,HONOR,149.99,,,,Polar Gold,,,6936520860845,audio,honor-earbuds-open,buy,,,,,https://img02.honorfile.com/eu/uk/honor/pms/product/6936520860845/group/800_800_90Percent_39467928F6023D7EE1D34649499FFEB1DF63E01AF8CC3840mp.webp,https://img02.honorfile.com/eu/uk/honor/pms/product/6936520860845/group/800_800_90Percent_317FDC4B8C6CBA74B04262FB21CEF479B65AC94EED52CBEEmp.webp,https://img02.honorfile.com/eu/uk/honor/pms/product/6936520860845/group/800_800_90Percent_9FD47855FCE4E0B7A50DDBF6CFFEA83642FB98B81EAA9425mp.webp,https://img02.honorfile.com/eu/uk/honor/pms/product/6936520860845/group/800_800_90Percent_F688135468ECE67789244DD595118E8DC261ACF133BA4036mp.webp,https://img02.honorfile.com/eu/uk/honor/pms/product/6936520860845/group/800_800_90Percent_75BABFC7D0E6F2376F30577268928EB2904FA74BC9DAFFDFmp.webp,,,32,5.0,,,,,,£149.99,149.99,variant,Colour,Polar Gold,,,,,,,,,,,,,,,,,,,,,,,,,,,,,,,,,,,,,,,,,,,,,,,,,,,,,,,,,
HONOR,2025-09-25,https://selfservice-de.hihonor.com/ccpcmd/services/dispatch/secured/CCPC/EN/eCommerce/querySkuDetailDispInfo/1000?skuCodes=82440110012030000102&siteCode=uk&groupFlag=false,https://www.honor.com/uk/audio/honor-earbuds-open/buy/?productId=18244923354098&skuCode=82440110012030000102,82440110012030000102,HONOR Earbuds Open Polar Black,HONOR,149.99,,,,Polar Black,,,6936520860852,audio,honor-earbuds-open,buy,,,,,https://img02.honorfile.com/eu/uk/honor/pms/product/6936520860852/group/800_800_90Percent_2FADDC0016BA1F8309F28829EC12BB2D3C5A1505131F94BDmp.webp,https://img02.honorfile.com/eu/uk/honor/pms/product/6936520860852/group/800_800_90Percent_962E1D117C20CA66977082DC3C5D90F4D061943FCCCF6DBFmp.webp,https://img02.honorfile.com/eu/uk/honor/pms/product/6936520860852/group/800_800_90Percent_22DFE436CC2A0347D0A3091F679E29F2E64D71B38A6C5F1Amp.webp,https://img02.honorfile.com/eu/uk/honor/pms/product/6936520860852/group/800_800_90Percent_3983C981BF09F84320F4EF78A230268230F6BAA1F20C6C68mp.webp,https://img02.honorfile.com/eu/uk/honor/pms/product/6936520860852/group/800_800_90Percent_AE847D3C7099BB484EB2729DE5DCC526B5B5A0435D5292E0mp.webp,,,32,5.0,,,,,,£149.99,149.99,variant,Colour,Polar Black,,,,,,,,,,,,,,,,,,,,,,,,,,,,,,,,,,,,,,,,,,,,,,,,,,,,,,,,,
HONOR,2025-09-25,https://selfservice-de.hihonor.com/ccpcmd/services/dispatch/secured/CCPC/EN/eCommerce/querySkuDetailDispInfo/1000?skuCodes=82440110012020000101&siteCode=uk&groupFlag=false,https://www.honor.com/uk/audio/honor-earbuds-x6/buy/?productId=18244488172540&skuCode=82440110012020000101,82440110012020000101,HONOR Earbuds X6 White,HONOR,39.99,,,,White,,,6936520838097,audio,honor-earbuds-x6,buy,,,,,https://img02.honorfile.com/eu/uk/honor/pms/product/6936520838097/group/800_800_90Percent_99A683FCF5982759C0AAE463736ED2E0C0AE57AAA0863875mp.webp,https://img02.honorfile.com/eu/uk/honor/pms/product/6936520838097/group/800_800_90Percent_B8747D9FB20C938F9C7EAA6D878B1B1B377029067F4AA490mp.webp,https://img02.honorfile.com/eu/uk/honor/pms/product/6936520838097/group/800_800_90Percent_27AEE668711A9C01D3F4A5D3EF62BF1B0BCEE91BF6ECE9AEmp.webp,https://img02.honorfile.com/eu/uk/honor/pms/product/6936520838097/group/800_800_90Percent_AAE7E0F882FDC79C3C6D8B7795CBB8533D64E790E5906209mp.webp,https://img02.honorfile.com/eu/uk/honor/pms/product/6936520838097/group/800_800_90Percent_61493C9512AD91607B877C9792C20028FCF5E4084BE4237Fmp.webp,,,96,4.9,,,,,,£39.99,39.99,variant,Colour,White,,,,,,,,,,,,,,,,,,,,,,,,,,,,,,,,,,,,,,,,,,,,,,,,,,,,,,,,,
HONOR,2025-09-25,https://selfservice-de.hihonor.com/ccpcmd/services/dispatch/secured/CCPC/EN/eCommerce/querySkuDetailDispInfo/1000?skuCodes=82440111010205101&siteCode=uk&groupFlag=false,https://www.honor.com/uk/audio/honor-earbuds-x5/buy/?productId=18244595149498&skuCode=82440111010205101,82440111010205101,HONOR Earbuds X5,HONOR,39.99,,,,White,,,6936520821440,audio,honor-earbuds-x5,buy,,,,,https://img02.honorfile.com/eu/uk/honor/pms/product/6936520821440/group/800_800_90Percent_529745AEB980A7F3028592C163738AC011CCEF42B396912D.webp,https://img02.honorfile.com/eu/uk/honor/pms/product/6936520821440/group/800_800_90Percent_7C01128C38E66122A1CC7553DB781B1C938B5DDD6277E08B.webp,https://img02.honorfile.com/eu/uk/honor/pms/product/6936520821440/group/800_800_90Percent_C1FF3D00F704F9BC3BB411B9418A97B70F70449D5DC1F9E0.webp,https://img02.honorfile.com/eu/uk/honor/pms/product/6936520821440/group/800_800_90Percent_B1872F930737A79FAE615A6376BBED865EDDCE5B706683B1.webp,https://img02.honorfile.com/eu/uk/honor/pms/product/6936520821440/group/800_800_90Percent_AFE37CF5F25A28E9647299016E0E9AB5963F6837D4CB7B4B.webp,,,79,4.7,,,,,,£39.99,39.99,variant,Colour,White,,,,,,,,,,,,,,,,,,,,,,,,,,,,,,,,,,,,,,,,,,,,,,,,,,,,,,,,,
HONOR,2025-09-25,https://selfservice-de.hihonor.com/ccpcmd/services/dispatch/secured/CCPC/EN/eCommerce/querySkuDetailDispInfo/1000?skuCodes=82440111010203401&siteCode=uk&groupFlag=false,https://www.honor.com/uk/audio/honor-earbuds-3-pro/buy/?productId=18244759877577&skuCode=82440111010203401,82440111010203401,HONOR Earbuds 3 Pro White,HONOR,169.99,,,,White,,,6936520808106,audio,honor-earbuds-3-pro,buy,,,,,https://img02.honorfile.com/eu/uk/honor/pms/product/6936520808106/group/800_800_90Percent_9E5AB9BBDC1F0196FF5BADB5F848FD161055D12056DF57F8.webp,https://img02.honorfile.com/eu/uk/honor/pms/product/6936520808106/group/800_800_90Percent_8129333671ACF13C46D3774F38C28A2FDB1B609D132197A7.webp,https://img02.honorfile.com/eu/uk/honor/pms/product/6936520808106/group/800_800_90Percent_C561A7FA09C7894CCECB0254DD231FA7D57244C1D815A453.webp,https://img02.honorfile.com/eu/uk/honor/pms/product/6936520808106/group/800_800_90Percent_97F80D20DA8CCC05C04C2470FBEED5452EFD44B515048599.webp,https://img02.honorfile.com/eu/uk/honor/pms/product/6936520808106/group/800_800_90Percent_4682EAF1BBB768DF2A6A06C58A0517A3081EF1091A9F6166.webp,"Buy the New HONOR Earbuds 3 Pro with advanced health monitor, fast charging & 14-day battery and make calls on watch. Purchase with Free Delivery and Free Returns at HONOR UK.",New Buy HONOR Earbuds 3 Pro | Price & Offer | HONOR UK,7,4.2,,,,,,£169.99,169.99,variant,Colour,White,,,,,,,,,,,,,,,,,,,,,,,,,,,,,,,,,,,,,,,,,,,,,,,,,,,,,,,,,
HONOR,2025-09-25,https://selfservice-de.hihonor.com/ccpcmd/services/dispatch/secured/CCPC/EN/eCommerce/querySkuDetailDispInfo/1000?skuCodes=82440111010203402&siteCode=uk&groupFlag=false,https://www.honor.com/uk/audio/honor-earbuds-3-pro/buy/?productId=18244759877577&skuCode=82440111010203402,82440111010203402,HONOR Earbuds 3 Pro Grey,HONOR,169.99,,,,Grey,,,6936520808113,audio,honor-earbuds-3-pro,buy,,,,,https://img02.honorfile.com/eu/uk/honor/pms/product/6936520808113/group/800_800_90Percent_FCF9E2D11AFF185B0F605AC649D9DB50022C42CB37394163.webp,https://img02.honorfile.com/eu/uk/honor/pms/product/6936520808113/group/800_800_90Percent_CBF8C9EDB448797A304005F3FCB80D85F969FB1C307BBC70.webp,https://img02.honorfile.com/eu/uk/honor/pms/product/6936520808113/group/800_800_90Percent_CE174D994C9C7E21555D8F6E59FDC826852EC6357F575344.webp,https://img02.honorfile.com/eu/uk/honor/pms/product/6936520808113/group/800_800_90Percent_EFB56F9001021ACB057D82F696864A091328549A97D0ED86.webp,https://img02.honorfile.com/eu/uk/honor/pms/product/6936520808113/group/800_800_90Percent_EDD80FC24C25ECEAA7E1036AB65DC3E2B0CDD15770B3AEB8.webp,"Buy the New HONOR Earbuds 3 Pro with advanced health monitor, fast charging & 14-day battery and make calls on watch. Purchase with Free Delivery and Free Returns at HONOR UK.",New Buy HONOR Earbuds 3 Pro | Price & Offer | HONOR UK,7,4.2,,,,,,£169.99,169.99,variant,Colour,Grey,,,,,,,,,,,,,,,,,,,,,,,,,,,,,,,,,,,,,,,,,,,,,,,,,,,,,,,,,
HONOR,2025-09-25,https://selfservice-de.hihonor.com/ccpcmd/services/dispatch/secured/CCPC/EN/eCommerce/querySkuDetailDispInfo/1000?skuCodes=82440111010202601&siteCode=uk&groupFlag=false,https://www.honor.com/uk/audio/honor-earbuds-2-lite/buy/?productId=18244593482129&skuCode=82440111010202601,82440111010202601,HONOR Earbuds 2 Lite Glacier White,HONOR,69.99,,,,Glacier White,,,6973316855227,audio,honor-earbuds-2-lite,buy,,,,,,,,,,"Buy the New HONOR Earbuds 2 Lite comes with a 32 Hours Battery, Active Noise Cancelling, and Awareness Mode to help you hear without taking off your earbuds. Purchase with Free Delivery and Free Returns at HONOR UK store.",Buy HONOR Earbuds 2 Lite | Price & Offer | HONOR UK,9,4.0,,,,,,£69.99,69.99,variant,Colour,Glacier White,,,,,,,,,,,,,,,,,,,,,,,,,,,,,,,,,,,,,,,,,,,,,,,,,,,,,,,,,
HONOR,2025-09-25,https://selfservice-de.hihonor.com/ccpcmd/services/dispatch/secured/CCPC/EN/eCommerce/querySkuDetailDispInfo/1000?skuCodes=82440110003070000101&siteCode=uk&groupFlag=false,https://www.honor.com/uk/laptops/honor-magicbook-art-14-2025/buy/?productId=18244081163824&skuCode=82440110003070000101,82440110003070000101,HONOR MagicBook Art 14 2025 14.6 inch ARL Ultra7 UMA 32GB SSD 1TB Emerald Green WIN11 HOME,HONOR,1099.99,1499.99,Y,,Emerald Green,,,6936520876327,laptops,honor-magicbook-art-14-2025,buy,,,,,https://img02.honorfile.com/eu/uk/honor/pms/product/6936520876327/group/800_800_90Percent_4AA1CA7182B4E0ADA72345DFB14360E74E4BB469E7448340mp.webp,https://img02.honorfile.com/eu/uk/honor/pms/product/6936520876327/group/800_800_90Percent_3DDEDEAD601D320B4345E83A88A846100D5DAABF32D5BCDAmp.webp,https://img02.honorfile.com/eu/uk/honor/pms/product/6936520876327/group/800_800_90Percent_0953A89AEE0D9ADCE89B762E2D55623DF61B6661F83D3595mp.webp,https://img02.honorfile.com/eu/uk/honor/pms/product/6936520876327/group/800_800_90Percent_D21965759177046941B27D077DE925E5D022D2875EF537B8mp.webp,https://img02.honorfile.com/eu/uk/honor/pms/product/6936520876327/group/800_800_90Percent_C6B2CEF60E1B11EAF6AAF216FBE77C656BBD7EBD7AB4CB58mp.webp,,,1,5.0,,,,,,£1099.99,1099.99,variant,Colour,Emerald Green,specification,Operating System,Windows 11 Home,,,,,,,,,,,,,,,,,,,,,,,,,,,,,,,,,,,,,,,,,,,,,,,,,,,,,,
HONOR,2025-09-25,https://selfservice-de.hihonor.com/ccpcmd/services/dispatch/secured/CCPC/EN/eCommerce/querySkuDetailDispInfo/1000?skuCodes=82440110003080000101&siteCode=uk&groupFlag=false,https://www.honor.com/uk/laptops/honor-magicbook-pro-14/buy/?productId=18244727811437&skuCode=82440110003080000101,82440110003080000101,HONOR MagicBook Pro 14 2025 14.55 inch ARL Ultra9 UMA 32GB SSD 1TB Grey Windows 11,HONOR,949.99,1299.99,Y,,Grey,32GB,,6936520867905,laptops,honor-magicbook-pro-14,buy,,,,,https://img02.honorfile.com/eu/uk/honor/pms/product/6936520867905/group/800_800_90Percent_1F3C8CE60A8E53E798CF67126D41D934799E8B0EEBBCBAF0mp.webp,https://img02.honorfile.com/eu/uk/honor/pms/product/6936520867905/group/800_800_90Percent_1F5256519C931CD10F3B24B143DEB0C8AAE10C568618672Amp.webp,https://img02.honorfile.com/eu/uk/honor/pms/product/6936520867905/group/800_800_90Percent_FACE096289F2CEBE71D112FC682937385730F81D43AF9BD4mp.webp,https://img02.honorfile.com/eu/uk/honor/pms/product/6936520867905/group/800_800_90Percent_1C82307A8E5D7AE44510DF21315DC92A0D01453CFCB20E80mp.webp,https://img02.honorfile.com/eu/uk/honor/pms/product/6936520867905/group/800_800_90Percent_00BFD33148991390E1524CEBCDC31EAE69C9741284169CDCmp.webp,,,16,5.0,,,,,,£949.99,949.99,variant,Colour,Grey,specification,Processor,Intel® Core™ Ultra 9 Processor 285H,specification,Memory,32GB,,,,,,,,,,,,,,,,,,,,,,,,,,,,,,,,,,,,,,,,,,,,,,,,,,,
HONOR,2025-09-25,https://selfservice-de.hihonor.com/ccpcmd/services/dispatch/secured/CCPC/EN/eCommerce/querySkuDetailDispInfo/1000?skuCodes=82440110003080000102&siteCode=uk&groupFlag=false,https://www.honor.com/uk/laptops/honor-magicbook-pro-14/buy/?productId=18244727811437&skuCode=82440110003080000102,82440110003080000102,HONOR MagicBook Pro 14 2025 14.6 inch MTL Ultra5 UMA 24GB SSD 1TB Starry Gray Windows 11,HONOR,699.99,899.99,Y,,Grey,24GB,,6936520875894,laptops,honor-magicbook-pro-14,buy,,,,,https://img02.honorfile.com/eu/uk/honor/pms/product/6936520875894/group/800_800_90Percent_7B0328EC46ACF9992906169010D7456F54F5A1F01445965Fmp.webp,https://img02.honorfile.com/eu/uk/honor/pms/product/6936520875894/group/800_800_90Percent_2781D937CE77780B1F880C5220D3073154D258DE39C2DF76mp.webp,https://img02.honorfile.com/eu/uk/honor/pms/product/6936520875894/group/800_800_90Percent_9FF07CD7F52065C59F90E7C35C31F6BA20C626188237A9F2mp.webp,https://img02.honorfile.com/eu/uk/honor/pms/product/6936520875894/group/800_800_90Percent_5D9BA5E95FA2AB34B4EBCFA63AB2EEBFBFE2025612D4F166mp.webp,https://img02.honorfile.com/eu/uk/honor/pms/product/6936520875894/group/800_800_90Percent_FD5F8E359CC2B2DB995FF29E66E7DE544444A1572EA7E73Dmp.webp,,,16,5.0,,,,,,£699.99,699.99,variant,Colour,Grey,specification,Processor,Intel® Core™ Ultra 5 processor 125H,specification,Memory,24GB,,,,,,,,,,,,,,,,,,,,,,,,,,,,,,,,,,,,,,,,,,,,,,,,,,,
HONOR,2025-09-25,https://selfservice-de.hihonor.com/ccpcmd/services/dispatch/secured/CCPC/EN/eCommerce/querySkuDetailDispInfo/1000?skuCodes=82440110003040000101&siteCode=uk&groupFlag=false,https://www.honor.com/uk/laptops/honor-magicbook-x16-2024/buy/?productId=18244120130459&skuCode=82440110003040000101,82440110003040000101,HONOR MagicBook X 16 2024 16 inch ADL i5 UMA 8GB SSD 512GB Space Gray WIN11 HOME,HONOR,649.99,,,,Grey,,,6936520835645,laptops,honor-magicbook-x16-2024,buy,,,,,https://img02.honorfile.com/eu/uk/honor/pms/product/6936520835645/group/800_800_90Percent_90735CF7CD376331A1DECC04BF639B3FBA0CF3EEE82DF129mp.webp,https://img02.honorfile.com/eu/uk/honor/pms/product/6936520835645/group/800_800_90Percent_EDB4D20194E8547833BBE1498B42D9B3CA45118D525D146Fmp.webp,https://img02.honorfile.com/eu/uk/honor/pms/product/6936520835645/group/800_800_90Percent_DD2954F1C56AC90558C722BE63F5AA0CD2D4FC0921B3314Amp.webp,,,"Buy the New HONOR MagicBook X 16 2024. Enjoy Exclusive Offers, 0% Finance, Free Delivery & Free Returns at HONOR UK.",Buy HONOR MagicBook X 16 2024 | Price & Review | HONOR UK,17,4.9,,,,,,£649.99,649.99,variant,Colour,Grey,,,,,,,,,,,,,,,,,,,,,,,,,,,,,,,,,,,,,,,,,,,,,,,,,,,,,,,,,
HONOR,2025-09-25,https://selfservice-de.hihonor.com/ccpcmd/services/dispatch/secured/CCPC/EN/eCommerce/querySkuDetailDispInfo/1000?skuCodes=82440112010202401&siteCode=uk&groupFlag=false,https://www.honor.com/uk/laptops/honor-magicbook-16/buy/?productId=18244696122135&skuCode=82440112010202401,82440112010202401,HONOR MagicBook 16 - AMD Ryzen™ 5 5600H processor/Windows 11 Home/16GB+512GB/Space Grey,HONOR,849.99,,,,Space Grey,16GB+512GB,,6936520804078,laptops,honor-magicbook-16,buy,,,,,https://img02.honorfile.com/eu/uk/honor/pms/product/6936520804078/group/800_800_90Percent_FB286C38F3A1DCCDEBDCD93910FFE6233FD14EA27C5FA540.webp,https://img02.honorfile.com/eu/uk/honor/pms/product/6936520804078/group/800_800_90Percent_61C8E062090FCCC61A0DA25B4C1439CC4A62B2A28B2E4BE5.webp,https://img02.honorfile.com/eu/uk/honor/pms/product/6936520804078/group/800_800_90Percent_F48BE1057CB7B60EFB39DEDFE46AFA0BBBF6C6EC7E7E71F7.webp,https://img02.honorfile.com/eu/uk/honor/pms/product/6936520804078/group/800_800_90Percent_961A084B8524DB4D9CB0423F911A39E05E2D853AC588F83F.webp,https://img02.honorfile.com/eu/uk/honor/pms/product/6936520804078/group/800_800_90Percent_7D2C146BB0DFB4FB325FD2B3E86967430247E81C1D5CB553.webp,"Buy the New HONOR MagicBook 16 laptops with fullview stunning display16.1"" and AMD Ryzen™ 5. Purchase with Free Delivery and Free Returns at HONOR UK.",Buy HONOR MagicBook 16 | Price & Offer | HONOR UK,9,4.2,,,,,,£849.99,849.99,specification,Processor,AMD Ryzen™ 5 5600H,specification,Operating System,Windows 11 Home,specification,Memory,16GB+512GB,variant,Colour,Space Grey,,,,,,,,,,,,,,,,,,,,,,,,,,,,,,,,,,,,,,,,,,,,,,,,
HONOR,2025-09-25,https://selfservice-de.hihonor.com/ccpcmd/services/dispatch/secured/CCPC/EN/eCommerce/querySkuDetailDispInfo/1000?skuCodes=82440112010202701&siteCode=uk&groupFlag=false,https://www.honor.com/uk/laptops/honor-magicbook-15-amd/buy/?productId=18244630175127&skuCode=82440112010202701,82440112010202701,HONOR MagicBook 15 - AMD Ryzen™ 5 5500U Processor/Windows 11 Home/8GB+512GB/Space Grey,HONOR,699.99,,,,Space Grey,8GB+512GB,,6936520805150,laptops,honor-magicbook-15-amd,buy,,,,,https://img02.honorfile.com/eu/uk/honor/pms/product/6936520805150/group/800_800_90Percent_C4AAF2DDBB4574777C4EE54ECDC1ACFBD8A31F947BD1BFCC.webp,https://img02.honorfile.com/eu/uk/honor/pms/product/6936520805150/group/800_800_90Percent_0D7583B3FBB0916100294E0D2E4BDB28AF79E7B45888A60F.webp,https://img02.honorfile.com/eu/uk/honor/pms/product/6936520805150/group/800_800_90Percent_1E6E3CEDE253F3D0DAB1193A91B9AE77DDB5453D7730C3F8.webp,https://img02.honorfile.com/eu/uk/honor/pms/product/6936520805150/group/800_800_90Percent_1AA90658654FC624509D11FD739927B8093D07352E1A499A.webp,https://img02.honorfile.com/eu/uk/honor/pms/product/6936520805150/group/800_800_90Percent_A0E9F437390BEBD669AFB2956F8161DCED68291BF06A9FA8.webp,Buy the New HONOR MagicBook 15 laptops with incredible power to new levels and AMD Ryzen™ 5. Purchase with Free Delivery and Free Returns at HONOR UK.,Buy HONOR MagicBook 15 | Price & Offer | HONOR UK,6,4.5,,,,,,£699.99,699.99,specification,Processor,AMD Ryzen™ 5 5500U,specification,Operating System,Windows 11 Home,specification,Memory,8GB+512GB,variant,Colour,Space Grey,,,,,,,,,,,,,,,,,,,,,,,,,,,,,,,,,,,,,,,,,,,,,,,,
HONOR,2025-09-25,https://selfservice-de.hihonor.com/ccpcmd/services/dispatch/secured/CCPC/EN/eCommerce/querySkuDetailDispInfo/1000?skuCodes=82440112010203101&siteCode=uk&groupFlag=false,https://www.honor.com/uk/laptops/new-honor-magicbook-x16-2023/buy/?productId=18244724019238&skuCode=82440112010203101,82440112010203101,"HONOR MagicBook X 16 - Intel® Core™ i5-12450H Processors, Windows 11 Home, 8GB+512GB, Mystic Silver",HONOR,699.99,,,,Mystic Silver,8GB+512GB,,6936520825714,laptops,new-honor-magicbook-x16-2023,buy,,,,,https://img02.honorfile.com/eu/uk/honor/pms/product/6936520825714/group/800_800_90Percent_76C8BA046202196E7FA4BD1C382F63E412D696F0CCD2563F.webp,https://img02.honorfile.com/eu/uk/honor/pms/product/6936520825714/group/800_800_90Percent_8C43CEC3AA7C2BFF45163840375F56493EF31BD58BA4BAEF.webp,https://img02.honorfile.com/eu/uk/honor/pms/product/6936520825714/group/800_800_90Percent_DA68B68A336F8DCA8E06B85799E25F89E5BAA801EA3F7F69.webp,https://img02.honorfile.com/eu/uk/honor/pms/product/6936520825714/group/800_800_90Percent_6107E4AB1E48DF7DE1F7B2916FA1A2203CBAE82EE0D4DBB5.webp,https://img02.honorfile.com/eu/uk/honor/pms/product/6936520825714/group/800_800_90Percent_E443E019EACE853D35ECAA0B3A8014E1CBCF8DA864EE3BAA.webp,,,15,4.8,,,,,,£699.99,699.99,specification,Processor,Intel® Core™ i5-12450H,specification,Operating System,Windows 11 Home,specification,Memory,8GB+512GB,variant,Colour,Mystic Silver,,,,,,,,,,,,,,,,,,,,,,,,,,,,,,,,,,,,,,,,,,,,,,,,
HONOR,2025-09-25,https://selfservice-de.hihonor.com/ccpcmd/services/dispatch/secured/CCPC/EN/eCommerce/querySkuDetailDispInfo/1000?skuCodes=82440110003040000201&siteCode=uk&groupFlag=false,https://www.honor.com/uk/laptops/new-honor-magicbook-x16-2023-refurbished/buy/?productId=18244027936613&skuCode=82440110003040000201,82440110003040000201,Refurbished - A - HONOR MagicBook X 16 2023 ADL i5 UMA 8GB SSD 512GB WIN11 HOME,HONOR,319.99,,,,Mystic Silver,,,FXA6936520825714,laptops,new-honor-magicbook-x16-2023-refurbished,buy,,,,,https://img02.honorfile.com/eu/uk/honor/pms/product/FXA6936520825714/group/800_800_90Percent_65A96CE4A5E1E7CDB27A63F73E8E9961CFF974EDC06E002Fmp.webp,https://img02.honorfile.com/eu/uk/honor/pms/product/FXA6936520825714/group/800_800_90Percent_17A890BD8B1611B279CD4C1D55F0C0F393696B9E31F5EF56mp.webp,https://img02.honorfile.com/eu/uk/honor/pms/product/FXA6936520825714/group/800_800_90Percent_062BEE7CE3AE0783626F12CD268F03582C8F76CDC7C2D81Emp.webp,https://img02.honorfile.com/eu/uk/honor/pms/product/FXA6936520825714/group/800_800_90Percent_1B8038413D4B282FEF5DC6A3A034E41726F626CA892AD11Dmp.webp,https://img02.honorfile.com/eu/uk/honor/pms/product/FXA6936520825714/group/800_800_90Percent_7FACDED3CCA635107A33B52CC684D2089A91544B2C4A2CE3mp.webp,,,1,5.0,,,,,,£319.99,319.99,variant,Colour,Mystic Silver,,,,,,,,,,,,,,,,,,,,,,,,,,,,,,,,,,,,,,,,,,,,,,,,,,,,,,,,,
HONOR,2025-09-25,https://selfservice-de.hihonor.com/ccpcmd/services/dispatch/secured/CCPC/EN/eCommerce/querySkuDetailDispInfo/1000?skuCodes=82440110001010001801&siteCode=uk&groupFlag=false,https://www.honor.com/uk/phones/honor-magic-v5/buy/?productId=18244371866196&skuCode=82440110001010001801,82440110001010001801,HONOR Magic V5 16GB+512GB Black Dual Card,HONOR,1399.99,1699.99,Y,,Black,16GB+512GB,,6936520873531,phones,honor-magic-v5,buy,,,,,https://img02.honorfile.com/eu/uk/honor/pms/product/6936520873531/group/800_800_90Percent_4B5FC874B682529B1131F1B0B2DDC492481E583AD12E17C7mp.webp,https://img02.honorfile.com/eu/uk/honor/pms/product/6936520873531/group/800_800_90Percent_2A5CF200298741986C361704540D647E6074210B72AAE8B2mp.webp,https://img02.honorfile.com/eu/uk/honor/pms/product/6936520873531/group/800_800_90Percent_5554A3C09DE05E70CA833A51BE9B2A6FB56EF4711C371926mp.webp,https://img02.honorfile.com/eu/uk/honor/pms/product/6936520873531/group/800_800_90Percent_15D0AB4B96A5F78E60DD0A3882E81233B72CD20059D6C39Cmp.webp,https://img02.honorfile.com/eu/uk/honor/pms/product/6936520873531/group/800_800_90Percent_321E026BFB1B9586C0A23754401BF00A2576933D1044189Emp.webp,,,201,5.0,,,,,,£1399.99,1399.99,variant,Colour,Black,specification,Memory,16GB+512GB,,,,,,,,,,,,,,,,,,,,,,,,,,,,,,,,,,,,,,,,,,,,,,,,,,,,,,
HONOR,2025-09-25,https://selfservice-de.hihonor.com/ccpcmd/services/dispatch/secured/CCPC/EN/eCommerce/querySkuDetailDispInfo/1000?skuCodes=82440110001010001802&siteCode=uk&groupFlag=false,https://www.honor.com/uk/phones/honor-magic-v5/buy/?productId=18244371866196&skuCode=82440110001010001802,82440110001010001802,HONOR Magic V5 16GB+512GB Dawn Gold Dual Card,HONOR,1399.99,1699.99,Y,,Dawn Gold,16GB+512GB,,6936520873548,phones,honor-magic-v5,buy,,,,,https://img02.honorfile.com/eu/uk/honor/pms/product/6936520873548/group/800_800_90Percent_933B8105C23A281E748697EB7B93E10171D6BA5CB1ABC02Dmp.webp,https://img02.honorfile.com/eu/uk/honor/pms/product/6936520873548/group/800_800_90Percent_D01D16EED535CA18D1C0E8F2E836F108F364EDAF9D2F9738mp.webp,https://img02.honorfile.com/eu/uk/honor/pms/product/6936520873548/group/800_800_90Percent_5BF1820F94070C10AAE71A0344830B1C131FE14193CB60E3mp.webp,https://img02.honorfile.com/eu/uk/honor/pms/product/6936520873548/group/800_800_90Percent_C34E5298755CDEFFA62A99C94CD3014D957AA9FB8F31476Fmp.webp,https://img02.honorfile.com/eu/uk/honor/pms/product/6936520873548/group/800_800_90Percent_81DCFA823B34109B204285623156C45CA38197620E10DCBEmp.webp,,,201,5.0,,,,,,£1399.99,1399.99,variant,Colour,Dawn Gold,specification,Memory,16GB+512GB,,,,,,,,,,,,,,,,,,,,,,,,,,,,,,,,,,,,,,,,,,,,,,,,,,,,,,
HONOR,2025-09-25,https://selfservice-de.hihonor.com/ccpcmd/services/dispatch/secured/CCPC/EN/eCommerce/querySkuDetailDispInfo/1000?skuCodes=82440110001010001803&siteCode=uk&groupFlag=false,https://www.honor.com/uk/phones/honor-magic-v5/buy/?productId=18244371866196&skuCode=82440110001010001803,82440110001010001803,HONOR Magic V5 16GB+512GB Ivory White Dual Card,HONOR,1399.99,1699.99,Y,,Ivory White,16GB+512GB,,6936520873555,phones,honor-magic-v5,buy,,,,,https://img02.honorfile.com/eu/uk/honor/pms/product/6936520873555/group/800_800_90Percent_34B8C4EF9980A4A4FA454E1692E93C27D2B9EF6973039DE1mp.webp,https://img02.honorfile.com/eu/uk/honor/pms/product/6936520873555/group/800_800_90Percent_D766490FF75579CE9E939E8BEEDE32FC545B215CFBA77E92mp.webp,https://img02.honorfile.com/eu/uk/honor/pms/product/6936520873555/group/800_800_90Percent_32ED2775BB848CB785F9D0F47C50CAF36372FAEF2E323AF8mp.webp,https://img02.honorfile.com/eu/uk/honor/pms/product/6936520873555/group/800_800_90Percent_88902E1349154E92AE5721A0FBF706261DF281F64319DC1Amp.webp,https://img02.honorfile.com/eu/uk/honor/pms/product/6936520873555/group/800_800_90Percent_91B5E88FEB46E5D67ED56B061C23840156B882C78078AF54mp.webp,,,201,5.0,,,,,,£1399.99,1399.99,variant,Colour,Ivory White,specification,Memory,16GB+512GB,,,,,,,,,,,,,,,,,,,,,,,,,,,,,,,,,,,,,,,,,,,,,,,,,,,,,,
HONOR,2025-09-25,https://selfservice-de.hihonor.com/ccpcmd/services/dispatch/secured/CCPC/EN/eCommerce/querySkuDetailDispInfo/1000?skuCodes=82440110001030001301&siteCode=uk&groupFlag=false,https://www.honor.com/uk/phones/honor-400-pro/buy/?productId=18244585667252&skuCode=82440110001030001301,82440110001030001301,HONOR 400 Pro 12GB+512GB Midnight Black Dual Card,HONOR,549.99,699.99,Y,Get an extra £50 trade-in discount before your purchase.,Midnight Black,12GB+512GB,,6936520867523,phones,honor-400-pro,buy,,,,,https://img02.honorfile.com/eu/uk/honor/pms/product/6936520867523/group/800_800_90Percent_D15E6C26E6ACC9AE7EBD14CF3A14CCBA6FE07DBA2860CC47mp.webp,https://img02.honorfile.com/eu/uk/honor/pms/product/6936520867523/group/800_800_90Percent_D7DE3B26B5E6FFC09B4AFE120ECDCBF839FE9C5D8E8D60F2mp.webp,https://img02.honorfile.com/eu/uk/honor/pms/product/6936520867523/group/800_800_90Percent_0F78D0F19A2045B1FBD5C00637A3AAFF00CE4A2CA9124A52mp.webp,https://img02.honorfile.com/eu/uk/honor/pms/product/6936520867523/group/800_800_90Percent_A834CEB82EC94B1624809DAB1200B1A03DDCD16C155E52D4mp.webp,https://img02.honorfile.com/eu/uk/honor/pms/product/6936520867523/group/800_800_90Percent_5992CBAD179689173DD966CB098071538E088F60667E9169mp.webp,,,,,,,,,,£549.99,549.99,variant,Colour,Midnight Black,specification,Memory,12GB+512GB,,,,,,,,,,,,,,,,,,,,,,,,,,,,,,,,,,,,,,,,,,,,,,,,,,,,,,
HONOR,2025-09-25,https://selfservice-de.hihonor.com/ccpcmd/services/dispatch/secured/CCPC/EN/eCommerce/querySkuDetailDispInfo/1000?skuCodes=82440110001030001302&siteCode=uk&groupFlag=false,https://www.honor.com/uk/phones/honor-400-pro/buy/?productId=18244585667252&skuCode=82440110001030001302,82440110001030001302,HONOR 400 Pro 12GB+512GB Lunar Grey Dual Card,HONOR,549.99,699.99,Y,Get an extra £50 trade-in discount before your purchase.,Lunar Grey ,12GB+512GB,,6936520867530,phones,honor-400-pro,buy,,,,,https://img02.honorfile.com/eu/uk/honor/pms/product/6936520867530/group/800_800_90Percent_FEB5948C7AB36D2DAA41E59E4AC524DDB1BB3B000E94B7CBmp.webp,https://img02.honorfile.com/eu/uk/honor/pms/product/6936520867530/group/800_800_90Percent_FAE7A29F858E48FDEA747E52F6487B5E807FE4C639E4D4BFmp.webp,https://img02.honorfile.com/eu/uk/honor/pms/product/6936520867530/group/800_800_90Percent_BEECE705A905B5028B61B54D05600488F7E91003F20091B0mp.webp,https://img02.honorfile.com/eu/uk/honor/pms/product/6936520867530/group/800_800_90Percent_E06C57F4FDB20CD4E8079ACF5EC77B3AA34AC549B35881DCmp.webp,https://img02.honorfile.com/eu/uk/honor/pms/product/6936520867530/group/800_800_90Percent_E09D7B72D36704E2A28D03A8757E8D67C867851F8A252D56mp.webp,,,,,,,,,,£549.99,549.99,variant,Colour,Lunar Grey ,specification,Memory,12GB+512GB,,,,,,,,,,,,,,,,,,,,,,,,,,,,,,,,,,,,,,,,,,,,,,,,,,,,,,
HONOR,2025-09-25,https://selfservice-de.hihonor.com/ccpcmd/services/dispatch/secured/CCPC/EN/eCommerce/querySkuDetailDispInfo/1000?skuCodes=82440110001030001401&siteCode=uk&groupFlag=false,https://www.honor.com/uk/phones/honor-400/buy/?productId=18244609424082&skuCode=82440110001030001401,82440110001030001401,HONOR 400 8GB+512GB Meteor Silver Dual Card,HONOR,399.99,449.99,Y,Get an extra £50 trade-in discount before your purchase.,Meteor Silver,8GB+512GB,,6936520867684,phones,honor-400,buy,,,,,https://img02.honorfile.com/eu/uk/honor/pms/product/6936520867684/group/800_800_90Percent_A75D2E809FDDD5B5DBFC864DA4A6A84F1EACCDC17C143D31mp.webp,https://img02.honorfile.com/eu/uk/honor/pms/product/6936520867684/group/800_800_90Percent_B8692885C260EB41AD223452082496CC448011052ED8FBCAmp.webp,https://img02.honorfile.com/eu/uk/honor/pms/product/6936520867684/group/800_800_90Percent_31E776009FA443442EB076890CC7B43818FAF7E31992F0C0mp.webp,https://img02.honorfile.com/eu/uk/honor/pms/product/6936520867684/group/800_800_90Percent_008B6A5DECFD7329DABBA5105F0D2A0638F7A8083C3D1739mp.webp,https://img02.honorfile.com/eu/uk/honor/pms/product/6936520867684/group/800_800_90Percent_450480BD79ECB4B874BDBF827345775ACFDD644E23507BA9mp.webp,,,,,,,,,,£399.99,399.99,variant,Colour,Meteor Silver,specification,Memory,8GB+512GB,,,,,,,,,,,,,,,,,,,,,,,,,,,,,,,,,,,,,,,,,,,,,,,,,,,,,,
HONOR,2025-09-25,https://selfservice-de.hihonor.com/ccpcmd/services/dispatch/secured/CCPC/EN/eCommerce/querySkuDetailDispInfo/1000?skuCodes=82440110001030001402&siteCode=uk&groupFlag=false,https://www.honor.com/uk/phones/honor-400/buy/?productId=18244609424082&skuCode=82440110001030001402,82440110001030001402,HONOR 400 8GB+512GB Desert Gold Dual Card,HONOR,399.99,449.99,Y,Get an extra £50 trade-in discount before your purchase.,Desert Gold,8GB+512GB,,6936520867615,phones,honor-400,buy,,,,,https://img02.honorfile.com/eu/uk/honor/pms/product/6936520867615/group/800_800_90Percent_BF8734E14B236FE5B7094A626BA68F963CE8A6B9BB6B4D22mp.webp,https://img02.honorfile.com/eu/uk/honor/pms/product/6936520867615/group/800_800_90Percent_F626C17BDD49B3798420BACAB0A5B898CAFF1325875A30E0mp.webp,https://img02.honorfile.com/eu/uk/honor/pms/product/6936520867615/group/800_800_90Percent_2CABE363FCFB842FF41FED0A6FA9419CB824DB8A78EABD70mp.webp,https://img02.honorfile.com/eu/uk/honor/pms/product/6936520867615/group/800_800_90Percent_8EB443FEC2AC7027CFCC4398CAD53D75C0B91F13A489B281mp.webp,https://img02.honorfile.com/eu/uk/honor/pms/product/6936520867615/group/800_800_90Percent_4A0C63EEF4F6EFCE2DF0B1BC17EA2A4B475112239CA1727Bmp.webp,,,,,,,,,,£399.99,399.99,variant,Colour,Desert Gold,specification,Memory,8GB+512GB,,,,,,,,,,,,,,,,,,,,,,,,,,,,,,,,,,,,,,,,,,,,,,,,,,,,,,
HONOR,2025-09-25,https://selfservice-de.hihonor.com/ccpcmd/services/dispatch/secured/CCPC/EN/eCommerce/querySkuDetailDispInfo/1000?skuCodes=82440110001030001403&siteCode=uk&groupFlag=false,https://www.honor.com/uk/phones/honor-400/buy/?productId=18244609424082&skuCode=82440110001030001403,82440110001030001403,HONOR 400 8GB+512GB Midnight Black Dual Card,HONOR,399.99,449.99,Y,Get an extra £50 trade-in discount before your purchase.,Midnight Black,8GB+512GB,,6936520867608,phones,honor-400,buy,,,,,https://img02.honorfile.com/eu/uk/honor/pms/product/6936520867608/group/800_800_90Percent_659478020022B735A6FC39B6B889BF209582B6EAB86CCA77mp.webp,https://img02.honorfile.com/eu/uk/honor/pms/product/6936520867608/group/800_800_90Percent_8649CDDA0A13FB828FBF314D615DEC9A2A7C91D163E7DD48mp.webp,https://img02.honorfile.com/eu/uk/honor/pms/product/6936520867608/group/800_800_90Percent_D672D0A8F5A0F55FA4D5273B22D604E8FCEF35148C5A0CDCmp.webp,https://img02.honorfile.com/eu/uk/honor/pms/product/6936520867608/group/800_800_90Percent_23E5A80DB316EA7C1EAEB13623BEAF580F28589E89B6FB70mp.webp,https://img02.honorfile.com/eu/uk/honor/pms/product/6936520867608/group/800_800_90Percent_7DC2810F309BDCDE81F1C583ABC2F511CE4300FA756FC4DEmp.webp,,,,,,,,,,£399.99,399.99,variant,Colour,Midnight Black,specification,Memory,8GB+512GB,,,,,,,,,,,,,,,,,,,,,,,,,,,,,,,,,,,,,,,,,,,,,,,,,,,,,,
HONOR,2025-09-25,https://selfservice-de.hihonor.com/ccpcmd/services/dispatch/secured/CCPC/EN/eCommerce/querySkuDetailDispInfo/1000?skuCodes=82440110001030001404&siteCode=uk&groupFlag=false,https://www.honor.com/uk/phones/honor-400/buy/?productId=18244609424082&skuCode=82440110001030001404,82440110001030001404,HONOR 400 8GB+256GB Desert Gold Dual Card,HONOR,299.99,399.99,Y,,Desert Gold,8GB+256GB,,6936520867592,phones,honor-400,buy,,,,,https://img02.honorfile.com/eu/uk/honor/pms/product/6936520867592/group/800_800_90Percent_FEEF9670E7C47E1AE722BECC2423A1BC9393B3E5FE7102A5mp.webp,https://img02.honorfile.com/eu/uk/honor/pms/product/6936520867592/group/800_800_90Percent_E1982ED318C3FBA0AE3EB5C91459B4AB53759529C5B0B10Amp.webp,https://img02.honorfile.com/eu/uk/honor/pms/product/6936520867592/group/800_800_90Percent_77AC1BA3B099A002AB58BA0ACDD0E574305335491EEA14A2mp.webp,https://img02.honorfile.com/eu/uk/honor/pms/product/6936520867592/group/800_800_90Percent_B0AC3718020C34437C9637C8A488C8BD117223BEADCF1BF2mp.webp,https://img02.honorfile.com/eu/uk/honor/pms/product/6936520867592/group/800_800_90Percent_81A09C53F93AEDD852298E248296BCD5C516B76D1782A403mp.webp,,,,,,,,,,£299.99,299.99,variant,Colour,Desert Gold,specification,Memory,8GB+256GB,,,,,,,,,,,,,,,,,,,,,,,,,,,,,,,,,,,,,,,,,,,,,,,,,,,,,,
HONOR,2025-09-25,https://selfservice-de.hihonor.com/ccpcmd/services/dispatch/secured/CCPC/EN/eCommerce/querySkuDetailDispInfo/1000?skuCodes=82440110001030001405&siteCode=uk&groupFlag=false,https://www.honor.com/uk/phones/honor-400/buy/?productId=18244609424082&skuCode=82440110001030001405,82440110001030001405,HONOR 400 8GB+256GB Midnight Black Dual Card,HONOR,299.99,399.99,Y,,Midnight Black,8GB+256GB,,6936520867585,phones,honor-400,buy,,,,,https://img02.honorfile.com/eu/uk/honor/pms/product/6936520867585/group/800_800_90Percent_8043176F2B6DEA9EAC4D284F2FD79EE0C822529FB92F8B7Bmp.webp,https://img02.honorfile.com/eu/uk/honor/pms/product/6936520867585/group/800_800_90Percent_9FC57CED81E78DDFBC829A5B700A8F0EBC25F9AF93A221A1mp.webp,https://img02.honorfile.com/eu/uk/honor/pms/product/6936520867585/group/800_800_90Percent_F58BAD66408A7F7EDAD5B2C97A14A9D9191AC365F7661180mp.webp,https://img02.honorfile.com/eu/uk/honor/pms/product/6936520867585/group/800_800_90Percent_03F601D9DD2A9BB60D06E680AC07E3B62BD202E63FC17189mp.webp,https://img02.honorfile.com/eu/uk/honor/pms/product/6936520867585/group/800_800_90Percent_CEE0131656E8FC6D0051DF5292A72A0106366E28A8E95086mp.webp,,,,,,,,,,£299.99,299.99,variant,Colour,Midnight Black,specification,Memory,8GB+256GB,,,,,,,,,,,,,,,,,,,,,,,,,,,,,,,,,,,,,,,,,,,,,,,,,,,,,,
HONOR,2025-09-25,https://selfservice-de.hihonor.com/ccpcmd/services/dispatch/secured/CCPC/EN/eCommerce/querySkuDetailDispInfo/1000?skuCodes=82440110001030001501&siteCode=uk&groupFlag=false,https://www.honor.com/uk/phones/honor-400-smart-5g/buy/?productId=18244205594850&skuCode=82440110001030001501,82440110001030001501,HONOR 400 Smart 4GB+256GB Velvet Black Dual Card 5G,HONOR,169.99,199.99,Y,,Velvet Black,4GB+256GB,,6936520875160,phones,honor-400-smart-5g,buy,,,,,https://img02.honorfile.com/eu/uk/honor/pms/product/6936520875160/group/800_800_90Percent_1FE875ECCD71D4FB89E2C8E905291AD953E156CB47FE35B6mp.webp,https://img02.honorfile.com/eu/uk/honor/pms/product/6936520875160/group/800_800_90Percent_77989F6978B053B01A31ED03D0B644DB67F9D87771560F79mp.webp,https://img02.honorfile.com/eu/uk/honor/pms/product/6936520875160/group/800_800_90Percent_A18D78AEA0E824F7F148484F3D96111A7427CBF102C14012mp.webp,https://img02.honorfile.com/eu/uk/honor/pms/product/6936520875160/group/800_800_90Percent_C3805208104A534821AEEF8CD01C6CCBA7E363BD6F8D1C8Cmp.webp,https://img02.honorfile.com/eu/uk/honor/pms/product/6936520875160/group/800_800_90Percent_9BED16973830C8CEC0611F968BE08DDEC0712D78B33A7657mp.webp,,,,,,,,,,£169.99,169.99,variant,Colour,Velvet Black,specification,Memory,4GB+256GB,,,,,,,,,,,,,,,,,,,,,,,,,,,,,,,,,,,,,,,,,,,,,,,,,,,,,,
HONOR,2025-09-25,https://selfservice-de.hihonor.com/ccpcmd/services/dispatch/secured/CCPC/EN/eCommerce/querySkuDetailDispInfo/1000?skuCodes=82440110001030001502&siteCode=uk&groupFlag=false,https://www.honor.com/uk/phones/honor-400-smart-5g/buy/?productId=18244205594850&skuCode=82440110001030001502,82440110001030001502,HONOR 400 Smart 4GB+128GB Velvet Black Dual Card 5G,HONOR,149.99,169.99,Y,,Velvet Black,4GB+128GB,,6936520875108,phones,honor-400-smart-5g,buy,,,,,https://img02.honorfile.com/eu/uk/honor/pms/product/6936520875108/group/800_800_90Percent_A82BA14B0C014405E4676B33F5347807AE78BE723AA74B26mp.webp,https://img02.honorfile.com/eu/uk/honor/pms/product/6936520875108/group/800_800_90Percent_1E5D8CBD2A0A75E79B0A671ABFABC285F14A2D88857E4B74mp.webp,https://img02.honorfile.com/eu/uk/honor/pms/product/6936520875108/group/800_800_90Percent_7478332E1D592785D6CDD5E47479163A64F0EEE427966533mp.webp,https://img02.honorfile.com/eu/uk/honor/pms/product/6936520875108/group/800_800_90Percent_37EED2A8F92CCE5142A915640C65D1807629250516E2DE2Cmp.webp,https://img02.honorfile.com/eu/uk/honor/pms/product/6936520875108/group/800_800_90Percent_AF519D8EAB84A75B9719F3AA1AB7B5C12D84DC1E17BC70B6mp.webp,,,,,,,,,,£149.99,149.99,variant,Colour,Velvet Black,specification,Memory,4GB+128GB,,,,,,,,,,,,,,,,,,,,,,,,,,,,,,,,,,,,,,,,,,,,,,,,,,,,,,
HONOR,2025-09-25,https://selfservice-de.hihonor.com/ccpcmd/services/dispatch/secured/CCPC/EN/eCommerce/querySkuDetailDispInfo/1000?skuCodes=82440110001030001503&siteCode=uk&groupFlag=false,https://www.honor.com/uk/phones/honor-400-smart-5g/buy/?productId=18244205594850&skuCode=82440110001030001503,82440110001030001503,HONOR 400 Smart 4GB+128GB Meteor Silver Dual Card 5G,HONOR,149.99,169.99,Y,,Meteor Silver,4GB+128GB,,6936520875122,phones,honor-400-smart-5g,buy,,,,,https://img02.honorfile.com/eu/uk/honor/pms/product/6936520875122/group/800_800_90Percent_7E6C9988D69CF82B4DF10BA767AA6D729F16FE188C18B341mp.webp,https://img02.honorfile.com/eu/uk/honor/pms/product/6936520875122/group/800_800_90Percent_F3B1E3AA3D436308C721D4D7E5AB0EFC7E57C374F0D6ABD6mp.webp,https://img02.honorfile.com/eu/uk/honor/pms/product/6936520875122/group/800_800_90Percent_DAF2D60B1002813ABF8C6D9F53E6ED154601C79E82ADDE2Amp.webp,https://img02.honorfile.com/eu/uk/honor/pms/product/6936520875122/group/800_800_90Percent_581680A4E6DA9DA1034A4C8519B85A22FC96140E13D1D9EEmp.webp,https://img02.honorfile.com/eu/uk/honor/pms/product/6936520875122/group/800_800_90Percent_37C699CEC03051EB02CAFCF1B2CB9A81FF6026A1098AE3E7mp.webp,,,,,,,,,,£149.99,149.99,variant,Colour,Meteor Silver,specification,Memory,4GB+128GB,,,,,,,,,,,,,,,,,,,,,,,,,,,,,,,,,,,,,,,,,,,,,,,,,,,,,,
HONOR,2025-09-25,https://selfservice-de.hihonor.com/ccpcmd/services/dispatch/secured/CCPC/EN/eCommerce/querySkuDetailDispInfo/1000?skuCodes=82440110001030001601&siteCode=uk&groupFlag=false,https://www.honor.com/uk/phones/honor-400-smart/buy/?productId=18244521252829&skuCode=82440110001030001601,82440110001030001601,HONOR 400 Smart 6GB+128GB Velvet Black Dual Card 4G,HONOR,149.99,,,,Velvet Black,6GB+128GB,,6936520876334,phones,honor-400-smart,buy,,,,,https://img02.honorfile.com/eu/uk/honor/pms/product/6936520876334/group/800_800_90Percent_DFF6BB3977A3E39D842EA93DA10EB584863D59D0F194338Cmp.webp,https://img02.honorfile.com/eu/uk/honor/pms/product/6936520876334/group/800_800_90Percent_691AD4C80AFF96EFC0218FF946F70F9794A2A3317259E65Amp.webp,https://img02.honorfile.com/eu/uk/honor/pms/product/6936520876334/group/800_800_90Percent_23E0FFE00DECFD407EDF6CD4D5090DB9E1462E16B0B3AFBAmp.webp,https://img02.honorfile.com/eu/uk/honor/pms/product/6936520876334/group/800_800_90Percent_8BCCB866BB4F4E5B0DAB48C55B0EAAE586331B6C56B1D34Fmp.webp,https://img02.honorfile.com/eu/uk/honor/pms/product/6936520876334/group/800_800_90Percent_9E88899DE5974741FCC1EC6DD71895129BDBA456E2A76940mp.webp,,,,,,,,,,£149.99,149.99,variant,Colour,Velvet Black,specification,Memory,6GB+128GB,,,,,,,,,,,,,,,,,,,,,,,,,,,,,,,,,,,,,,,,,,,,,,,,,,,,,,
HONOR,2025-09-25,https://selfservice-de.hihonor.com/ccpcmd/services/dispatch/secured/CCPC/EN/eCommerce/querySkuDetailDispInfo/1000?skuCodes=82440110001030001602&siteCode=uk&groupFlag=false,https://www.honor.com/uk/phones/honor-400-smart/buy/?productId=18244521252829&skuCode=82440110001030001602,82440110001030001602,HONOR 400 Smart 6GB+128GB Desert Gold Dual Card 4G,HONOR,149.99,,,,Desert Gold,6GB+128GB,,6936520876341,phones,honor-400-smart,buy,,,,,https://img02.honorfile.com/eu/uk/honor/pms/product/6936520876341/group/800_800_90Percent_0C6DF36A859D5969E16C72561E911BEE690717FB8A347865mp.webp,https://img02.honorfile.com/eu/uk/honor/pms/product/6936520876341/group/800_800_90Percent_471D9635D28D770C8050536FEE14761284244BB1D7FB177Dmp.webp,https://img02.honorfile.com/eu/uk/honor/pms/product/6936520876341/group/800_800_90Percent_F7346A7693C15A1A83EDE6E44F957ED83DC1986A6B0BCDD8mp.webp,https://img02.honorfile.com/eu/uk/honor/pms/product/6936520876341/group/800_800_90Percent_15AE14918FB6906032CD4C9B62C6C32CF26C6B4132BC496Amp.webp,https://img02.honorfile.com/eu/uk/honor/pms/product/6936520876341/group/800_800_90Percent_1BBCB93A249533CD17B24A59872A8C5C72541DF9D5DAC0E9mp.webp,,,,,,,,,,£149.99,149.99,variant,Colour,Desert Gold,specification,Memory,6GB+128GB,,,,,,,,,,,,,,,,,,,,,,,,,,,,,,,,,,,,,,,,,,,,,,,,,,,,,,
HONOR,2025-09-25,https://selfservice-de.hihonor.com/ccpcmd/services/dispatch/secured/CCPC/EN/eCommerce/querySkuDetailDispInfo/1000?skuCodes=82440110001010001201&siteCode=uk&groupFlag=false,https://www.honor.com/uk/phones/honor-magic7-pro/buy/?productId=18244700122746&skuCode=82440110001010001201,82440110001010001201,HONOR Magic7 Pro 12GB+512GB Lunar Shadow Grey Dual Card,HONOR,849.99,1099.99,Y,,Lunar shadow Grey,12GB+512GB,,6936520858729,phones,honor-magic7-pro,buy,,,,,https://img02.honorfile.com/eu/uk/honor/pms/product/6936520858729/group/800_800_90Percent_B913EE2C6F4C4038C0D5928836CCA5B1EA757CA2C97DDBD8mp.webp,https://img02.honorfile.com/eu/uk/honor/pms/product/6936520858729/group/800_800_90Percent_E1EECC9BBCD4643405AB89A0767AC91483289048C00C31C2mp.webp,https://img02.honorfile.com/eu/uk/honor/pms/product/6936520858729/group/800_800_90Percent_CDA66BA71F3352258149DF0E22CF62C0BE846FF9AF09A4EDmp.webp,https://img02.honorfile.com/eu/uk/honor/pms/product/6936520858729/group/800_800_90Percent_03B47CAC0839CB61874F2A8DF06A1A9577417404ECFB61E3mp.webp,https://img02.honorfile.com/eu/uk/honor/pms/product/6936520858729/group/800_800_90Percent_C73536C8B9A792BF0A7E9840DC53EC0D4C3EFE466DB883A5mp.webp,,,425,5.0,,,,,,£849.99,849.99,variant,Colour,Lunar shadow Grey,specification,Memory,12GB+512GB,,,,,,,,,,,,,,,,,,,,,,,,,,,,,,,,,,,,,,,,,,,,,,,,,,,,,,
HONOR,2025-09-25,https://selfservice-de.hihonor.com/ccpcmd/services/dispatch/secured/CCPC/EN/eCommerce/querySkuDetailDispInfo/1000?skuCodes=82440110001010001202&siteCode=uk&groupFlag=false,https://www.honor.com/uk/phones/honor-magic7-pro/buy/?productId=18244700122746&skuCode=82440110001010001202,82440110001010001202,HONOR Magic7 Pro 12GB+512GB Black Dual Card,HONOR,849.99,1099.99,Y,,Black,12GB+512GB,,6936520858712,phones,honor-magic7-pro,buy,,,,,https://img02.honorfile.com/eu/uk/honor/pms/product/6936520858712/group/800_800_90Percent_41822476DF59AFEC5BA3CA1A180DA0C2EEFA8535CF961CCEmp.webp,https://img02.honorfile.com/eu/uk/honor/pms/product/6936520858712/group/800_800_90Percent_6A90CAE44D0D278AA6E8FE9A667FCD6F4510878EA0175420mp.webp,https://img02.honorfile.com/eu/uk/honor/pms/product/6936520858712/group/800_800_90Percent_C63469F6E9F4FCD6234EEB0D37572ADBEDE2A44C9AB8514Cmp.webp,https://img02.honorfile.com/eu/uk/honor/pms/product/6936520858712/group/800_800_90Percent_666D378C41A1B1C6BF0A1F5609BC7B350CB595A08846CB98mp.webp,https://img02.honorfile.com/eu/uk/honor/pms/product/6936520858712/group/800_800_90Percent_4F51DBC396B30F7D5541A70AEABA150C1475C7ED23217D4Cmp.webp,,,425,5.0,,,,,,£849.99,849.99,variant,Colour,Black,specification,Memory,12GB+512GB,,,,,,,,,,,,,,,,,,,,,,,,,,,,,,,,,,,,,,,,,,,,,,,,,,,,,,
HONOR,2025-09-25,https://selfservice-de.hihonor.com/ccpcmd/services/dispatch/secured/CCPC/EN/eCommerce/querySkuDetailDispInfo/1000?skuCodes=82440110001010001203&siteCode=uk&groupFlag=false,https://www.honor.com/uk/phones/honor-magic7-pro/buy/?productId=18244700122746&skuCode=82440110001010001203,82440110001010001203,HONOR Magic7 Pro 12GB+512GB Breeze Blue Dual Card,HONOR,849.99,1099.99,Y,,Breeze Blue,12GB+512GB,,6936520858736,phones,honor-magic7-pro,buy,,,,,https://img02.honorfile.com/eu/uk/honor/pms/product/6936520858736/group/800_800_90Percent_CA218225617A310C728C7B6B5DD733C912C9DC20B7069235mp.webp,https://img02.honorfile.com/eu/uk/honor/pms/product/6936520858736/group/800_800_90Percent_A3A353FF7E8097519C4C9DEA6DB410BE27E05BD43BD9D9ADmp.webp,https://img02.honorfile.com/eu/uk/honor/pms/product/6936520858736/group/800_800_90Percent_82C2FBDF6A206B6401133E72C711B0A88FE5DDF4D7243B06mp.webp,https://img02.honorfile.com/eu/uk/honor/pms/product/6936520858736/group/800_800_90Percent_F98960D5337ECCC028784B10D17A7FF73AF2F9529664AEF0mp.webp,https://img02.honorfile.com/eu/uk/honor/pms/product/6936520858736/group/800_800_90Percent_0AFD46468E2228DF50DA8AE68A2CC7505BDD54186F61C7D7mp.webp,,,425,5.0,,,,,,£849.99,849.99,variant,Colour,Breeze Blue,specification,Memory,12GB+512GB,,,,,,,,,,,,,,,,,,,,,,,,,,,,,,,,,,,,,,,,,,,,,,,,,,,,,,
HONOR,2025-09-25,https://selfservice-de.hihonor.com/ccpcmd/services/dispatch/secured/CCPC/EN/eCommerce/querySkuDetailDispInfo/1000?skuCodes=82440110001030001201&siteCode=uk&groupFlag=false,https://www.honor.com/uk/phones/honor-400-lite/buy/?productId=18244802012461&skuCode=82440110001030001201,82440110001030001201,HONOR 400 Lite 8GB+256GB Velvet Black Dual Card,HONOR,199.99,249.99,Y,,Velvet Black,8GB+256GB,,6936520865079,phones,honor-400-lite,buy,,,,,https://img02.honorfile.com/eu/uk/honor/pms/product/6936520865079/group/800_800_90Percent_B1AA1C703D69492403F0C4A56EBC99B3BBADE3DA9E5F0C3Fmp.webp,https://img02.honorfile.com/eu/uk/honor/pms/product/6936520865079/group/800_800_90Percent_F01FBAAA76B5EB6F3381B36202BC2C2A109D41577A5FE152mp.webp,https://img02.honorfile.com/eu/uk/honor/pms/product/6936520865079/group/800_800_90Percent_BC1D550258A1D61C9DBAD7CAB5773CD94F47DBC02A19F6E4mp.webp,https://img02.honorfile.com/eu/uk/honor/pms/product/6936520865079/group/800_800_90Percent_49B94BB7584CCD9098533AA10C983F88FB789CCBDD0EC50Dmp.webp,https://img02.honorfile.com/eu/uk/honor/pms/product/6936520865079/group/800_800_90Percent_1A42870DF58D42CDC03A63DC3CF4D7FA114BC9638469FFB9mp.webp,,,50,4.9,,,,,,£199.99,199.99,variant,Colour,Velvet Black,specification,Memory,8GB+256GB,,,,,,,,,,,,,,,,,,,,,,,,,,,,,,,,,,,,,,,,,,,,,,,,,,,,,,
HONOR,2025-09-25,https://selfservice-de.hihonor.com/ccpcmd/services/dispatch/secured/CCPC/EN/eCommerce/querySkuDetailDispInfo/1000?skuCodes=82440110001030001202&siteCode=uk&groupFlag=false,https://www.honor.com/uk/phones/honor-400-lite/buy/?productId=18244802012461&skuCode=82440110001030001202,82440110001030001202,HONOR 400 Lite 8GB+256GB Marrs Green Dual Card,HONOR,199.99,249.99,Y,,Marrs Green,8GB+256GB,,6936520865086,phones,honor-400-lite,buy,,,,,https://img02.honorfile.com/eu/uk/honor/pms/product/6936520865086/group/800_800_90Percent_32C7CD5D5718591DCC794222C621C90F8632FB3C42F703BCmp.webp,https://img02.honorfile.com/eu/uk/honor/pms/product/6936520865086/group/800_800_90Percent_D62F6262CF734557EC18FC8BC1A003F19EA1D132AD945083mp.webp,https://img02.honorfile.com/eu/uk/honor/pms/product/6936520865086/group/800_800_90Percent_21C5722A4282B24CE10835431937B24D23EF2E690816FB3Amp.webp,https://img02.honorfile.com/eu/uk/honor/pms/product/6936520865086/group/800_800_90Percent_D05D9FCC9035216B83ACE69875D6944D5B3FF2B4A14E3EC0mp.webp,https://img02.honorfile.com/eu/uk/honor/pms/product/6936520865086/group/800_800_90Percent_1A6C943893827F9BBAB6FB216A9C98402CA0B76CF53E35DDmp.webp,,,50,4.9,,,,,,£199.99,199.99,variant,Colour,Marrs Green,specification,Memory,8GB+256GB,,,,,,,,,,,,,,,,,,,,,,,,,,,,,,,,,,,,,,,,,,,,,,,,,,,,,,
HONOR,2025-09-25,https://selfservice-de.hihonor.com/ccpcmd/services/dispatch/secured/CCPC/EN/eCommerce/querySkuDetailDispInfo/1000?skuCodes=82440110001030001203&siteCode=uk&groupFlag=false,https://www.honor.com/uk/phones/honor-400-lite/buy/?productId=18244802012461&skuCode=82440110001030001203,82440110001030001203,HONOR 400 Lite 8GB+256GB Velvet Grey Dual Card,HONOR,199.99,249.99,Y,,Velvet Grey,8GB+256GB,,6936520865093,phones,honor-400-lite,buy,,,,,https://img02.honorfile.com/eu/uk/honor/pms/product/6936520865093/group/800_800_90Percent_19222C7AD3583268C7EEB794B35B39D4BD5E5226416F5963mp.webp,https://img02.honorfile.com/eu/uk/honor/pms/product/6936520865093/group/800_800_90Percent_4DB84EB79B9FD99BD9194EB1C00CC8A06C091511B426DFFEmp.webp,https://img02.honorfile.com/eu/uk/honor/pms/product/6936520865093/group/800_800_90Percent_B65BE498E74C76852C42AAF60B2D46B25ADF8CAF4BE02ADCmp.webp,https://img02.honorfile.com/eu/uk/honor/pms/product/6936520865093/group/800_800_90Percent_15C5A5C524E7A71392F887FE4B706A8F5F0FEC51DF2552C7mp.webp,https://img02.honorfile.com/eu/uk/honor/pms/product/6936520865093/group/800_800_90Percent_D78BDEF183BAF1B98FD3CAB14B7BD16E93C87D82BBF0B5C0mp.webp,,,50,4.9,,,,,,£199.99,199.99,variant,Colour,Velvet Grey,specification,Memory,8GB+256GB,,,,,,,,,,,,,,,,,,,,,,,,,,,,,,,,,,,,,,,,,,,,,,,,,,,,,,
HONOR,2025-09-25,https://selfservice-de.hihonor.com/ccpcmd/services/dispatch/secured/CCPC/EN/eCommerce/querySkuDetailDispInfo/1000?skuCodes=82440110001070000601&siteCode=uk&groupFlag=false,https://www.honor.com/uk/phones/honor-x6c/buy/?productId=18244833570990&skuCode=82440110001070000601,82440110001070000601,HONOR X6c 6GB+128GB Ocean Cyan Dual Card,HONOR,79.99,129.99,Y,,Ocean Cyan,6GB+128GB,,6936520871780,phones,honor-x6c,buy,,,,,https://img02.honorfile.com/eu/uk/honor/pms/product/6936520871780/group/800_800_90Percent_31C5E2C44552FBD56EDBAE7C6CD72DE1BF515E26637E2454mp.webp,https://img02.honorfile.com/eu/uk/honor/pms/product/6936520871780/group/800_800_90Percent_58ED1D7FDB9991201D4107317EDD16F32C2C547BC7DDA1B3mp.webp,https://img02.honorfile.com/eu/uk/honor/pms/product/6936520871780/group/800_800_90Percent_B647E93BBB425CA0D8BB824621161D458038C120A775C4FDmp.webp,https://img02.honorfile.com/eu/uk/honor/pms/product/6936520871780/group/800_800_90Percent_1A6D625DF0D2E2F69BD0311D4DD2FC86C8A035FB99930449mp.webp,https://img02.honorfile.com/eu/uk/honor/pms/product/6936520871780/group/800_800_90Percent_17B979BCA239AD8D3E8FBA60F6FE24E6C2FCCA53AA64D8C9mp.webp,,,5,4.8,,,,,,£79.99,79.99,variant,Colour,Ocean Cyan,specification,Memory,6GB+128GB,,,,,,,,,,,,,,,,,,,,,,,,,,,,,,,,,,,,,,,,,,,,,,,,,,,,,,
HONOR,2025-09-25,https://selfservice-de.hihonor.com/ccpcmd/services/dispatch/secured/CCPC/EN/eCommerce/querySkuDetailDispInfo/1000?skuCodes=82440110001070000602&siteCode=uk&groupFlag=false,https://www.honor.com/uk/phones/honor-x6c/buy/?productId=18244833570990&skuCode=82440110001070000602,82440110001070000602,HONOR X6c 6GB+128GB Midnight Black Dual Card,HONOR,79.99,129.99,Y,,Midnight Black,6GB+128GB,,6936520871629,phones,honor-x6c,buy,,,,,https://img02.honorfile.com/eu/uk/honor/pms/product/6936520871629/group/800_800_90Percent_51C7852A989A763715868374F22259272F090F06C6AF98E4mp.webp,https://img02.honorfile.com/eu/uk/honor/pms/product/6936520871629/group/800_800_90Percent_DA8EA42C51F394E2B34C560512459DF518ABB023C3AFD8E5mp.webp,https://img02.honorfile.com/eu/uk/honor/pms/product/6936520871629/group/800_800_90Percent_450434BEE14B1D48778FD292969727EA02C7E61A69446ECCmp.webp,https://img02.honorfile.com/eu/uk/honor/pms/product/6936520871629/group/800_800_90Percent_314C9485691414349219867C4D9CE5DB482F81BBEA304DD6mp.webp,https://img02.honorfile.com/eu/uk/honor/pms/product/6936520871629/group/800_800_90Percent_5BB8742B9D0B66431EFC7709E21796F1628ADA73A946277Amp.webp,,,5,4.8,,,,,,£79.99,79.99,variant,Colour,Midnight Black,specification,Memory,6GB+128GB,,,,,,,,,,,,,,,,,,,,,,,,,,,,,,,,,,,,,,,,,,,,,,,,,,,,,,
HONOR,2025-09-25,https://selfservice-de.hihonor.com/ccpcmd/services/dispatch/secured/CCPC/EN/eCommerce/querySkuDetailDispInfo/1000?skuCodes=82440110001010000701&siteCode=uk&groupFlag=false,https://www.honor.com/uk/phones/honor-magic-v3/buy/?productId=18244523074979&skuCode=82440110001010000701,82440110001010000701,HONOR Magic V3 12GB+512GB Black Dual Card,HONOR,1399.99,1699.99,Y,Get an extra £100 trade-in discount before your purchase.,Black,12GB+512GB,,6936520851102,phones,honor-magic-v3,buy,,,,,https://img02.honorfile.com/eu/uk/honor/pms/product/6936520851102/group/800_800_90Percent_8D9B88153B1D31D34C74C9F2743066F3D742645205679463mp.webp,https://img02.honorfile.com/eu/uk/honor/pms/product/6936520851102/group/800_800_90Percent_2025909B1689AAB5B9EE692E25E3E7EE1B4A72B1249253CAmp.webp,https://img02.honorfile.com/eu/uk/honor/pms/product/6936520851102/group/800_800_90Percent_7FA0D00727F8C2DBDD126CD2945BCC4BD0C3C17F643C59CBmp.webp,https://img02.honorfile.com/eu/uk/honor/pms/product/6936520851102/group/800_800_90Percent_DAFEB8F503989A26A5576D011B258015861A73A8C53375E6mp.webp,https://img02.honorfile.com/eu/uk/honor/pms/product/6936520851102/group/800_800_90Percent_4AF3CDA4A0C82A9E8CEFD54DB493CF8FBFFA136653923B9Fmp.webp,,,243,5.0,,,,,,£1399.99,1399.99,variant,Colour,Black,specification,Memory,12GB+512GB,,,,,,,,,,,,,,,,,,,,,,,,,,,,,,,,,,,,,,,,,,,,,,,,,,,,,,
HONOR,2025-09-25,https://selfservice-de.hihonor.com/ccpcmd/services/dispatch/secured/CCPC/EN/eCommerce/querySkuDetailDispInfo/1000?skuCodes=82440110001010000703&siteCode=uk&groupFlag=false,https://www.honor.com/uk/phones/honor-magic-v3/buy/?productId=18244523074979&skuCode=82440110001010000703,82440110001010000703,HONOR Magic V3 12GB+512GB Reddish Brown Dual Card,HONOR,1399.99,1699.99,Y,Get an extra £100 trade-in discount before your purchase.,Reddish Brown,12GB+512GB,,6936520851126,phones,honor-magic-v3,buy,,,,,https://img02.honorfile.com/eu/uk/honor/pms/product/6936520851126/group/800_800_90Percent_5B81DD37E731331EF8D854E37A7E79792A8BC294CA451A92mp.webp,https://img02.honorfile.com/eu/uk/honor/pms/product/6936520851126/group/800_800_90Percent_1C1892E64549A5230958FF08104F21AC3D2547AC2F55C720mp.webp,https://img02.honorfile.com/eu/uk/honor/pms/product/6936520851126/group/800_800_90Percent_F8593075EBB9774222AC6CD5382C8D0A079F14F251B42A6Emp.webp,https://img02.honorfile.com/eu/uk/honor/pms/product/6936520851126/group/800_800_90Percent_4174ECEC9E02838278B6CB52B98B6AD079CDAEA3010CD695mp.webp,https://img02.honorfile.com/eu/uk/honor/pms/product/6936520851126/group/800_800_90Percent_7576053F719A7C886D81BAF98C5CB8A8D9721AC570B17E57mp.webp,,,243,5.0,,,,,,£1399.99,1399.99,variant,Colour,Reddish Brown,specification,Memory,12GB+512GB,,,,,,,,,,,,,,,,,,,,,,,,,,,,,,,,,,,,,,,,,,,,,,,,,,,,,,
HONOR,2025-09-25,https://selfservice-de.hihonor.com/ccpcmd/services/dispatch/secured/CCPC/EN/eCommerce/querySkuDetailDispInfo/1000?skuCodes=82440110001010000704&siteCode=uk&groupFlag=false,https://www.honor.com/uk/phones/honor-magic-v3/buy/?productId=18244523074979&skuCode=82440110001010000704,82440110001010000704,HONOR Magic V3 12GB+512GB Green Dual Card EU Operator,HONOR,1399.99,1699.99,Y,Get an extra £100 trade-in discount before your purchase.,Green,12GB+512GB,,6936520851140,phones,honor-magic-v3,buy,,,,,https://img02.honorfile.com/eu/uk/honor/pms/product/6936520851140/group/800_800_90Percent_C180195EDC6F1C03CCBD2C2344BF964BDE08F68CE7C3C1BDmp.webp,https://img02.honorfile.com/eu/uk/honor/pms/product/6936520851140/group/800_800_90Percent_3238C8A62E1F82AA9DEBBEF1BC641A1A33337778F37E886Dmp.webp,https://img02.honorfile.com/eu/uk/honor/pms/product/6936520851140/group/800_800_90Percent_B4A41E9B0AFFC570B4A990E645BB80AFC25955E044FE89BCmp.webp,https://img02.honorfile.com/eu/uk/honor/pms/product/6936520851140/group/800_800_90Percent_92647347EC14BE1EBE8A7A3E7139697EEE53A083815F742Cmp.webp,https://img02.honorfile.com/eu/uk/honor/pms/product/6936520851140/group/800_800_90Percent_07763EA2A3B9FA0CAE18EF293114D71B7F06A6A7A38EE22Dmp.webp,,,243,5.0,,,,,,£1399.99,1399.99,variant,Colour,Green,specification,Memory,12GB+512GB,,,,,,,,,,,,,,,,,,,,,,,,,,,,,,,,,,,,,,,,,,,,,,,,,,,,,,
HONOR,2025-09-25,https://selfservice-de.hihonor.com/ccpcmd/services/dispatch/secured/CCPC/EN/eCommerce/querySkuDetailDispInfo/1000?skuCodes=82440110001010001301&siteCode=uk&groupFlag=false,https://www.honor.com/uk/phones/honor-magic7-lite/buy/?productId=18244788354182&skuCode=82440110001010001301,82440110001010001301,HONOR Magic7 Lite 8GB+512GB Titanium Black Dual Card,HONOR,269.99,399.99,Y,,Titanium Black,8GB+512GB,,6936520858675,phones,honor-magic7-lite,buy,,,,,https://img02.honorfile.com/eu/uk/honor/pms/product/6936520858675/group/800_800_90Percent_0E5DC5813DA46C432250F0E4C37FCDA95347C95DF5CDD042mp.webp,https://img02.honorfile.com/eu/uk/honor/pms/product/6936520858675/group/800_800_90Percent_844261D00755BBED72FF4E6A78EE82E3F0F460F0C50A4392mp.webp,https://img02.honorfile.com/eu/uk/honor/pms/product/6936520858675/group/800_800_90Percent_7E11118C7BB4938CE86E81AA70A5F58CB5BD47227AA87083mp.webp,https://img02.honorfile.com/eu/uk/honor/pms/product/6936520858675/group/800_800_90Percent_120B5033FB28785B27E2C4EA2DBACD472D04AA42AF71FE40mp.webp,https://img02.honorfile.com/eu/uk/honor/pms/product/6936520858675/group/800_800_90Percent_67A471F9EE35144E8C35C3FAB418B9A25A77036D6D96374Amp.webp,,,87,5.0,,,,,,£269.99,269.99,variant,Colour,Titanium Black,specification,Memory,8GB+512GB,,,,,,,,,,,,,,,,,,,,,,,,,,,,,,,,,,,,,,,,,,,,,,,,,,,,,,
HONOR,2025-09-25,https://selfservice-de.hihonor.com/ccpcmd/services/dispatch/secured/CCPC/EN/eCommerce/querySkuDetailDispInfo/1000?skuCodes=82440110001010001302&siteCode=uk&groupFlag=false,https://www.honor.com/uk/phones/honor-magic7-lite/buy/?productId=18244788354182&skuCode=82440110001010001302,82440110001010001302,HONOR Magic7 Lite 8GB+512GB Titanium Purple Dual Card,HONOR,269.99,399.99,Y,,Titanium Purple,8GB+512GB,,6936520858682,phones,honor-magic7-lite,buy,,,,,https://img02.honorfile.com/eu/uk/honor/pms/product/6936520858682/group/800_800_90Percent_384C6CDEC16646E1984D8CE72EF9648728E7D5065CBF9FF0mp.webp,https://img02.honorfile.com/eu/uk/honor/pms/product/6936520858682/group/800_800_90Percent_423497E29E194581EFB91414B6A044860029A82B3707D535mp.webp,https://img02.honorfile.com/eu/uk/honor/pms/product/6936520858682/group/800_800_90Percent_29C60247AD18CF4500C5070C1F8621413BEAC397DABCF83Bmp.webp,https://img02.honorfile.com/eu/uk/honor/pms/product/6936520858682/group/800_800_90Percent_848FFBF3CDA9714C702DB7835228DCCDE0FAC62344031B55mp.webp,https://img02.honorfile.com/eu/uk/honor/pms/product/6936520858682/group/800_800_90Percent_B1DFEFE5442E02F70142B95D8A0DEFEB793D839C4C8FE604mp.webp,,,87,5.0,,,,,,£269.99,269.99,variant,Colour,Titanium Purple,specification,Memory,8GB+512GB,,,,,,,,,,,,,,,,,,,,,,,,,,,,,,,,,,,,,,,,,,,,,,,,,,,,,,
HONOR,2025-09-25,https://selfservice-de.hihonor.com/ccpcmd/services/dispatch/secured/CCPC/EN/eCommerce/querySkuDetailDispInfo/1000?skuCodes=82440110001010001501&siteCode=uk&groupFlag=false,https://www.honor.com/uk/phones/honor-magic7-rsr-porsche-design/buy/?productId=18244741824239&skuCode=82440110001010001501,82440110001010001501,PORSCHE DESIGN HONOR Magic7 RSR 24GB+1TB Agate Grey Dual Card,HONOR,1549.99,,,,Agate Grey,24GB+1TB,,6936520852802,phones,honor-magic7-rsr-porsche-design,buy,,,,,https://img02.honorfile.com/eu/uk/honor/pms/product/6936520852802/group/800_800_90Percent_E6A4947F9935DFFA4AC868F26A3FF2F24CE755C0FFAC7E2Amp.webp,https://img02.honorfile.com/eu/uk/honor/pms/product/6936520852802/group/800_800_90Percent_563E31D07F001CBC4F2B227BFC16D75A225AA66540D36262mp.webp,https://img02.honorfile.com/eu/uk/honor/pms/product/6936520852802/group/800_800_90Percent_DD5D1C89FDD47DADE8169DAACF310E64BE3DFDEE4E97AC4Dmp.webp,https://img02.honorfile.com/eu/uk/honor/pms/product/6936520852802/group/800_800_90Percent_E4695C1973A37C047AFE831CAC3C29CB2CB5E72B3FA555B7mp.webp,https://img02.honorfile.com/eu/uk/honor/pms/product/6936520852802/group/800_800_90Percent_A61A107B31F6B224CA737EC3AD81F4C9B596471324BC5411mp.webp,,,1,5.0,,,,,,£1549.99,1549.99,variant,Colour,Agate Grey,specification,Memory,24GB+1TB,,,,,,,,,,,,,,,,,,,,,,,,,,,,,,,,,,,,,,,,,,,,,,,,,,,,,,
HONOR,2025-09-25,https://selfservice-de.hihonor.com/ccpcmd/services/dispatch/secured/CCPC/EN/eCommerce/querySkuDetailDispInfo/1000?skuCodes=82440110001030000303&siteCode=uk&groupFlag=false,https://www.honor.com/uk/phones/honor-200-pro/buy/?productId=18244273354523&skuCode=82440110001030000303,82440110001030000303,HONOR 200 Pro 12GB+512GB Ocean Cyan Dual Card,HONOR,349.99,699.99,Y,,Ocean Cyan,12GB+512GB,,6936520843855,phones,honor-200-pro,buy,,,,,https://img02.honorfile.com/eu/uk/honor/pms/product/6936520843855/group/800_800_90Percent_697E9697B6EE222A2F85918AD7DA4AEC6A1A763F1AD040FFmp.webp,https://img02.honorfile.com/eu/uk/honor/pms/product/6936520843855/group/800_800_90Percent_A38C4EA64E3A29901BC25A80D2A0F9E1A3A09B2C11F7CC2Cmp.webp,https://img02.honorfile.com/eu/uk/honor/pms/product/6936520843855/group/800_800_90Percent_C008CE97AE410C34A0589D244DA8BF3D78C106057B846F1Amp.webp,https://img02.honorfile.com/eu/uk/honor/pms/product/6936520843855/group/800_800_90Percent_EF23E28E6D87787FEAC5A47392EA0DD6A2CB135F3A5F8B68mp.webp,https://img02.honorfile.com/eu/uk/honor/pms/product/6936520843855/group/800_800_90Percent_439DDAA834CBCF58DE9D991305E4DC7B31054F32197EE5C2mp.webp,"Buy the New HONOR 200 Pro smartphone. Enjoy Exclusive Trade In Offers, 0% Finance, Free Delivery & Free Returns at HONOR UK.",New Buy HONOR 200 Pro | Price & Offer | HONOR UK,158,4.9,,,,,,£349.99,349.99,variant,Colour,Ocean Cyan,specification,Memory,12GB+512GB,,,,,,,,,,,,,,,,,,,,,,,,,,,,,,,,,,,,,,,,,,,,,,,,,,,,,,
HONOR,2025-09-25,https://selfservice-de.hihonor.com/ccpcmd/services/dispatch/secured/CCPC/EN/eCommerce/querySkuDetailDispInfo/1000?skuCodes=82440110001030000304&siteCode=uk&groupFlag=false,https://www.honor.com/uk/phones/honor-200-pro/buy/?productId=18244273354523&skuCode=82440110001030000304,82440110001030000304,HONOR 200 Pro 12GB+512GB Moonlight White Dual Card Operator Ver.,HONOR,349.99,699.99,Y,,Moonlight White,12GB+512GB,,6936520843879,phones,honor-200-pro,buy,,,,,https://img02.honorfile.com/eu/uk/honor/pms/product/6936520843879/group/800_800_90Percent_166400034CE15983B2CCB3587BA91C215D5E0C526079F290mp.webp,https://img02.honorfile.com/eu/uk/honor/pms/product/6936520843879/group/800_800_90Percent_AA71B9FFB19C70F2816488BA8C9B77E63287EBB005ED9B3Fmp.webp,https://img02.honorfile.com/eu/uk/honor/pms/product/6936520843879/group/800_800_90Percent_58D2EEA83E0B08A386EE5C793D14AD2B3EE7C06DAF4C6BD8mp.webp,https://img02.honorfile.com/eu/uk/honor/pms/product/6936520843879/group/800_800_90Percent_82315BFD64B4E70EC5487FEE8EE9EF1D432607375086482Fmp.webp,https://img02.honorfile.com/eu/uk/honor/pms/product/6936520843879/group/800_800_90Percent_DD970BA9B74A4124FE6DF38FD26E5BDEA08B83CDA1D59377mp.webp,"Buy the New HONOR 200 Pro smartphone. Enjoy Exclusive Trade In Offers, 0% Finance, Free Delivery & Free Returns at HONOR UK.",New Buy HONOR 200 Pro | Price & Offer | HONOR UK,158,4.9,,,,,,£349.99,349.99,variant,Colour,Moonlight White,specification,Memory,12GB+512GB,,,,,,,,,,,,,,,,,,,,,,,,,,,,,,,,,,,,,,,,,,,,,,,,,,,,,,
HONOR,2025-09-25,https://selfservice-de.hihonor.com/ccpcmd/services/dispatch/secured/CCPC/EN/eCommerce/querySkuDetailDispInfo/1000?skuCodes=82440110001030000305&siteCode=uk&groupFlag=false,https://www.honor.com/uk/phones/honor-200-pro/buy/?productId=18244273354523&skuCode=82440110001030000305,82440110001030000305,HONOR 200 Pro 12GB+512GB Black Dual Card Operator Ver.,HONOR,349.99,699.99,Y,,Black,12GB+512GB,,6936520843862,phones,honor-200-pro,buy,,,,,https://img02.honorfile.com/eu/uk/honor/pms/product/6936520843862/group/800_800_90Percent_3B528B83B81DE3E797B1EBA4215E2CF2FFCC23C1D99EAB25mp.webp,https://img02.honorfile.com/eu/uk/honor/pms/product/6936520843862/group/800_800_90Percent_45A11A8718FEDF5B53920D20DA22FAE479368663F1758C36mp.webp,https://img02.honorfile.com/eu/uk/honor/pms/product/6936520843862/group/800_800_90Percent_037251C0EE7251C81F72892F3DB5F3F59D40AC4218351510mp.webp,https://img02.honorfile.com/eu/uk/honor/pms/product/6936520843862/group/800_800_90Percent_6E9F55EE5E454B2A0B42DD684A677CD890A6BD930449243Emp.webp,https://img02.honorfile.com/eu/uk/honor/pms/product/6936520843862/group/800_800_90Percent_3B028AA8BD8E23F0D9362AC21EE94C8EBD765B3F933D30A1mp.webp,"Buy the New HONOR 200 Pro smartphone. Enjoy Exclusive Trade In Offers, 0% Finance, Free Delivery & Free Returns at HONOR UK.",New Buy HONOR 200 Pro | Price & Offer | HONOR UK,158,4.9,,,,,,£349.99,349.99,variant,Colour,Black,specification,Memory,12GB+512GB,,,,,,,,,,,,,,,,,,,,,,,,,,,,,,,,,,,,,,,,,,,,,,,,,,,,,,
HONOR,2025-09-25,https://selfservice-de.hihonor.com/ccpcmd/services/dispatch/secured/CCPC/EN/eCommerce/querySkuDetailDispInfo/1000?skuCodes=82440110001010000301&siteCode=uk&groupFlag=false,https://www.honor.com/uk/phones/honor-magic-v2-rsr-porsche-design/buy/?productId=18244575626355&skuCode=82440110001010000301,82440110001010000301,PORSCHE DESIGN HONOR Magic V2 RSR 16GB+1TB Agate Grey Dual Card,HONOR,2349.99,,,,Agate Grey,16GB+1TB,,6936520832057,phones,honor-magic-v2-rsr-porsche-design,buy,,,,,https://img02.honorfile.com/eu/uk/honor/pms/product/6936520832057/group/800_800_90Percent_53C9BB2F7320CE9D6706351099B3D274503EA40B48598E81mp.webp,https://img02.honorfile.com/eu/uk/honor/pms/product/6936520832057/group/800_800_90Percent_C8300AD8563BBFEAB57E4973F42692410C8D56541E79714Emp.webp,https://img02.honorfile.com/eu/uk/honor/pms/product/6936520832057/group/800_800_90Percent_779996342B3AFCDD034C2E0AABB1845F592FE4F08C7BD173mp.webp,https://img02.honorfile.com/eu/uk/honor/pms/product/6936520832057/group/800_800_90Percent_B785EE49B799913BD5CDF69679E73CB3EDEADA13B68B0289mp.webp,https://img02.honorfile.com/eu/uk/honor/pms/product/6936520832057/group/800_800_90Percent_E22AB191280FB6325940A04008AD081388A40A8494A33C44mp.webp,"Buy the New PORSCHE DESIGN HONOR Magic V2 RSR smartphone. Enjoy Exclusive Offers, 0% Finance, Free Delivery & Free Returns at HONOR UK.",Buy PORSCHE DESIGN HONOR Magic V2 RSR | Price & Review | HONOR UK,9,5.0,,,,,,£2349.99,2349.99,variant,Colour,Agate Grey,specification,Memory,16GB+1TB,,,,,,,,,,,,,,,,,,,,,,,,,,,,,,,,,,,,,,,,,,,,,,,,,,,,,,
HONOR,2025-09-25,https://selfservice-de.hihonor.com/ccpcmd/services/dispatch/secured/CCPC/EN/eCommerce/querySkuDetailDispInfo/1000?skuCodes=82440110001010000201&siteCode=uk&groupFlag=false,https://www.honor.com/uk/phones/honor-magic6-pro/buy/?productId=18244361202440&skuCode=82440110001010000201,82440110001010000201,HONOR Magic6 Pro 12GB+512GB Black Dual Card,HONOR,1099.99,,,,Black,12GB+512GB,,6936520835997,phones,honor-magic6-pro,buy,,,,,https://img02.honorfile.com/eu/uk/honor/pms/product/6936520835997/group/800_800_90Percent_0AA66DCB4D238F06A7397BA90BCD23DC6896DA5FD670E52Bmp.webp,https://img02.honorfile.com/eu/uk/honor/pms/product/6936520835997/group/800_800_90Percent_9577EA071969CAF1BE59F252C783C3DBEEAF7031D39C4304mp.webp,https://img02.honorfile.com/eu/uk/honor/pms/product/6936520835997/group/800_800_90Percent_44BF3E7041E671484C0C92ABC5E5FD9C57561689C7163802mp.webp,https://img02.honorfile.com/eu/uk/honor/pms/product/6936520835997/group/800_800_90Percent_993C06E62448834EDAC6755AC5136D992BC5B42ED2BF902Dmp.webp,https://img02.honorfile.com/eu/uk/honor/pms/product/6936520835997/group/800_800_90Percent_AFAF3696EC91A62A54E7988C22628FDDA3BFD6336306111Emp.webp,"Buy the New HONOR Magic 6 Pro smartphone. Enjoy Exclusive Offers, 0% Finance, Free Delivery & Free Returns at HONOR UK.",Buy HONOR Magic 6 Pro | Price & Offer | HONOR UK,220,4.9,,,,,,£1099.99,1099.99,variant,Colour,Black,specification,Memory,12GB+512GB,,,,,,,,,,,,,,,,,,,,,,,,,,,,,,,,,,,,,,,,,,,,,,,,,,,,,,
HONOR,2025-09-25,https://selfservice-de.hihonor.com/ccpcmd/services/dispatch/secured/CCPC/EN/eCommerce/querySkuDetailDispInfo/1000?skuCodes=82440110001010000202&siteCode=uk&groupFlag=false,https://www.honor.com/uk/phones/honor-magic6-pro/buy/?productId=18244361202440&skuCode=82440110001010000202,82440110001010000202,HONOR Magic6 Pro 12GB+512GB Epi Green Dual Card,HONOR,1099.99,,,,Epi Green,12GB+512GB,,6936520836000,phones,honor-magic6-pro,buy,,,,,https://img02.honorfile.com/eu/uk/honor/pms/product/6936520836000/group/800_800_90Percent_2B4A15B23CCC7EAA5B8CCFD956015425D878D80C80BF59C4mp.webp,https://img02.honorfile.com/eu/uk/honor/pms/product/6936520836000/group/800_800_90Percent_76E9A7239B13F8FF9ACD4727306B984AD17C0E7CB51A82AEmp.webp,https://img02.honorfile.com/eu/uk/honor/pms/product/6936520836000/group/800_800_90Percent_14809CE3291D79D1EDB5C5AB6742E45520CFD2F49FB7BAD0mp.webp,https://img02.honorfile.com/eu/uk/honor/pms/product/6936520836000/group/800_800_90Percent_B35A36AF8A340B157DA19B2C7670172EB1085FB74F4FCE8Fmp.webp,https://img02.honorfile.com/eu/uk/honor/pms/product/6936520836000/group/800_800_90Percent_AFE847F2480BE2B0B113187D740835ED3663008E960F222Emp.webp,"Buy the New HONOR Magic 6 Pro smartphone. Enjoy Exclusive Offers, 0% Finance, Free Delivery & Free Returns at HONOR UK.",Buy HONOR Magic 6 Pro | Price & Offer | HONOR UK,220,4.9,,,,,,£1099.99,1099.99,variant,Colour,Epi Green,specification,Memory,12GB+512GB,,,,,,,,,,,,,,,,,,,,,,,,,,,,,,,,,,,,,,,,,,,,,,,,,,,,,,
HONOR,2025-09-25,https://selfservice-de.hihonor.com/ccpcmd/services/dispatch/secured/CCPC/EN/eCommerce/querySkuDetailDispInfo/1000?skuCodes=82440110001070000401&siteCode=uk&groupFlag=false,https://www.honor.com/uk/phones/honor-x6b/buy/?productId=18244404528294&skuCode=82440110001070000401,82440110001070000401,HONOR X6b 4GB+128GB Forest Green Dual Card,HONOR,79.99,129.99,Y,,Forest Green,4GB+128GB,,6936520843695,phones,honor-x6b,buy,,,,,https://img02.honorfile.com/eu/uk/honor/pms/product/6936520843695/group/800_800_90Percent_4ABF47A3804BBA69CDFF650E7634FAAA6AF424C9D0258569mp.webp,https://img02.honorfile.com/eu/uk/honor/pms/product/6936520843695/group/800_800_90Percent_282C34E21C27546B719B706EABAF61B3B456FEA2622F1C1Emp.webp,https://img02.honorfile.com/eu/uk/honor/pms/product/6936520843695/group/800_800_90Percent_D622F681D0BD34A9CCA367751D5EFE039B627D879AF8C4E7mp.webp,https://img02.honorfile.com/eu/uk/honor/pms/product/6936520843695/group/800_800_90Percent_2FF7A5DEA0CDA1293FEB2AE3A2FC578F5A8D10F94D0832E4mp.webp,https://img02.honorfile.com/eu/uk/honor/pms/product/6936520843695/group/800_800_90Percent_4B761487B07B25153B36EC85EB855EEDE710D36ADC7BEE67mp.webp,,,35,5.0,,,,,,£79.99,79.99,variant,Colour,Forest Green,specification,Memory,4GB+128GB,,,,,,,,,,,,,,,,,,,,,,,,,,,,,,,,,,,,,,,,,,,,,,,,,,,,,,
HONOR,2025-09-25,https://selfservice-de.hihonor.com/ccpcmd/services/dispatch/secured/CCPC/EN/eCommerce/querySkuDetailDispInfo/1000?skuCodes=82440110001070000402&siteCode=uk&groupFlag=false,https://www.honor.com/uk/phones/honor-x6b/buy/?productId=18244404528294&skuCode=82440110001070000402,82440110001070000402,HONOR X6b 4GB+128GB Midnight Black Dual Card,HONOR,79.99,129.99,Y,,Midnight Black,4GB+128GB,,6936520843688,phones,honor-x6b,buy,,,,,https://img02.honorfile.com/eu/uk/honor/pms/product/6936520843688/group/800_800_90Percent_6BB79DBA78197C9F6A390C93DDABE7B1E727A5521B53BF39mp.webp,https://img02.honorfile.com/eu/uk/honor/pms/product/6936520843688/group/800_800_90Percent_A9C8C5D145F0B66990EFE63C1608AC5DD42EC152947A8612mp.webp,https://img02.honorfile.com/eu/uk/honor/pms/product/6936520843688/group/800_800_90Percent_C735E2FA2943ABF60F8FC9612CF32975EA501D94D56C9BD1mp.webp,https://img02.honorfile.com/eu/uk/honor/pms/product/6936520843688/group/800_800_90Percent_594B4F0BA002C9513B63190A6C6059B0177CA05B6660E7E9mp.webp,https://img02.honorfile.com/eu/uk/honor/pms/product/6936520843688/group/800_800_90Percent_03B1A10F6236BF435645E3B51D16F9F6D41E08AC116D6318mp.webp,,,35,5.0,,,,,,£79.99,79.99,variant,Colour,Midnight Black,specification,Memory,4GB+128GB,,,,,,,,,,,,,,,,,,,,,,,,,,,,,,,,,,,,,,,,,,,,,,,,,,,,,,
HONOR,2025-09-25,https://selfservice-de.hihonor.com/ccpcmd/services/dispatch/secured/CCPC/EN/eCommerce/querySkuDetailDispInfo/1000?skuCodes=82440110001030000203&siteCode=uk&groupFlag=false,https://www.honor.com/uk/phones/honor-200/buy/?productId=18244469660863&skuCode=82440110001030000203,82440110001030000203,HONOR 200 12GB+512GB Moonlight White Dual Card,HONOR,349.99,549.99,Y,,Moonlight White,12GB+512GB,,6936520843787,phones,honor-200,buy,,,,,https://img02.honorfile.com/eu/uk/honor/pms/product/6936520843787/group/800_800_90Percent_DC13141EAE40DBC3CA7289F47F67B5258DE38979D7394AF1mp.webp,https://img02.honorfile.com/eu/uk/honor/pms/product/6936520843787/group/800_800_90Percent_CB8CBAA8E1B0AE751BC9BCDF4025581BB38310C3F2B30A20mp.webp,https://img02.honorfile.com/eu/uk/honor/pms/product/6936520843787/group/800_800_90Percent_AFB203C2D97CEE7013132DDE6AC6F486148E245558DB1365mp.webp,https://img02.honorfile.com/eu/uk/honor/pms/product/6936520843787/group/800_800_90Percent_12171BD282B2942D1FF8CBE56C32348CA6CF72A5CECFF010mp.webp,https://img02.honorfile.com/eu/uk/honor/pms/product/6936520843787/group/800_800_90Percent_0A8A890B1A99A64004AC47F60DF42D05D5EDAAF3047857BAmp.webp,"Buy the New HONOR 200 smartphone. Enjoy Exclusive Trade In Offers, 0% Finance, Free Delivery & Free Returns at HONOR UK.",New Buy HONOR 200 | Price & Offer | HONOR UK,50,4.9,,,,,,£349.99,349.99,variant,Colour,Moonlight White,specification,Memory,12GB+512GB,,,,,,,,,,,,,,,,,,,,,,,,,,,,,,,,,,,,,,,,,,,,,,,,,,,,,,
HONOR,2025-09-25,https://selfservice-de.hihonor.com/ccpcmd/services/dispatch/secured/CCPC/EN/eCommerce/querySkuDetailDispInfo/1000?skuCodes=82440110001030000204&siteCode=uk&groupFlag=false,https://www.honor.com/uk/phones/honor-200/buy/?productId=18244469660863&skuCode=82440110001030000204,82440110001030000204,HONOR 200 8GB+256GB Black Dual Card Operator,HONOR,299.99,499.99,Y,,Black,8GB+256GB,,6936520843756,phones,honor-200,buy,,,,,https://img02.honorfile.com/eu/uk/honor/pms/product/6936520843756/group/800_800_90Percent_55A5A1BD2207C52F28D43B021E4892A4053B80567E402F3Bmp.webp,https://img02.honorfile.com/eu/uk/honor/pms/product/6936520843756/group/800_800_90Percent_7C460E0E3AD2D7D81D727F9950C504FEF21AD20537A51C25mp.webp,https://img02.honorfile.com/eu/uk/honor/pms/product/6936520843756/group/800_800_90Percent_EA6E3E0B842A0CD1D02D0667ED15C255C646D078D0478C71mp.webp,https://img02.honorfile.com/eu/uk/honor/pms/product/6936520843756/group/800_800_90Percent_829DC1DFB0A8B87FB05D51128DEFF3F64E0A72F4828301B2mp.webp,https://img02.honorfile.com/eu/uk/honor/pms/product/6936520843756/group/800_800_90Percent_30D9FB26DA3DEBEC745A6666465B740BC3412301F3C520FDmp.webp,"Buy the New HONOR 200 smartphone. Enjoy Exclusive Trade In Offers, 0% Finance, Free Delivery & Free Returns at HONOR UK.",New Buy HONOR 200 | Price & Offer | HONOR UK,50,4.9,,,,,,£299.99,299.99,variant,Colour,Black,specification,Memory,8GB+256GB,,,,,,,,,,,,,,,,,,,,,,,,,,,,,,,,,,,,,,,,,,,,,,,,,,,,,,
HONOR,2025-09-25,https://selfservice-de.hihonor.com/ccpcmd/services/dispatch/secured/CCPC/EN/eCommerce/querySkuDetailDispInfo/1000?skuCodes=82440110001030000205&siteCode=uk&groupFlag=false,https://www.honor.com/uk/phones/honor-200/buy/?productId=18244469660863&skuCode=82440110001030000205,82440110001030000205,HONOR 200 8GB+256GB Emerald Green Dual Card,HONOR,299.99,499.99,Y,,Emerald Green,8GB+256GB,,6936520843749,phones,honor-200,buy,,,,,https://img02.honorfile.com/eu/uk/honor/pms/product/6936520843749/group/800_800_90Percent_00C3F1E6B7EC5F17E82B8DA620E091C4F4AB64B07A231845mp.webp,https://img02.honorfile.com/eu/uk/honor/pms/product/6936520843749/group/800_800_90Percent_4656176C104D1ECE9DFA08C0EA12D30C892E8D7B06F129D3mp.webp,https://img02.honorfile.com/eu/uk/honor/pms/product/6936520843749/group/800_800_90Percent_36C868EF6F847B1415859B97A86EC414DFD48F1A24847DE3mp.webp,https://img02.honorfile.com/eu/uk/honor/pms/product/6936520843749/group/800_800_90Percent_DA3349DEBCD4D8D2B44B4D1DCF28DD232AE6005DC77692CDmp.webp,https://img02.honorfile.com/eu/uk/honor/pms/product/6936520843749/group/800_800_90Percent_A6BF5F26301340C3BC6D90950F1705E0F727C9718D9F864Cmp.webp,"Buy the New HONOR 200 smartphone. Enjoy Exclusive Trade In Offers, 0% Finance, Free Delivery & Free Returns at HONOR UK.",New Buy HONOR 200 | Price & Offer | HONOR UK,50,4.9,,,,,,£299.99,299.99,variant,Colour,Emerald Green,specification,Memory,8GB+256GB,,,,,,,,,,,,,,,,,,,,,,,,,,,,,,,,,,,,,,,,,,,,,,,,,,,,,,
HONOR,2025-09-25,https://selfservice-de.hihonor.com/ccpcmd/services/dispatch/secured/CCPC/EN/eCommerce/querySkuDetailDispInfo/1000?skuCodes=82440110001030000701&siteCode=uk&groupFlag=false,https://www.honor.com/uk/phones/honor-200-smart/buy/?productId=18244901500849&skuCode=82440110001030000701,82440110001030000701,HONOR 200 Smart 4GB+256GB Midnight Black Dual Card,HONOR,129.99,169.99,Y,,Midnight Black,4GB+256GB,,6936520851157,phones,honor-200-smart,buy,,,,,https://img02.honorfile.com/eu/uk/honor/pms/product/6936520851157/group/800_800_90Percent_BA5E2198833361C31A0B98D39C966D297E6257D33C1F955Emp.webp,https://img02.honorfile.com/eu/uk/honor/pms/product/6936520851157/group/800_800_90Percent_A2C87C57F17F5933A405ACBD809A6E8814CBB73CAEC50B3Cmp.webp,https://img02.honorfile.com/eu/uk/honor/pms/product/6936520851157/group/800_800_90Percent_B48E30B9EFEA6D6A4DDDF2FF00FD91EAE1CA8BD760805736mp.webp,https://img02.honorfile.com/eu/uk/honor/pms/product/6936520851157/group/800_800_90Percent_F41DAABEE63B6EFE9DF22056D1FD408DEF8AAED9F3D30D31mp.webp,https://img02.honorfile.com/eu/uk/honor/pms/product/6936520851157/group/800_800_90Percent_CAD66C6CFB327D0E034ED9A0DB9A78034FA6A1C2196EA376mp.webp,,,14,5.0,,,,,,£129.99,129.99,variant,Colour,Midnight Black,specification,Memory,4GB+256GB,,,,,,,,,,,,,,,,,,,,,,,,,,,,,,,,,,,,,,,,,,,,,,,,,,,,,,
HONOR,2025-09-25,https://selfservice-de.hihonor.com/ccpcmd/services/dispatch/secured/CCPC/EN/eCommerce/querySkuDetailDispInfo/1000?skuCodes=82440110001030000702&siteCode=uk&groupFlag=false,https://www.honor.com/uk/phones/honor-200-smart/buy/?productId=18244901500849&skuCode=82440110001030000702,82440110001030000702,HONOR 200 Smart 4GB+256GB Forest Green Dual Card,HONOR,129.99,169.99,Y,,Forest Green,4GB+256GB,,6936520851164,phones,honor-200-smart,buy,,,,,https://img02.honorfile.com/eu/uk/honor/pms/product/6936520851164/group/800_800_90Percent_2BAA781F5099888B110BC8B566D3118FD0EAFEDDA7C2BE8Cmp.webp,https://img02.honorfile.com/eu/uk/honor/pms/product/6936520851164/group/800_800_90Percent_CDBAF9ED3DB40FCD6BD7BEEBC39BF642B5E12CA5510DA06Bmp.webp,https://img02.honorfile.com/eu/uk/honor/pms/product/6936520851164/group/800_800_90Percent_B965F748E50612ACB2BCAEF7251EE238E0DCA6AD425BB329mp.webp,https://img02.honorfile.com/eu/uk/honor/pms/product/6936520851164/group/800_800_90Percent_9B9144BDB0300A57EE2F76DEF2DCCBCE77052106433D115Bmp.webp,https://img02.honorfile.com/eu/uk/honor/pms/product/6936520851164/group/800_800_90Percent_189D8DDA455151F4167840369D45D7287D24F3896A5BD07Amp.webp,,,14,5.0,,,,,,£129.99,129.99,variant,Colour,Forest Green,specification,Memory,4GB+256GB,,,,,,,,,,,,,,,,,,,,,,,,,,,,,,,,,,,,,,,,,,,,,,,,,,,,,,
HONOR,2025-09-25,https://selfservice-de.hihonor.com/ccpcmd/services/dispatch/secured/CCPC/EN/eCommerce/querySkuDetailDispInfo/1000?skuCodes=82440110001010000602&siteCode=uk&groupFlag=false,https://www.honor.com/uk/phones/honor-magic6-rsr-porsche-design/buy/?productId=18244934164805&skuCode=82440110001010000602,82440110001010000602,PORSCHE DESIGN HONOR Magic6 RSR 24GB+1TB Agate Grey Dual Card,HONOR,1599.99,,,,Agate Grey,24GB+1TB,,6936520832019,phones,honor-magic6-rsr-porsche-design,buy,,,,,https://img02.honorfile.com/eu/uk/honor/pms/product/6936520832019/group/800_800_90Percent_2A89E8669A07BD81ABB3E78355AFD9ADB9823F46D0A52553mp.webp,https://img02.honorfile.com/eu/uk/honor/pms/product/6936520832019/group/800_800_90Percent_65D99CD0CB31B458086F1D5ED6D7DAFAD465F60FF109B67Cmp.webp,https://img02.honorfile.com/eu/uk/honor/pms/product/6936520832019/group/800_800_90Percent_E236A2C8A3BB1400AA1E205014936F13CB250A44655C79BEmp.webp,https://img02.honorfile.com/eu/uk/honor/pms/product/6936520832019/group/800_800_90Percent_89C9DDEAEB67BBC33EC277ABAE4663A669CBA04F174155F3mp.webp,https://img02.honorfile.com/eu/uk/honor/pms/product/6936520832019/group/800_800_90Percent_41AFA6559D0D03C28EA29D67A05729709147F43509C1FDC0mp.webp,,,5,5.0,,,,,,£1599.99,1599.99,variant,Colour,Agate Grey,specification,Memory,24GB+1TB,,,,,,,,,,,,,,,,,,,,,,,,,,,,,,,,,,,,,,,,,,,,,,,,,,,,,,
HONOR,2025-09-25,https://selfservice-de.hihonor.com/ccpcmd/services/dispatch/secured/CCPC/EN/eCommerce/querySkuDetailDispInfo/1000?skuCodes=82440110001030000102&siteCode=uk&groupFlag=false,https://www.honor.com/uk/phones/honor-200-lite/buy/?productId=18244975149390&skuCode=82440110001030000102,82440110001030000102,HONOR 200 Lite 8GB+256GB Cyan Lake Dual Card,HONOR,149.99,279.99,Y,,Cyan Lake,8GB+256GB,,6936520841134,phones,honor-200-lite,buy,,,,,https://img02.honorfile.com/eu/uk/honor/pms/product/6936520841134/group/800_800_90Percent_0C3B26AC9BF8A2EC0113090F75B66EC697E0E168B97E02B3mp.webp,https://img02.honorfile.com/eu/uk/honor/pms/product/6936520841134/group/800_800_90Percent_B8AE0FDB1F8E9B7D9BE7B4CF63EA0C57D27756DBD58C3CD1mp.webp,https://img02.honorfile.com/eu/uk/honor/pms/product/6936520841134/group/800_800_90Percent_B8AA7B05C3B031FED8D8E25F982DA5E94138AFFD03BC0729mp.webp,https://img02.honorfile.com/eu/uk/honor/pms/product/6936520841134/group/800_800_90Percent_29CE0731AAD120234D6E90453C54BC308472A96F5DFCC1F2mp.webp,https://img02.honorfile.com/eu/uk/honor/pms/product/6936520841134/group/800_800_90Percent_0C8723E061ACA98E533A0FE7C30EDD3C6E395DA88CA4440Bmp.webp,"Buy the New HONOR 200 Lite smartphone. Enjoy Exclusive Offers, 0% Finance, Free Delivery & Free Returns at HONOR UK.",Buy HONOR 200 Lite | Price & Review | HONOR UK,40,5.0,,,,,,£149.99,149.99,variant,Colour,Cyan Lake,specification,Memory,8GB+256GB,,,,,,,,,,,,,,,,,,,,,,,,,,,,,,,,,,,,,,,,,,,,,,,,,,,,,,
HONOR,2025-09-25,https://selfservice-de.hihonor.com/ccpcmd/services/dispatch/secured/CCPC/EN/eCommerce/querySkuDetailDispInfo/1000?skuCodes=82440110001030000103&siteCode=uk&groupFlag=false,https://www.honor.com/uk/phones/honor-200-lite/buy/?productId=18244975149390&skuCode=82440110001030000103,82440110001030000103,HONOR 200 Lite 8GB+256GB Starry Blue Dual Card,HONOR,149.99,279.99,Y,,Starry Blue,8GB+256GB,,6936520841141,phones,honor-200-lite,buy,,,,,https://img02.honorfile.com/eu/uk/honor/pms/product/6936520841141/group/800_800_90Percent_43EF41FF6E049E04BC3AC33DC7D7550F8D183206EB9A7BA4mp.webp,https://img02.honorfile.com/eu/uk/honor/pms/product/6936520841141/group/800_800_90Percent_37B663F5C4FF90B389E1CA274636271073D379E67A6013CCmp.webp,https://img02.honorfile.com/eu/uk/honor/pms/product/6936520841141/group/800_800_90Percent_319A40F3ADAC743B635786C65CCC97EB9F5EA1AC3233410Amp.webp,https://img02.honorfile.com/eu/uk/honor/pms/product/6936520841141/group/800_800_90Percent_CEA981B7655CBBC87A4BBDD0FA8AB2E94DD6E332DA570A81mp.webp,https://img02.honorfile.com/eu/uk/honor/pms/product/6936520841141/group/800_800_90Percent_888BFFD2250AF4005A93C4FC10740AEDDBE9C2932B29CFE0mp.webp,"Buy the New HONOR 200 Lite smartphone. Enjoy Exclusive Offers, 0% Finance, Free Delivery & Free Returns at HONOR UK.",Buy HONOR 200 Lite | Price & Review | HONOR UK,40,5.0,,,,,,£149.99,149.99,variant,Colour,Starry Blue,specification,Memory,8GB+256GB,,,,,,,,,,,,,,,,,,,,,,,,,,,,,,,,,,,,,,,,,,,,,,,,,,,,,,
HONOR,2025-09-25,https://selfservice-de.hihonor.com/ccpcmd/services/dispatch/secured/CCPC/EN/eCommerce/querySkuDetailDispInfo/1000?skuCodes=82440110001030000104&siteCode=uk&groupFlag=false,https://www.honor.com/uk/phones/honor-200-lite/buy/?productId=18244975149390&skuCode=82440110001030000104,82440110001030000104,HONOR 200 Lite 8GB+256GB Midnight Black Dual Card EU Operator,HONOR,149.99,279.99,Y,,Midnight Black,8GB+256GB,,6936520841189,phones,honor-200-lite,buy,,,,,https://img02.honorfile.com/eu/uk/honor/pms/product/6936520841189/group/800_800_90Percent_BB19324CAE5F17BF15903C5F0C0007DEEA3BACC4320CACAEmp.webp,https://img02.honorfile.com/eu/uk/honor/pms/product/6936520841189/group/800_800_90Percent_320A878BC75F18CEFF79F7C8F6A002F7CDA78574480EFE37mp.webp,https://img02.honorfile.com/eu/uk/honor/pms/product/6936520841189/group/800_800_90Percent_096A0C99AAE1DC91A39A01B79975199C59583C3C571C9333mp.webp,https://img02.honorfile.com/eu/uk/honor/pms/product/6936520841189/group/800_800_90Percent_2B83978F10FFE20E44E6EE637E85022F7DB1D6173E3A34E2mp.webp,https://img02.honorfile.com/eu/uk/honor/pms/product/6936520841189/group/800_800_90Percent_04295F5F9EDAB28EACC3DF54A9356D3E7FA1E70164B1B409mp.webp,"Buy the New HONOR 200 Lite smartphone. Enjoy Exclusive Offers, 0% Finance, Free Delivery & Free Returns at HONOR UK.",Buy HONOR 200 Lite | Price & Review | HONOR UK,40,5.0,,,,,,£149.99,149.99,variant,Colour,Midnight Black,specification,Memory,8GB+256GB,,,,,,,,,,,,,,,,,,,,,,,,,,,,,,,,,,,,,,,,,,,,,,,,,,,,,,
HONOR,2025-09-25,https://selfservice-de.hihonor.com/ccpcmd/services/dispatch/secured/CCPC/EN/eCommerce/querySkuDetailDispInfo/1000?skuCodes=82440110010207101&siteCode=uk&groupFlag=false,https://www.honor.com/uk/phones/honor-90/buy/?productId=18244447385715&skuCode=82440110010207101,82440110010207101,"HONOR 90 8GB+256GB, Emerald Green, 200MP Ultra-Clear Camera",HONOR,449.99,,,,Emerald Green,8GB+256GB,,6936520825943,phones,honor-90,buy,,,,,https://img02.honorfile.com/eu/uk/honor/pms/product/6936520825943/group/800_800_90Percent_17AF4BDB969E9D86B11B6EDCFFD5BC4788558B1372BF04C8.webp,https://img02.honorfile.com/eu/uk/honor/pms/product/6936520825943/group/800_800_90Percent_2762A2CFB061A08831298C07C1B51D56850E55093C7D54DE.webp,https://img02.honorfile.com/eu/uk/honor/pms/product/6936520825943/group/800_800_90Percent_6A5CEDD38736D0F44C7F19CE0BD0B8A25446C87793585E7A.webp,https://img02.honorfile.com/eu/uk/honor/pms/product/6936520825943/group/800_800_90Percent_F327D2B5999D13FD2F73571273A281154E77BBA3AF81FB57.webp,https://img02.honorfile.com/eu/uk/honor/pms/product/6936520825943/group/800_800_90Percent_9D7523CCE935CE481044C6733FA95FF58F258DE4B1CEA9ED.webp,"Buy the New HONOR 90 smartphone. Enjoy Exclusive Offers, 0% Finance, Free Delivery & Free Returns at HONOR UK.",New Buy HONOR 90 - Price & Review | HONOR UK,279,4.7,,,,,,£449.99,449.99,variant,Colour,Emerald Green,specification,Memory,8GB+256GB,,,,,,,,,,,,,,,,,,,,,,,,,,,,,,,,,,,,,,,,,,,,,,,,,,,,,,
HONOR,2025-09-25,https://selfservice-de.hihonor.com/ccpcmd/services/dispatch/secured/CCPC/EN/eCommerce/querySkuDetailDispInfo/1000?skuCodes=82440110010207104&siteCode=uk&groupFlag=false,https://www.honor.com/uk/phones/honor-90/buy/?productId=18244447385715&skuCode=82440110010207104,82440110010207104,"HONOR 90 12GB+512GB, Emerald Green, 200MP Ultra-Clear Camera",HONOR,499.99,,,,Emerald Green,12GB+512GB,,6936520825974,phones,honor-90,buy,,,,,https://img02.honorfile.com/eu/uk/honor/pms/product/6936520825974/group/800_800_90Percent_F23F23B439B57450B412E1A7ADDB0F06EA21C87F38D9FDFF.webp,https://img02.honorfile.com/eu/uk/honor/pms/product/6936520825974/group/800_800_90Percent_048F4F306B0A435D95EF33C6A6D139CCDFEC8DE9A50B7FA3.webp,https://img02.honorfile.com/eu/uk/honor/pms/product/6936520825974/group/800_800_90Percent_BC74AE3C81E4F8BC4EE0F0BC81A3F96640A1CB468F492275.webp,https://img02.honorfile.com/eu/uk/honor/pms/product/6936520825974/group/800_800_90Percent_11E868096C7EFD9482A8E93443C3CBBC5D033679A5E3C1A9.webp,https://img02.honorfile.com/eu/uk/honor/pms/product/6936520825974/group/800_800_90Percent_46E01524A07562EEF077F45ED9008DE07A842100C76FA19E.webp,"Buy the New HONOR 90 smartphone. Enjoy Exclusive Offers, 0% Finance, Free Delivery & Free Returns at HONOR UK.",New Buy HONOR 90 - Price & Review | HONOR UK,279,4.7,,,,,,£499.99,499.99,variant,Colour,Emerald Green,specification,Memory,12GB+512GB,,,,,,,,,,,,,,,,,,,,,,,,,,,,,,,,,,,,,,,,,,,,,,,,,,,,,,
HONOR,2025-09-25,https://selfservice-de.hihonor.com/ccpcmd/services/dispatch/secured/CCPC/EN/eCommerce/querySkuDetailDispInfo/1000?skuCodes=82440110010207102&siteCode=uk&groupFlag=false,https://www.honor.com/uk/phones/honor-90/buy/?productId=18244447385715&skuCode=82440110010207102,82440110010207102,"HONOR 90 8GB+256GB, Midnight Black, 200MP Ultra-Clear Camera",HONOR,449.99,,,,Midnight Black,8GB+256GB,,6936520825936,phones,honor-90,buy,,,,,https://img02.honorfile.com/eu/uk/honor/pms/product/6936520825936/group/800_800_90Percent_024FD44542BE2D3D57799F28721EE66ECFD91ACFBB279AF1.webp,https://img02.honorfile.com/eu/uk/honor/pms/product/6936520825936/group/800_800_90Percent_63AA7C352149FECE127A7F53BACC71905803CFA8CDE363E2.webp,https://img02.honorfile.com/eu/uk/honor/pms/product/6936520825936/group/800_800_90Percent_0B410FA16DA641B6F7FAE5F5AFE327526A991FF2761E051F.webp,https://img02.honorfile.com/eu/uk/honor/pms/product/6936520825936/group/800_800_90Percent_1FDF7826FB521D672A72EBA03D1C3288DC18C5F0BA4C180A.webp,https://img02.honorfile.com/eu/uk/honor/pms/product/6936520825936/group/800_800_90Percent_C587D25CB7BCE56EFCB886A8C217BD75E11A8C2AA50E2A4E.webp,"Buy the New HONOR 90 smartphone. Enjoy Exclusive Offers, 0% Finance, Free Delivery & Free Returns at HONOR UK.",New Buy HONOR 90 - Price & Review | HONOR UK,279,4.7,,,,,,£449.99,449.99,variant,Colour,Midnight Black,specification,Memory,8GB+256GB,,,,,,,,,,,,,,,,,,,,,,,,,,,,,,,,,,,,,,,,,,,,,,,,,,,,,,
HONOR,2025-09-25,https://selfservice-de.hihonor.com/ccpcmd/services/dispatch/secured/CCPC/EN/eCommerce/querySkuDetailDispInfo/1000?skuCodes=82440110010207103&siteCode=uk&groupFlag=false,https://www.honor.com/uk/phones/honor-90/buy/?productId=18244447385715&skuCode=82440110010207103,82440110010207103,"HONOR 90 12GB+512GB, Diamond Silver, 200MP Ultra-Clear Camera",HONOR,499.99,,,,Diamond Silver,12GB+512GB,,6936520825981,phones,honor-90,buy,,,,,https://img02.honorfile.com/eu/uk/honor/pms/product/6936520825981/group/800_800_90Percent_532183C4434581C06BD0512BE590C2F15489D0385E7F252A.webp,https://img02.honorfile.com/eu/uk/honor/pms/product/6936520825981/group/800_800_90Percent_754C5EE541F03D24D39E127191B8682DACC2D4406F090558.webp,https://img02.honorfile.com/eu/uk/honor/pms/product/6936520825981/group/800_800_90Percent_A820C3652720D554E891689244FE1DAE17AE104541A9363E.webp,https://img02.honorfile.com/eu/uk/honor/pms/product/6936520825981/group/800_800_90Percent_860E11363260636BE7E07D2CA4F3F7B340D6FA3DB1C0FB97.webp,https://img02.honorfile.com/eu/uk/honor/pms/product/6936520825981/group/800_800_90Percent_324517C8B31E587DB40BB2E04BA79357767A3ED72D4E063C.webp,"Buy the New HONOR 90 smartphone. Enjoy Exclusive Offers, 0% Finance, Free Delivery & Free Returns at HONOR UK.",New Buy HONOR 90 - Price & Review | HONOR UK,279,4.7,,,,,,£499.99,499.99,variant,Colour,Diamond Silver,specification,Memory,12GB+512GB,,,,,,,,,,,,,,,,,,,,,,,,,,,,,,,,,,,,,,,,,,,,,,,,,,,,,,
HONOR,2025-09-25,https://selfservice-de.hihonor.com/ccpcmd/services/dispatch/secured/CCPC/EN/eCommerce/querySkuDetailDispInfo/1000?skuCodes=82440110010207105&siteCode=uk&groupFlag=false,https://www.honor.com/uk/phones/honor-90/buy/?productId=18244447385715&skuCode=82440110010207105,82440110010207105,"HONOR 90 12GB+512GB, Peacock Blue, 200MP Ultra-Clear Camera",HONOR,499.99,,,,Peacock Blue,12GB+512GB,,6936520830336,phones,honor-90,buy,,,,,https://img02.honorfile.com/eu/uk/honor/pms/product/6936520830336/group/800_800_90Percent_7050848527188263921CC75CC4832D99AC44E4DAB0E3142C.webp,https://img02.honorfile.com/eu/uk/honor/pms/product/6936520830336/group/800_800_90Percent_B13E4B2C94D26BC83DB8321CF2AF409121644399EF9F5A11.webp,https://img02.honorfile.com/eu/uk/honor/pms/product/6936520830336/group/800_800_90Percent_1C73C36A2D02539A0BA51FB1E5D0428E424E266A8AF03EA1.webp,https://img02.honorfile.com/eu/uk/honor/pms/product/6936520830336/group/800_800_90Percent_83E4E42619B5E2CC9D9C01BB703ED1D6D57778303048ED13.webp,https://img02.honorfile.com/eu/uk/honor/pms/product/6936520830336/group/800_800_90Percent_B5C7F2D9F2DCBCC9E990D3BAE185F33809EC4ADE4CEBC6F8.webp,"Buy the New HONOR 90 smartphone. Enjoy Exclusive Offers, 0% Finance, Free Delivery & Free Returns at HONOR UK.",New Buy HONOR 90 - Price & Review | HONOR UK,279,4.7,,,,,,£499.99,499.99,variant,Colour,Peacock Blue,specification,Memory,12GB+512GB,,,,,,,,,,,,,,,,,,,,,,,,,,,,,,,,,,,,,,,,,,,,,,,,,,,,,,
HONOR,2025-09-25,https://selfservice-de.hihonor.com/ccpcmd/services/dispatch/secured/CCPC/EN/eCommerce/querySkuDetailDispInfo/1000?skuCodes=82440110010207106&siteCode=uk&groupFlag=false,https://www.honor.com/uk/phones/honor-90/buy/?productId=18244447385715&skuCode=82440110010207106,82440110010207106,"HONOR 90 12GB+512GB, Midnight Black, 200MP Ultra-Clear Camera",HONOR,499.99,,,,Midnight Black,12GB+512GB,,6936520825998,phones,honor-90,buy,,,,,https://img02.honorfile.com/eu/uk/honor/pms/product/6936520825998/group/800_800_90Percent_B87ADC75D11A5F30EAC662555A5CCA4D179B99BC237CC00Emp.webp,https://img02.honorfile.com/eu/uk/honor/pms/product/6936520825998/group/800_800_90Percent_8010B94DE115D9637A994A27CD1AFB43F911FE0BD9155847mp.webp,https://img02.honorfile.com/eu/uk/honor/pms/product/6936520825998/group/800_800_90Percent_DEB7F673DD39E594FD013E3FCC2D3F2ECEACAE225A22C40Emp.webp,https://img02.honorfile.com/eu/uk/honor/pms/product/6936520825998/group/800_800_90Percent_002B2D46244450FF6D9F0851A87F4BDD16F79D26DA2A9A8Dmp.webp,https://img02.honorfile.com/eu/uk/honor/pms/product/6936520825998/group/800_800_90Percent_5F8F51364A50802801D567E8F44D6F5448188BE63EDF2F83mp.webp,"Buy the New HONOR 90 smartphone. Enjoy Exclusive Offers, 0% Finance, Free Delivery & Free Returns at HONOR UK.",New Buy HONOR 90 - Price & Review | HONOR UK,279,4.7,,,,,,£499.99,499.99,variant,Colour,Midnight Black,specification,Memory,12GB+512GB,,,,,,,,,,,,,,,,,,,,,,,,,,,,,,,,,,,,,,,,,,,,,,,,,,,,,,
HONOR,2025-09-25,https://selfservice-de.hihonor.com/ccpcmd/services/dispatch/secured/CCPC/EN/eCommerce/querySkuDetailDispInfo/1000?skuCodes=82440110001010000101&siteCode=uk&groupFlag=false,https://www.honor.com/uk/phones/honor-magic-v2/buy/?productId=18244515374671&skuCode=82440110001010000101,82440110001010000101,"HONOR Magic V2 5G 16GB+512GB, Purple,  Dual Sim Card",HONOR,1699.99,,,,Phantom Purple,16GB+512GB,,6936520832118,phones,honor-magic-v2,buy,,,,,https://img02.honorfile.com/eu/uk/honor/pms/product/6936520832118/group/800_800_90Percent_B3EE620009F81C33E23624E6DD4FFA9353AB40F26C43A87Fmp.webp,https://img02.honorfile.com/eu/uk/honor/pms/product/6936520832118/group/800_800_90Percent_6A342E006A451A33294EB44078B9A649DDF4CCE805E2CDF7mp.webp,https://img02.honorfile.com/eu/uk/honor/pms/product/6936520832118/group/800_800_90Percent_50F387A53105128FDEAAD9E138E49477AD4700A88CF8F454mp.webp,https://img02.honorfile.com/eu/uk/honor/pms/product/6936520832118/group/800_800_90Percent_2D01665140C645E9DBC1FEAD2C08FA4A1AF243F0BD448958mp.webp,https://img02.honorfile.com/eu/uk/honor/pms/product/6936520832118/group/800_800_90Percent_310B30760CDBB1285C0095F69B612CE4449461CC16904E49mp.webp,"Buy the New HONOR Magic V2 5G smartphone. Enjoy Exclusive Offers, 0% Finance, Free Delivery & Free Returns at HONOR UK.",Buy HONOR Magic V2 5G | Price & Review | HONOR UK,197,4.8,,,,,,£1699.99,1699.99,variant,Colour,Phantom Purple,specification,Memory,16GB+512GB,,,,,,,,,,,,,,,,,,,,,,,,,,,,,,,,,,,,,,,,,,,,,,,,,,,,,,
HONOR,2025-09-25,https://selfservice-de.hihonor.com/ccpcmd/services/dispatch/secured/CCPC/EN/eCommerce/querySkuDetailDispInfo/1000?skuCodes=82440110001010000102&siteCode=uk&groupFlag=false,https://www.honor.com/uk/phones/honor-magic-v2/buy/?productId=18244515374671&skuCode=82440110001010000102,82440110001010000102,"HONOR Magic V2 5G 16GB+512GB, Black,  Dual Sim Card",HONOR,1699.99,,,,Midnight Black,16GB+512GB,,6936520832125,phones,honor-magic-v2,buy,,,,,https://img02.honorfile.com/eu/uk/honor/pms/product/6936520832125/group/800_800_90Percent_4BD945CC5126F2B70A89B8BA442C28A225AF7E5060ABAE66mp.webp,https://img02.honorfile.com/eu/uk/honor/pms/product/6936520832125/group/800_800_90Percent_98F4246FCA5B175C2ECA393FEBDDA7FC32595994A8BBB7D5mp.webp,https://img02.honorfile.com/eu/uk/honor/pms/product/6936520832125/group/800_800_90Percent_2A76D749AA014C0554DE37B2A3707CC3C7EC517A385CBA71mp.webp,https://img02.honorfile.com/eu/uk/honor/pms/product/6936520832125/group/800_800_90Percent_B5DAA3760D4C24A4E14B4E74BA7DD01AEFB7F4E9E97748BFmp.webp,https://img02.honorfile.com/eu/uk/honor/pms/product/6936520832125/group/800_800_90Percent_584CDB63FD524A492CD05D2D2262A95FD744FB11F78E6AA6mp.webp,"Buy the New HONOR Magic V2 5G smartphone. Enjoy Exclusive Offers, 0% Finance, Free Delivery & Free Returns at HONOR UK.",Buy HONOR Magic V2 5G | Price & Review | HONOR UK,197,4.8,,,,,,£1699.99,1699.99,variant,Colour,Midnight Black,specification,Memory,16GB+512GB,,,,,,,,,,,,,,,,,,,,,,,,,,,,,,,,,,,,,,,,,,,,,,,,,,,,,,
HONOR,2025-09-25,https://selfservice-de.hihonor.com/ccpcmd/services/dispatch/secured/CCPC/EN/eCommerce/querySkuDetailDispInfo/1000?skuCodes=82440110010208701&siteCode=uk&groupFlag=false,https://www.honor.com/uk/phones/honor-magic6-lite/buy/?productId=18244482158953&skuCode=82440110010208701,82440110010208701,"HONOR Magic6 Lite 5G 8GB+256GB, Midnight Black",HONOR,349.99,,,,Midnight Black,8GB+256GB,,6936520832446,phones,honor-magic6-lite,buy,,,,,https://img02.honorfile.com/eu/uk/honor/pms/product/6936520832446/group/800_800_90Percent_C10CE7B3BABAB35531E70E1C561CB115F5D70B6B17DD2B9Amp.webp,https://img02.honorfile.com/eu/uk/honor/pms/product/6936520832446/group/800_800_90Percent_58B50A51FEC283E0A5E5919B03B9D1EEB590B0CA8ABF1FD1mp.webp,https://img02.honorfile.com/eu/uk/honor/pms/product/6936520832446/group/800_800_90Percent_F6257DEE7196FC40CD3EA37C664791ADB3E25CFC34EAC621.webp,https://img02.honorfile.com/eu/uk/honor/pms/product/6936520832446/group/800_800_90Percent_9BDC0834120F4D09FABDA639B5D6402A0E375D84C311A751.webp,https://img02.honorfile.com/eu/uk/honor/pms/product/6936520832446/group/800_800_90Percent_D7EEAE1B6798BABEC94D9486340903682DCC3643123F86DD.webp,"Buy the New HONOR Magic 6 Lite 5G smartphone. Enjoy Exclusive Offers, 0% Finance, Free Delivery & Free Returns at HONOR UK.",Buy HONOR Magic 6 Lite 5G | Price & Review | HONOR UK,194,4.9,,,,,,£349.99,349.99,variant,Colour,Midnight Black,specification,Memory,8GB+256GB,,,,,,,,,,,,,,,,,,,,,,,,,,,,,,,,,,,,,,,,,,,,,,,,,,,,,,
HONOR,2025-09-25,https://selfservice-de.hihonor.com/ccpcmd/services/dispatch/secured/CCPC/EN/eCommerce/querySkuDetailDispInfo/1000?skuCodes=82440110010208702&siteCode=uk&groupFlag=false,https://www.honor.com/uk/phones/honor-magic6-lite/buy/?productId=18244482158953&skuCode=82440110010208702,82440110010208702,"HONOR Magic6 Lite 5G 8GB+256GB, Emerald Green",HONOR,349.99,,,,Emerald Green,8GB+256GB,,6936520832453,phones,honor-magic6-lite,buy,,,,,https://img02.honorfile.com/eu/uk/honor/pms/product/6936520832453/group/800_800_90Percent_F558EBDF91385E45CD346A9192E58566F61F9074461201BBmp.webp,https://img02.honorfile.com/eu/uk/honor/pms/product/6936520832453/group/800_800_90Percent_40A1E678F59C1049BA1B67FD2E8A0EA71FF030EE2ACD88AAmp.webp,https://img02.honorfile.com/eu/uk/honor/pms/product/6936520832453/group/800_800_90Percent_70B476E4118E58B68347C508B06B45EE23750DDD4A096995.webp,https://img02.honorfile.com/eu/uk/honor/pms/product/6936520832453/group/800_800_90Percent_4C273BC7DE0BACAFBB6FA49280F374099AF7A3B8A51FC4FE.webp,https://img02.honorfile.com/eu/uk/honor/pms/product/6936520832453/group/800_800_90Percent_9BD51A8026EC9972544AEE4F04C80400D15A6CF8118111FE.webp,"Buy the New HONOR Magic 6 Lite 5G smartphone. Enjoy Exclusive Offers, 0% Finance, Free Delivery & Free Returns at HONOR UK.",Buy HONOR Magic 6 Lite 5G | Price & Review | HONOR UK,194,4.9,,,,,,£349.99,349.99,variant,Colour,Emerald Green,specification,Memory,8GB+256GB,,,,,,,,,,,,,,,,,,,,,,,,,,,,,,,,,,,,,,,,,,,,,,,,,,,,,,
HONOR,2025-09-25,https://selfservice-de.hihonor.com/ccpcmd/services/dispatch/secured/CCPC/EN/eCommerce/querySkuDetailDispInfo/1000?skuCodes=82440110010208703&siteCode=uk&groupFlag=false,https://www.honor.com/uk/phones/honor-magic6-lite/buy/?productId=18244482158953&skuCode=82440110010208703,82440110010208703,"HONOR Magic6 Lite 5G 8GB+256GB, Sunrise Orange",HONOR,349.99,,,,Orange,8GB+256GB,,6936520832460,phones,honor-magic6-lite,buy,,,,,https://img02.honorfile.com/eu/uk/honor/pms/product/6936520832460/group/800_800_90Percent_002495C87580CDD30074D3CE216275C466994EEA8E9FB796mp.webp,https://img02.honorfile.com/eu/uk/honor/pms/product/6936520832460/group/800_800_90Percent_2BF858F627FC5E74B42924F382C9A52137C1E93FDFC55AF5mp.webp,https://img02.honorfile.com/eu/uk/honor/pms/product/6936520832460/group/800_800_90Percent_4DC7AFEA9CC42BCABC53C7A068A4D82DAD677D81CB8C7281.webp,https://img02.honorfile.com/eu/uk/honor/pms/product/6936520832460/group/800_800_90Percent_EB6592574B8B932141B909B61F902E52E044FF21D069DDEA.webp,https://img02.honorfile.com/eu/uk/honor/pms/product/6936520832460/group/800_800_90Percent_17468D8BE9DA0B1539785084CEBDB8C110B890CDA74E861E.webp,"Buy the New HONOR Magic 6 Lite 5G smartphone. Enjoy Exclusive Offers, 0% Finance, Free Delivery & Free Returns at HONOR UK.",Buy HONOR Magic 6 Lite 5G | Price & Review | HONOR UK,194,4.9,,,,,,£349.99,349.99,variant,Colour,Orange,specification,Memory,8GB+256GB,,,,,,,,,,,,,,,,,,,,,,,,,,,,,,,,,,,,,,,,,,,,,,,,,,,,,,
HONOR,2025-09-25,https://selfservice-de.hihonor.com/ccpcmd/services/dispatch/secured/CCPC/EN/eCommerce/querySkuDetailDispInfo/1000?skuCodes=82440110010206302&siteCode=uk&groupFlag=false,https://www.honor.com/uk/phones/honor-magic5-lite/buy/?productId=18244573609133&skuCode=82440110010206302,82440110010206302,"HONOR Magic5 Lite 5G 6GB+128GB, Titanium Silver, 120Hz OLED All-round Curved Display",HONOR,329.99,,,,Titanium Silver,6GB+128GB,,6936520818006,phones,honor-magic5-lite,buy,,,,,https://img02.honorfile.com/eu/uk/honor/pms/product/6936520818006/group/800_800_90Percent_88636F1178D2A4AF2D21626D1CD94CD8C841B7250B488134.webp,https://img02.honorfile.com/eu/uk/honor/pms/product/6936520818006/group/800_800_90Percent_654D7CEA261287077AF1AE67893B84EE67A235F1C2DD5E79.webp,https://img02.honorfile.com/eu/uk/honor/pms/product/6936520818006/group/800_800_90Percent_9B7F7BE14FF9CEDA06B0C9DDB6175BF69EE092773146CA52.webp,https://img02.honorfile.com/eu/uk/honor/pms/product/6936520818006/group/800_800_90Percent_F3BC4C7DBB198B8EDF295A9ECCAB2CEED0F950DDF66774FF.webp,https://img02.honorfile.com/eu/uk/honor/pms/product/6936520818006/group/800_800_90Percent_84B088E44BCB4E361DCAE59BAD879231DE15E28C059A8E99.webp,"Buy the New HONOR Magic 5 Lite today. Enjoy Exclusive Trade In Offers, 0% Finance, Free Delivery & Free Returns at HONOR UK.",New Buy HONOR Magic 5 Lite - Price & Deals | HONOR UK,,,,,,,,£329.99,329.99,variant,Colour,Titanium Silver,specification,Memory,6GB+128GB,,,,,,,,,,,,,,,,,,,,,,,,,,,,,,,,,,,,,,,,,,,,,,,,,,,,,,
HONOR,2025-09-25,https://selfservice-de.hihonor.com/ccpcmd/services/dispatch/secured/CCPC/EN/eCommerce/querySkuDetailDispInfo/1000?skuCodes=82440110010206308&siteCode=uk&groupFlag=false,https://www.honor.com/uk/phones/honor-magic5-lite/buy/?productId=18244573609133&skuCode=82440110010206308,82440110010206308,"HONOR Magic5 Lite 5G 8GB+256GB, Titanium Silver, 120Hz OLED All-round Curved Display",HONOR,329.99,,,,Titanium Silver,8GB+256GB,,6936520823857,phones,honor-magic5-lite,buy,,,,,https://img02.honorfile.com/eu/uk/honor/pms/product/6936520823857/group/800_800_90Percent_9C1811A5C8934746B23E39C200F863B330CFCD234EF29535.webp,https://img02.honorfile.com/eu/uk/honor/pms/product/6936520823857/group/800_800_90Percent_A89ECC0676D5261F0C4023F641978352335C5FFE30EE9FFF.webp,https://img02.honorfile.com/eu/uk/honor/pms/product/6936520823857/group/800_800_90Percent_3825F982DA9CE9AF991DADDE40456789167F8E1710B0DA02.webp,https://img02.honorfile.com/eu/uk/honor/pms/product/6936520823857/group/800_800_90Percent_D2240068BEF2415D990E984D4FA26B1BE3752D932B602CAB.webp,https://img02.honorfile.com/eu/uk/honor/pms/product/6936520823857/group/800_800_90Percent_41E3E157594E279C9EB7A1C2FFD2BEBF1AD80D32AB5E7C2D.webp,"Buy the New HONOR Magic 5 Lite today. Enjoy Exclusive Trade In Offers, 0% Finance, Free Delivery & Free Returns at HONOR UK.",New Buy HONOR Magic 5 Lite - Price & Deals | HONOR UK,,,,,,,,£329.99,329.99,variant,Colour,Titanium Silver,specification,Memory,8GB+256GB,,,,,,,,,,,,,,,,,,,,,,,,,,,,,,,,,,,,,,,,,,,,,,,,,,,,,,
HONOR,2025-09-25,https://selfservice-de.hihonor.com/ccpcmd/services/dispatch/secured/CCPC/EN/eCommerce/querySkuDetailDispInfo/1000?skuCodes=82440110010206307&siteCode=uk&groupFlag=false,https://www.honor.com/uk/phones/honor-magic5-lite/buy/?productId=18244573609133&skuCode=82440110010206307,82440110010206307,"HONOR Magic5 Lite 5G 8GB+256GB, Emerald Green, 120Hz OLED All-round Curved Display",HONOR,329.99,,,,Emerald Green,8GB+256GB,,6936520823451,phones,honor-magic5-lite,buy,,,,,https://img02.honorfile.com/eu/uk/honor/pms/product/6936520823451/group/800_800_90Percent_CD4B9836CB5D62BF48151B53744A1C83482A13C75C46B46C.webp,https://img02.honorfile.com/eu/uk/honor/pms/product/6936520823451/group/800_800_90Percent_CEB2D8D272BB6E8C80ED8AD962759E127F8FA14D27DFEC14.webp,https://img02.honorfile.com/eu/uk/honor/pms/product/6936520823451/group/800_800_90Percent_D846ED35C9734E9FDCCA03B73400FF962487E0EAB4F7B6D3.webp,https://img02.honorfile.com/eu/uk/honor/pms/product/6936520823451/group/800_800_90Percent_99B837A5668C8D6D650C8D53BD1E2022E4BF0FC8365DA451.webp,https://img02.honorfile.com/eu/uk/honor/pms/product/6936520823451/group/800_800_90Percent_187876CD81EC3117776997D1197DA6C6F070BC03FEB8CFE0.webp,"Buy the New HONOR Magic 5 Lite today. Enjoy Exclusive Trade In Offers, 0% Finance, Free Delivery & Free Returns at HONOR UK.",New Buy HONOR Magic 5 Lite - Price & Deals | HONOR UK,,,,,,,,£329.99,329.99,variant,Colour,Emerald Green,specification,Memory,8GB+256GB,,,,,,,,,,,,,,,,,,,,,,,,,,,,,,,,,,,,,,,,,,,,,,,,,,,,,,
HONOR,2025-09-25,https://selfservice-de.hihonor.com/ccpcmd/services/dispatch/secured/CCPC/EN/eCommerce/querySkuDetailDispInfo/1000?skuCodes=82440110010206305&siteCode=uk&groupFlag=false,https://www.honor.com/uk/phones/honor-magic5-lite/buy/?productId=18244573609133&skuCode=82440110010206305,82440110010206305,"HONOR Magic5 Lite 5G 6GB+128GB, Midnight Black, 120Hz OLED All-round Curved Display",HONOR,329.99,,,,Midnight Black,6GB+128GB,,6936520818013,phones,honor-magic5-lite,buy,,,,,https://img02.honorfile.com/eu/uk/honor/pms/product/6936520818013/group/800_800_90Percent_C69E641AF9198782FA0D1269395858D7EA69BCFFA3EFA4BA.webp,https://img02.honorfile.com/eu/uk/honor/pms/product/6936520818013/group/800_800_90Percent_427FD461D0557EEA4DBCB677BD213E98C1AB345AE9A593D3.webp,https://img02.honorfile.com/eu/uk/honor/pms/product/6936520818013/group/800_800_90Percent_E9ACC73959AFBA68C2BD79586111535AA9E59A0E8AEFE986.webp,https://img02.honorfile.com/eu/uk/honor/pms/product/6936520818013/group/800_800_90Percent_F87BC8778034C9C13C8CB240A92E72470FF5BA6DC71A088E.webp,https://img02.honorfile.com/eu/uk/honor/pms/product/6936520818013/group/800_800_90Percent_E596CE0F10EC32BCD4F5AA9C818B5707C7D6D2920F2A596F.webp,"Buy the New HONOR Magic 5 Lite today. Enjoy Exclusive Trade In Offers, 0% Finance, Free Delivery & Free Returns at HONOR UK.",New Buy HONOR Magic 5 Lite - Price & Deals | HONOR UK,,,,,,,,£329.99,329.99,variant,Colour,Midnight Black,specification,Memory,6GB+128GB,,,,,,,,,,,,,,,,,,,,,,,,,,,,,,,,,,,,,,,,,,,,,,,,,,,,,,
HONOR,2025-09-25,https://selfservice-de.hihonor.com/ccpcmd/services/dispatch/secured/CCPC/EN/eCommerce/querySkuDetailDispInfo/1000?skuCodes=82440110010206306&siteCode=uk&groupFlag=false,https://www.honor.com/uk/phones/honor-magic5-lite/buy/?productId=18244573609133&skuCode=82440110010206306,82440110010206306,"HONOR Magic5 Lite 5G 8GB+256GB, Midnight Black, 120Hz OLED All-round Curved Display",HONOR,329.99,,,,Midnight Black,8GB+256GB,,6936520823444,phones,honor-magic5-lite,buy,,,,,https://img02.honorfile.com/eu/uk/honor/pms/product/6936520823444/group/800_800_90Percent_AC1152F4279AFB9B0262C32FE8EC8BA75DC713BAF25B61D2.webp,https://img02.honorfile.com/eu/uk/honor/pms/product/6936520823444/group/800_800_90Percent_1F506AB9A8EB6B6EE093CD5122A3F5045422F52BA4D20F9F.webp,https://img02.honorfile.com/eu/uk/honor/pms/product/6936520823444/group/800_800_90Percent_70EC99B75C10CD66EF42489C0D9A417B6EBE937ED7E2D768.webp,https://img02.honorfile.com/eu/uk/honor/pms/product/6936520823444/group/800_800_90Percent_1294B0E6F145B9EAC0E36198D3139FE243425FD718E7995B.webp,https://img02.honorfile.com/eu/uk/honor/pms/product/6936520823444/group/800_800_90Percent_DE38A2EFD86319DAA515042314315A2CE85A82209EF37313.webp,"Buy the New HONOR Magic 5 Lite today. Enjoy Exclusive Trade In Offers, 0% Finance, Free Delivery & Free Returns at HONOR UK.",New Buy HONOR Magic 5 Lite - Price & Deals | HONOR UK,,,,,,,,£329.99,329.99,variant,Colour,Midnight Black,specification,Memory,8GB+256GB,,,,,,,,,,,,,,,,,,,,,,,,,,,,,,,,,,,,,,,,,,,,,,,,,,,,,,
HONOR,2025-09-25,https://selfservice-de.hihonor.com/ccpcmd/services/dispatch/secured/CCPC/EN/eCommerce/querySkuDetailDispInfo/1000?skuCodes=82440110010206309&siteCode=uk&groupFlag=false,https://www.honor.com/uk/phones/honor-magic5-lite/buy/?productId=18244573609133&skuCode=82440110010206309,82440110010206309,"HONOR Magic5 Lite 5G 6GB+128GB, Emerald Green, 120Hz OLED All-round Curved Display (OOS)",HONOR,329.99,,,,Emerald Green,6GB+128GB,,6936520818020,phones,honor-magic5-lite,buy,,,,,https://img02.honorfile.com/eu/uk/honor/pms/product/6936520818020/group/800_800_90Percent_3BC7E048CE20542785F2D2A66B5F3DB77EF951BE1E9C08BD.webp,https://img02.honorfile.com/eu/uk/honor/pms/product/6936520818020/group/800_800_90Percent_A0B0498EB1C2623D2CBBEBDCC502FE31B507C67F5ADD21CA.webp,https://img02.honorfile.com/eu/uk/honor/pms/product/6936520818020/group/800_800_90Percent_00EF9014B6C368140615BB29F036F985FEFB7479879CFD53.webp,https://img02.honorfile.com/eu/uk/honor/pms/product/6936520818020/group/800_800_90Percent_8A607E650E9054B33990B28D750AEECA68DCC2775D0F7D93.webp,https://img02.honorfile.com/eu/uk/honor/pms/product/6936520818020/group/800_800_90Percent_3FE8715E15F963313E9BB92836900FA84C2FDD51C7E0E794.webp,"Buy the New HONOR Magic 5 Lite today. Enjoy Exclusive Trade In Offers, 0% Finance, Free Delivery & Free Returns at HONOR UK.",New Buy HONOR Magic 5 Lite - Price & Deals | HONOR UK,,,,,,,,£329.99,329.99,variant,Colour,Emerald Green,specification,Memory,6GB+128GB,,,,,,,,,,,,,,,,,,,,,,,,,,,,,,,,,,,,,,,,,,,,,,,,,,,,,,
HONOR,2025-09-25,https://selfservice-de.hihonor.com/ccpcmd/services/dispatch/secured/CCPC/EN/eCommerce/querySkuDetailDispInfo/1000?skuCodes=82440110010207001&siteCode=uk&groupFlag=false,https://www.honor.com/uk/phones/honor-90-lite/buy/?productId=18244165609174&skuCode=82440110010207001,82440110010207001,"HONOR 90 Lite 8GB+256GB, Midnight Black, 100MP Ultra Camera",HONOR,249.99,,,,Midnight Black,,,6936520825103,phones,honor-90-lite,buy,,,,,https://img02.honorfile.com/eu/uk/honor/pms/product/6936520825103/group/800_800_90Percent_D05284252E944DDAEA40E457EAC413C53CBFD5DF34550518.webp,https://img02.honorfile.com/eu/uk/honor/pms/product/6936520825103/group/800_800_90Percent_2F132E083D3E73FA430EC61933C2204DBFA018C14C509091.webp,https://img02.honorfile.com/eu/uk/honor/pms/product/6936520825103/group/800_800_90Percent_C9672AE3950A873F2DDA6F2D5487A6EE260E96CFE58A789A.webp,https://img02.honorfile.com/eu/uk/honor/pms/product/6936520825103/group/800_800_90Percent_77373318C804212FE4FF3DC39DCBEF9AD1DB1522042C63A4.webp,https://img02.honorfile.com/eu/uk/honor/pms/product/6936520825103/group/800_800_90Percent_D343A62544284511167E7752FD956476D0094DB50A3EB93D.webp,"Buy the New HONOR 90 Lite smartphone. Enjoy Exclusive Trade In Offers, 0% Finance, Free Delivery & Free Returns at HONOR UK.",New Buy HONOR 90 Lite - Price & Offer | HONOR UK,96,4.9,,,,,,£249.99,249.99,variant,Colour,Midnight Black,,,,,,,,,,,,,,,,,,,,,,,,,,,,,,,,,,,,,,,,,,,,,,,,,,,,,,,,,
HONOR,2025-09-25,https://selfservice-de.hihonor.com/ccpcmd/services/dispatch/secured/CCPC/EN/eCommerce/querySkuDetailDispInfo/1000?skuCodes=82440110010207002&siteCode=uk&groupFlag=false,https://www.honor.com/uk/phones/honor-90-lite/buy/?productId=18244165609174&skuCode=82440110010207002,82440110010207002,"HONOR 90 Lite 8GB+256GB ,Titanium Silver, 100MP Ultra Camera",HONOR,249.99,,,,Titanium Silver,,,6936520825127,phones,honor-90-lite,buy,,,,,https://img02.honorfile.com/eu/uk/honor/pms/product/6936520825127/group/800_800_90Percent_2A8FD5971F3F63D60F37D8F43F77F0368F31723B587EB8AF.webp,https://img02.honorfile.com/eu/uk/honor/pms/product/6936520825127/group/800_800_90Percent_1487AC9F2B6A49ED0A3BC9D6963588B5AEC7FCDCACC3E730.webp,https://img02.honorfile.com/eu/uk/honor/pms/product/6936520825127/group/800_800_90Percent_0AF1815C32E839859356757A47C36506C644219A03C7D37F.webp,https://img02.honorfile.com/eu/uk/honor/pms/product/6936520825127/group/800_800_90Percent_D06E2DC816A4CCFEAB9CBC76CA4D4A2A1100E929B5BFD604.webp,https://img02.honorfile.com/eu/uk/honor/pms/product/6936520825127/group/800_800_90Percent_71B554CE225533A3DEBDEF6903EBE462D2CCC97B8AE72B97.webp,"Buy the New HONOR 90 Lite smartphone. Enjoy Exclusive Trade In Offers, 0% Finance, Free Delivery & Free Returns at HONOR UK.",New Buy HONOR 90 Lite - Price & Offer | HONOR UK,96,4.9,,,,,,£249.99,249.99,variant,Colour,Titanium Silver,,,,,,,,,,,,,,,,,,,,,,,,,,,,,,,,,,,,,,,,,,,,,,,,,,,,,,,,,
HONOR,2025-09-25,https://selfservice-de.hihonor.com/ccpcmd/services/dispatch/secured/CCPC/EN/eCommerce/querySkuDetailDispInfo/1000?skuCodes=82440110010207003&siteCode=uk&groupFlag=false,https://www.honor.com/uk/phones/honor-90-lite/buy/?productId=18244165609174&skuCode=82440110010207003,82440110010207003,"HONOR 90 Lite 8GB+256GB, Cyan Lake, 100MP Ultra Camera",HONOR,249.99,,,,Cyan Lake,,,6936520825110,phones,honor-90-lite,buy,,,,,https://img02.honorfile.com/eu/uk/honor/pms/product/6936520825110/group/800_800_90Percent_808DF1237162277543DC94531D8B5EA4A27D997DE7C64E2E.webp,https://img02.honorfile.com/eu/uk/honor/pms/product/6936520825110/group/800_800_90Percent_F5036E3E8B9ED48445977AB2B813700047EB1823894F12DF.webp,https://img02.honorfile.com/eu/uk/honor/pms/product/6936520825110/group/800_800_90Percent_7F0AF22C7C03840F0DD0521F18D2A87BCB60CD24A5A2213C.webp,https://img02.honorfile.com/eu/uk/honor/pms/product/6936520825110/group/800_800_90Percent_7672F57DF6E10B39EE8E82C7B6653E4DCB3454FE177F00B4.webp,https://img02.honorfile.com/eu/uk/honor/pms/product/6936520825110/group/800_800_90Percent_DE405371BDAB20F1EB4E85379019D94D4EC97A6C867030CA.webp,"Buy the New HONOR 90 Lite smartphone. Enjoy Exclusive Trade In Offers, 0% Finance, Free Delivery & Free Returns at HONOR UK.",New Buy HONOR 90 Lite - Price & Offer | HONOR UK,96,4.9,,,,,,£249.99,249.99,variant,Colour,Cyan Lake,,,,,,,,,,,,,,,,,,,,,,,,,,,,,,,,,,,,,,,,,,,,,,,,,,,,,,,,,
HONOR,2025-09-25,https://selfservice-de.hihonor.com/ccpcmd/services/dispatch/secured/CCPC/EN/eCommerce/querySkuDetailDispInfo/1000?skuCodes=82440110001070000201&siteCode=uk&groupFlag=false,https://www.honor.com/uk/phones/honor-90-smart-5g/buy/?productId=18244564800893&skuCode=82440110001070000201,82440110001070000201,HONOR 90 Smart 4GB+128GB Emerald Green Dual Card,HONOR,199.99,,,,Emerald Green,4GB+128GB,,6936520839438,phones,honor-90-smart-5g,buy,,,,,https://img02.honorfile.com/eu/uk/honor/pms/product/6936520839438/group/800_800_90Percent_516AB0EB4DC3F6514CE4AF623AEA106F01C0F1D41F24CCC7mp.webp,https://img02.honorfile.com/eu/uk/honor/pms/product/6936520839438/group/800_800_90Percent_E7A5D27E5D3A74E4390DFB7F8E1E391CE5A986E67C4561ACmp.webp,https://img02.honorfile.com/eu/uk/honor/pms/product/6936520839438/group/800_800_90Percent_5ECF20766981D33A621E6F427EEEB155AC944BC835F40B15mp.webp,https://img02.honorfile.com/eu/uk/honor/pms/product/6936520839438/group/800_800_90Percent_B6D97F49FC9B4C8A578BF29646C308431B6294AB4BF3950Cmp.webp,https://img02.honorfile.com/eu/uk/honor/pms/product/6936520839438/group/800_800_90Percent_72233764621CBFF88E4CE325EA61EB99339CDA243873EB85mp.webp,,,12,4.7,,,,,,£199.99,199.99,variant,Colour,Emerald Green,specification,Memory,4GB+128GB,,,,,,,,,,,,,,,,,,,,,,,,,,,,,,,,,,,,,,,,,,,,,,,,,,,,,,
HONOR,2025-09-25,https://selfservice-de.hihonor.com/ccpcmd/services/dispatch/secured/CCPC/EN/eCommerce/querySkuDetailDispInfo/1000?skuCodes=82440110001070000202&siteCode=uk&groupFlag=false,https://www.honor.com/uk/phones/honor-90-smart-5g/buy/?productId=18244564800893&skuCode=82440110001070000202,82440110001070000202,HONOR 90 Smart 4GB+128GB Midnight Black Dual Card,HONOR,199.99,,,,Midnight Black,4GB+128GB,,6936520839445,phones,honor-90-smart-5g,buy,,,,,https://img02.honorfile.com/eu/uk/honor/pms/product/6936520839445/group/800_800_90Percent_D99BB281F51C77CB472AD41ED6E1A725CB63C2222C60DD61mp.webp,https://img02.honorfile.com/eu/uk/honor/pms/product/6936520839445/group/800_800_90Percent_F5A89345DB78AC2A3E5607734E4A242278C429FEE783AB76mp.webp,https://img02.honorfile.com/eu/uk/honor/pms/product/6936520839445/group/800_800_90Percent_6EF22E0FCB6A4CCB1DE385D8FAFFD152114D409D6F707D6Emp.webp,https://img02.honorfile.com/eu/uk/honor/pms/product/6936520839445/group/800_800_90Percent_B807E61DE12E4D0FE0F549DEFAF3E26E291BF9480FDE15A4mp.webp,https://img02.honorfile.com/eu/uk/honor/pms/product/6936520839445/group/800_800_90Percent_78FD039E327677687B87188E6948C2A1A570E541EF52B0A7mp.webp,,,12,4.7,,,,,,£199.99,199.99,variant,Colour,Midnight Black,specification,Memory,4GB+128GB,,,,,,,,,,,,,,,,,,,,,,,,,,,,,,,,,,,,,,,,,,,,,,,,,,,,,,
HONOR,2025-09-25,https://selfservice-de.hihonor.com/ccpcmd/services/dispatch/secured/CCPC/EN/eCommerce/querySkuDetailDispInfo/1000?skuCodes=82440110010205501&siteCode=uk&groupFlag=false,https://www.honor.com/uk/phones/honor-70/buy/?productId=18244715561865&skuCode=82440110010205501,82440110010205501,HONOR 70 8GB+128GB/Midnight Black/54MP Dual Main Camera IMX800 Sensor,HONOR,479.99,,,,Midnight Black,8GB+128GB,,6936520811304,phones,honor-70,buy,,,,,https://img02.honorfile.com/eu/uk/honor/pms/product/6936520811304/group/800_800_90Percent_CFC8D3035E15888010229241AB0604CBFF50F22429307751.webp,https://img02.honorfile.com/eu/uk/honor/pms/product/6936520811304/group/800_800_90Percent_C584E13BB8BB92D6C1910B533E27F8B976281AECF5F4BABE.webp,https://img02.honorfile.com/eu/uk/honor/pms/product/6936520811304/group/800_800_90Percent_647EAA9EEBA2D392124D7C999287803DA64852D9492B8CAC.webp,https://img02.honorfile.com/eu/uk/honor/pms/product/6936520811304/group/800_800_90Percent_0E6953C6F154AAE73F55E95FDF5989EEA199DD19283F9362.webp,https://img02.honorfile.com/eu/uk/honor/pms/product/6936520811304/group/800_800_90Percent_92C54E0751B1DE1F8DECF714FA767D1121D907F6208850E9.webp,"Buy HONOR 70 5G equipped with a 6.67"" display, 120Hz refresh rate, 54MP IMX800 SuperSensensing main camera, 66W SuperCharge and 4800mAh battery. Purchase with Free Delivery and Free Returns at HONOR UK.",Buy HONOR 70 5G | Price & Offer | HONOR UK,63,4.6,,,,,,£479.99,479.99,variant,Colour,Midnight Black,specification,Memory,8GB+128GB,,,,,,,,,,,,,,,,,,,,,,,,,,,,,,,,,,,,,,,,,,,,,,,,,,,,,,
HONOR,2025-09-25,https://selfservice-de.hihonor.com/ccpcmd/services/dispatch/secured/CCPC/EN/eCommerce/querySkuDetailDispInfo/1000?skuCodes=82440110010205504&siteCode=uk&groupFlag=false,https://www.honor.com/uk/phones/honor-70/buy/?productId=18244715561865&skuCode=82440110010205504,82440110010205504,HONOR 70 8GB+256GB/Midnight Black/54MP Dual Main Camera IMX800 Sensor,HONOR,529.99,,,,Midnight Black,8GB+256GB,,6936520813827,phones,honor-70,buy,,,,,https://img02.honorfile.com/eu/uk/honor/pms/product/6936520813827/group/800_800_90Percent_123990732B8D26217E997A5FA04452BB0B614AC101974DEB.webp,https://img02.honorfile.com/eu/uk/honor/pms/product/6936520813827/group/800_800_90Percent_36F8CE3ED2745EA2770E4AE72871867CA61AB35501357859.webp,https://img02.honorfile.com/eu/uk/honor/pms/product/6936520813827/group/800_800_90Percent_2117C2D3CF7CBB303F787652A89D5E4BEE7AD819D62EAF3B.webp,https://img02.honorfile.com/eu/uk/honor/pms/product/6936520813827/group/800_800_90Percent_9545C32743FBA51E8112CC9FBB5F1DC7DE3D6A5EAF16FB97.webp,https://img02.honorfile.com/eu/uk/honor/pms/product/6936520813827/group/800_800_90Percent_F32C61D5737A946DAD5500DD40E407823826DFBFEA609B57.webp,"Buy HONOR 70 5G equipped with a 6.67"" display, 120Hz refresh rate, 54MP IMX800 SuperSensensing main camera, 66W SuperCharge and 4800mAh battery. Purchase with Free Delivery and Free Returns at HONOR UK.",Buy HONOR 70 5G | Price & Offer | HONOR UK,63,4.6,,,,,,£529.99,529.99,variant,Colour,Midnight Black,specification,Memory,8GB+256GB,,,,,,,,,,,,,,,,,,,,,,,,,,,,,,,,,,,,,,,,,,,,,,,,,,,,,,
HONOR,2025-09-25,https://selfservice-de.hihonor.com/ccpcmd/services/dispatch/secured/CCPC/EN/eCommerce/querySkuDetailDispInfo/1000?skuCodes=82440110010205502&siteCode=uk&groupFlag=false,https://www.honor.com/uk/phones/honor-70/buy/?productId=18244715561865&skuCode=82440110010205502,82440110010205502,HONOR 70 8GB+128GB/Emerald Green/54MP Dual Main Camera IMX800 Sensor,HONOR,479.99,,,,Emerald Green,8GB+128GB,,6936520811311,phones,honor-70,buy,,,,,https://img02.honorfile.com/eu/uk/honor/pms/product/6936520811311/group/800_800_90Percent_A51E92AB099FFB9B3EF59D9454675EC92A96831E1D77085B.webp,https://img02.honorfile.com/eu/uk/honor/pms/product/6936520811311/group/800_800_90Percent_0AA8A3AA759BB88109164A8356851A8C8113707C4F5956BB.webp,https://img02.honorfile.com/eu/uk/honor/pms/product/6936520811311/group/800_800_90Percent_AF5DD78404B1FECFBC18C907046A8083AC3BC7D1D820AC8C.webp,https://img02.honorfile.com/eu/uk/honor/pms/product/6936520811311/group/800_800_90Percent_719C2299DD3B22B1413FE97E8B5C01FE43FDEF69C2DE054B.webp,https://img02.honorfile.com/eu/uk/honor/pms/product/6936520811311/group/800_800_90Percent_9D84EB814D97E9606BFEE74E78D6F0488EC81FAC125E4D52.webp,"Buy HONOR 70 5G equipped with a 6.67"" display, 120Hz refresh rate, 54MP IMX800 SuperSensensing main camera, 66W SuperCharge and 4800mAh battery. Purchase with Free Delivery and Free Returns at HONOR UK.",Buy HONOR 70 5G | Price & Offer | HONOR UK,63,4.6,,,,,,£479.99,479.99,variant,Colour,Emerald Green,specification,Memory,8GB+128GB,,,,,,,,,,,,,,,,,,,,,,,,,,,,,,,,,,,,,,,,,,,,,,,,,,,,,,
HONOR,2025-09-25,https://selfservice-de.hihonor.com/ccpcmd/services/dispatch/secured/CCPC/EN/eCommerce/querySkuDetailDispInfo/1000?skuCodes=82440110010205505&siteCode=uk&groupFlag=false,https://www.honor.com/uk/phones/honor-70/buy/?productId=18244715561865&skuCode=82440110010205505,82440110010205505,HONOR 70 8GB+256GB/Emerald Green/54MP Dual Main Camera IMX800 Sensor,HONOR,529.99,,,,Emerald Green,8GB+256GB,,6936520813834,phones,honor-70,buy,,,,,https://img02.honorfile.com/eu/uk/honor/pms/product/6936520813834/group/800_800_90Percent_DA9DEAB9F8AC7B3A1DC35C31AA28E43FC4AA70BC8A42BEEC.webp,https://img02.honorfile.com/eu/uk/honor/pms/product/6936520813834/group/800_800_90Percent_5CF6AD662D73CFA348990F8D550458E5AF96766DC8B2D53D.webp,https://img02.honorfile.com/eu/uk/honor/pms/product/6936520813834/group/800_800_90Percent_45A02F690D2281138B58C4991415D9F4AB4A57E623952883.webp,https://img02.honorfile.com/eu/uk/honor/pms/product/6936520813834/group/800_800_90Percent_F88447EEFD399C2AC8193D0DBB1EC352D5C86E6DC5D59C2D.webp,https://img02.honorfile.com/eu/uk/honor/pms/product/6936520813834/group/800_800_90Percent_A8579A8313D46814B8206C5B2E38D80E575ABF1D572643C6.webp,"Buy HONOR 70 5G equipped with a 6.67"" display, 120Hz refresh rate, 54MP IMX800 SuperSensensing main camera, 66W SuperCharge and 4800mAh battery. Purchase with Free Delivery and Free Returns at HONOR UK.",Buy HONOR 70 5G | Price & Offer | HONOR UK,63,4.6,,,,,,£529.99,529.99,variant,Colour,Emerald Green,specification,Memory,8GB+256GB,,,,,,,,,,,,,,,,,,,,,,,,,,,,,,,,,,,,,,,,,,,,,,,,,,,,,,
HONOR,2025-09-25,https://selfservice-de.hihonor.com/ccpcmd/services/dispatch/secured/CCPC/EN/eCommerce/querySkuDetailDispInfo/1000?skuCodes=82440110010205503&siteCode=uk&groupFlag=false,https://www.honor.com/uk/phones/honor-70/buy/?productId=18244715561865&skuCode=82440110010205503,82440110010205503,HONOR 70 8GB+128GB/Crystal Silver/54MP Dual Main Camera IMX800 Sensor,HONOR,479.99,,,,Crystal Silver,8GB+128GB,,6936520811328,phones,honor-70,buy,,,,,https://img02.honorfile.com/eu/uk/honor/pms/product/6936520811328/group/800_800_90Percent_B600DAB39219A594A8CB1ABFEB51B4CCF7DE3CB05B65FCF7.webp,https://img02.honorfile.com/eu/uk/honor/pms/product/6936520811328/group/800_800_90Percent_64F1AB8CB44D4932A74CAD66D519EAA577A5BC7B2D4B276A.webp,https://img02.honorfile.com/eu/uk/honor/pms/product/6936520811328/group/800_800_90Percent_6BD51463A98F20016490FD62E77BBB17D1A0F5EE43818327.webp,https://img02.honorfile.com/eu/uk/honor/pms/product/6936520811328/group/800_800_90Percent_E27FFD0688C26CF88EF26D17A318B92C2665EB06D3DBBC40.webp,https://img02.honorfile.com/eu/uk/honor/pms/product/6936520811328/group/800_800_90Percent_3AA350F29367FD01D2BBDD447C1136BD581AE1B4E48637E5.webp,"Buy HONOR 70 5G equipped with a 6.67"" display, 120Hz refresh rate, 54MP IMX800 SuperSensensing main camera, 66W SuperCharge and 4800mAh battery. Purchase with Free Delivery and Free Returns at HONOR UK.",Buy HONOR 70 5G | Price & Offer | HONOR UK,63,4.6,,,,,,£479.99,479.99,variant,Colour,Crystal Silver,specification,Memory,8GB+128GB,,,,,,,,,,,,,,,,,,,,,,,,,,,,,,,,,,,,,,,,,,,,,,,,,,,,,,
HONOR,2025-09-25,https://selfservice-de.hihonor.com/ccpcmd/services/dispatch/secured/CCPC/EN/eCommerce/querySkuDetailDispInfo/1000?skuCodes=82440110010206801&siteCode=uk&groupFlag=false,https://www.honor.com/uk/phones/honor-70-lite/buy/?productId=18244264391669&skuCode=82440110010206801,82440110010206801,HONOR 70 Lite 4GB+128GB/Midnight Black/Snapdragon 5G SoC/5000mAh Long-lasting Battery,HONOR,199.99,,,,Midnight Black,4GB+128GB,,6936520820542,phones,honor-70-lite,buy,,,,,https://img02.honorfile.com/eu/uk/honor/pms/product/6936520820542/group/800_800_90Percent_95E3D6D2DD400A43DC630E176967CFED4D2A62910FFDE4B7.webp,https://img02.honorfile.com/eu/uk/honor/pms/product/6936520820542/group/800_800_90Percent_E7CB2A2AD812B26DFFE5D86DECC165446D3AE319D184FA56.webp,https://img02.honorfile.com/eu/uk/honor/pms/product/6936520820542/group/800_800_90Percent_79A8033CDB8D85BEB64F6BF0ACC218F211F25DB82358BB13.webp,https://img02.honorfile.com/eu/uk/honor/pms/product/6936520820542/group/800_800_90Percent_2478E436F516A4FA10B9FA0B82F885EC305E779007DF97D5.webp,https://img02.honorfile.com/eu/uk/honor/pms/product/6936520820542/group/800_800_90Percent_B8770F84CC3F04FBF6ACD6C51167C9AF773690602FB4CA53.webp,"Buy the New HONOR 70 Lite and get exclusive offer, first come first serve, only on HONOR UK.",New Buy HONOR Band 7 - Price & Review | HONOR UK,13,5.0,,,,,,£199.99,199.99,variant,Colour,Midnight Black,specification,Memory,4GB+128GB,,,,,,,,,,,,,,,,,,,,,,,,,,,,,,,,,,,,,,,,,,,,,,,,,,,,,,
HONOR,2025-09-25,https://selfservice-de.hihonor.com/ccpcmd/services/dispatch/secured/CCPC/EN/eCommerce/querySkuDetailDispInfo/1000?skuCodes=82440110010206802&siteCode=uk&groupFlag=false,https://www.honor.com/uk/phones/honor-70-lite/buy/?productId=18244264391669&skuCode=82440110010206802,82440110010206802,HONOR 70 Lite 4GB+128GB/Ocean Blue/Snapdragon 5G SoC/5000mAh Long-lasting Battery,HONOR,199.99,,,,Ocean Blue,4GB+128GB,,6936520820559,phones,honor-70-lite,buy,,,,,https://img02.honorfile.com/eu/uk/honor/pms/product/6936520820559/group/800_800_90Percent_189B05E440C3AF1C2496BB7F707C8A3CEA36F70527171B33.webp,https://img02.honorfile.com/eu/uk/honor/pms/product/6936520820559/group/800_800_90Percent_4FD18D6E481B39CD98A83B4BB906D0759A4A4F36CFA4F8D5.webp,https://img02.honorfile.com/eu/uk/honor/pms/product/6936520820559/group/800_800_90Percent_EA492AE44DFD73E544300F0870D7E20AD39E77713C39708D.webp,https://img02.honorfile.com/eu/uk/honor/pms/product/6936520820559/group/800_800_90Percent_B58C4E6799DE890A5115CB6886A657CD420CC5FE08EE1C10.webp,https://img02.honorfile.com/eu/uk/honor/pms/product/6936520820559/group/800_800_90Percent_9550EBD2D69899D50B928240D09DD5AFCC8FDBB2E1C08704.webp,"Buy the New HONOR 70 Lite and get exclusive offer, first come first serve, only on HONOR UK.",New Buy HONOR Band 7 - Price & Review | HONOR UK,13,5.0,,,,,,£199.99,199.99,variant,Colour,Ocean Blue,specification,Memory,4GB+128GB,,,,,,,,,,,,,,,,,,,,,,,,,,,,,,,,,,,,,,,,,,,,,,,,,,,,,,
HONOR,2025-09-25,https://selfservice-de.hihonor.com/ccpcmd/services/dispatch/secured/CCPC/EN/eCommerce/querySkuDetailDispInfo/1000?skuCodes=82440110010206803&siteCode=uk&groupFlag=false,https://www.honor.com/uk/phones/honor-70-lite/buy/?productId=18244264391669&skuCode=82440110010206803,82440110010206803,HONOR 70 Lite 4GB+128GB/Titanium Silver/Snapdragon 5G SoC/5000mAh Long-lasting Battery,HONOR,199.99,,,,Titanium Silver,4GB+128GB,,6936520820566,phones,honor-70-lite,buy,,,,,https://img02.honorfile.com/eu/uk/honor/pms/product/6936520820566/group/800_800_90Percent_16C26F2B1B7348B916CC6CB8FDC0C0B93095F7E96CE676CA.webp,https://img02.honorfile.com/eu/uk/honor/pms/product/6936520820566/group/800_800_90Percent_8B76C9C1CD2AF93BC1B9C75AB54FC6AF2EEF88223162EA2C.webp,https://img02.honorfile.com/eu/uk/honor/pms/product/6936520820566/group/800_800_90Percent_10F01DFF0EC1526CC0B19BFD6CD435CAF3F583EC51B64945.webp,https://img02.honorfile.com/eu/uk/honor/pms/product/6936520820566/group/800_800_90Percent_83427CB2F142BF7589797F8C0DDB056DA9DCEAED0F48E0E7.webp,https://img02.honorfile.com/eu/uk/honor/pms/product/6936520820566/group/800_800_90Percent_287DA01CB187C869B65C36CDECF1C6B782057B43B9468B3B.webp,"Buy the New HONOR 70 Lite and get exclusive offer, first come first serve, only on HONOR UK.",New Buy HONOR Band 7 - Price & Review | HONOR UK,13,5.0,,,,,,£199.99,199.99,variant,Colour,Titanium Silver,specification,Memory,4GB+128GB,,,,,,,,,,,,,,,,,,,,,,,,,,,,,,,,,,,,,,,,,,,,,,,,,,,,,,
HONOR,2025-09-25,https://selfservice-de.hihonor.com/ccpcmd/services/dispatch/secured/CCPC/EN/eCommerce/querySkuDetailDispInfo/1000?skuCodes=82440110010205002&siteCode=uk&groupFlag=false,https://www.honor.com/uk/phones/honor-magic4-pro/buy/?productId=18244054278277&skuCode=82440110010205002,82440110010205002,HONOR Magic4 Pro 8GB+256GB/Cyan/Powerful 50MP Triple-Camera,HONOR,949.99,,,,Cyan,8GB+256GB,,6936520806225,phones,honor-magic4-pro,buy,,,,,https://img02.honorfile.com/eu/uk/honor/pms/product/6936520806225/group/800_800_90Percent_3F3EDB9A0DD73BD60C3F61B54A6C499B4073938E64EA7595.webp,https://img02.honorfile.com/eu/uk/honor/pms/product/6936520806225/group/800_800_90Percent_8F8BE73FC0C8CA9ADA32F39BA9D98C05F755C90214B34E1D.webp,https://img02.honorfile.com/eu/uk/honor/pms/product/6936520806225/group/800_800_90Percent_7BC2B944FA1FFA9F8AB60C7CF4E23602039A33B6A7CD93E2.webp,https://img02.honorfile.com/eu/uk/honor/pms/product/6936520806225/group/800_800_90Percent_D9861D8C736A0BD10F3FAE57B903462295A2715823B1BEDC.webp,https://img02.honorfile.com/eu/uk/honor/pms/product/6936520806225/group/800_800_90Percent_35757A619FC4EF312BBCEFFC79DACAE445DD6EBB53105E54.webp,"Buy the new HONOR Magic4 Pro with  powerful 50MP triple-camera, Snapdragon 8 Gen 1  x HONOR Turbo X, and dual 100W HONOR SuperCharge. Purchase with Free Delivery and Free Returns at HONOR UK.",New Buy HONOR Magic4 Pro | Price & Offer | HONOR UK,25,4.6,,,,,,£949.99,949.99,variant,Colour,Cyan,specification,Memory,8GB+256GB,,,,,,,,,,,,,,,,,,,,,,,,,,,,,,,,,,,,,,,,,,,,,,,,,,,,,,
HONOR,2025-09-25,https://selfservice-de.hihonor.com/ccpcmd/services/dispatch/secured/CCPC/EN/eCommerce/querySkuDetailDispInfo/1000?skuCodes=82440110010205003&siteCode=uk&groupFlag=false,https://www.honor.com/uk/phones/honor-magic4-pro/buy/?productId=18244054278277&skuCode=82440110010205003,82440110010205003,HONOR Magic4 Pro 8GB+256GB/Black/Powerful 50MP Triple-Camera,HONOR,999.99,,,,Charcoal Black,8GB+256GB,,6936520806232,phones,honor-magic4-pro,buy,,,,,https://img02.honorfile.com/eu/uk/honor/pms/product/6936520806232/group/800_800_90Percent_F8A46DFD3307C06D52AEEE701ADD05B1F0795DE18846194D.webp,https://img02.honorfile.com/eu/uk/honor/pms/product/6936520806232/group/800_800_90Percent_46E8029C99E93AC784D3A415F04EAC4B7973BFDADB449320.webp,https://img02.honorfile.com/eu/uk/honor/pms/product/6936520806232/group/800_800_90Percent_7A104938A71217A492DE03459731D835EC6A9109A3555102.webp,https://img02.honorfile.com/eu/uk/honor/pms/product/6936520806232/group/800_800_90Percent_E5E3FE3EF60D4A6D57AD0D296B168C08DE415BEF73F12C7D.webp,https://img02.honorfile.com/eu/uk/honor/pms/product/6936520806232/group/800_800_90Percent_109F9CED5471C2D061BA7774719BF2DD389BB28DB98D7920.webp,"Buy the new HONOR Magic4 Pro with  powerful 50MP triple-camera, Snapdragon 8 Gen 1  x HONOR Turbo X, and dual 100W HONOR SuperCharge. Purchase with Free Delivery and Free Returns at HONOR UK.",New Buy HONOR Magic4 Pro | Price & Offer | HONOR UK,25,4.6,,,,,,£999.99,999.99,variant,Colour,Charcoal Black,specification,Memory,8GB+256GB,,,,,,,,,,,,,,,,,,,,,,,,,,,,,,,,,,,,,,,,,,,,,,,,,,,,,,
HONOR,2025-09-25,https://selfservice-de.hihonor.com/ccpcmd/services/dispatch/secured/CCPC/EN/eCommerce/querySkuDetailDispInfo/1000?skuCodes=82440110010205001&siteCode=uk&groupFlag=false,https://www.honor.com/uk/phones/honor-magic4-pro/buy/?productId=18244054278277&skuCode=82440110010205001,82440110010205001,HONOR Magic4 Pro 8GB+256GB/Black/Powerful 50MP Triple-Camera,HONOR,949.99,,,,Black,8GB+256GB,,6936520806218,phones,honor-magic4-pro,buy,,,,,https://img02.honorfile.com/eu/uk/honor/pms/product/6936520806218/group/800_800_90Percent_1334B6D921318B20C856936EEF400A01211FC78BD9728F1D.webp,https://img02.honorfile.com/eu/uk/honor/pms/product/6936520806218/group/800_800_90Percent_7D7EF6A684A72642073DD0F6DA7338FD3B8B9BCAF2D60F4C.webp,https://img02.honorfile.com/eu/uk/honor/pms/product/6936520806218/group/800_800_90Percent_8097D3B1F138960C2175745D97EB9C23F51B53633B1FD89B.webp,https://img02.honorfile.com/eu/uk/honor/pms/product/6936520806218/group/800_800_90Percent_27DF5F86922535FEEA22C341B1A842B43345A4746E42AE66.webp,https://img02.honorfile.com/eu/uk/honor/pms/product/6936520806218/group/800_800_90Percent_6884D1918FF213650E37DBF851379156E1DD6C0859892D7F.webp,"Buy the new HONOR Magic4 Pro with  powerful 50MP triple-camera, Snapdragon 8 Gen 1  x HONOR Turbo X, and dual 100W HONOR SuperCharge. Purchase with Free Delivery and Free Returns at HONOR UK.",New Buy HONOR Magic4 Pro | Price & Offer | HONOR UK,25,4.6,,,,,,£949.99,949.99,variant,Colour,Black,specification,Memory,8GB+256GB,,,,,,,,,,,,,,,,,,,,,,,,,,,,,,,,,,,,,,,,,,,,,,,,,,,,,,
HONOR,2025-09-25,https://selfservice-de.hihonor.com/ccpcmd/services/dispatch/secured/CCPC/EN/eCommerce/querySkuDetailDispInfo/1000?skuCodes=82440110010205004&siteCode=uk&groupFlag=false,https://www.honor.com/uk/phones/honor-magic4-pro/buy/?productId=18244054278277&skuCode=82440110010205004,82440110010205004,HONOR Magic4 Pro 8GB+256GB/Cyan/Powerful 50MP Triple-Camera,HONOR,949.99,,,,Cyan Lake,8GB+256GB,,6936520806249,phones,honor-magic4-pro,buy,,,,,https://img02.honorfile.com/eu/uk/honor/pms/product/6936520806249/group/800_800_90Percent_2F7146A11071E35E0E1F0820F0079F4D6A7E879D7A057B2C.webp,https://img02.honorfile.com/eu/uk/honor/pms/product/6936520806249/group/800_800_90Percent_BE831DE4ECB479D78E240910F066065AF44CE752EC030856.webp,https://img02.honorfile.com/eu/uk/honor/pms/product/6936520806249/group/800_800_90Percent_34A02D1BE0570DE3DAF168AF596C9076A639A391C0CA8145.webp,https://img02.honorfile.com/eu/uk/honor/pms/product/6936520806249/group/800_800_90Percent_2919669F81A98466ECBB7D9459FE300FD1A96A6546D4D15D.webp,https://img02.honorfile.com/eu/uk/honor/pms/product/6936520806249/group/800_800_90Percent_EC728A1BF63F3ADA3EDB356DFD672AEC3E9A72C79F8B3CE1.webp,"Buy the new HONOR Magic4 Pro with  powerful 50MP triple-camera, Snapdragon 8 Gen 1  x HONOR Turbo X, and dual 100W HONOR SuperCharge. Purchase with Free Delivery and Free Returns at HONOR UK.",New Buy HONOR Magic4 Pro | Price & Offer | HONOR UK,25,4.6,,,,,,£949.99,949.99,variant,Colour,Cyan Lake,specification,Memory,8GB+256GB,,,,,,,,,,,,,,,,,,,,,,,,,,,,,,,,,,,,,,,,,,,,,,,,,,,,,,
HONOR,2025-09-25,https://selfservice-de.hihonor.com/ccpcmd/services/dispatch/secured/CCPC/EN/eCommerce/querySkuDetailDispInfo/1000?skuCodes=82440110010204902&siteCode=uk&groupFlag=false,https://www.honor.com/uk/phones/honor-magic4-lite/buy/?productId=18244751910482&skuCode=82440110010204902,82440110010204902,HONOR Magic4 Lite 5G/6GB+128GB/Titanium Silver/66W HONOR SuperCharge,HONOR,299.99,,,,Titanium Silver,6GB+128GB,,6936520805501,phones,honor-magic4-lite,buy,,,,,https://img02.honorfile.com/eu/uk/honor/pms/product/6936520805501/group/800_800_90Percent_D45DB87ABAAB39F3E4B03D7ED80E96AFD8EB4BB897E930B1.webp,https://img02.honorfile.com/eu/uk/honor/pms/product/6936520805501/group/800_800_90Percent_2540104E3BCBC66EB010C536D3C0118F9A68AA8E5CABEC88.webp,https://img02.honorfile.com/eu/uk/honor/pms/product/6936520805501/group/800_800_90Percent_1824C9B6343D79D5DC81AB1EF306F3CA40E143EDC18CAD22.webp,https://img02.honorfile.com/eu/uk/honor/pms/product/6936520805501/group/800_800_90Percent_48A899EBBB4F2A57873447E1A6F3087062879D8EEFC33197.webp,https://img02.honorfile.com/eu/uk/honor/pms/product/6936520805501/group/800_800_90Percent_5FCFB5CE85B5384755C25DF27019DF34EF1F8C3E019EB6D5.webp,"Buy the New HONOR Magic4 Lite 5G＆4G smartphones with High Screen Refresh Rate, 66W HONOR SuperCharge and 4800/4900mAh Large Battery.  Purchase with Free Delivery and Free Returns at HONOR UK.",New Buy HONOR Magic4 Lite 5G＆4G | Price & Offer  | HONOR UK,7,3.0,,,,,,£299.99,299.99,specification,Model,HONOR Magic4 Lite 5G,variant,Colour,Titanium Silver,specification,Memory,6GB+128GB,,,,,,,,,,,,,,,,,,,,,,,,,,,,,,,,,,,,,,,,,,,,,,,,,,,
HONOR,2025-09-25,https://selfservice-de.hihonor.com/ccpcmd/services/dispatch/secured/CCPC/EN/eCommerce/querySkuDetailDispInfo/1000?skuCodes=82440110010204903&siteCode=uk&groupFlag=false,https://www.honor.com/uk/phones/honor-magic4-lite/buy/?productId=18244751910482&skuCode=82440110010204903,82440110010204903,HONOR Magic4 Lite 5G/6GB+128GB/Ocean Blue/66W HONOR SuperCharge,HONOR,299.99,,,,Ocean Blue,6GB+128GB,,6936520805518,phones,honor-magic4-lite,buy,,,,,https://img02.honorfile.com/eu/uk/honor/pms/product/6936520805518/group/800_800_90Percent_1E36B8A80B7ECA4552F13C57D6A9080B8BFFDFED0727D9BA.webp,https://img02.honorfile.com/eu/uk/honor/pms/product/6936520805518/group/800_800_90Percent_CE34F16AE40D587B4921D22930A2F62FEF8DF3F2475F8747.webp,https://img02.honorfile.com/eu/uk/honor/pms/product/6936520805518/group/800_800_90Percent_B5E1ECDD87FD9497A4F6808F59A3DCE77C9A65C226751F05.webp,https://img02.honorfile.com/eu/uk/honor/pms/product/6936520805518/group/800_800_90Percent_0C9D9EB50BD3B9FD9B4B1B85CE459F65C9279E33F9A9F8B8.webp,https://img02.honorfile.com/eu/uk/honor/pms/product/6936520805518/group/800_800_90Percent_7AFD03E0077D35BFB363E1E94E9D2FB56E783604265C5D95.webp,"Buy the New HONOR Magic4 Lite 5G＆4G smartphones with High Screen Refresh Rate, 66W HONOR SuperCharge and 4800/4900mAh Large Battery.  Purchase with Free Delivery and Free Returns at HONOR UK.",New Buy HONOR Magic4 Lite 5G＆4G | Price & Offer  | HONOR UK,7,3.0,,,,,,£299.99,299.99,specification,Model,HONOR Magic4 Lite 5G,variant,Colour,Ocean Blue,specification,Memory,6GB+128GB,,,,,,,,,,,,,,,,,,,,,,,,,,,,,,,,,,,,,,,,,,,,,,,,,,,
HONOR,2025-09-25,https://selfservice-de.hihonor.com/ccpcmd/services/dispatch/secured/CCPC/EN/eCommerce/querySkuDetailDispInfo/1000?skuCodes=82440110010204905&siteCode=uk&groupFlag=false,https://www.honor.com/uk/phones/honor-magic4-lite/buy/?productId=18244751910482&skuCode=82440110010204905,82440110010204905,HONOR Magic4 Lite/6GB+128GB/Ocean Blue/66W HONOR SuperCharge,HONOR,249.99,,,,Ocean Blue,6GB+128GB,,6936520806430,phones,honor-magic4-lite,buy,,,,,https://img02.honorfile.com/eu/uk/honor/pms/product/6936520806430/group/800_800_90Percent_6B7606B18EAFAB34060CC1B3BDBA7C9368988E06E3191D54.webp,https://img02.honorfile.com/eu/uk/honor/pms/product/6936520806430/group/800_800_90Percent_74E3AE5DA8B4F1AA03725A9DFB5D05B596688AB60052CACA.webp,https://img02.honorfile.com/eu/uk/honor/pms/product/6936520806430/group/800_800_90Percent_BA660A8AA5DBA03CBD3AF1C74E41DBE43BBD5C5998395263.webp,https://img02.honorfile.com/eu/uk/honor/pms/product/6936520806430/group/800_800_90Percent_4AE53F6EC8C26663803D0752F69BDF08BEF3EA1E4A4A33EE.webp,https://img02.honorfile.com/eu/uk/honor/pms/product/6936520806430/group/800_800_90Percent_FF2090D9EB468B2F7FC07C7D7199239CA4F1FA4A485E5A32.webp,"Buy the New HONOR Magic4 Lite 5G＆4G smartphones with High Screen Refresh Rate, 66W HONOR SuperCharge and 4800/4900mAh Large Battery.  Purchase with Free Delivery and Free Returns at HONOR UK.",New Buy HONOR Magic4 Lite 5G＆4G | Price & Offer  | HONOR UK,7,3.0,,,,,,£249.99,249.99,specification,Model,HONOR Magic4 Lite,variant,Colour,Ocean Blue,specification,Memory,6GB+128GB,,,,,,,,,,,,,,,,,,,,,,,,,,,,,,,,,,,,,,,,,,,,,,,,,,,
HONOR,2025-09-25,https://selfservice-de.hihonor.com/ccpcmd/services/dispatch/secured/CCPC/EN/eCommerce/querySkuDetailDispInfo/1000?skuCodes=82440110010204904&siteCode=uk&groupFlag=false,https://www.honor.com/uk/phones/honor-magic4-lite/buy/?productId=18244751910482&skuCode=82440110010204904,82440110010204904,HONOR Magic4 Lite/6GB+128GB/Midnight Black/66W HONOR SuperCharge,HONOR,249.99,,,,Midnight Black,6GB+128GB,,6936520806423,phones,honor-magic4-lite,buy,,,,,https://img02.honorfile.com/eu/uk/honor/pms/product/6936520806423/group/800_800_90Percent_8DABBE18014067C33D79614F68BEBBF1CA645B771A3E2E1C.webp,https://img02.honorfile.com/eu/uk/honor/pms/product/6936520806423/group/800_800_90Percent_7C129FA31CF4FB466A68F958A119FDDD8CE64D8823118AD8.webp,https://img02.honorfile.com/eu/uk/honor/pms/product/6936520806423/group/800_800_90Percent_329486E7D8C50BFD77D891BEC877E192AE4346CDB8AB3543.webp,https://img02.honorfile.com/eu/uk/honor/pms/product/6936520806423/group/800_800_90Percent_09FB4E9AA2EFD88F4DC4BE207DEC67545647F18D5C8CDA19.webp,https://img02.honorfile.com/eu/uk/honor/pms/product/6936520806423/group/800_800_90Percent_A798979C367EADCD6E6F4123DF320654458A12E577D3D12F.webp,"Buy the New HONOR Magic4 Lite 5G＆4G smartphones with High Screen Refresh Rate, 66W HONOR SuperCharge and 4800/4900mAh Large Battery.  Purchase with Free Delivery and Free Returns at HONOR UK.",New Buy HONOR Magic4 Lite 5G＆4G | Price & Offer  | HONOR UK,7,3.0,,,,,,£249.99,249.99,specification,Model,HONOR Magic4 Lite,variant,Colour,Midnight Black,specification,Memory,6GB+128GB,,,,,,,,,,,,,,,,,,,,,,,,,,,,,,,,,,,,,,,,,,,,,,,,,,,
HONOR,2025-09-25,https://selfservice-de.hihonor.com/ccpcmd/services/dispatch/secured/CCPC/EN/eCommerce/querySkuDetailDispInfo/1000?skuCodes=82440110010204901&siteCode=uk&groupFlag=false,https://www.honor.com/uk/phones/honor-magic4-lite/buy/?productId=18244751910482&skuCode=82440110010204901,82440110010204901,HONOR Magic4 Lite 5G/6GB+128GB/Midnight Black/66W HONOR SuperCharge,HONOR,299.99,,,,Midnight Black,6GB+128GB,,6936520805495,phones,honor-magic4-lite,buy,,,,,https://img02.honorfile.com/eu/uk/honor/pms/product/6936520805495/group/800_800_90Percent_CC546C427F08160269009394310A463FC3021A3D94D5AF90.webp,https://img02.honorfile.com/eu/uk/honor/pms/product/6936520805495/group/800_800_90Percent_88903D25CDA89C23B2C08C1B4D1BF68C60A078DD7F5BF569.webp,https://img02.honorfile.com/eu/uk/honor/pms/product/6936520805495/group/800_800_90Percent_EE9EBB299D61199FA8CE40550FD728446614FE9CE34D304B.webp,https://img02.honorfile.com/eu/uk/honor/pms/product/6936520805495/group/800_800_90Percent_077B2313F83990BECB420BA8F3E3D2EE7199E11825C8F646.webp,https://img02.honorfile.com/eu/uk/honor/pms/product/6936520805495/group/800_800_90Percent_579E5A4D59480369ED6988E1F44376A52BF05A66B7DEBDAB.webp,"Buy the New HONOR Magic4 Lite 5G＆4G smartphones with High Screen Refresh Rate, 66W HONOR SuperCharge and 4800/4900mAh Large Battery.  Purchase with Free Delivery and Free Returns at HONOR UK.",New Buy HONOR Magic4 Lite 5G＆4G | Price & Offer  | HONOR UK,7,3.0,,,,,,£299.99,299.99,specification,Model,HONOR Magic4 Lite 5G,variant,Colour,Midnight Black,specification,Memory,6GB+128GB,,,,,,,,,,,,,,,,,,,,,,,,,,,,,,,,,,,,,,,,,,,,,,,,,,,
HONOR,2025-09-25,https://selfservice-de.hihonor.com/ccpcmd/services/dispatch/secured/CCPC/EN/eCommerce/querySkuDetailDispInfo/1000?skuCodes=82440110010206701&siteCode=uk&groupFlag=false,https://www.honor.com/uk/phones/honor-magic-vs/buy/?productId=18244186092174&skuCode=82440110010206701,82440110010206701,HONOR Magic Vs 12GB+512GB/Black/Super Slim and Gapless,HONOR,1399.99,,,,Black,12GB+512GB,,6936520822782,phones,honor-magic-vs,buy,,,,,https://img02.honorfile.com/eu/uk/honor/pms/product/6936520822782/group/800_800_90Percent_A6CD433F58B46B53B4941D73C326CB45252A0EB0F1BF15D2.webp,https://img02.honorfile.com/eu/uk/honor/pms/product/6936520822782/group/800_800_90Percent_1CA34A5A8D924FE822B8C7585B4C204D58B5A480E64BB14E.webp,https://img02.honorfile.com/eu/uk/honor/pms/product/6936520822782/group/800_800_90Percent_8BA965FEE116B2AAB69CB6A0AC738AF9BDD9697A2CCA0993.webp,https://img02.honorfile.com/eu/uk/honor/pms/product/6936520822782/group/800_800_90Percent_DDA33740971898DCE1CEC8FD06C8A1D712F2B75168B24B27.webp,https://img02.honorfile.com/eu/uk/honor/pms/product/6936520822782/group/800_800_90Percent_BB1A154026C2DC50937D22096119B886ED42F96DB80ADCE8.webp,"Subscribe to HONOR Magic Vs and get exclusive offer, first come first serve, only on HONOR UK.",Subscribe HONOR Magic Vs - Price & Deals | HONOR UK,16,4.6,,,,,,£1399.99,1399.99,variant,Colour,Black,specification,Memory,12GB+512GB,,,,,,,,,,,,,,,,,,,,,,,,,,,,,,,,,,,,,,,,,,,,,,,,,,,,,,
HONOR,2025-09-25,https://selfservice-de.hihonor.com/ccpcmd/services/dispatch/secured/CCPC/EN/eCommerce/querySkuDetailDispInfo/1000?skuCodes=82440110010206702&siteCode=uk&groupFlag=false,https://www.honor.com/uk/phones/honor-magic-vs/buy/?productId=18244186092174&skuCode=82440110010206702,82440110010206702,HONOR Magic Vs 12GB+512GB/Cyan/Super Slim and Gapless,HONOR,1399.99,,,,Cyan,12GB+512GB,,6936520822799,phones,honor-magic-vs,buy,,,,,https://img02.honorfile.com/eu/uk/honor/pms/product/6936520822799/group/800_800_90Percent_667383FFF83E32035EE2B95FD940A79469136CC93F31D2CC.webp,https://img02.honorfile.com/eu/uk/honor/pms/product/6936520822799/group/800_800_90Percent_79119004A1BE51B1D986C701ADC22891962FF6A3F39F3504.webp,https://img02.honorfile.com/eu/uk/honor/pms/product/6936520822799/group/800_800_90Percent_7FDE883C880B739E796FE5226E18612AB6D97D8E9B4E5F39.webp,https://img02.honorfile.com/eu/uk/honor/pms/product/6936520822799/group/800_800_90Percent_3346CC1134CD35F33C1AC29238FACDC1755229A8D74C381C.webp,https://img02.honorfile.com/eu/uk/honor/pms/product/6936520822799/group/800_800_90Percent_277CFE68ED6A545CA5212930FC7F30742F783B7B5C3EB9E1.webp,"Subscribe to HONOR Magic Vs and get exclusive offer, first come first serve, only on HONOR UK.",Subscribe HONOR Magic Vs - Price & Deals | HONOR UK,16,4.6,,,,,,£1399.99,1399.99,variant,Colour,Cyan,specification,Memory,12GB+512GB,,,,,,,,,,,,,,,,,,,,,,,,,,,,,,,,,,,,,,,,,,,,,,,,,,,,,,
HONOR,2025-09-25,https://selfservice-de.hihonor.com/ccpcmd/services/dispatch/secured/CCPC/EN/eCommerce/querySkuDetailDispInfo/1000?skuCodes=82440110010206201&siteCode=uk&groupFlag=false,https://www.honor.com/uk/phones/honor-x8a/buy/?productId=18244085377191&skuCode=82440110010206201,82440110010206201,"HONOR X8a 6GB+128GB, Titanium Silver, 100MP Ultra Camera",HONOR,219.99,,,,Titanium Silver,6GB+128GB,,6936520819027,phones,honor-x8a,buy,,,,,https://img02.honorfile.com/eu/uk/honor/pms/product/6936520819027/group/800_800_90Percent_622FDFC322730FD448DE6ED19948AA0AD6F9EB53768DF0BC.webp,https://img02.honorfile.com/eu/uk/honor/pms/product/6936520819027/group/800_800_90Percent_9DDD8F5C6D201881C5E8139711D759BC7E914290F53F07DF.webp,https://img02.honorfile.com/eu/uk/honor/pms/product/6936520819027/group/800_800_90Percent_E934EFE3409C38D5C7000C5061A3DE8432728D9FA0D3ECE3.webp,https://img02.honorfile.com/eu/uk/honor/pms/product/6936520819027/group/800_800_90Percent_3DF74EB57D72B1F9D8F6606902089E1ED8C9A7ED1EFA5F07.webp,https://img02.honorfile.com/eu/uk/honor/pms/product/6936520819027/group/800_800_90Percent_318462D9E11D71C84B96280213EFDA9FF7269A9092713F37.webp,"New buy HONOR X8a with 100MP Ultra Camera, 6.7 inches HONOR Edgeless Display and 6GB+128GB Large Storage.. Purchase with Free Delivery and Free Returns at HONOR UK.",New buy HONOR X8a | Price & Offer | HONOR UK,8,5.0,,,,,,£219.99,219.99,variant,Colour,Titanium Silver,specification,Memory,6GB+128GB,,,,,,,,,,,,,,,,,,,,,,,,,,,,,,,,,,,,,,,,,,,,,,,,,,,,,,
HONOR,2025-09-25,https://selfservice-de.hihonor.com/ccpcmd/services/dispatch/secured/CCPC/EN/eCommerce/querySkuDetailDispInfo/1000?skuCodes=82440110010206202&siteCode=uk&groupFlag=false,https://www.honor.com/uk/phones/honor-x8a/buy/?productId=18244085377191&skuCode=82440110010206202,82440110010206202,"HONOR X8a 6GB+128GB, Cyan Lake, 100MP Ultra Camera",HONOR,219.99,,,,Cyan Lake,6GB+128GB,,6936520819010,phones,honor-x8a,buy,,,,,https://img02.honorfile.com/eu/uk/honor/pms/product/6936520819010/group/800_800_90Percent_B34546A9E5E05B70BD019BED2329BB5D5AEF6239369440C9.webp,https://img02.honorfile.com/eu/uk/honor/pms/product/6936520819010/group/800_800_90Percent_CFEBB383BC5E2FCD9052D7845C0EB842C1DE9CFE73AE7346.webp,https://img02.honorfile.com/eu/uk/honor/pms/product/6936520819010/group/800_800_90Percent_C75526AA80C1D73D14BC831E011C30B19587DF31B9998CC5.webp,https://img02.honorfile.com/eu/uk/honor/pms/product/6936520819010/group/800_800_90Percent_1C6968A21BE76C8F0DD7A124E2160541675EEB318EB08155.webp,https://img02.honorfile.com/eu/uk/honor/pms/product/6936520819010/group/800_800_90Percent_E08C476B505DB4718F9884A5BCAC828C8B7A6BFDE74F7DF2.webp,"New buy HONOR X8a with 100MP Ultra Camera, 6.7 inches HONOR Edgeless Display and 6GB+128GB Large Storage.. Purchase with Free Delivery and Free Returns at HONOR UK.",New buy HONOR X8a | Price & Offer | HONOR UK,8,5.0,,,,,,£219.99,219.99,variant,Colour,Cyan Lake,specification,Memory,6GB+128GB,,,,,,,,,,,,,,,,,,,,,,,,,,,,,,,,,,,,,,,,,,,,,,,,,,,,,,
HONOR,2025-09-25,https://selfservice-de.hihonor.com/ccpcmd/services/dispatch/secured/CCPC/EN/eCommerce/querySkuDetailDispInfo/1000?skuCodes=82440110010206203&siteCode=uk&groupFlag=false,https://www.honor.com/uk/phones/honor-x8a/buy/?productId=18244085377191&skuCode=82440110010206203,82440110010206203,"HONOR X8a 6GB+128GB, Midnight Black, 100MP Ultra Camera",HONOR,219.99,,,,Midnight Black,6GB+128GB,,6936520819003,phones,honor-x8a,buy,,,,,https://img02.honorfile.com/eu/uk/honor/pms/product/6936520819003/group/800_800_90Percent_AE8E1EAFA8B587E4DF11BB5736E93337BD54F2F469AA5540.webp,https://img02.honorfile.com/eu/uk/honor/pms/product/6936520819003/group/800_800_90Percent_BAD7EEB3E77B285D97A75A871B1090FE7560074FBB1E6035.webp,https://img02.honorfile.com/eu/uk/honor/pms/product/6936520819003/group/800_800_90Percent_7D0DCDEC1AA81CCD7931DF82A8F92ED5D8F973DE9F00D3FC.webp,https://img02.honorfile.com/eu/uk/honor/pms/product/6936520819003/group/800_800_90Percent_AB49022A2D1E29FEAA3C7AF99BB8A3F7EE8AD57C2D4A851A.webp,https://img02.honorfile.com/eu/uk/honor/pms/product/6936520819003/group/800_800_90Percent_FF05A463753A492DB17CE7A2BEE15F90A692B374AD62C84F.webp,"New buy HONOR X8a with 100MP Ultra Camera, 6.7 inches HONOR Edgeless Display and 6GB+128GB Large Storage.. Purchase with Free Delivery and Free Returns at HONOR UK.",New buy HONOR X8a | Price & Offer | HONOR UK,8,5.0,,,,,,£219.99,219.99,variant,Colour,Midnight Black,specification,Memory,6GB+128GB,,,,,,,,,,,,,,,,,,,,,,,,,,,,,,,,,,,,,,,,,,,,,,,,,,,,,,
HONOR,2025-09-25,https://selfservice-de.hihonor.com/ccpcmd/services/dispatch/secured/CCPC/EN/eCommerce/querySkuDetailDispInfo/1000?skuCodes=82440110010204701&siteCode=uk&groupFlag=false,https://www.honor.com/uk/phones/honor-x8/buy/?productId=18244645361293&skuCode=82440110010204701,82440110010204701,HONOR X8 6GB+128GB/Midnight Black/64MP Ultra Clear Quad Camera,HONOR,219.99,,,,Midnight Black,6GB+128GB,,6936520805358,phones,honor-x8,buy,,,,,https://img02.honorfile.com/eu/uk/honor/pms/product/6936520805358/group/800_800_90Percent_F7AB19D426F051D7A4D40C065C9CD4A43D868FA1FCC303E5.webp,https://img02.honorfile.com/eu/uk/honor/pms/product/6936520805358/group/800_800_90Percent_0A5F8EC3AD9B458AD73D26F9533BB26C7625B027D55CFE4E.webp,https://img02.honorfile.com/eu/uk/honor/pms/product/6936520805358/group/800_800_90Percent_7B1CA6BC3D8CA8081D69E718449C3E298DE05DFF4BFD0618.webp,https://img02.honorfile.com/eu/uk/honor/pms/product/6936520805358/group/800_800_90Percent_A73B42A42994A7D971890B2C13B240F14B4C9597E162062D.webp,https://img02.honorfile.com/eu/uk/honor/pms/product/6936520805358/group/800_800_90Percent_3D8C1D63A77C84DB9E6B8244DE905F84FD8B7D55B2EF6B6E.webp,"Buy the New HONOR X8 X8 Series with slim body and large battery, 22.5W HONOR Supercharge, High Energy Efficient 6nm Snapdragon Processor and a HONOR Fullview display with 90Hz refresh rate in your hand. Purchase with Free Delivery and Free Returns at HONOR UK.",Buy HONOR X8 Series | Price & Offer | HONOR UK,20,4.8,,,,,,£219.99,219.99,specification,Model,HONOR X8,variant,Colour,Midnight Black,specification,Memory,6GB+128GB,,,,,,,,,,,,,,,,,,,,,,,,,,,,,,,,,,,,,,,,,,,,,,,,,,,
HONOR,2025-09-25,https://selfservice-de.hihonor.com/ccpcmd/services/dispatch/secured/CCPC/EN/eCommerce/querySkuDetailDispInfo/1000?skuCodes=82440110010204702&siteCode=uk&groupFlag=false,https://www.honor.com/uk/phones/honor-x8/buy/?productId=18244645361293&skuCode=82440110010204702,82440110010204702,HONOR X8 6GB+128GB/Titanium Silver/64MP Ultra Clear Quad Camera,HONOR,219.99,,,,Titanium Silver,6GB+128GB,,6936520805365,phones,honor-x8,buy,,,,,https://img02.honorfile.com/eu/uk/honor/pms/product/6936520805365/group/800_800_90Percent_0A35ACA0AFE410B54A8FCD6724DBA9F51FDAA155B22C9231.webp,https://img02.honorfile.com/eu/uk/honor/pms/product/6936520805365/group/800_800_90Percent_36C1109E53A83484FFC637EF0EA5AA8C2F0B7AA53A944BD0.webp,https://img02.honorfile.com/eu/uk/honor/pms/product/6936520805365/group/800_800_90Percent_83DC58C12FE078C15B82FFC7EF8CBE198DB25D62988402EE.webp,https://img02.honorfile.com/eu/uk/honor/pms/product/6936520805365/group/800_800_90Percent_F8661D27385CED9E5877105D9DA5B3B19D3821C96909E41B.webp,https://img02.honorfile.com/eu/uk/honor/pms/product/6936520805365/group/800_800_90Percent_AB9A4E06694CE5C65CB61BAB32CDB2B81C7F279D4845C52D.webp,"Buy the New HONOR X8 X8 Series with slim body and large battery, 22.5W HONOR Supercharge, High Energy Efficient 6nm Snapdragon Processor and a HONOR Fullview display with 90Hz refresh rate in your hand. Purchase with Free Delivery and Free Returns at HONOR UK.",Buy HONOR X8 Series | Price & Offer | HONOR UK,20,4.8,,,,,,£219.99,219.99,specification,Model,HONOR X8,variant,Colour,Titanium Silver,specification,Memory,6GB+128GB,,,,,,,,,,,,,,,,,,,,,,,,,,,,,,,,,,,,,,,,,,,,,,,,,,,
HONOR,2025-09-25,https://selfservice-de.hihonor.com/ccpcmd/services/dispatch/secured/CCPC/EN/eCommerce/querySkuDetailDispInfo/1000?skuCodes=82440110010204703&siteCode=uk&groupFlag=false,https://www.honor.com/uk/phones/honor-x8/buy/?productId=18244645361293&skuCode=82440110010204703,82440110010204703,HONOR X8 6GB+128GB/Ocean Blue/64MP Ultra Clear Quad Camera,HONOR,219.99,,,,Ocean Blue,6GB+128GB,,6936520805372,phones,honor-x8,buy,,,,,https://img02.honorfile.com/eu/uk/honor/pms/product/6936520805372/group/800_800_90Percent_F681285329D446BC9827D5C103C360B2B623D13B326250E3.webp,https://img02.honorfile.com/eu/uk/honor/pms/product/6936520805372/group/800_800_90Percent_9F479698B8FA37AA063FC85B448BBDF845FED9CF68F737B8.webp,https://img02.honorfile.com/eu/uk/honor/pms/product/6936520805372/group/800_800_90Percent_613FE5687719B26B82CDA4471F4BE364FAA45AEB41F02B20.webp,https://img02.honorfile.com/eu/uk/honor/pms/product/6936520805372/group/800_800_90Percent_2841061E27BA1859F2EACBB012A757E4B963A755E7A38F7C.webp,https://img02.honorfile.com/eu/uk/honor/pms/product/6936520805372/group/800_800_90Percent_E9A7195315770AF5CB20EC7D4B41C000B43F4FA58EB9B865.webp,"Buy the New HONOR X8 X8 Series with slim body and large battery, 22.5W HONOR Supercharge, High Energy Efficient 6nm Snapdragon Processor and a HONOR Fullview display with 90Hz refresh rate in your hand. Purchase with Free Delivery and Free Returns at HONOR UK.",Buy HONOR X8 Series | Price & Offer | HONOR UK,20,4.8,,,,,,£219.99,219.99,specification,Model,HONOR X8,variant,Colour,Ocean Blue,specification,Memory,6GB+128GB,,,,,,,,,,,,,,,,,,,,,,,,,,,,,,,,,,,,,,,,,,,,,,,,,,,
HONOR,2025-09-25,https://selfservice-de.hihonor.com/ccpcmd/services/dispatch/secured/CCPC/EN/eCommerce/querySkuDetailDispInfo/1000?skuCodes=82440110010206101&siteCode=uk&groupFlag=false,https://www.honor.com/uk/phones/honor-x7a/buy/?productId=18244502688421&skuCode=82440110010206101,82440110010206101,"HONOR X7a 4GB+128GB, Midnight Black, 5330mAh Long lasting Battery",HONOR,179.99,,,,Midnight Black,4GB+128GB,,6936520817948,phones,honor-x7a,buy,,,,,https://img02.honorfile.com/eu/uk/honor/pms/product/6936520817948/group/800_800_90Percent_36C862019042FD2110DE16477F98986C8AD67D37F5849C29.webp,https://img02.honorfile.com/eu/uk/honor/pms/product/6936520817948/group/800_800_90Percent_EE290D4C4286D24FF888E891118E7C8EA5EAD267C9151458.webp,https://img02.honorfile.com/eu/uk/honor/pms/product/6936520817948/group/800_800_90Percent_2D5D2D34560779A7AEEE4AA8C566E770A611BC7EBA1ADB3F.webp,https://img02.honorfile.com/eu/uk/honor/pms/product/6936520817948/group/800_800_90Percent_3697371B2D1327F2BD64E8AAFB8F088B12969AD30FE1BAA9.webp,https://img02.honorfile.com/eu/uk/honor/pms/product/6936520817948/group/800_800_90Percent_8745D851F976D0D83B16A1CC54D0B3D9EC9A131928294181.webp,"New buy the HONOR X7a with 5330mAh Ultra-large Battery, 50MP Ultra-clear Quad Camera and 128GB Large storage.. Purchase with Free Delivery and Free Returns at HONOR UK.",New buy HONOR X7a | Price & Offer | HONOR UK,16,4.0,,,,,,£179.99,179.99,variant,Colour,Midnight Black,specification,Memory,4GB+128GB,,,,,,,,,,,,,,,,,,,,,,,,,,,,,,,,,,,,,,,,,,,,,,,,,,,,,,
HONOR,2025-09-25,https://selfservice-de.hihonor.com/ccpcmd/services/dispatch/secured/CCPC/EN/eCommerce/querySkuDetailDispInfo/1000?skuCodes=82440110010206102&siteCode=uk&groupFlag=false,https://www.honor.com/uk/phones/honor-x7a/buy/?productId=18244502688421&skuCode=82440110010206102,82440110010206102,"HONOR X7a 4GB+128GB, Ocean Blue, 5330mAh Long lasting Battery",HONOR,179.99,,,,Ocean Blue,4GB+128GB,,6936520817955,phones,honor-x7a,buy,,,,,https://img02.honorfile.com/eu/uk/honor/pms/product/6936520817955/group/800_800_90Percent_A043D71B8550D75CC074707D0C5A8FA0FB70628CE8F59AED.webp,https://img02.honorfile.com/eu/uk/honor/pms/product/6936520817955/group/800_800_90Percent_D54CDF3C3F6CE2FA60B79F34D8990D83EB23A17937E7963F.webp,https://img02.honorfile.com/eu/uk/honor/pms/product/6936520817955/group/800_800_90Percent_90B6FE2CB942F92F4C9CDACE55A1CDB74C7308C1390C5D26.webp,https://img02.honorfile.com/eu/uk/honor/pms/product/6936520817955/group/800_800_90Percent_F6858905E33029DA9E83750C5FA0B29D6CBE0989CAE9388B.webp,https://img02.honorfile.com/eu/uk/honor/pms/product/6936520817955/group/800_800_90Percent_7C44032C2681CD46AE209469DE6A3726C4A81A723C5056BD.webp,"New buy the HONOR X7a with 5330mAh Ultra-large Battery, 50MP Ultra-clear Quad Camera and 128GB Large storage.. Purchase with Free Delivery and Free Returns at HONOR UK.",New buy HONOR X7a | Price & Offer | HONOR UK,16,4.0,,,,,,£179.99,179.99,variant,Colour,Ocean Blue,specification,Memory,4GB+128GB,,,,,,,,,,,,,,,,,,,,,,,,,,,,,,,,,,,,,,,,,,,,,,,,,,,,,,
HONOR,2025-09-25,https://selfservice-de.hihonor.com/ccpcmd/services/dispatch/secured/CCPC/EN/eCommerce/querySkuDetailDispInfo/1000?skuCodes=82440110010206103&siteCode=uk&groupFlag=false,https://www.honor.com/uk/phones/honor-x7a/buy/?productId=18244502688421&skuCode=82440110010206103,82440110010206103,"HONOR X7a 4GB+128GB, Titanium Silver, 5330mAh Long lasting Battery",HONOR,179.99,,,,Titanium Silver,4GB+128GB,,6936520817962,phones,honor-x7a,buy,,,,,https://img02.honorfile.com/eu/uk/honor/pms/product/6936520817962/group/800_800_90Percent_23688F4572CFC0E3482410527D6C3B621B65B8F34645281B.webp,https://img02.honorfile.com/eu/uk/honor/pms/product/6936520817962/group/800_800_90Percent_511853B1955855694448C31AFF21F5D9B03E54D69D915868.webp,https://img02.honorfile.com/eu/uk/honor/pms/product/6936520817962/group/800_800_90Percent_B423807DDE53AECF26D0041FCE6E462FF17BBE51B64356BF.webp,https://img02.honorfile.com/eu/uk/honor/pms/product/6936520817962/group/800_800_90Percent_935ADE8344FFF92DF52B1727777276ED4475DC594DBFDB19.webp,https://img02.honorfile.com/eu/uk/honor/pms/product/6936520817962/group/800_800_90Percent_DD2C900C7256A703C38CBD91DC4712FC1C6AED9A3FFCA20F.webp,"New buy the HONOR X7a with 5330mAh Ultra-large Battery, 50MP Ultra-clear Quad Camera and 128GB Large storage.. Purchase with Free Delivery and Free Returns at HONOR UK.",New buy HONOR X7a | Price & Offer | HONOR UK,16,4.0,,,,,,£179.99,179.99,variant,Colour,Titanium Silver,specification,Memory,4GB+128GB,,,,,,,,,,,,,,,,,,,,,,,,,,,,,,,,,,,,,,,,,,,,,,,,,,,,,,
HONOR,2025-09-25,https://selfservice-de.hihonor.com/ccpcmd/services/dispatch/secured/CCPC/EN/eCommerce/querySkuDetailDispInfo/1000?skuCodes=82440110010204805&siteCode=uk&groupFlag=false,https://www.honor.com/uk/phones/honor-x7/buy/?productId=18244499324271&skuCode=82440110010204805,82440110010204805,HONOR X7 4GB+128GB/Midnight Black/5000mAh Large Battery,HONOR,169.99,,,,Midnight Black,4GB+128GB,,6936520805839,phones,honor-x7,buy,,,,,https://img02.honorfile.com/eu/uk/honor/pms/product/6936520805839/group/800_800_90Percent_A793ACCD675D23210EED796BF09611DD60675F19475A3C38.webp,https://img02.honorfile.com/eu/uk/honor/pms/product/6936520805839/group/800_800_90Percent_EFC553B9C32E6D139AE59488FD860B64C315E6EC9EC98FD7.webp,https://img02.honorfile.com/eu/uk/honor/pms/product/6936520805839/group/800_800_90Percent_0AA2FB0B3D69E33068236B043E90FCC83758B89AEB2C891C.webp,https://img02.honorfile.com/eu/uk/honor/pms/product/6936520805839/group/800_800_90Percent_98236C54EA934264FD7713FE0CF8F783C0E1E57B2A2854EA.webp,https://img02.honorfile.com/eu/uk/honor/pms/product/6936520805839/group/800_800_90Percent_948D10C993AABD6FD4AA136BF1A06BC48A8684BA414648F8.webp,"Buy the new HONOR X7 smartphones with 5000mAh Large Battery, 22.5W HONOR SuperCharge and 6.74 inches HONOR Fullview Display in hand. Purchase with Free Delivery and Free Returns at HONOR UK.",Buy HONOR X7 | Price & Offer  | HONOR UK,4,4.8,,,,,,£169.99,169.99,variant,Colour,Midnight Black,specification,Memory,4GB+128GB,,,,,,,,,,,,,,,,,,,,,,,,,,,,,,,,,,,,,,,,,,,,,,,,,,,,,,
HONOR,2025-09-25,https://selfservice-de.hihonor.com/ccpcmd/services/dispatch/secured/CCPC/EN/eCommerce/querySkuDetailDispInfo/1000?skuCodes=82440110010204806&siteCode=uk&groupFlag=false,https://www.honor.com/uk/phones/honor-x7/buy/?productId=18244499324271&skuCode=82440110010204806,82440110010204806,HONOR X7 4GB+128GB/Titanium Silver/5000mAh Large Battery,HONOR,169.99,,,,Titanium Silver,4GB+128GB,,6936520805853,phones,honor-x7,buy,,,,,https://img02.honorfile.com/eu/uk/honor/pms/product/6936520805853/group/800_800_90Percent_0E247BEEDED1EB97A726B4F6A26C02F999FB809A214ACC9F.webp,https://img02.honorfile.com/eu/uk/honor/pms/product/6936520805853/group/800_800_90Percent_8C1A99DA96CBD0AAC581DB178486FD7F48F84D3D29EEEF18.webp,https://img02.honorfile.com/eu/uk/honor/pms/product/6936520805853/group/800_800_90Percent_66F1398D42073F37FB5BBE273EB2985DE8984A2F798A4DA1.webp,https://img02.honorfile.com/eu/uk/honor/pms/product/6936520805853/group/800_800_90Percent_91A66992CCF983E641E406ABCFC3FCECAC25E76ABA3F9682.webp,https://img02.honorfile.com/eu/uk/honor/pms/product/6936520805853/group/800_800_90Percent_E272DAB9B1386B92666C4B4FFD916B7B3C86F5A7715AC1B9.webp,"Buy the new HONOR X7 smartphones with 5000mAh Large Battery, 22.5W HONOR SuperCharge and 6.74 inches HONOR Fullview Display in hand. Purchase with Free Delivery and Free Returns at HONOR UK.",Buy HONOR X7 | Price & Offer  | HONOR UK,4,4.8,,,,,,£169.99,169.99,variant,Colour,Titanium Silver,specification,Memory,4GB+128GB,,,,,,,,,,,,,,,,,,,,,,,,,,,,,,,,,,,,,,,,,,,,,,,,,,,,,,
HONOR,2025-09-25,https://selfservice-de.hihonor.com/ccpcmd/services/dispatch/secured/CCPC/EN/eCommerce/querySkuDetailDispInfo/1000?skuCodes=82440110010204807&siteCode=uk&groupFlag=false,https://www.honor.com/uk/phones/honor-x7/buy/?productId=18244499324271&skuCode=82440110010204807,82440110010204807,HONOR X7 4GB+128GB/Ocean Blue/5000mAh Large Battery,HONOR,169.99,,,,Ocean Blue,4GB+128GB,,6936520805846,phones,honor-x7,buy,,,,,https://img02.honorfile.com/eu/uk/honor/pms/product/6936520805846/group/800_800_90Percent_87E260F8AC215C0336EF9B7709F669C0E5D3C412973893C4.webp,https://img02.honorfile.com/eu/uk/honor/pms/product/6936520805846/group/800_800_90Percent_F16044ED469F3D73C21890321D8C251CE3E79512EA44D3FB.webp,https://img02.honorfile.com/eu/uk/honor/pms/product/6936520805846/group/800_800_90Percent_85B30A3B45F5F8EEC50135A2DE615DD6B85A78A4E14F874A.webp,https://img02.honorfile.com/eu/uk/honor/pms/product/6936520805846/group/800_800_90Percent_69129C3ECE3150BCE9C6C17163963378229C003DFF1F5634.webp,https://img02.honorfile.com/eu/uk/honor/pms/product/6936520805846/group/800_800_90Percent_48BDE222C3D865075B6F1C5379885D721886D3EE28AE3A5B.webp,"Buy the new HONOR X7 smartphones with 5000mAh Large Battery, 22.5W HONOR SuperCharge and 6.74 inches HONOR Fullview Display in hand. Purchase with Free Delivery and Free Returns at HONOR UK.",Buy HONOR X7 | Price & Offer  | HONOR UK,4,4.8,,,,,,£169.99,169.99,variant,Colour,Ocean Blue,specification,Memory,4GB+128GB,,,,,,,,,,,,,,,,,,,,,,,,,,,,,,,,,,,,,,,,,,,,,,,,,,,,,,
HONOR,2025-09-25,https://selfservice-de.hihonor.com/ccpcmd/services/dispatch/secured/CCPC/EN/eCommerce/querySkuDetailDispInfo/1000?skuCodes=82440110010207801&siteCode=uk&groupFlag=false,https://www.honor.com/uk/phones/honor-x6a/buy/?productId=18244602553118&skuCode=82440110010207801,82440110010207801,HONOR X6a 4GB+128GB/Cyan Lake/5200mAh Long-lasting Battery,HONOR,129.99,,,,Cyan Lake,,,6936520826650,phones,honor-x6a,buy,,,,,https://img02.honorfile.com/eu/uk/honor/pms/product/6936520826650/group/800_800_90Percent_F312A3F3DFEA7CFAE014C76F0B191E1CC48E9A9094EB897E.webp,https://img02.honorfile.com/eu/uk/honor/pms/product/6936520826650/group/800_800_90Percent_3E8D25350C1A2C2689CB9F8DE909BD3DE92E98A1DCF12145.webp,https://img02.honorfile.com/eu/uk/honor/pms/product/6936520826650/group/800_800_90Percent_95F54D85038043E2810FEAAEE85961F15EA4A2502C0579C4.webp,https://img02.honorfile.com/eu/uk/honor/pms/product/6936520826650/group/800_800_90Percent_7D966399B78D4B88955208B2420AE03A36F44EE853438913.webp,https://img02.honorfile.com/eu/uk/honor/pms/product/6936520826650/group/800_800_90Percent_5CDEE75643462200428E278876619F43E360CFE41E55E1B9.webp,"Buy the HONOR X6a smartphone. Enjoy Exclusive Trade In Offers, 0% Finance, Free Delivery & Free Returns at HONOR UK.",Buy HONOR X6a - Price & Review | HONOR UK,27,4.7,,,,,,£129.99,129.99,variant,Colour,Cyan Lake,,,,,,,,,,,,,,,,,,,,,,,,,,,,,,,,,,,,,,,,,,,,,,,,,,,,,,,,,
HONOR,2025-09-25,https://selfservice-de.hihonor.com/ccpcmd/services/dispatch/secured/CCPC/EN/eCommerce/querySkuDetailDispInfo/1000?skuCodes=82440110010207802&siteCode=uk&groupFlag=false,https://www.honor.com/uk/phones/honor-x6a/buy/?productId=18244602553118&skuCode=82440110010207802,82440110010207802,HONOR X6a 4GB+128GB/Midnight Black/5200mAh Long-lasting Battery,HONOR,129.99,,,,Midnight Black,,,6936520826643,phones,honor-x6a,buy,,,,,https://img02.honorfile.com/eu/uk/honor/pms/product/6936520826643/group/800_800_90Percent_86B7039444231FAC6B104344EA5FD67317B9AEE5CB243463.webp,https://img02.honorfile.com/eu/uk/honor/pms/product/6936520826643/group/800_800_90Percent_07F7E1FF7A2572A1E6A90C07617324EFA6B04E5EDA79D4E3.webp,https://img02.honorfile.com/eu/uk/honor/pms/product/6936520826643/group/800_800_90Percent_FFDC6841C7A5C3BFB13F7C0574C1C32BCB08769CD7036F9F.webp,https://img02.honorfile.com/eu/uk/honor/pms/product/6936520826643/group/800_800_90Percent_23FBB216E0A12D942847313BBCEAFEAEA373E9956BB8B404.webp,https://img02.honorfile.com/eu/uk/honor/pms/product/6936520826643/group/800_800_90Percent_F9C7762D2C14293B77DA7D1437458E5958B960403F97BEC6.webp,"Buy the HONOR X6a smartphone. Enjoy Exclusive Trade In Offers, 0% Finance, Free Delivery & Free Returns at HONOR UK.",Buy HONOR X6a - Price & Review | HONOR UK,27,4.7,,,,,,£129.99,129.99,variant,Colour,Midnight Black,,,,,,,,,,,,,,,,,,,,,,,,,,,,,,,,,,,,,,,,,,,,,,,,,,,,,,,,,
HONOR,2025-09-25,https://selfservice-de.hihonor.com/ccpcmd/services/dispatch/secured/CCPC/EN/eCommerce/querySkuDetailDispInfo/1000?skuCodes=82440110010205901&siteCode=uk&groupFlag=false,https://www.honor.com/uk/phones/honor-x6/buy/?productId=18244039795876&skuCode=82440110010205901,82440110010205901,HONOR X6 4GB+64GB/Midnight Black/50MP Triple Camera,HONOR,149.99,,,,Midnight Black,4GB+64GB,,6936520813223,phones,honor-x6,buy,,,,,https://img02.honorfile.com/eu/uk/honor/pms/product/6936520813223/group/800_800_90Percent_477B67D29F0944BAAC64A5D72FA5B4F7B7DC89CE05B9ED0D.webp,https://img02.honorfile.com/eu/uk/honor/pms/product/6936520813223/group/800_800_90Percent_450563112A1CB39688FE75B648ED1863E82B81B2BD46B5F6.webp,https://img02.honorfile.com/eu/uk/honor/pms/product/6936520813223/group/800_800_90Percent_38DD1BCE36E2B400940512C6EA925750637D10C30D1BB2E5.webp,https://img02.honorfile.com/eu/uk/honor/pms/product/6936520813223/group/800_800_90Percent_908A386F08AE11F8B4EF8F95F22491AC57657EF592E4348B.webp,https://img02.honorfile.com/eu/uk/honor/pms/product/6936520813223/group/800_800_90Percent_99C00469AF9E03EA8D680D21AFE488AD13C40538A8FA97C4.webp,"Buy the new HONOR X6 with 6.5 inches fullview display, 50MP Triple camera, 5000mAh battery and 64GB max storage. Purchase with Free Delivery and Free Returns at HONOR UK",New Buy HONOR X6 | Price & Offer | HONOR UK,5,5.0,,,,,,£149.99,149.99,variant,Colour,Midnight Black,specification,Memory,4GB+64GB,,,,,,,,,,,,,,,,,,,,,,,,,,,,,,,,,,,,,,,,,,,,,,,,,,,,,,
HONOR,2025-09-25,https://selfservice-de.hihonor.com/ccpcmd/services/dispatch/secured/CCPC/EN/eCommerce/querySkuDetailDispInfo/1000?skuCodes=82440110010205902&siteCode=uk&groupFlag=false,https://www.honor.com/uk/phones/honor-x6/buy/?productId=18244039795876&skuCode=82440110010205902,82440110010205902,HONOR X6 4GB+64GB/Ocean Blue/50MP Triple Camera,HONOR,149.99,,,,Ocean Blue,4GB+64GB,,6936520813230,phones,honor-x6,buy,,,,,https://img02.honorfile.com/eu/uk/honor/pms/product/6936520813230/group/800_800_90Percent_1D36EECAE24466A9957B87FA5AD02CE4B3511EE55F7AD725.webp,https://img02.honorfile.com/eu/uk/honor/pms/product/6936520813230/group/800_800_90Percent_AFE4DD0F63C0559372CC80E02A87D431883FC331481C3CEE.webp,https://img02.honorfile.com/eu/uk/honor/pms/product/6936520813230/group/800_800_90Percent_A7BA08127A9E0FD2A3AF5DC973FD242744FD391ADC0270C2.webp,https://img02.honorfile.com/eu/uk/honor/pms/product/6936520813230/group/800_800_90Percent_16BA18D10053279600F5E02C5255626967169BBEDBAA9854.webp,https://img02.honorfile.com/eu/uk/honor/pms/product/6936520813230/group/800_800_90Percent_4D6AA6213B9E016312396925AC59ABBB1FBF42FF7D83D1E8.webp,"Buy the new HONOR X6 with 6.5 inches fullview display, 50MP Triple camera, 5000mAh battery and 64GB max storage. Purchase with Free Delivery and Free Returns at HONOR UK",New Buy HONOR X6 | Price & Offer | HONOR UK,5,5.0,,,,,,£149.99,149.99,variant,Colour,Ocean Blue,specification,Memory,4GB+64GB,,,,,,,,,,,,,,,,,,,,,,,,,,,,,,,,,,,,,,,,,,,,,,,,,,,,,,
HONOR,2025-09-25,https://selfservice-de.hihonor.com/ccpcmd/services/dispatch/secured/CCPC/EN/eCommerce/querySkuDetailDispInfo/1000?skuCodes=82440110010206601&siteCode=uk&groupFlag=false,https://www.honor.com/uk/phones/honor-magic5-pro/buy/?productId=18244932953596&skuCode=82440110010206601,82440110010206601,"HONOR Magic5 Pro 12GB+512GB, Black, True-Life Photography Triple 50MP Camera",HONOR,949.99,,,,Black,12GB+512GB,,6936520822553,phones,honor-magic5-pro,buy,,,,,https://img02.honorfile.com/eu/uk/honor/pms/product/6936520822553/group/800_800_90Percent_E5AD4A3EA62DF0EE846550FFE7F8D5083CB5DE04294C3C2D.webp,https://img02.honorfile.com/eu/uk/honor/pms/product/6936520822553/group/800_800_90Percent_6552ADB530AB6502EB25706216BAF90430111656D95FB1B4.webp,https://img02.honorfile.com/eu/uk/honor/pms/product/6936520822553/group/800_800_90Percent_9A470D497B2266AF64F1623472847711DBDB324C3F66EC8D.webp,https://img02.honorfile.com/eu/uk/honor/pms/product/6936520822553/group/800_800_90Percent_C8430DAA15A96D630B4986A863234918BE5E0EF3F24E0FBC.webp,https://img02.honorfile.com/eu/uk/honor/pms/product/6936520822553/group/800_800_90Percent_2273342EFC71DE36E073B2384ABDE31253B0216213CDD023.webp,"Buy the New HONOR Magic 5 Pro smartphone. Enjoy Exclusive Offers, 0% Finance, Free Delivery & Free Returns at HONOR UK.",New Buy HONOR Magic 5 Pro - Price & Deals | HONOR UK,137,4.9,,,,,,£949.99,949.99,variant,Colour,Black,specification,Memory,12GB+512GB,,,,,,,,,,,,,,,,,,,,,,,,,,,,,,,,,,,,,,,,,,,,,,,,,,,,,,
HONOR,2025-09-25,https://selfservice-de.hihonor.com/ccpcmd/services/dispatch/secured/CCPC/EN/eCommerce/querySkuDetailDispInfo/1000?skuCodes=82440110010206602&siteCode=uk&groupFlag=false,https://www.honor.com/uk/phones/honor-magic5-pro/buy/?productId=18244932953596&skuCode=82440110010206602,82440110010206602,"HONOR Magic5 Pro 12GB+512GB, Meadow Green, True-Life Photography Triple 50MP Camera",HONOR,949.99,,,,Meadow Green,12GB+512GB,,6936520822546,phones,honor-magic5-pro,buy,,,,,https://img02.honorfile.com/eu/uk/honor/pms/product/6936520822546/group/800_800_90Percent_1CC69EA2404CA73CBFA4873DDD8871FA5B878F2387D2557D.webp,https://img02.honorfile.com/eu/uk/honor/pms/product/6936520822546/group/800_800_90Percent_16F99C6C3D7B2D0C110C610E411CF55197AC2BDAF55682E6.webp,https://img02.honorfile.com/eu/uk/honor/pms/product/6936520822546/group/800_800_90Percent_5EA9FC00B460847EDD6E6CF9F2E91BF5BB4A30236FA558E1.webp,https://img02.honorfile.com/eu/uk/honor/pms/product/6936520822546/group/800_800_90Percent_1F68B9ACD7EB4B0748A1323489BF317F387B767131AB7CEA.webp,https://img02.honorfile.com/eu/uk/honor/pms/product/6936520822546/group/800_800_90Percent_163365FDA5618EC2FC04334B88C8A4E99C0B3F727B742111.webp,"Buy the New HONOR Magic 5 Pro smartphone. Enjoy Exclusive Offers, 0% Finance, Free Delivery & Free Returns at HONOR UK.",New Buy HONOR Magic 5 Pro - Price & Deals | HONOR UK,137,4.9,,,,,,£949.99,949.99,variant,Colour,Meadow Green,specification,Memory,12GB+512GB,,,,,,,,,,,,,,,,,,,,,,,,,,,,,,,,,,,,,,,,,,,,,,,,,,,,,,
HONOR,2025-09-25,https://selfservice-de.hihonor.com/ccpcmd/services/dispatch/secured/CCPC/EN/eCommerce/querySkuDetailDispInfo/1000?skuCodes=82440110001070000101&siteCode=uk&groupFlag=false,https://www.honor.com/uk/phones/honor-x7b/buy/?productId=18244959688823&skuCode=82440110001070000101,82440110001070000101,HONOR X7b 6GB+128GB Emerald Green Dual Card,HONOR,179.99,,,,Emerald Green,6GB+128GB,,6936520832408,phones,honor-x7b,buy,,,,,https://img02.honorfile.com/eu/uk/honor/pms/product/6936520832408/group/800_800_90Percent_B620400F42EDB8322EC7020B1C8AC0DE7CD955F31BC6FFAAmp.webp,https://img02.honorfile.com/eu/uk/honor/pms/product/6936520832408/group/800_800_90Percent_39C265F59615F58BD9C2C7BC208D7181EF3805C8E84D6AF0mp.webp,https://img02.honorfile.com/eu/uk/honor/pms/product/6936520832408/group/800_800_90Percent_67C18AE7B237BA064F584D85170BF90A654C676E7916D34Fmp.webp,https://img02.honorfile.com/eu/uk/honor/pms/product/6936520832408/group/800_800_90Percent_C2F4A26A38CF13FFAB4AC12607A1AB91D345B43A7D6AB74Fmp.webp,https://img02.honorfile.com/eu/uk/honor/pms/product/6936520832408/group/800_800_90Percent_3DF249727E1BCB6D284A9431934A633866EE837CA6DA250Amp.webp,,,9,5.0,,,,,,£179.99,179.99,variant,Colour,Emerald Green,specification,Memory,6GB+128GB,,,,,,,,,,,,,,,,,,,,,,,,,,,,,,,,,,,,,,,,,,,,,,,,,,,,,,
HONOR,2025-09-25,https://selfservice-de.hihonor.com/ccpcmd/services/dispatch/secured/CCPC/EN/eCommerce/querySkuDetailDispInfo/1000?skuCodes=82440110001070000102&siteCode=uk&groupFlag=false,https://www.honor.com/uk/phones/honor-x7b/buy/?productId=18244959688823&skuCode=82440110001070000102,82440110001070000102,HONOR X7b 6GB+128GB Midnight Black Dual Card,HONOR,179.99,,,,Midnight Black,6GB+128GB,,6936520832392,phones,honor-x7b,buy,,,,,https://img02.honorfile.com/eu/uk/honor/pms/product/6936520832392/group/800_800_90Percent_FE53C89A73365B296C94F41A30236654877912BC6DF7339Bmp.webp,https://img02.honorfile.com/eu/uk/honor/pms/product/6936520832392/group/800_800_90Percent_A2095CAAAF2743AB63AEFD1E52C8D111648C03091A394A68mp.webp,https://img02.honorfile.com/eu/uk/honor/pms/product/6936520832392/group/800_800_90Percent_8E35470FDCC747FCAC3D4763DDB14B64825275B7A23E1EACmp.webp,https://img02.honorfile.com/eu/uk/honor/pms/product/6936520832392/group/800_800_90Percent_78F6A7B5B6460BFC74506DA0DCA15555DCFF7F6D037CDC9Bmp.webp,https://img02.honorfile.com/eu/uk/honor/pms/product/6936520832392/group/800_800_90Percent_90BDEA3C230F7FFAE314416080562086A0BB37C47A6A6788mp.webp,,,9,5.0,,,,,,£179.99,179.99,variant,Colour,Midnight Black,specification,Memory,6GB+128GB,,,,,,,,,,,,,,,,,,,,,,,,,,,,,,,,,,,,,,,,,,,,,,,,,,,,,,
HONOR,2025-09-25,https://selfservice-de.hihonor.com/ccpcmd/services/dispatch/secured/CCPC/EN/eCommerce/querySkuDetailDispInfo/1000?skuCodes=82440110010208001&siteCode=uk&groupFlag=false,https://www.honor.com/uk/phones/christmas-bundle1/buy/?productId=18244624808775&skuCode=82440110010208001,82440110010208001,HONOR 90 12GB+512GB Emerald Green + HONOR Pad X9 (Christmas Special Bundle 1),HONOR,679.99,,,,Emerald Green,12GB+512GB,,6936520825974,phones,christmas-bundle1,buy,,,,,https://img02.honorfile.com/eu/uk/honor/pms/product/6936520825974/group/800_800_90Percent_F23F23B439B57450B412E1A7ADDB0F06EA21C87F38D9FDFF.webp,https://img02.honorfile.com/eu/uk/honor/pms/product/6936520825974/group/800_800_90Percent_048F4F306B0A435D95EF33C6A6D139CCDFEC8DE9A50B7FA3.webp,https://img02.honorfile.com/eu/uk/honor/pms/product/6936520825974/group/800_800_90Percent_BC74AE3C81E4F8BC4EE0F0BC81A3F96640A1CB468F492275.webp,https://img02.honorfile.com/eu/uk/honor/pms/product/6936520825974/group/800_800_90Percent_11E868096C7EFD9482A8E93443C3CBBC5D033679A5E3C1A9.webp,https://img02.honorfile.com/eu/uk/honor/pms/product/6936520825974/group/800_800_90Percent_46E01524A07562EEF077F45ED9008DE07A842100C76FA19E.webp,,,,,,,,,,£679.99,679.99,specification,Bundle,HONOR 90 12GB+512GB + HONOR Pad X9,variant,Colour,Emerald Green,specification,Memory,12GB+512GB,,,,,,,,,,,,,,,,,,,,,,,,,,,,,,,,,,,,,,,,,,,,,,,,,,,
HONOR,2025-09-25,https://selfservice-de.hihonor.com/ccpcmd/services/dispatch/secured/CCPC/EN/eCommerce/querySkuDetailDispInfo/1000?skuCodes=82440110010208603&siteCode=uk&groupFlag=false,https://www.honor.com/uk/phones/christmas-bundle2/buy/?productId=18244292912302&skuCode=82440110010208603,82440110010208603,HONOR 90 12GB+512GB/Diamond Silver + HONOR Pad X9 (Christmas Special Bundle 1),HONOR,679.99,,,,Diamond Silver,12GB+512GB,,6936520825981,phones,christmas-bundle2,buy,,,,,https://img02.honorfile.com/eu/uk/honor/pms/product/6936520825981/group/800_800_90Percent_532183C4434581C06BD0512BE590C2F15489D0385E7F252A.webp,https://img02.honorfile.com/eu/uk/honor/pms/product/6936520825981/group/800_800_90Percent_754C5EE541F03D24D39E127191B8682DACC2D4406F090558.webp,https://img02.honorfile.com/eu/uk/honor/pms/product/6936520825981/group/800_800_90Percent_A820C3652720D554E891689244FE1DAE17AE104541A9363E.webp,https://img02.honorfile.com/eu/uk/honor/pms/product/6936520825981/group/800_800_90Percent_860E11363260636BE7E07D2CA4F3F7B340D6FA3DB1C0FB97.webp,https://img02.honorfile.com/eu/uk/honor/pms/product/6936520825981/group/800_800_90Percent_324517C8B31E587DB40BB2E04BA79357767A3ED72D4E063C.webp,,,,,,,,,,£679.99,679.99,specification,Bundle,HONOR 90 12GB+512GB + HONOR Pad X9,variant,Colour,Diamond Silver,specification,Memory,12GB+512GB,,,,,,,,,,,,,,,,,,,,,,,,,,,,,,,,,,,,,,,,,,,,,,,,,,,
HONOR,2025-09-25,https://selfservice-de.hihonor.com/ccpcmd/services/dispatch/secured/CCPC/EN/eCommerce/querySkuDetailDispInfo/1000?skuCodes=82440110010208604&siteCode=uk&groupFlag=false,https://www.honor.com/uk/phones/christmas-bundle2/buy/?productId=18244292912302&skuCode=82440110010208604,82440110010208604,HONOR 90 12GB+512GB Emerald Green + HONOR Pad X9 (Christmas Special Bundle 1),HONOR,679.99,,,,Emerald Green,12GB+512GB,,6936520825974,phones,christmas-bundle2,buy,,,,,https://img02.honorfile.com/eu/uk/honor/pms/product/6936520825974/group/800_800_90Percent_F23F23B439B57450B412E1A7ADDB0F06EA21C87F38D9FDFF.webp,https://img02.honorfile.com/eu/uk/honor/pms/product/6936520825974/group/800_800_90Percent_048F4F306B0A435D95EF33C6A6D139CCDFEC8DE9A50B7FA3.webp,https://img02.honorfile.com/eu/uk/honor/pms/product/6936520825974/group/800_800_90Percent_BC74AE3C81E4F8BC4EE0F0BC81A3F96640A1CB468F492275.webp,https://img02.honorfile.com/eu/uk/honor/pms/product/6936520825974/group/800_800_90Percent_11E868096C7EFD9482A8E93443C3CBBC5D033679A5E3C1A9.webp,https://img02.honorfile.com/eu/uk/honor/pms/product/6936520825974/group/800_800_90Percent_46E01524A07562EEF077F45ED9008DE07A842100C76FA19E.webp,,,,,,,,,,£679.99,679.99,specification,Bundle,HONOR 90 12GB+512GB + HONOR Pad X9,variant,Colour,Emerald Green,specification,Memory,12GB+512GB,,,,,,,,,,,,,,,,,,,,,,,,,,,,,,,,,,,,,,,,,,,,,,,,,,,
HONOR,2025-09-25,https://selfservice-de.hihonor.com/ccpcmd/services/dispatch/secured/CCPC/EN/eCommerce/querySkuDetailDispInfo/1000?skuCodes=82440110010208601&siteCode=uk&groupFlag=false,https://www.honor.com/uk/phones/christmas-bundle2/buy/?productId=18244292912302&skuCode=82440110010208601,82440110010208601,HONOR 90 12GB+512GB/Diamond Silver + HONOR Band 7 + HONOR Earbuds X5 (Christmas Special Bundle 2),HONOR,589.99,,,,Diamond Silver,12GB+512GB,,6936520825981,phones,christmas-bundle2,buy,,,,,https://img02.honorfile.com/eu/uk/honor/pms/product/6936520825981/group/800_800_90Percent_532183C4434581C06BD0512BE590C2F15489D0385E7F252A.webp,https://img02.honorfile.com/eu/uk/honor/pms/product/6936520825981/group/800_800_90Percent_754C5EE541F03D24D39E127191B8682DACC2D4406F090558.webp,https://img02.honorfile.com/eu/uk/honor/pms/product/6936520825981/group/800_800_90Percent_A820C3652720D554E891689244FE1DAE17AE104541A9363E.webp,https://img02.honorfile.com/eu/uk/honor/pms/product/6936520825981/group/800_800_90Percent_860E11363260636BE7E07D2CA4F3F7B340D6FA3DB1C0FB97.webp,https://img02.honorfile.com/eu/uk/honor/pms/product/6936520825981/group/800_800_90Percent_324517C8B31E587DB40BB2E04BA79357767A3ED72D4E063C.webp,,,,,,,,,,£589.99,589.99,specification,Bundle,HONOR 90 12GB+512GB + HONOR Band 7 + HONOR Earbuds X5,variant,Colour,Diamond Silver,specification,Memory,12GB+512GB,,,,,,,,,,,,,,,,,,,,,,,,,,,,,,,,,,,,,,,,,,,,,,,,,,,
HONOR,2025-09-25,https://selfservice-de.hihonor.com/ccpcmd/services/dispatch/secured/CCPC/EN/eCommerce/querySkuDetailDispInfo/1000?skuCodes=82440110010208602&siteCode=uk&groupFlag=false,https://www.honor.com/uk/phones/christmas-bundle2/buy/?productId=18244292912302&skuCode=82440110010208602,82440110010208602,HONOR 90 12GB+512GB Emerald Green + HONOR Band 7 + HONOR Earbuds X5  (Christmas Special Bundle 2),HONOR,589.99,,,,Emerald Green,12GB+512GB,,6936520825974,phones,christmas-bundle2,buy,,,,,https://img02.honorfile.com/eu/uk/honor/pms/product/6936520825974/group/800_800_90Percent_F23F23B439B57450B412E1A7ADDB0F06EA21C87F38D9FDFF.webp,https://img02.honorfile.com/eu/uk/honor/pms/product/6936520825974/group/800_800_90Percent_048F4F306B0A435D95EF33C6A6D139CCDFEC8DE9A50B7FA3.webp,https://img02.honorfile.com/eu/uk/honor/pms/product/6936520825974/group/800_800_90Percent_BC74AE3C81E4F8BC4EE0F0BC81A3F96640A1CB468F492275.webp,https://img02.honorfile.com/eu/uk/honor/pms/product/6936520825974/group/800_800_90Percent_11E868096C7EFD9482A8E93443C3CBBC5D033679A5E3C1A9.webp,https://img02.honorfile.com/eu/uk/honor/pms/product/6936520825974/group/800_800_90Percent_46E01524A07562EEF077F45ED9008DE07A842100C76FA19E.webp,,,,,,,,,,£589.99,589.99,specification,Bundle,HONOR 90 12GB+512GB + HONOR Band 7 + HONOR Earbuds X5,variant,Colour,Emerald Green,specification,Memory,12GB+512GB,,,,,,,,,,,,,,,,,,,,,,,,,,,,,,,,,,,,,,,,,,,,,,,,,,,
HONOR,2025-09-25,https://selfservice-de.hihonor.com/ccpcmd/services/dispatch/secured/CCPC/EN/eCommerce/querySkuDetailDispInfo/1000?skuCodes=82440110001010002001&siteCode=uk&groupFlag=false,https://www.honor.com/uk/phones/honor-magic6-pro-refurbished/buy/?productId=18244502761077&skuCode=82440110001010002001,82440110001010002001,Refurbished - A - HONOR Magic6 Pro 12GB+512GB Black Dual Card,HONOR,399.99,499.99,Y,,Black,12GB+512GB,,FXA6936520835997,phones,honor-magic6-pro-refurbished,buy,,,,,https://img02.honorfile.com/eu/uk/honor/pms/product/FXA6936520835997/group/800_800_90Percent_B9B50AF1011F3116266D931DD7740D9465DC3DE1017230E8mp.webp,https://img02.honorfile.com/eu/uk/honor/pms/product/FXA6936520835997/group/800_800_90Percent_ACB7D90ED2296B45D71F58FCC226443CF30D7EFFDE07FCBCmp.webp,https://img02.honorfile.com/eu/uk/honor/pms/product/FXA6936520835997/group/800_800_90Percent_ECC1EDAD3538CA35FE9B4D4044DDC3232F7C11140B247D47mp.webp,https://img02.honorfile.com/eu/uk/honor/pms/product/FXA6936520835997/group/800_800_90Percent_1CB3935434B0A56B6EDA4219694DE515CF4EBB0E5B0121EEmp.webp,https://img02.honorfile.com/eu/uk/honor/pms/product/FXA6936520835997/group/800_800_90Percent_DF6C7D407650767F11491FCCF73861237C6B3CF5B1DA8A34mp.webp,,,3,5.0,,,,,,£399.99,399.99,variant,Colour,Black,specification,Memory,12GB+512GB,,,,,,,,,,,,,,,,,,,,,,,,,,,,,,,,,,,,,,,,,,,,,,,,,,,,,,
HONOR,2025-09-25,https://selfservice-de.hihonor.com/ccpcmd/services/dispatch/secured/CCPC/EN/eCommerce/querySkuDetailDispInfo/1000?skuCodes=82440110001010002002&siteCode=uk&groupFlag=false,https://www.honor.com/uk/phones/honor-magic6-pro-refurbished/buy/?productId=18244502761077&skuCode=82440110001010002002,82440110001010002002,Refurbished - A - HONOR Magic6 Pro 12GB+512GB Epi Green Dual Card,HONOR,399.99,499.99,Y,,Epi Green,12GB+512GB,,FXA6936520836000,phones,honor-magic6-pro-refurbished,buy,,,,,https://img02.honorfile.com/eu/uk/honor/pms/product/FXA6936520836000/group/800_800_90Percent_712EC83E902AE1D8FBBFDB708EAD936DBC68E317AE0CF326mp.webp,https://img02.honorfile.com/eu/uk/honor/pms/product/FXA6936520836000/group/800_800_90Percent_C38B53D3A60233E02EB2EB3E1046C0D8F7C8D8127BBAA56Emp.webp,https://img02.honorfile.com/eu/uk/honor/pms/product/FXA6936520836000/group/800_800_90Percent_7E6EB00078EEFB8CE3CA0C54CB5F8B5307EA09572D4C0599mp.webp,https://img02.honorfile.com/eu/uk/honor/pms/product/FXA6936520836000/group/800_800_90Percent_9258F034D5388CFFD9819C8FA51CE3634F4E8FDADBAF9181mp.webp,https://img02.honorfile.com/eu/uk/honor/pms/product/FXA6936520836000/group/800_800_90Percent_6A2604FD821CCE18EE5561142B168C786E06483EE9A95C56mp.webp,,,3,5.0,,,,,,£399.99,399.99,variant,Colour,Epi Green,specification,Memory,12GB+512GB,,,,,,,,,,,,,,,,,,,,,,,,,,,,,,,,,,,,,,,,,,,,,,,,,,,,,,
HONOR,2025-09-25,https://selfservice-de.hihonor.com/ccpcmd/services/dispatch/secured/CCPC/EN/eCommerce/querySkuDetailDispInfo/1000?skuCodes=82440110001010000901&siteCode=uk&groupFlag=false,https://www.honor.com/uk/phones/honor-magic5-pro-refurbished/buy/?productId=18244087922120&skuCode=82440110001010000901,82440110001010000901,Refurbished - A - HONOR Magic5 Pro 12GB+512GB Black Dual Card,HONOR,349.99,429.99,Y,,Black,12GB+512GB,,FXA6936520822553,phones,honor-magic5-pro-refurbished,buy,,,,,https://img02.honorfile.com/eu/uk/honor/pms/product/FXA6936520822553/group/800_800_90Percent_7186A924D644ADA0C16A5BAE62140686E240D6E57FEB4C27mp.webp,https://img02.honorfile.com/eu/uk/honor/pms/product/FXA6936520822553/group/800_800_90Percent_8D7D54926EF07DE8B17261E02AE928E710EE7D5C8DD2F565mp.webp,https://img02.honorfile.com/eu/uk/honor/pms/product/FXA6936520822553/group/800_800_90Percent_E4679EF2658B01B1529F024B63EC2B086243BF9808FA13FBmp.webp,https://img02.honorfile.com/eu/uk/honor/pms/product/FXA6936520822553/group/800_800_90Percent_E8387CBBAF863BBFA9D93EE201566E51744FE738A4EFA80Amp.webp,https://img02.honorfile.com/eu/uk/honor/pms/product/FXA6936520822553/group/800_800_90Percent_116197771F881C41A9B1761D2189E639C8E8AD3790677EBDmp.webp,,,,,,,,,,£349.99,349.99,variant,Colour,Black,specification,Memory,12GB+512GB,,,,,,,,,,,,,,,,,,,,,,,,,,,,,,,,,,,,,,,,,,,,,,,,,,,,,,
HONOR,2025-09-25,https://selfservice-de.hihonor.com/ccpcmd/services/dispatch/secured/CCPC/EN/eCommerce/querySkuDetailDispInfo/1000?skuCodes=82440110001010000903&siteCode=uk&groupFlag=false,https://www.honor.com/uk/phones/honor-magic5-pro-refurbished/buy/?productId=18244087922120&skuCode=82440110001010000903,82440110001010000903,Refurbished - A - HONOR Magic5 Pro 12GB+512GB Meadow Green Dual Card,HONOR,349.99,429.99,Y,,Meadow Green,12GB+512GB,,FXA6936520822546,phones,honor-magic5-pro-refurbished,buy,,,,,https://img02.honorfile.com/eu/uk/honor/pms/product/FXA6936520822546/group/800_800_90Percent_5E14D2F5C144FFD5C6A0836D9FACB44A9DF58DB1AB87AFE2mp.webp,https://img02.honorfile.com/eu/uk/honor/pms/product/FXA6936520822546/group/800_800_90Percent_3639FE3CCA6F1FC6772F4CC96937BA6CC8E4DAAE992F46C0mp.webp,https://img02.honorfile.com/eu/uk/honor/pms/product/FXA6936520822546/group/800_800_90Percent_819B2A62401332A614D2C3210254B97D6B343DA7F8669636mp.webp,https://img02.honorfile.com/eu/uk/honor/pms/product/FXA6936520822546/group/800_800_90Percent_CCAE7D87F71E968A4E6E09CA844705C8FAF15F6A15B215DDmp.webp,https://img02.honorfile.com/eu/uk/honor/pms/product/FXA6936520822546/group/800_800_90Percent_6012430C292CC61BFB4431177DD1F02020540DF2C8C61D68mp.webp,,,,,,,,,,£349.99,349.99,variant,Colour,Meadow Green,specification,Memory,12GB+512GB,,,,,,,,,,,,,,,,,,,,,,,,,,,,,,,,,,,,,,,,,,,,,,,,,,,,,,
HONOR,2025-09-25,https://selfservice-de.hihonor.com/ccpcmd/services/dispatch/secured/CCPC/EN/eCommerce/querySkuDetailDispInfo/1000?skuCodes=82440110001010001901&siteCode=uk&groupFlag=false,https://www.honor.com/uk/phones/honor-magic6-lite-refurbished/buy/?productId=18244845465321&skuCode=82440110001010001901,82440110001010001901,Refurbished -  A - HONOR Magic6 Lite 5G 8GB+256GB Midnight Black,HONOR,149.99,,,,Midnight Black,8GB+256GB,,FXA6936520832446,phones,honor-magic6-lite-refurbished,buy,,,,,https://img02.honorfile.com/eu/uk/honor/pms/product/FXA6936520832446/group/800_800_90Percent_02570E9631DC5C6F563863CEC05A824A193B0F3730F0F7C9mp.webp,https://img02.honorfile.com/eu/uk/honor/pms/product/FXA6936520832446/group/800_800_90Percent_15212E58ECD9B850CA44A60FE42F892E944B2287CE6BD437mp.webp,https://img02.honorfile.com/eu/uk/honor/pms/product/FXA6936520832446/group/800_800_90Percent_85782607F02951ECD400F9CF80D14E8C2D21BE79EBF3DD56mp.webp,https://img02.honorfile.com/eu/uk/honor/pms/product/FXA6936520832446/group/800_800_90Percent_111EBA1DC4711328702E5B248DC6BA740A71515BB518A69Amp.webp,https://img02.honorfile.com/eu/uk/honor/pms/product/FXA6936520832446/group/800_800_90Percent_45BBBDD5996C2B5ADA65DC541AA0324ABD823764AB91D04Amp.webp,,,,,,,,,,£149.99,149.99,variant,Colour,Midnight Black,specification,Memory,8GB+256GB,,,,,,,,,,,,,,,,,,,,,,,,,,,,,,,,,,,,,,,,,,,,,,,,,,,,,,
HONOR,2025-09-25,https://selfservice-de.hihonor.com/ccpcmd/services/dispatch/secured/CCPC/EN/eCommerce/querySkuDetailDispInfo/1000?skuCodes=82440110001010001902&siteCode=uk&groupFlag=false,https://www.honor.com/uk/phones/honor-magic6-lite-refurbished/buy/?productId=18244845465321&skuCode=82440110001010001902,82440110001010001902,Refurbished - A - HONOR Magic6 Lite 5G 8GB+256GB Emerald Green,HONOR,149.99,,,,Emerald Green,8GB+256GB,,FXA6936520832453,phones,honor-magic6-lite-refurbished,buy,,,,,https://img02.honorfile.com/eu/uk/honor/pms/product/FXA6936520832453/group/800_800_90Percent_CB7233AA1E2FD3C9EB3422A81E7B104205AE9F913C7C0A2Dmp.webp,https://img02.honorfile.com/eu/uk/honor/pms/product/FXA6936520832453/group/800_800_90Percent_3BC3ECF2CA7344B6F93602E84A2E4E801C33D4E20D486DDDmp.webp,https://img02.honorfile.com/eu/uk/honor/pms/product/FXA6936520832453/group/800_800_90Percent_98E3DB538721B699E8061E986E9403975F0CB607C8A7D66Bmp.webp,https://img02.honorfile.com/eu/uk/honor/pms/product/FXA6936520832453/group/800_800_90Percent_0042FF0150C1A602D38B7AB28B029B699AB8E7798D6DCBE1mp.webp,https://img02.honorfile.com/eu/uk/honor/pms/product/FXA6936520832453/group/800_800_90Percent_4960E60F9887334E885EF3A7C41912FCFE36F15A761AFF29mp.webp,,,,,,,,,,£149.99,149.99,variant,Colour,Emerald Green,specification,Memory,8GB+256GB,,,,,,,,,,,,,,,,,,,,,,,,,,,,,,,,,,,,,,,,,,,,,,,,,,,,,,
HONOR,2025-09-25,https://selfservice-de.hihonor.com/ccpcmd/services/dispatch/secured/CCPC/EN/eCommerce/querySkuDetailDispInfo/1000?skuCodes=82440110001010001903&siteCode=uk&groupFlag=false,https://www.honor.com/uk/phones/honor-magic6-lite-refurbished/buy/?productId=18244845465321&skuCode=82440110001010001903,82440110001010001903,Refurbished - A - HONOR Magic6 Lite 5G 8GB+256GB Sunrise Orange Dual Card,HONOR,149.99,,,,Orange,8GB+256GB,,FXA6936520832460,phones,honor-magic6-lite-refurbished,buy,,,,,https://img02.honorfile.com/eu/uk/honor/pms/product/FXA6936520832460/group/800_800_90Percent_176A6754B322C16114C0FDA49BB4E6DFC4DD9F4021010C92mp.webp,https://img02.honorfile.com/eu/uk/honor/pms/product/FXA6936520832460/group/800_800_90Percent_BBD728538311568E9C46DC15BE82A70DC01981DBDA42429Cmp.webp,https://img02.honorfile.com/eu/uk/honor/pms/product/FXA6936520832460/group/800_800_90Percent_97E491EF50F9FEFBF80096EB126EF139A25C52152C6310ECmp.webp,https://img02.honorfile.com/eu/uk/honor/pms/product/FXA6936520832460/group/800_800_90Percent_99ADC6CC89059F40296AFC15C89C9A22C045DFD3B8FFB74Emp.webp,https://img02.honorfile.com/eu/uk/honor/pms/product/FXA6936520832460/group/800_800_90Percent_DA1CAA3E67C8BDC15562088E7BF422D66A4779C27C8FC7FEmp.webp,,,,,,,,,,£149.99,149.99,variant,Colour,Orange,specification,Memory,8GB+256GB,,,,,,,,,,,,,,,,,,,,,,,,,,,,,,,,,,,,,,,,,,,,,,,,,,,,,,
HONOR,2025-09-25,https://selfservice-de.hihonor.com/ccpcmd/services/dispatch/secured/CCPC/EN/eCommerce/querySkuDetailDispInfo/1000?skuCodes=82440110001030000801&siteCode=uk&groupFlag=false,https://www.honor.com/uk/phones/honor-90-refurbished/buy/?productId=18244588871896&skuCode=82440110001030000801,82440110001030000801,Refurbished - HONOR 90 8GB+256GB Emerald Green Dual Card,HONOR,179.99,,,,Emerald Green,8GB+256GB,,FXA6936520825943,phones,honor-90-refurbished,buy,,,,,https://img02.honorfile.com/eu/uk/honor/pms/product/FXA6936520825943/group/800_800_90Percent_76AA2C9FB3E14DDD6AC09DE8B750103CD64D934BEBED4948mp.webp,https://img02.honorfile.com/eu/uk/honor/pms/product/FXA6936520825943/group/800_800_90Percent_D45EB67C5C82D194A03C03B80B87B76D25DC911F880579CEmp.webp,https://img02.honorfile.com/eu/uk/honor/pms/product/FXA6936520825943/group/800_800_90Percent_B93129B5FB670E0F2226238AB42984BB1E8D4B1B252C6A55mp.webp,https://img02.honorfile.com/eu/uk/honor/pms/product/FXA6936520825943/group/800_800_90Percent_6B9E4AC4E55B7A35C9E6807AA0FF43635D12EAA71E927961mp.webp,https://img02.honorfile.com/eu/uk/honor/pms/product/FXA6936520825943/group/800_800_90Percent_173F537A32B18E1620D0C9BC132A1A3D8A211420BBAA2B7Amp.webp,,,,,,,,,,£179.99,179.99,variant,Colour,Emerald Green,specification,Memory,8GB+256GB,,,,,,,,,,,,,,,,,,,,,,,,,,,,,,,,,,,,,,,,,,,,,,,,,,,,,,
HONOR,2025-09-25,https://selfservice-de.hihonor.com/ccpcmd/services/dispatch/secured/CCPC/EN/eCommerce/querySkuDetailDispInfo/1000?skuCodes=82440110001030000803&siteCode=uk&groupFlag=false,https://www.honor.com/uk/phones/honor-90-refurbished/buy/?productId=18244588871896&skuCode=82440110001030000803,82440110001030000803,Refurbished - AA - HONOR 90 12GB+512GB Diamond Silver Dual Card,HONOR,219.99,,,,Diamond Silver,12GB+512GB,,FXAA6936520825981,phones,honor-90-refurbished,buy,,,,,https://img02.honorfile.com/eu/uk/honor/pms/product/FXAA6936520825981/group/800_800_90Percent_B928A77D9E8284663A2CE4108403729DC7A380CC5502BC29mp.webp,https://img02.honorfile.com/eu/uk/honor/pms/product/FXAA6936520825981/group/800_800_90Percent_E9E1DAF251C12EE3BF78A23E908138DF097B89001E49D9C9mp.webp,https://img02.honorfile.com/eu/uk/honor/pms/product/FXAA6936520825981/group/800_800_90Percent_F98D690E6AF69CC9B81D290021E8F2E547E7B1FF4443CB53mp.webp,https://img02.honorfile.com/eu/uk/honor/pms/product/FXAA6936520825981/group/800_800_90Percent_E7A7037357CC098102051A2634A8B4CAD9C9735636E96A79mp.webp,https://img02.honorfile.com/eu/uk/honor/pms/product/FXAA6936520825981/group/800_800_90Percent_C1D4A6FF2FF3BFDBA35B81777CB6E151348776ABCFA01A4Dmp.webp,,,,,,,,,,£219.99,219.99,variant,Colour,Diamond Silver,specification,Memory,12GB+512GB,,,,,,,,,,,,,,,,,,,,,,,,,,,,,,,,,,,,,,,,,,,,,,,,,,,,,,
HONOR,2025-09-25,https://selfservice-de.hihonor.com/ccpcmd/services/dispatch/secured/CCPC/EN/eCommerce/querySkuDetailDispInfo/1000?skuCodes=82440110001030000806&siteCode=uk&groupFlag=false,https://www.honor.com/uk/phones/honor-90-refurbished/buy/?productId=18244588871896&skuCode=82440110001030000806,82440110001030000806,Refurbished - A - HONOR 90 12GB+512GB Emerald Green Dual Card,HONOR,219.99,,,,Emerald Green,12GB+512GB,,FXA6936520825974,phones,honor-90-refurbished,buy,,,,,https://img02.honorfile.com/eu/uk/honor/pms/product/FXA6936520825974/group/800_800_90Percent_3980DF4DFDA494483E6A771A7609F0A0B525054C00F12705mp.webp,https://img02.honorfile.com/eu/uk/honor/pms/product/FXA6936520825974/group/800_800_90Percent_E8AA96B66896077C64DA8F9DC3BE9EA76332A29296733A92mp.webp,https://img02.honorfile.com/eu/uk/honor/pms/product/FXA6936520825974/group/800_800_90Percent_1B49E1A83DA76001D4D94021EF575FFD77D605D4212F8943mp.webp,https://img02.honorfile.com/eu/uk/honor/pms/product/FXA6936520825974/group/800_800_90Percent_4A95967F7B075876D159DFA98E0EF09E2D56C2C07CF19F1Fmp.webp,https://img02.honorfile.com/eu/uk/honor/pms/product/FXA6936520825974/group/800_800_90Percent_0C56297037E429C369F5D8E84215228C70305F8A8945A263mp.webp,,,,,,,,,,£219.99,219.99,variant,Colour,Emerald Green,specification,Memory,12GB+512GB,,,,,,,,,,,,,,,,,,,,,,,,,,,,,,,,,,,,,,,,,,,,,,,,,,,,,,
HONOR,2025-09-25,https://selfservice-de.hihonor.com/ccpcmd/services/dispatch/secured/CCPC/EN/eCommerce/querySkuDetailDispInfo/1000?skuCodes=82440110001010002101&siteCode=uk&groupFlag=false,https://www.honor.com/uk/phones/honor-magic6-rsr-porsche-design-refurbished/buy/?productId=18244623389984&skuCode=82440110001010002101,82440110001010002101,Refurbished - PORSCHE DESIGN HONOR Magic6 RSR 24GB+1TB Agate Grey Dual Card,HONOR,699.99,799.99,Y,,Agate Grey,24GB+1TB,,FXA6936520832019,phones,honor-magic6-rsr-porsche-design-refurbished,buy,,,,,https://img02.honorfile.com/eu/uk/honor/pms/product/FXA6936520832019/group/800_800_90Percent_38CCA691597EF2872B830E2C2F148CC9AEB787626D72752Cmp.webp,https://img02.honorfile.com/eu/uk/honor/pms/product/FXA6936520832019/group/800_800_90Percent_6B547E5B4CF1EDB8EB225822B92CFE48ABAE40413B3E7AE8mp.webp,https://img02.honorfile.com/eu/uk/honor/pms/product/FXA6936520832019/group/800_800_90Percent_0FE136332E61184B2BDD76C70F6BD027F19FD5260FE0DC78mp.webp,https://img02.honorfile.com/eu/uk/honor/pms/product/FXA6936520832019/group/800_800_90Percent_2B69F7A3D62A7E4548BAAD707ECC5F622C20E6524FA84A2Amp.webp,https://img02.honorfile.com/eu/uk/honor/pms/product/FXA6936520832019/group/800_800_90Percent_318B1D59C174ACD8BD04BFD9B4F468A6A83A841E445E62C3mp.webp,,,1,5.0,,,,,,£699.99,699.99,variant,Colour,Agate Grey,specification,Memory,24GB+1TB,,,,,,,,,,,,,,,,,,,,,,,,,,,,,,,,,,,,,,,,,,,,,,,,,,,,,,
HONOR,2025-09-25,https://selfservice-de.hihonor.com/ccpcmd/services/dispatch/secured/CCPC/EN/eCommerce/querySkuDetailDispInfo/1000?skuCodes=82440110001010001707&siteCode=uk&groupFlag=false,https://www.honor.com/uk/phones/honor-magic5-lite-refurbished/buy/?productId=18244340836290&skuCode=82440110001010001707,82440110001010001707,Refurbished - AA - HONOR Magic5 Lite 5G 6GB+128GB Midnight Black Dual Card,HONOR,129.99,,,,Midnight Black,6GB+128GB,,FXA6936520818013,phones,honor-magic5-lite-refurbished,buy,,,,,https://img02.honorfile.com/eu/uk/honor/pms/product/FXA6936520818013/group/800_800_90Percent_1DD6182B188F0C9C080C3E6786C30F14A6F151791457D364mp.webp,https://img02.honorfile.com/eu/uk/honor/pms/product/FXA6936520818013/group/800_800_90Percent_A111ADA84DE63802B7FB277ED5C66CF279B09853281A385Bmp.webp,https://img02.honorfile.com/eu/uk/honor/pms/product/FXA6936520818013/group/800_800_90Percent_8A2A9D96B8586125FC09D6B473F7A53C2C6518E96ABC13A2mp.webp,https://img02.honorfile.com/eu/uk/honor/pms/product/FXA6936520818013/group/800_800_90Percent_89343C26B3FA69B95CBCF604EDF09688EAD61F27E5B86963mp.webp,https://img02.honorfile.com/eu/uk/honor/pms/product/FXA6936520818013/group/800_800_90Percent_AB77DF9EFCE8CE84F464F9A1CEB1EECE09B6000638812B9Bmp.webp,,,,,,,,,,£129.99,129.99,variant,Colour,Midnight Black,specification,Memory,6GB+128GB,,,,,,,,,,,,,,,,,,,,,,,,,,,,,,,,,,,,,,,,,,,,,,,,,,,,,,
HONOR,2025-09-25,https://selfservice-de.hihonor.com/ccpcmd/services/dispatch/secured/CCPC/EN/eCommerce/querySkuDetailDispInfo/1000?skuCodes=82440110001010001709&siteCode=uk&groupFlag=false,https://www.honor.com/uk/phones/honor-magic5-lite-refurbished/buy/?productId=18244340836290&skuCode=82440110001010001709,82440110001010001709,Refurbished - AA- HONOR Magic5 Lite 5G 6GB+128GB Emerald Green,HONOR,129.99,,,,Emerald Green,6GB+128GB,,FXA6936520818020,phones,honor-magic5-lite-refurbished,buy,,,,,,,,,,,,,,,,,,,£129.99,129.99,variant,Colour,Emerald Green,specification,Memory,6GB+128GB,,,,,,,,,,,,,,,,,,,,,,,,,,,,,,,,,,,,,,,,,,,,,,,,,,,,,,
HONOR,2025-09-25,https://selfservice-de.hihonor.com/ccpcmd/services/dispatch/secured/CCPC/EN/eCommerce/querySkuDetailDispInfo/1000?skuCodes=82440110001010001601&siteCode=uk&groupFlag=false,https://www.honor.com/uk/phones/honor-magic-v2-refurbished/buy/?productId=18244850848955&skuCode=82440110001010001601,82440110001010001601,Refurbished - A - HONOR Magic V2 16GB+512GB Purple Dual Card,HONOR,499.99,599.99,Y,,Phantom Purple,16GB+512GB,,FXA6936520832118,phones,honor-magic-v2-refurbished,buy,,,,,https://img02.honorfile.com/eu/uk/honor/pms/product/FXA6936520832118/group/800_800_90Percent_69E2E5DFD0ED053CF63B34C96627DFD889B1362FC9B321A6mp.webp,https://img02.honorfile.com/eu/uk/honor/pms/product/FXA6936520832118/group/800_800_90Percent_7C45955AD61066289FA81B861359EEF1408F075B17FE3B04mp.webp,https://img02.honorfile.com/eu/uk/honor/pms/product/FXA6936520832118/group/800_800_90Percent_2001F91F797251D7B2C3ECB25AA263D54BD85E4295ED9C9Bmp.webp,https://img02.honorfile.com/eu/uk/honor/pms/product/FXA6936520832118/group/800_800_90Percent_5416AE9414B7528E57B795B21B91B83FD3F4EE8B94D66F59mp.webp,https://img02.honorfile.com/eu/uk/honor/pms/product/FXA6936520832118/group/800_800_90Percent_59A7602C2F3994357B39E55BDC09F671D669FF74E4735E86mp.webp,,,,,,,,,,£499.99,499.99,variant,Colour,Phantom Purple,specification,Memory,16GB+512GB,,,,,,,,,,,,,,,,,,,,,,,,,,,,,,,,,,,,,,,,,,,,,,,,,,,,,,
HONOR,2025-09-25,https://selfservice-de.hihonor.com/ccpcmd/services/dispatch/secured/CCPC/EN/eCommerce/querySkuDetailDispInfo/1000?skuCodes=82440110001010001603&siteCode=uk&groupFlag=false,https://www.honor.com/uk/phones/honor-magic-v2-refurbished/buy/?productId=18244850848955&skuCode=82440110001010001603,82440110001010001603,Refurbished - A - HONOR Magic V2 16GB+512GB Black(PU) Dual Card,HONOR,499.99,599.99,Y,,Black,16GB+512GB,,FXA6936520832125,phones,honor-magic-v2-refurbished,buy,,,,,https://img02.honorfile.com/eu/uk/honor/pms/product/FXA6936520832125/group/800_800_90Percent_1655FA52C5C99483F1545A4F6035056AE7D3FFD20394E847mp.webp,https://img02.honorfile.com/eu/uk/honor/pms/product/FXA6936520832125/group/800_800_90Percent_6DA28580C39D16DD048FE06B902CE777341F460825703DF3mp.webp,https://img02.honorfile.com/eu/uk/honor/pms/product/FXA6936520832125/group/800_800_90Percent_ED51EEEF1285B2B0A2C30605CC66CCFAA3A91B8FC0093693mp.webp,https://img02.honorfile.com/eu/uk/honor/pms/product/FXA6936520832125/group/800_800_90Percent_864DC274F13F592BA84123A0D26DB94AFFD6D410D3E32017mp.webp,https://img02.honorfile.com/eu/uk/honor/pms/product/FXA6936520832125/group/800_800_90Percent_74F9C0593CE95FF2A010A05DB5D60A43FD9A09842864C1E4mp.webp,,,,,,,,,,£499.99,499.99,variant,Colour,Black,specification,Memory,16GB+512GB,,,,,,,,,,,,,,,,,,,,,,,,,,,,,,,,,,,,,,,,,,,,,,,,,,,,,,
HONOR,2025-09-25,https://selfservice-de.hihonor.com/ccpcmd/services/dispatch/secured/CCPC/EN/eCommerce/querySkuDetailDispInfo/1000?skuCodes=82440110001010002301&siteCode=uk&groupFlag=false,https://www.honor.com/uk/phones/honor-magic-v5-special2/buy/?productId=18244956107255&skuCode=82440110001010002301,82440110001010002301,HONOR Magic V5 16GB+512GB Black Dual Card  - Special 2,HONOR,1399.99,1699.99,Y,,Black,16GB+512GB,,6936520873531,phones,honor-magic-v5-special2,buy,,,,,https://img02.honorfile.com/eu/uk/honor/pms/product/6936520873531/group/800_800_90Percent_4B5FC874B682529B1131F1B0B2DDC492481E583AD12E17C7mp.webp,https://img02.honorfile.com/eu/uk/honor/pms/product/6936520873531/group/800_800_90Percent_2A5CF200298741986C361704540D647E6074210B72AAE8B2mp.webp,https://img02.honorfile.com/eu/uk/honor/pms/product/6936520873531/group/800_800_90Percent_5554A3C09DE05E70CA833A51BE9B2A6FB56EF4711C371926mp.webp,https://img02.honorfile.com/eu/uk/honor/pms/product/6936520873531/group/800_800_90Percent_15D0AB4B96A5F78E60DD0A3882E81233B72CD20059D6C39Cmp.webp,https://img02.honorfile.com/eu/uk/honor/pms/product/6936520873531/group/800_800_90Percent_321E026BFB1B9586C0A23754401BF00A2576933D1044189Emp.webp,,,5,5.0,,,,,,£1399.99,1399.99,variant,Colour,Black,specification,Memory,16GB+512GB,,,,,,,,,,,,,,,,,,,,,,,,,,,,,,,,,,,,,,,,,,,,,,,,,,,,,,
HONOR,2025-09-25,https://selfservice-de.hihonor.com/ccpcmd/services/dispatch/secured/CCPC/EN/eCommerce/querySkuDetailDispInfo/1000?skuCodes=82440110001010002302&siteCode=uk&groupFlag=false,https://www.honor.com/uk/phones/honor-magic-v5-special2/buy/?productId=18244956107255&skuCode=82440110001010002302,82440110001010002302,HONOR Magic V5 16GB+512GB Dawn Gold Dual Card - Special 2,HONOR,1399.99,1699.99,Y,,Dawn Gold,16GB+512GB,,6936520873548,phones,honor-magic-v5-special2,buy,,,,,https://img02.honorfile.com/eu/uk/honor/pms/product/6936520873548/group/800_800_90Percent_933B8105C23A281E748697EB7B93E10171D6BA5CB1ABC02Dmp.webp,https://img02.honorfile.com/eu/uk/honor/pms/product/6936520873548/group/800_800_90Percent_D01D16EED535CA18D1C0E8F2E836F108F364EDAF9D2F9738mp.webp,https://img02.honorfile.com/eu/uk/honor/pms/product/6936520873548/group/800_800_90Percent_5BF1820F94070C10AAE71A0344830B1C131FE14193CB60E3mp.webp,https://img02.honorfile.com/eu/uk/honor/pms/product/6936520873548/group/800_800_90Percent_C34E5298755CDEFFA62A99C94CD3014D957AA9FB8F31476Fmp.webp,https://img02.honorfile.com/eu/uk/honor/pms/product/6936520873548/group/800_800_90Percent_81DCFA823B34109B204285623156C45CA38197620E10DCBEmp.webp,,,5,5.0,,,,,,£1399.99,1399.99,variant,Colour,Dawn Gold,specification,Memory,16GB+512GB,,,,,,,,,,,,,,,,,,,,,,,,,,,,,,,,,,,,,,,,,,,,,,,,,,,,,,
HONOR,2025-09-25,https://selfservice-de.hihonor.com/ccpcmd/services/dispatch/secured/CCPC/EN/eCommerce/querySkuDetailDispInfo/1000?skuCodes=82440110001010002303&siteCode=uk&groupFlag=false,https://www.honor.com/uk/phones/honor-magic-v5-special2/buy/?productId=18244956107255&skuCode=82440110001010002303,82440110001010002303,HONOR Magic V5 16GB+512GB Ivory White Dual Card - Special 2,HONOR,1399.99,1699.99,Y,,Ivory White (Exclusive Colour),16GB+512GB,,6936520873555,phones,honor-magic-v5-special2,buy,,,,,https://img02.honorfile.com/eu/uk/honor/pms/product/6936520873555/group/800_800_90Percent_34B8C4EF9980A4A4FA454E1692E93C27D2B9EF6973039DE1mp.webp,https://img02.honorfile.com/eu/uk/honor/pms/product/6936520873555/group/800_800_90Percent_D766490FF75579CE9E939E8BEEDE32FC545B215CFBA77E92mp.webp,https://img02.honorfile.com/eu/uk/honor/pms/product/6936520873555/group/800_800_90Percent_32ED2775BB848CB785F9D0F47C50CAF36372FAEF2E323AF8mp.webp,https://img02.honorfile.com/eu/uk/honor/pms/product/6936520873555/group/800_800_90Percent_88902E1349154E92AE5721A0FBF706261DF281F64319DC1Amp.webp,https://img02.honorfile.com/eu/uk/honor/pms/product/6936520873555/group/800_800_90Percent_91B5E88FEB46E5D67ED56B061C23840156B882C78078AF54mp.webp,,,5,5.0,,,,,,£1399.99,1399.99,variant,Colour,Ivory White (Exclusive Colour),specification,Memory,16GB+512GB,,,,,,,,,,,,,,,,,,,,,,,,,,,,,,,,,,,,,,,,,,,,,,,,,,,,,,
HONOR,2025-09-25,https://selfservice-de.hihonor.com/ccpcmd/services/dispatch/secured/CCPC/EN/eCommerce/querySkuDetailDispInfo/1000?skuCodes=82440110004020000301&siteCode=uk&groupFlag=false,https://www.honor.com/uk/wearables/honor-band-10/buy/?productId=18244016625510&skuCode=82440110004020000301,82440110004020000301,HONOR Band 10 Standard BT Black TPU Strap,HONOR,44.99,49.99,Y,,Black,,,6936520869305,wearables,honor-band-10,buy,,,,,https://img02.honorfile.com/eu/uk/honor/pms/product/6936520869305/group/800_800_90Percent_68A8B7DEE3621E9B9049B587B2DD3EB9E747F95D1312D16Dmp.webp,https://img02.honorfile.com/eu/uk/honor/pms/product/6936520869305/group/800_800_90Percent_739E8F0428F2F129744027D49660014B40FE82CB068D31F0mp.webp,https://img02.honorfile.com/eu/uk/honor/pms/product/6936520869305/group/800_800_90Percent_F7E9F8E086C3EB2E56AF68FD9BFCBFF97BB51C20DFF1F740mp.webp,https://img02.honorfile.com/eu/uk/honor/pms/product/6936520869305/group/800_800_90Percent_C432AC2DFD83C29B0D04142E444C1CB3ECAADA2279D4D34Bmp.webp,,,,9,4.9,,,,,,£44.99,44.99,variant,Colour,Black,,,,,,,,,,,,,,,,,,,,,,,,,,,,,,,,,,,,,,,,,,,,,,,,,,,,,,,,,
HONOR,2025-09-25,https://selfservice-de.hihonor.com/ccpcmd/services/dispatch/secured/CCPC/EN/eCommerce/querySkuDetailDispInfo/1000?skuCodes=82440110004020000101&siteCode=uk&groupFlag=false,https://www.honor.com/uk/wearables/honor-band-9/buy/?productId=18244174151069&skuCode=82440110004020000101,82440110004020000101,HONOR Band 9 Blue,HONOR,49.99,,,,Cloudy Blue,,,6936520839193,wearables,honor-band-9,buy,,,,,https://img02.honorfile.com/eu/uk/honor/pms/product/6936520839193/group/800_800_90Percent_A705914CF569BC094A3A93E810A0DE4BAABA0995D140AAC4mp.webp,https://img02.honorfile.com/eu/uk/honor/pms/product/6936520839193/group/800_800_90Percent_8ADA54B1DE333E01CDC1D1577E18B24A9E845162F586FF88mp.webp,https://img02.honorfile.com/eu/uk/honor/pms/product/6936520839193/group/800_800_90Percent_11601E4CFF042BD0F423B492B29CE495B142B724C3D3E0A1mp.webp,https://img02.honorfile.com/eu/uk/honor/pms/product/6936520839193/group/800_800_90Percent_2B684679011D01CE083DC827719117D8F5B93922F8647B64mp.webp,,,,50,4.7,,,,,,£49.99,49.99,variant,Colour,Cloudy Blue,,,,,,,,,,,,,,,,,,,,,,,,,,,,,,,,,,,,,,,,,,,,,,,,,,,,,,,,,
HONOR,2025-09-25,https://selfservice-de.hihonor.com/ccpcmd/services/dispatch/secured/CCPC/EN/eCommerce/querySkuDetailDispInfo/1000?skuCodes=82440110004020000102&siteCode=uk&groupFlag=false,https://www.honor.com/uk/wearables/honor-band-9/buy/?productId=18244174151069&skuCode=82440110004020000102,82440110004020000102,HONOR Band 9 Purple,HONOR,49.99,,,,Phantom Purple,,,6936520839186,wearables,honor-band-9,buy,,,,,https://img02.honorfile.com/eu/uk/honor/pms/product/6936520839186/group/800_800_90Percent_249C6C9C2615C0924C09858927752A123C9EF5DFCB522486mp.webp,https://img02.honorfile.com/eu/uk/honor/pms/product/6936520839186/group/800_800_90Percent_368796295170040561B34F236E18F2BC0FC7187FE810E401mp.webp,https://img02.honorfile.com/eu/uk/honor/pms/product/6936520839186/group/800_800_90Percent_D7F7513312C84053F127AAE934DDF31F80156A4196AEA895mp.webp,https://img02.honorfile.com/eu/uk/honor/pms/product/6936520839186/group/800_800_90Percent_AEBC0C8BE4DA1676E0320863F716AAB07CB00149A7B08E75mp.webp,https://img02.honorfile.com/eu/uk/honor/pms/product/6936520839186/group/800_800_90Percent_7BA18694D2F0CACCB306AE0557C9B6ABBB696A4ABCA0BA3Fmp.webp,,,50,4.7,,,,,,£49.99,49.99,variant,Colour,Phantom Purple,,,,,,,,,,,,,,,,,,,,,,,,,,,,,,,,,,,,,,,,,,,,,,,,,,,,,,,,,
HONOR,2025-09-25,https://selfservice-de.hihonor.com/ccpcmd/services/dispatch/secured/CCPC/EN/eCommerce/querySkuDetailDispInfo/1000?skuCodes=82440110004020000103&siteCode=uk&groupFlag=false,https://www.honor.com/uk/wearables/honor-band-9/buy/?productId=18244174151069&skuCode=82440110004020000103,82440110004020000103,HONOR Band 9 Black,HONOR,49.99,,,,Black,,,6936520839209,wearables,honor-band-9,buy,,,,,https://img02.honorfile.com/eu/uk/honor/pms/product/6936520839209/group/800_800_90Percent_142BF7C2C76BFBA29CB2A370A9EDE247E2ED0BFBBAE6DE85mp.webp,https://img02.honorfile.com/eu/uk/honor/pms/product/6936520839209/group/800_800_90Percent_DA011874107A431B73DBD841101AD7AD0DA5DF4DCEE69190mp.webp,https://img02.honorfile.com/eu/uk/honor/pms/product/6936520839209/group/800_800_90Percent_BD7A37E874066874303BE4243F9950621247B38A756B329Dmp.webp,https://img02.honorfile.com/eu/uk/honor/pms/product/6936520839209/group/800_800_90Percent_4CD621F7A40FA2ABC274E42956F7356E05E9A6DE53CF1F47mp.webp,,,,50,4.7,,,,,,£49.99,49.99,variant,Colour,Black,,,,,,,,,,,,,,,,,,,,,,,,,,,,,,,,,,,,,,,,,,,,,,,,,,,,,,,,,
HONOR,2025-09-25,https://selfservice-de.hihonor.com/ccpcmd/services/dispatch/secured/CCPC/EN/eCommerce/querySkuDetailDispInfo/1000?skuCodes=82440110004010000201&siteCode=uk&groupFlag=false,https://www.honor.com/uk/wearables/honor-watch-5/buy/?productId=18244449141437&skuCode=82440110004010000201,82440110004010000201,HONOR Watch 5 64MB+4GB Green Leather Strap,HONOR,119.99,149.99,Y,,Green,,,6936520855117,wearables,honor-watch-5,buy,,,,,https://img02.honorfile.com/eu/uk/honor/pms/product/6936520855117/group/800_800_90Percent_415697F18D75AF18E48616B5DE9DCB8F01E69399D9569768mp.webp,https://img02.honorfile.com/eu/uk/honor/pms/product/6936520855117/group/800_800_90Percent_E110C3780CDE698E1A8232A39F3ED7FF009DC5D334332D09mp.webp,https://img02.honorfile.com/eu/uk/honor/pms/product/6936520855117/group/800_800_90Percent_2092E0FB0D69904EBD8FF7EE56708F5DD7533837E6AAB3BAmp.webp,https://img02.honorfile.com/eu/uk/honor/pms/product/6936520855117/group/800_800_90Percent_6322750D0DB93A38C0DB7D13DECBA1569B56FF9818335715mp.webp,https://img02.honorfile.com/eu/uk/honor/pms/product/6936520855117/group/800_800_90Percent_A6BBD076767A1C93EEBD48AAF2989F1A880E35FA3653F36Fmp.webp,,,119,5.0,,,,,,£119.99,119.99,variant,Colour,Green,,,,,,,,,,,,,,,,,,,,,,,,,,,,,,,,,,,,,,,,,,,,,,,,,,,,,,,,,
HONOR,2025-09-25,https://selfservice-de.hihonor.com/ccpcmd/services/dispatch/secured/CCPC/EN/eCommerce/querySkuDetailDispInfo/1000?skuCodes=82440110004010000202&siteCode=uk&groupFlag=false,https://www.honor.com/uk/wearables/honor-watch-5/buy/?productId=18244449141437&skuCode=82440110004010000202,82440110004010000202,HONOR Watch 5 64MB+4GB Black Silicone Strap,HONOR,99.99,129.99,Y,,Black,,,6936520854899,wearables,honor-watch-5,buy,,,,,https://img02.honorfile.com/eu/uk/honor/pms/product/6936520854899/group/800_800_90Percent_3541176DE10AEFEE93B95B2579CCAD5B3C886FC62F743398mp.webp,https://img02.honorfile.com/eu/uk/honor/pms/product/6936520854899/group/800_800_90Percent_4BAD9273FCE06BB8E472C6B1D60A1D1E79BD521290EE040Fmp.webp,https://img02.honorfile.com/eu/uk/honor/pms/product/6936520854899/group/800_800_90Percent_494E0F5BE465901BEC1E32E7A089A512B35A078792B2AEB2mp.webp,https://img02.honorfile.com/eu/uk/honor/pms/product/6936520854899/group/800_800_90Percent_E48530877B71BE65121A9C0B150C2031EB5442F5C0C4C4FFmp.webp,https://img02.honorfile.com/eu/uk/honor/pms/product/6936520854899/group/800_800_90Percent_8F1FB250E52EE52403638F8B728890FC3D4F621A05FA5356mp.webp,,,119,5.0,,,,,,£99.99,99.99,variant,Colour,Black,,,,,,,,,,,,,,,,,,,,,,,,,,,,,,,,,,,,,,,,,,,,,,,,,,,,,,,,,
HONOR,2025-09-25,https://selfservice-de.hihonor.com/ccpcmd/services/dispatch/secured/CCPC/EN/eCommerce/querySkuDetailDispInfo/1000?skuCodes=82440110004010000203&siteCode=uk&groupFlag=false,https://www.honor.com/uk/wearables/honor-watch-5/buy/?productId=18244449141437&skuCode=82440110004010000203,82440110004010000203,HONOR Watch 5 64MB+4GB Gold Silicone Strap,HONOR,99.99,129.99,Y,,Gold,,,6936520854905,wearables,honor-watch-5,buy,,,,,https://img02.honorfile.com/eu/uk/honor/pms/product/6936520854905/group/800_800_90Percent_F6E52918F134C743997601233C4B02440201AA43B70EDF2Cmp.webp,https://img02.honorfile.com/eu/uk/honor/pms/product/6936520854905/group/800_800_90Percent_0CDA3880445B20EC4B48A5567CB9A1F54FD492CAF417CB13mp.webp,https://img02.honorfile.com/eu/uk/honor/pms/product/6936520854905/group/800_800_90Percent_33E822846751864A1EF9857562F9C93774571C188E5E0462mp.webp,https://img02.honorfile.com/eu/uk/honor/pms/product/6936520854905/group/800_800_90Percent_6733C75B9366F5541BADF6B039CD65CF39994EFCC94E8AE2mp.webp,https://img02.honorfile.com/eu/uk/honor/pms/product/6936520854905/group/800_800_90Percent_8CC2854BF78B87BBBCC28F534B78EB533CA1348B99061C55mp.webp,,,119,5.0,,,,,,£99.99,99.99,variant,Colour,Gold,,,,,,,,,,,,,,,,,,,,,,,,,,,,,,,,,,,,,,,,,,,,,,,,,,,,,,,,,
HONOR,2025-09-25,https://selfservice-de.hihonor.com/ccpcmd/services/dispatch/secured/CCPC/EN/eCommerce/querySkuDetailDispInfo/1000?skuCodes=82440113010204701&siteCode=uk&groupFlag=false,https://www.honor.com/uk/wearables/honor-watch-4/buy/?productId=18244230429621&skuCode=82440113010204701,82440113010204701,HONOR Watch 4 Black,HONOR,129.99,,,,Black,,,6936520829255,wearables,honor-watch-4,buy,,,,,https://img02.honorfile.com/eu/uk/honor/pms/product/6936520829255/group/800_800_90Percent_8DD10836B2AEDCF8057CF403BD978C9C2EC049AA0EDDD5B4.webp,https://img02.honorfile.com/eu/uk/honor/pms/product/6936520829255/group/800_800_90Percent_6453D10D4046DED9D0B57671CC66EE740738FF557FC05796.webp,https://img02.honorfile.com/eu/uk/honor/pms/product/6936520829255/group/800_800_90Percent_B1EF7A97164E2F1B88FC62027B8137553B838A70CBE689A2.webp,https://img02.honorfile.com/eu/uk/honor/pms/product/6936520829255/group/800_800_90Percent_9B2EF6E8A28058DF3A0E8B4EBDC3BBB3A600E3DECDE44801.webp,https://img02.honorfile.com/eu/uk/honor/pms/product/6936520829255/group/800_800_90Percent_E42F1477857B5A4593FFE584A4E833DFD7E0357BB0A75A20.webp,,,100,4.7,,,,,,£129.99,129.99,variant,Colour,Black,,,,,,,,,,,,,,,,,,,,,,,,,,,,,,,,,,,,,,,,,,,,,,,,,,,,,,,,,
HONOR,2025-09-25,https://selfservice-de.hihonor.com/ccpcmd/services/dispatch/secured/CCPC/EN/eCommerce/querySkuDetailDispInfo/1000?skuCodes=82440113010204702&siteCode=uk&groupFlag=false,https://www.honor.com/uk/wearables/honor-watch-4/buy/?productId=18244230429621&skuCode=82440113010204702,82440113010204702,HONOR Watch 4 Gold,HONOR,129.99,,,,Gold,,,6936520829262,wearables,honor-watch-4,buy,,,,,https://img02.honorfile.com/eu/uk/honor/pms/product/6936520829262/group/800_800_90Percent_E0A4C70325ABEE1FFA6F438324A8D0F913489C45974F94F7.webp,https://img02.honorfile.com/eu/uk/honor/pms/product/6936520829262/group/800_800_90Percent_DB9E9DE4D9C5A4C47435B1AAD1A2D80A0DAD264F5F879BFB.webp,https://img02.honorfile.com/eu/uk/honor/pms/product/6936520829262/group/800_800_90Percent_A4905F073DC4F565AC6D59C8F4FAB16F3B67A5CD53421710.webp,https://img02.honorfile.com/eu/uk/honor/pms/product/6936520829262/group/800_800_90Percent_000781908C43D6A10099ED54676D4D977AC360B7F23D0FE8.webp,https://img02.honorfile.com/eu/uk/honor/pms/product/6936520829262/group/800_800_90Percent_A380A233E61F9ED452CEABBC425E413BEEC019055E6DB957.webp,,,100,4.7,,,,,,£129.99,129.99,variant,Colour,Gold,,,,,,,,,,,,,,,,,,,,,,,,,,,,,,,,,,,,,,,,,,,,,,,,,,,,,,,,,
HONOR,2025-09-25,https://selfservice-de.hihonor.com/ccpcmd/services/dispatch/secured/CCPC/EN/eCommerce/querySkuDetailDispInfo/1000?skuCodes=82440113010204301&siteCode=uk&groupFlag=false,https://www.honor.com/uk/wearables/honor-band-7/buy/?productId=18244270283088&skuCode=82440113010204301,82440113010204301,HONOR Band 7 Meteorite Black,HONOR,49.99,,,,Meteorite Black,,,6936520820863,wearables,honor-band-7,buy,,,,,https://img02.honorfile.com/eu/uk/honor/pms/product/6936520820863/group/800_800_90Percent_2DE88B76CA1FC2DA65133E7D9FE373DCE805FC6A51D075D1.webp,https://img02.honorfile.com/eu/uk/honor/pms/product/6936520820863/group/800_800_90Percent_2C33C6E71BC1308336518A511B3D4E0382CE806B8AAE83A2.webp,https://img02.honorfile.com/eu/uk/honor/pms/product/6936520820863/group/800_800_90Percent_6BD4F55B1386CDEADD3BE6764FA8C0D73E18A3D070D38ADD.webp,https://img02.honorfile.com/eu/uk/honor/pms/product/6936520820863/group/800_800_90Percent_A921FA07434276E318914486D158C0289A72B02E582F9676.webp,https://img02.honorfile.com/eu/uk/honor/pms/product/6936520820863/group/800_800_90Percent_FF278294CBC4054BE2DA15E4ACAD5CA2C9F48BAC2C261337.webp,"Buy the New HONOR Band 7 smartphone. Enjoy Exclusive Trade In Offers, 0% Finance, Free Delivery & Free Returns at HONOR UK.",New Buy HONOR Band 7 - Price & Review | HONOR UK,77,4.7,,,,,,£49.99,49.99,variant,Colour,Meteorite Black,,,,,,,,,,,,,,,,,,,,,,,,,,,,,,,,,,,,,,,,,,,,,,,,,,,,,,,,,
HONOR,2025-09-25,https://selfservice-de.hihonor.com/ccpcmd/services/dispatch/secured/CCPC/EN/eCommerce/querySkuDetailDispInfo/1000?skuCodes=82440113010204302&siteCode=uk&groupFlag=false,https://www.honor.com/uk/wearables/honor-band-7/buy/?productId=18244270283088&skuCode=82440113010204302,82440113010204302,HONOR Band 7 Coral Pink,HONOR,49.99,,,,Coral Pink,,,6936520820870,wearables,honor-band-7,buy,,,,,https://img02.honorfile.com/eu/uk/honor/pms/product/6936520820870/group/800_800_90Percent_52E204149020BD809DF136FFA607C89BB2D36D0C5D325823.webp,https://img02.honorfile.com/eu/uk/honor/pms/product/6936520820870/group/800_800_90Percent_13D1B74200CEA90503144A2854E3914EFB3E557B1998A058.webp,https://img02.honorfile.com/eu/uk/honor/pms/product/6936520820870/group/800_800_90Percent_715CD28E6576CAE6570873492B1C93A961331C89D03EF178.webp,https://img02.honorfile.com/eu/uk/honor/pms/product/6936520820870/group/800_800_90Percent_F61A7D885EFD7A859170712232A00BBC19C9A6A79A318D35.webp,,"Buy the New HONOR Band 7 smartphone. Enjoy Exclusive Trade In Offers, 0% Finance, Free Delivery & Free Returns at HONOR UK.",New Buy HONOR Band 7 - Price & Review | HONOR UK,77,4.7,,,,,,£49.99,49.99,variant,Colour,Coral Pink,,,,,,,,,,,,,,,,,,,,,,,,,,,,,,,,,,,,,,,,,,,,,,,,,,,,,,,,,
HONOR,2025-09-25,https://selfservice-de.hihonor.com/ccpcmd/services/dispatch/secured/CCPC/EN/eCommerce/querySkuDetailDispInfo/1000?skuCodes=82440113010204303&siteCode=uk&groupFlag=false,https://www.honor.com/uk/wearables/honor-band-7/buy/?productId=18244270283088&skuCode=82440113010204303,82440113010204303,HONOR Band 7 Emerald Green,HONOR,49.99,,,,Emerald Green,,,6936520820887,wearables,honor-band-7,buy,,,,,https://img02.honorfile.com/eu/uk/honor/pms/product/6936520820887/group/800_800_90Percent_8C531E6AA951C7A5CC2BAC2B8F09A4179A659B8F695AC884.webp,https://img02.honorfile.com/eu/uk/honor/pms/product/6936520820887/group/800_800_90Percent_DCF8BCE63BD6F39B12BF3009C8A27A2B7BED7D453AF513C0.webp,https://img02.honorfile.com/eu/uk/honor/pms/product/6936520820887/group/800_800_90Percent_E580F645FA14494CDD3652D9CF470BB41D44432F060BCE74.webp,https://img02.honorfile.com/eu/uk/honor/pms/product/6936520820887/group/800_800_90Percent_C2E6F597B7E891042A7728320CB2B67F14D6CAD57A4E7312.webp,https://img02.honorfile.com/eu/uk/honor/pms/product/6936520820887/group/800_800_90Percent_86CF7C971F88AB9162118AC900AD80F71AA58267BC4E615F.webp,"Buy the New HONOR Band 7 smartphone. Enjoy Exclusive Trade In Offers, 0% Finance, Free Delivery & Free Returns at HONOR UK.",New Buy HONOR Band 7 - Price & Review | HONOR UK,77,4.7,,,,,,£49.99,49.99,variant,Colour,Emerald Green,,,,,,,,,,,,,,,,,,,,,,,,,,,,,,,,,,,,,,,,,,,,,,,,,,,,,,,,,
HONOR,2025-09-25,https://selfservice-de.hihonor.com/ccpcmd/services/dispatch/secured/CCPC/EN/eCommerce/querySkuDetailDispInfo/1000?skuCodes=82440113010000233&siteCode=uk&groupFlag=false,https://www.honor.com/uk/wearables/honor-magic-watch-2-46mm/buy/?productId=18244417306780&skuCode=82440113010000233,82440113010000233,HONOR MagicWatch 2 46mm Charcoal Black,HONOR,159.99,,,,Charcoal Black,,,6973316852226,wearables,honor-magic-watch-2-46mm,buy,,,,,,,,,,"Buy the HONOR MagicWatch, allows you to manage everyday stress, calming your mind and understand your sleep patterns better. Purchase with Free Delivery and Free Returns at HONOR UK.",Buy HONOR MagicWatch 2 46mm | HONOR UK,50,4.5,,,,,,£159.99,159.99,variant,Colour,Charcoal Black,,,,,,,,,,,,,,,,,,,,,,,,,,,,,,,,,,,,,,,,,,,,,,,,,,,,,,,,,
HONOR,2025-09-25,https://selfservice-de.hihonor.com/ccpcmd/services/dispatch/secured/CCPC/EN/eCommerce/querySkuDetailDispInfo/1000?skuCodes=82440113010203501&siteCode=uk&groupFlag=false,https://www.honor.com/uk/wearables/honor-magic-watch-2-42mm/buy/?productId=18244753864184&skuCode=82440113010203501,82440113010203501,HONOR MagicWatch 2 42mm Sakura Gold,HONOR,169.99,,,,Sakura Gold,,,6936520801954,wearables,honor-magic-watch-2-42mm,buy,,,,,https://img02.honorfile.com/eu/uk/honor/pms/product/6936520801954/group/800_800_90Percent_462E9000ED430D4730B97BED68E5325F306DA6EF4A3CFC3F.webp,https://img02.honorfile.com/eu/uk/honor/pms/product/6936520801954/group/800_800_90Percent_A1956FB96087F605735A729D79BB73ED266C1E1F6A080240.webp,https://img02.honorfile.com/eu/uk/honor/pms/product/6936520801954/group/800_800_90Percent_8C0E983EC81D53A1A226C37356836327313DED6A1794CDFB.webp,,,"Buy the HONOR MagicWatch 2 42mm, allows you to manage everyday stress, calming your mind and understand your sleep patterns better. Purchase with Free Delivery and Free Returns at HONOR UK.",Buy HONOR MagicWatch 2 42mm | Price & Offer | HONOR UK,13,4.1,,,,,,£169.99,169.99,variant,Colour,Sakura Gold,,,,,,,,,,,,,,,,,,,,,,,,,,,,,,,,,,,,,,,,,,,,,,,,,,,,,,,,,
HONOR,2025-09-25,https://selfservice-de.hihonor.com/ccpcmd/services/dispatch/secured/CCPC/EN/eCommerce/querySkuDetailDispInfo/1000?skuCodes=82440113010203502&siteCode=uk&groupFlag=false,https://www.honor.com/uk/wearables/honor-magic-watch-2-42mm/buy/?productId=18244753864184&skuCode=82440113010203502,82440113010203502,HONOR MagicWatch 2 42mm Agate Black,HONOR,139.99,,,,Agate Black,,,6936520801947,wearables,honor-magic-watch-2-42mm,buy,,,,,https://img02.honorfile.com/eu/uk/honor/pms/product/6936520801947/group/800_800_90Percent_4702FB6778C786A29B4E23248DE054BB0AAF1004F7EB8550.webp,https://img02.honorfile.com/eu/uk/honor/pms/product/6936520801947/group/800_800_90Percent_0B0CBA12BD900BC458051D50B3F5D7416CFB89B0F3CED3B3.webp,https://img02.honorfile.com/eu/uk/honor/pms/product/6936520801947/group/800_800_90Percent_26075E7A16E1FCAECF040B538E659FB1E8956C308B10CF77.webp,,,"Buy the HONOR MagicWatch 2 42mm, allows you to manage everyday stress, calming your mind and understand your sleep patterns better. Purchase with Free Delivery and Free Returns at HONOR UK.",Buy HONOR MagicWatch 2 42mm | Price & Offer | HONOR UK,13,4.1,,,,,,£139.99,139.99,variant,Colour,Agate Black,,,,,,,,,,,,,,,,,,,,,,,,,,,,,,,,,,,,,,,,,,,,,,,,,,,,,,,,,
HONOR,2025-09-25,https://selfservice-de.hihonor.com/ccpcmd/services/dispatch/secured/CCPC/EN/eCommerce/querySkuDetailDispInfo/1000?skuCodes=82440113010203701&siteCode=uk&groupFlag=false,https://www.honor.com/uk/wearables/honor-watch-gs-3/buy/?productId=18244425037990&skuCode=82440113010203701,82440113010203701,HONOR Watch GS 3 Midnight Black,HONOR,189.99,,,,Midnight Black,,,6936520800391,wearables,honor-watch-gs-3,buy,,,,,https://img02.honorfile.com/eu/uk/honor/pms/product/6936520800391/group/800_800_90Percent_68A93CF423BE6B87CA5BA0D1C42E8679586A894CC40CEDE2.webp,https://img02.honorfile.com/eu/uk/honor/pms/product/6936520800391/group/800_800_90Percent_3503374948C783DCBD792E97404A0BE981F67E849217D259.webp,https://img02.honorfile.com/eu/uk/honor/pms/product/6936520800391/group/800_800_90Percent_EEA618E535D4517C20EA7015EF93BA9B4AEFDA51352F2D40.webp,https://img02.honorfile.com/eu/uk/honor/pms/product/6936520800391/group/800_800_90Percent_2033735B9A8A2BF00D70F0F8AF671F836ACD4D700B608510.webp,https://img02.honorfile.com/eu/uk/honor/pms/product/6936520800391/group/800_800_90Percent_0BA655E13D84565407ABF023CD5EA29D18CF1E565B304EF3.webp,"Buy the New HONOR Watch GS 3 wearables with advanced health monitor, fast charging & 14-day battery and make calls on watch. Purchase with Free Delivery and Free Returns at HONOR UK.",New Buy HONOR Watch GS 3 | Price & Offer | HONOR UK,22,4.5,,,,,,£189.99,189.99,variant,Colour,Midnight Black,,,,,,,,,,,,,,,,,,,,,,,,,,,,,,,,,,,,,,,,,,,,,,,,,,,,,,,,,
HONOR,2025-09-25,https://selfservice-de.hihonor.com/ccpcmd/services/dispatch/secured/CCPC/EN/eCommerce/querySkuDetailDispInfo/1000?skuCodes=82440113010203702&siteCode=uk&groupFlag=false,https://www.honor.com/uk/wearables/honor-watch-gs-3/buy/?productId=18244425037990&skuCode=82440113010203702,82440113010203702,HONOR Watch GS 3 Ocean Blue,HONOR,209.99,,,,Ocean Blue,,,6936520800407,wearables,honor-watch-gs-3,buy,,,,,https://img02.honorfile.com/eu/uk/honor/pms/product/6936520800407/group/800_800_90Percent_D7858F0C2AB859C14E230E591AAF5A9FB4729638AE26CDE2.webp,https://img02.honorfile.com/eu/uk/honor/pms/product/6936520800407/group/800_800_90Percent_73F3C43CE325148DE8D0CA65E3A49A457ABBA4076D5D1C06.webp,https://img02.honorfile.com/eu/uk/honor/pms/product/6936520800407/group/800_800_90Percent_48C5239575A2FA3DC8218BEDD2F2FC99DF01F350D47DF8D4.webp,https://img02.honorfile.com/eu/uk/honor/pms/product/6936520800407/group/800_800_90Percent_505F58E09646FD05C9DF2796427D991B96AEAE3F2D5DE9C5.webp,https://img02.honorfile.com/eu/uk/honor/pms/product/6936520800407/group/800_800_90Percent_6B1A4F6A9A7228216720837B62E391434D8E8C1869AB0851.webp,"Buy the New HONOR Watch GS 3 wearables with advanced health monitor, fast charging & 14-day battery and make calls on watch. Purchase with Free Delivery and Free Returns at HONOR UK.",New Buy HONOR Watch GS 3 | Price & Offer | HONOR UK,22,4.5,,,,,,£209.99,209.99,variant,Colour,Ocean Blue,,,,,,,,,,,,,,,,,,,,,,,,,,,,,,,,,,,,,,,,,,,,,,,,,,,,,,,,,
HONOR,2025-09-25,https://selfservice-de.hihonor.com/ccpcmd/services/dispatch/secured/CCPC/EN/eCommerce/querySkuDetailDispInfo/1000?skuCodes=82440113010203703&siteCode=uk&groupFlag=false,https://www.honor.com/uk/wearables/honor-watch-gs-3/buy/?productId=18244425037990&skuCode=82440113010203703,82440113010203703,HONOR Watch GS 3 Classic Gold,HONOR,209.99,,,,Classic Gold,,,6936520800414,wearables,honor-watch-gs-3,buy,,,,,https://img02.honorfile.com/eu/uk/honor/pms/product/6936520800414/group/800_800_90Percent_8F9124ECADA484D537BE9D02C1FF83D4C245CEC9AD10EAA9.webp,https://img02.honorfile.com/eu/uk/honor/pms/product/6936520800414/group/800_800_90Percent_595247022050F908CF60248329E46B6BF8EC86CF2516FA65.webp,https://img02.honorfile.com/eu/uk/honor/pms/product/6936520800414/group/800_800_90Percent_862FF8A36D0AE2AA974EBA9A831682B66F7F756BA6F9F0A4.webp,https://img02.honorfile.com/eu/uk/honor/pms/product/6936520800414/group/800_800_90Percent_FB934DD7E84622E58FFE214CAA4B6321C3C27CF814076B64.webp,https://img02.honorfile.com/eu/uk/honor/pms/product/6936520800414/group/800_800_90Percent_210D4416F2740D2DEFB91B68C9E93142FD686D82FD66C704.webp,"Buy the New HONOR Watch GS 3 wearables with advanced health monitor, fast charging & 14-day battery and make calls on watch. Purchase with Free Delivery and Free Returns at HONOR UK.",New Buy HONOR Watch GS 3 | Price & Offer | HONOR UK,22,4.5,,,,,,£209.99,209.99,variant,Colour,Classic Gold,,,,,,,,,,,,,,,,,,,,,,,,,,,,,,,,,,,,,,,,,,,,,,,,,,,,,,,,,
HONOR,2025-09-25,https://selfservice-de.hihonor.com/ccpcmd/services/dispatch/secured/CCPC/EN/eCommerce/querySkuDetailDispInfo/1000?skuCodes=82440113010203001&siteCode=uk&groupFlag=false,https://www.honor.com/uk/wearables/honor-band-6/buy/?productId=18244971968305&skuCode=82440113010203001,82440113010203001,HONOR Band 6 Meteorite Black,HONOR,44.99,,,,Meteorite Black,,,6973316851465,wearables,honor-band-6,buy,,,,,https://img02.honorfile.com/eu/uk/honor/pms/product/6973316851465/group/800_800_90Percent_EC270AB79BB4F37F67A4D0DCA104B94572F9DB4AA20270BD.webp,https://img02.honorfile.com/eu/uk/honor/pms/product/6973316851465/group/800_800_90Percent_65C5B58B95D63461F7D82AD950ED895B3AB24BCCA40284D6.webp,https://img02.honorfile.com/eu/uk/honor/pms/product/6973316851465/group/800_800_90Percent_5898EFEB2738793FC1BE453A98D693EE16323D482F1AA8C5.webp,https://img02.honorfile.com/eu/uk/honor/pms/product/6973316851465/group/800_800_90Percent_2AFD704842C3DF53D0E1E06CD053655ED63CD8402D2C0606.webp,https://img02.honorfile.com/eu/uk/honor/pms/product/6973316851465/group/800_800_90Percent_17D70D737ADE8A096259920F95C78A29AE98B894A5C64E74.webp,"Buy the HONOR Band 6 with precisely recording your performance.Diverse 95+ workout modes to track your physical exercises, 14 Day Battery Life and Fast Charging",Buy HONOR Band 6 | HONOR UK,11,4.1,,,,,,£44.99,44.99,variant,Colour,Meteorite Black,,,,,,,,,,,,,,,,,,,,,,,,,,,,,,,,,,,,,,,,,,,,,,,,,,,,,,,,,
HONOR,2025-09-25,https://selfservice-de.hihonor.com/ccpcmd/services/dispatch/secured/CCPC/EN/eCommerce/querySkuDetailDispInfo/1000?skuCodes=82440113010203002&siteCode=uk&groupFlag=false,https://www.honor.com/uk/wearables/honor-band-6/buy/?productId=18244971968305&skuCode=82440113010203002,82440113010203002,HONOR Band 6 Sandstone Grey,HONOR,44.99,,,,Grey,,,6973316851458,wearables,honor-band-6,buy,,,,,https://img02.honorfile.com/eu/uk/honor/pms/product/6973316851458/group/800_800_90Percent_99B135A91CBC1F9429CA3479F73B318032A1AA753527FD65.webp,https://img02.honorfile.com/eu/uk/honor/pms/product/6973316851458/group/800_800_90Percent_FC47E3FA5688D17C94D06E575A802B9CEBB04120F480B9D5.webp,https://img02.honorfile.com/eu/uk/honor/pms/product/6973316851458/group/800_800_90Percent_50BEDF687EB1CED23BF287A6ACE6D042A59B824DF702B56C.webp,https://img02.honorfile.com/eu/uk/honor/pms/product/6973316851458/group/800_800_90Percent_A382D1D02896559A50584E95DD6FA13B2CC364226F465CC2.webp,https://img02.honorfile.com/eu/uk/honor/pms/product/6973316851458/group/800_800_90Percent_D7B26C41EB66EC821765ED3167D3C795251EB79C58668F7B.webp,"Buy the HONOR Band 6 with precisely recording your performance.Diverse 95+ workout modes to track your physical exercises, 14 Day Battery Life and Fast Charging",Buy HONOR Band 6 | HONOR UK,11,4.1,,,,,,£44.99,44.99,variant,Colour,Grey,,,,,,,,,,,,,,,,,,,,,,,,,,,,,,,,,,,,,,,,,,,,,,,,,,,,,,,,,
HONOR,2025-09-25,https://selfservice-de.hihonor.com/ccpcmd/services/dispatch/secured/CCPC/EN/eCommerce/querySkuDetailDispInfo/1000?skuCodes=82440113010203003&siteCode=uk&groupFlag=false,https://www.honor.com/uk/wearables/honor-band-6/buy/?productId=18244971968305&skuCode=82440113010203003,82440113010203003,HONOR Band 6 Coral Pink,HONOR,44.99,,,,Coral Pink,,,6973316851441,wearables,honor-band-6,buy,,,,,https://img02.honorfile.com/eu/uk/honor/pms/product/6973316851441/group/800_800_90Percent_965AFE7BE9908189B95869BEA88FA09CB7E3763C0249BEE1.webp,https://img02.honorfile.com/eu/uk/honor/pms/product/6973316851441/group/800_800_90Percent_63ACD8CA08F4EDA7947B40CB1C0DEE1DAC6BA7408CB4953A.webp,https://img02.honorfile.com/eu/uk/honor/pms/product/6973316851441/group/800_800_90Percent_21876D98C7E6F76090933F61A2FF9F6D8391661E42532335.webp,https://img02.honorfile.com/eu/uk/honor/pms/product/6973316851441/group/800_800_90Percent_324CF1779EED5A7E82BEF10567481B3AAFE19D0783D39274.webp,https://img02.honorfile.com/eu/uk/honor/pms/product/6973316851441/group/800_800_90Percent_0B30CB02025D20DDB3A5808FDA3A2A14B086BE7AD4DFCA01.webp,"Buy the HONOR Band 6 with precisely recording your performance.Diverse 95+ workout modes to track your physical exercises, 14 Day Battery Life and Fast Charging",Buy HONOR Band 6 | HONOR UK,11,4.1,,,,,,£44.99,44.99,variant,Colour,Coral Pink,,,,,,,,,,,,,,,,,,,,,,,,,,,,,,,,,,,,,,,,,,,,,,,,,,,,,,,,,
HONOR,2025-09-25,https://selfservice-de.hihonor.com/ccpcmd/services/dispatch/secured/CCPC/EN/eCommerce/querySkuDetailDispInfo/1000?skuCodes=82440110002070000401&siteCode=uk&groupFlag=false,https://www.honor.com/uk/tablets/honor-magicpad-3/buy/?productId=18244527512796&skuCode=82440110002070000401,82440110002070000401,HONOR MagicPad3 13.3 inch WIFI 16GB+512GB Gray,HONOR,499.99,599.99,Y,,Gray,16GB+512GB,,6936520876068,tablets,honor-magicpad-3,buy,,,,,https://img02.honorfile.com/eu/uk/honor/pms/product/6936520876068/group/800_800_90Percent_B0E81F8289DE9B6ECCCC2167D8D7F29D00C2FB443370000Amp.webp,https://img02.honorfile.com/eu/uk/honor/pms/product/6936520876068/group/800_800_90Percent_36BF8BB478F6DDAED7DDE48BEAC82CD0AFA4473E6573ABECmp.webp,https://img02.honorfile.com/eu/uk/honor/pms/product/6936520876068/group/800_800_90Percent_9ADC736DD3345614200334EE21719111987E0CD786026CC3mp.webp,https://img02.honorfile.com/eu/uk/honor/pms/product/6936520876068/group/800_800_90Percent_95FDD371ECBB279F567A10B6071E80FC483B6F37F753C02Bmp.webp,https://img02.honorfile.com/eu/uk/honor/pms/product/6936520876068/group/800_800_90Percent_E49E945B490849F1E8D461C12D1CE0A65DC301DB6E907F6Bmp.webp,,,11,5.0,,,,,,£499.99,499.99,variant,Colour,Gray,specification,Memory,16GB+512GB,,,,,,,,,,,,,,,,,,,,,,,,,,,,,,,,,,,,,,,,,,,,,,,,,,,,,,
HONOR,2025-09-25,https://selfservice-de.hihonor.com/ccpcmd/services/dispatch/secured/CCPC/EN/eCommerce/querySkuDetailDispInfo/1000?skuCodes=82440110011020000201&siteCode=uk&groupFlag=false,https://www.honor.com/uk/tablets/honor-pad-x7/buy/?productId=18244841142559&skuCode=82440110011020000201,82440110011020000201,HONOR Pad X7 Gray WIFI 4G+64G,HONOR,79.99,99.99,Y,,Gray,,,6971759902652,tablets,honor-pad-x7,buy,,,,,https://img02.honorfile.com/eu/uk/honor/pms/product/6971759902652/group/800_800_90Percent_0EB2B41631D7F08EEEB086C969EC250A1FB5B9A108287C54mp.webp,https://img02.honorfile.com/eu/uk/honor/pms/product/6971759902652/group/800_800_90Percent_62EBB8C709DB2E255C98E0FF12A282C04B0BEFE08CE2E123mp.webp,https://img02.honorfile.com/eu/uk/honor/pms/product/6971759902652/group/800_800_90Percent_7A0557182E3ECC2080417199BDF540CBD48F08388A3E704Fmp.webp,https://img02.honorfile.com/eu/uk/honor/pms/product/6971759902652/group/800_800_90Percent_DD0E0A3B6DF31FC123000CAEC7B2F2A61AE0E7F1BFA14B0Cmp.webp,https://img02.honorfile.com/eu/uk/honor/pms/product/6971759902652/group/800_800_90Percent_62D14BCAE6BBEF4707FAA681F0D0CD51134EF78746E07314mp.webp,,,1,3.0,,,,,,£79.99,79.99,variant,Colour,Gray,,,,,,,,,,,,,,,,,,,,,,,,,,,,,,,,,,,,,,,,,,,,,,,,,,,,,,,,,
HONOR,2025-09-25,https://selfservice-de.hihonor.com/ccpcmd/services/dispatch/secured/CCPC/EN/eCommerce/querySkuDetailDispInfo/1000?skuCodes=82440110002040000401&siteCode=uk&groupFlag=false,https://www.honor.com/uk/tablets/honor-pad-10/buy/?productId=18244558882485&skuCode=82440110002040000401,82440110002040000401,HONOR Pad 10 12.1 inch WIFI 8GB+256GB Gray,HONOR,269.99,299.99,Y,,Gray,8GB+256GB,,6936520869718,tablets,honor-pad-10,buy,,,,,https://img02.honorfile.com/eu/uk/honor/pms/product/6936520869718/group/800_800_90Percent_EADA024D201B5DB1EFDE6B6731D0FC400E44F93D87723DE4mp.webp,https://img02.honorfile.com/eu/uk/honor/pms/product/6936520869718/group/800_800_90Percent_F12BA0FC6A5D8052C9779CE9756BBD609E079FFEAD5D4B95mp.webp,https://img02.honorfile.com/eu/uk/honor/pms/product/6936520869718/group/800_800_90Percent_0600A720C03CFDB3E598661C230C74D58799CF7CA54A2B08mp.webp,https://img02.honorfile.com/eu/uk/honor/pms/product/6936520869718/group/800_800_90Percent_2581722F654DB2403670108750F192F7CE57AC4773F11379mp.webp,https://img02.honorfile.com/eu/uk/honor/pms/product/6936520869718/group/800_800_90Percent_0B3CFFFBC71899D94EC6C8EB3E16EB5AD4AFD288DC016E0Cmp.webp,,,25,4.9,,,,,,£269.99,269.99,variant,Colour,Gray,specification,Memory,8GB+256GB,,,,,,,,,,,,,,,,,,,,,,,,,,,,,,,,,,,,,,,,,,,,,,,,,,,,,,
HONOR,2025-09-25,https://selfservice-de.hihonor.com/ccpcmd/services/dispatch/secured/CCPC/EN/eCommerce/querySkuDetailDispInfo/1000?skuCodes=82440110002050000601&siteCode=uk&groupFlag=false,https://www.honor.com/uk/tablets/honor-pad-x9a/buy/?productId=18244815527958&skuCode=82440110002050000601,82440110002050000601,HONOR Pad X9a 11.45 inch WIFI 6GB+128GB Gray,HONOR,159.99,199.99,Y,,Gray,6GB+128GB,,6936520864713,tablets,honor-pad-x9a,buy,,,,,https://img02.honorfile.com/eu/uk/honor/pms/product/6936520864713/group/800_800_90Percent_4C6483BE2C6C0ED3B298C62DAC56E786DC33256F45743303mp.webp,https://img02.honorfile.com/eu/uk/honor/pms/product/6936520864713/group/800_800_90Percent_5CC5D941983DE89F1128FA2CD51B8D70F1D40D5E7F66D0A4mp.webp,https://img02.honorfile.com/eu/uk/honor/pms/product/6936520864713/group/800_800_90Percent_744509A15CCE2410D64AC120AF5E1F014A6FC44704A683EBmp.webp,https://img02.honorfile.com/eu/uk/honor/pms/product/6936520864713/group/800_800_90Percent_3923CF38C7C8CB70902AEBFF27DE2B8F91535934498D9E2Amp.webp,https://img02.honorfile.com/eu/uk/honor/pms/product/6936520864713/group/800_800_90Percent_B7B2025659F85CF3C26C34D62566BD328CAE442EB6B16F5Emp.webp,,,7,5.0,,,,,,£159.99,159.99,variant,Colour,Gray,specification,Memory,6GB+128GB,,,,,,,,,,,,,,,,,,,,,,,,,,,,,,,,,,,,,,,,,,,,,,,,,,,,,,
HONOR,2025-09-25,https://selfservice-de.hihonor.com/ccpcmd/services/dispatch/secured/CCPC/EN/eCommerce/querySkuDetailDispInfo/1000?skuCodes=82440110002030000101&siteCode=uk&groupFlag=false,https://www.honor.com/uk/tablets/honor-pad-v9/buy/?productId=18244353651190&skuCode=82440110002030000101,82440110002030000101,HONOR Pad V9 11.5 inch WIFI 8GB+256GB Gray with Flip Cover and Pen,HONOR,249.99,399.99,Y,,Gray,8GB+256GB,,6936520864157,tablets,honor-pad-v9,buy,,,,,https://img02.honorfile.com/eu/uk/honor/pms/product/6936520864157/group/800_800_90Percent_24C15F465DA6B888125D02153C42A38D1EDE1AA559A2E6A6mp.webp,https://img02.honorfile.com/eu/uk/honor/pms/product/6936520864157/group/800_800_90Percent_C0C8D82F24AD90657ABBF33C8BCF3E2360F3E37B7E5B8B45mp.webp,https://img02.honorfile.com/eu/uk/honor/pms/product/6936520864157/group/800_800_90Percent_3CA452CF4359FD1980D0B083FEA12CEFCA24C3173916953Bmp.webp,https://img02.honorfile.com/eu/uk/honor/pms/product/6936520864157/group/800_800_90Percent_0C9B722011172439EEF2D1A5F82637549A6E35A05703D228mp.webp,https://img02.honorfile.com/eu/uk/honor/pms/product/6936520864157/group/800_800_90Percent_253EC893A1090DB2F78AED2A43B3140A37E9836C3EE04C98mp.webp,,,6,5.0,,,,,,£249.99,249.99,variant,Colour,Gray,specification,Memory,8GB+256GB,specification,Version,with Flip Cover and Pen,,,,,,,,,,,,,,,,,,,,,,,,,,,,,,,,,,,,,,,,,,,,,,,,,,,
HONOR,2025-09-25,https://selfservice-de.hihonor.com/ccpcmd/services/dispatch/secured/CCPC/EN/eCommerce/querySkuDetailDispInfo/1000?skuCodes=82440110002030000102&siteCode=uk&groupFlag=false,https://www.honor.com/uk/tablets/honor-pad-v9/buy/?productId=18244353651190&skuCode=82440110002030000102,82440110002030000102,HONOR Pad V9 11.5 inch WIFI 8GB+256GB White with Flip Cover and Pen,HONOR,249.99,399.99,Y,,White,8GB+256GB,,6936520864164,tablets,honor-pad-v9,buy,,,,,https://img02.honorfile.com/eu/uk/honor/pms/product/6936520864164/group/800_800_90Percent_D6E12AA0E91A8A25B7A12509F572E1774802BAD6EFB05814mp.webp,https://img02.honorfile.com/eu/uk/honor/pms/product/6936520864164/group/800_800_90Percent_3AEBB45D67F3934104C077A5ED4C42FA54F5CB5B7D06239Dmp.webp,https://img02.honorfile.com/eu/uk/honor/pms/product/6936520864164/group/800_800_90Percent_6C147BC868598199E1DE523B5B1AC58F83C17609CA68407Dmp.webp,https://img02.honorfile.com/eu/uk/honor/pms/product/6936520864164/group/800_800_90Percent_91D9FB8046630C98A366C4D4716FED5E7D1A74C4B4D07AF6mp.webp,https://img02.honorfile.com/eu/uk/honor/pms/product/6936520864164/group/800_800_90Percent_FE21354EDE4FDA1698E2E4169A5EEF406C52568373264414mp.webp,,,6,5.0,,,,,,£249.99,249.99,variant,Colour,White,specification,Memory,8GB+256GB,specification,Version,with Flip Cover and Pen,,,,,,,,,,,,,,,,,,,,,,,,,,,,,,,,,,,,,,,,,,,,,,,,,,,
HONOR,2025-09-25,https://selfservice-de.hihonor.com/ccpcmd/services/dispatch/secured/CCPC/EN/eCommerce/querySkuDetailDispInfo/1000?skuCodes=82440110002050000301&siteCode=uk&groupFlag=false,https://www.honor.com/uk/tablets/honor-pad-x8a-kids/buy/?productId=18244906181098&skuCode=82440110002050000301,82440110002050000301,HONOR Pad X8a Kids 11.0 inch WIFI Only 4GB+128GB Space Grey,HONOR,149.99,179.99,Y,,Space Grey,4GB+128GB,,6936520862979,tablets,honor-pad-x8a-kids,buy,,,,,https://img02.honorfile.com/eu/uk/honor/pms/product/6936520862979/group/800_800_90Percent_EC7A607DFF8A3228A8022D8F9520490D3AD825F297D862FBmp.webp,https://img02.honorfile.com/eu/uk/honor/pms/product/6936520862979/group/800_800_90Percent_809AEF3822F827A5D1AB29FB2AF3FA2F53BED19F2E682AF9mp.webp,https://img02.honorfile.com/eu/uk/honor/pms/product/6936520862979/group/800_800_90Percent_487B0D33A0D372F0829B04A2675570147EA752FB43F286BAmp.webp,https://img02.honorfile.com/eu/uk/honor/pms/product/6936520862979/group/800_800_90Percent_6DB66B7C306DC43CF0BD188A94987146876EEA4C68A6A6A1mp.webp,https://img02.honorfile.com/eu/uk/honor/pms/product/6936520862979/group/800_800_90Percent_470429F577B544CE9BAF13AB37BBF6291B43E374C6E4377Emp.webp,,,6,5.0,,,,,,£149.99,149.99,variant,Colour,Space Grey,specification,Memory,4GB+128GB,,,,,,,,,,,,,,,,,,,,,,,,,,,,,,,,,,,,,,,,,,,,,,,,,,,,,,
HONOR,2025-09-25,https://selfservice-de.hihonor.com/ccpcmd/services/dispatch/secured/CCPC/EN/eCommerce/querySkuDetailDispInfo/1000?skuCodes=82440110002070000201&siteCode=uk&groupFlag=false,https://www.honor.com/uk/tablets/honor-magicpad-2/buy/?productId=18244205792160&skuCode=82440110002070000201,82440110002070000201,HONOR MagicPad2 12.3 inch WIFI 12GB+256GB Moonlight White,HONOR,359.99,499.99,Y,,Moonlight White,12GB+256GB,,6936520850730,tablets,honor-magicpad-2,buy,,,,,https://img02.honorfile.com/eu/uk/honor/pms/product/6936520850730/group/800_800_90Percent_874DA00F406EA91BAB05C1BA6F59A0D79355327B30ADB9E8mp.webp,https://img02.honorfile.com/eu/uk/honor/pms/product/6936520850730/group/800_800_90Percent_06F8B19CD821A180985A8F699A7CF80EC979E5131FDCF282mp.webp,https://img02.honorfile.com/eu/uk/honor/pms/product/6936520850730/group/800_800_90Percent_6A75AB6EB1EA61ED5843D2F6432837B522B06F00F6F732B5mp.webp,https://img02.honorfile.com/eu/uk/honor/pms/product/6936520850730/group/800_800_90Percent_2A7AC5E04B4269450E4E1892D395AE678F6CF51863D2ECAEmp.webp,https://img02.honorfile.com/eu/uk/honor/pms/product/6936520850730/group/800_800_90Percent_AAC69311A3D68139A22F18453472930AEB66ACB0A989B706mp.webp,,,295,5.0,,,,,,£359.99,359.99,variant,Colour,Moonlight White,specification,Memory,12GB+256GB,,,,,,,,,,,,,,,,,,,,,,,,,,,,,,,,,,,,,,,,,,,,,,,,,,,,,,
HONOR,2025-09-25,https://selfservice-de.hihonor.com/ccpcmd/services/dispatch/secured/CCPC/EN/eCommerce/querySkuDetailDispInfo/1000?skuCodes=82440110002070000202&siteCode=uk&groupFlag=false,https://www.honor.com/uk/tablets/honor-magicpad-2/buy/?productId=18244205792160&skuCode=82440110002070000202,82440110002070000202,HONOR MagicPad2 12.3 inch WIFI 12GB+256GB Black,HONOR,359.99,499.99,Y,,Black,12GB+256GB,,6936520850723,tablets,honor-magicpad-2,buy,,,,,https://img02.honorfile.com/eu/uk/honor/pms/product/6936520850723/group/800_800_90Percent_693395F8245B7378906A6AF32DC7182DB0ACDF850875ADECmp.webp,https://img02.honorfile.com/eu/uk/honor/pms/product/6936520850723/group/800_800_90Percent_07C72CAD02B77E6F74AC0539B3068046E76133B5D0E84D24mp.webp,https://img02.honorfile.com/eu/uk/honor/pms/product/6936520850723/group/800_800_90Percent_01E0CABAB9BAE3615F34DF38CD27765F128CD403F949BA28mp.webp,https://img02.honorfile.com/eu/uk/honor/pms/product/6936520850723/group/800_800_90Percent_5B9B2474EFD66631469AEC16A821A65EAA0A9906920B6296mp.webp,https://img02.honorfile.com/eu/uk/honor/pms/product/6936520850723/group/800_800_90Percent_F57A1F7A4DDEC5E68268763DADC451D3732AC58487A40650mp.webp,,,295,5.0,,,,,,£359.99,359.99,variant,Colour,Black,specification,Memory,12GB+256GB,,,,,,,,,,,,,,,,,,,,,,,,,,,,,,,,,,,,,,,,,,,,,,,,,,,,,,
HONOR,2025-09-25,https://selfservice-de.hihonor.com/ccpcmd/services/dispatch/secured/CCPC/EN/eCommerce/querySkuDetailDispInfo/1000?skuCodes=82440110002040000101&siteCode=uk&groupFlag=false,https://www.honor.com/uk/tablets/honor-pad-9/buy/?productId=18244966730827&skuCode=82440110002040000101,82440110002040000101,HONOR Pad 9 12.1 inch WIFI 8GB+256GB Space Gray,HONOR,179.99,299.99,Y,,Space Gray,8GB+256GB,,6936520834839,tablets,honor-pad-9,buy,,,,,https://img02.honorfile.com/eu/uk/honor/pms/product/6936520834839/group/800_800_90Percent_CC27FFF064A9BD4B09A95D6D84E2C24780CA002ADD985F30mp.webp,https://img02.honorfile.com/eu/uk/honor/pms/product/6936520834839/group/800_800_90Percent_492F1CFF25140D14798884EE2810461AE41CB2083EEDD414mp.webp,https://img02.honorfile.com/eu/uk/honor/pms/product/6936520834839/group/800_800_90Percent_29FB3755AEBDB91B94A93660CBBD26BCDF4C932BE80F4F66mp.webp,https://img02.honorfile.com/eu/uk/honor/pms/product/6936520834839/group/800_800_90Percent_6A5CFF95933EDFEE78FA0E6318C6A43D5EB62A03140F71B2mp.webp,https://img02.honorfile.com/eu/uk/honor/pms/product/6936520834839/group/800_800_90Percent_FEA6FE6C033285C144A21CC3FA9338A3E46EBCE359D84BB9mp.webp,"Buy the New HONOR Pad 9 tablet. Enjoy Exclusive Offers, 0% Finance, Free Delivery & Free Returns at HONOR UK.",Buy HONOR Pad 9 | Price & Review | HONOR UK,198,4.9,,,,,,£179.99,179.99,variant,Colour,Space Gray,specification,Memory,8GB+256GB,specification,Type,Without keyboard,,,,,,,,,,,,,,,,,,,,,,,,,,,,,,,,,,,,,,,,,,,,,,,,,,,
HONOR,2025-09-25,https://selfservice-de.hihonor.com/ccpcmd/services/dispatch/secured/CCPC/EN/eCommerce/querySkuDetailDispInfo/1000?skuCodes=82440110002040000102&siteCode=uk&groupFlag=false,https://www.honor.com/uk/tablets/honor-pad-9/buy/?productId=18244966730827&skuCode=82440110002040000102,82440110002040000102,HONOR Pad 9 12.1 inch 8GB+256GB Space Gray inbox Keyboard,HONOR,199.99,349.99,Y,,Space Gray,8GB+256GB,,6936520837458,tablets,honor-pad-9,buy,,,,,https://img02.honorfile.com/eu/uk/honor/pms/product/6936520837458/group/800_800_90Percent_F0E0F17D4953C35EA9674E590B29F7C914470B089AEE0376mp.webp,https://img02.honorfile.com/eu/uk/honor/pms/product/6936520837458/group/800_800_90Percent_FA5C1A43B1AA82F3AED93F72112EA65C53563147FC5883BEmp.webp,https://img02.honorfile.com/eu/uk/honor/pms/product/6936520837458/group/800_800_90Percent_812D1041A71639D0206263ECFEF67C05FF78FCED28B56FBBmp.webp,https://img02.honorfile.com/eu/uk/honor/pms/product/6936520837458/group/800_800_90Percent_E2F3A4808D48A155A588AF1330BB0486FC8D12220CCB1E7Cmp.webp,https://img02.honorfile.com/eu/uk/honor/pms/product/6936520837458/group/800_800_90Percent_9FD32C9D460A0B872F055FF344599D3F498C9FC7C9B8D625mp.webp,"Buy the New HONOR Pad 9 tablet. Enjoy Exclusive Offers, 0% Finance, Free Delivery & Free Returns at HONOR UK.",Buy HONOR Pad 9 | Price & Review | HONOR UK,198,4.9,,,,,,£199.99,199.99,variant,Colour,Space Gray,specification,Memory,8GB+256GB,specification,Type,With keyboard,,,,,,,,,,,,,,,,,,,,,,,,,,,,,,,,,,,,,,,,,,,,,,,,,,,
HONOR,2025-09-25,https://selfservice-de.hihonor.com/ccpcmd/services/dispatch/secured/CCPC/EN/eCommerce/querySkuDetailDispInfo/1000?skuCodes=82440110002050000102&siteCode=uk&groupFlag=false,https://www.honor.com/uk/tablets/honor-pad-x8a/buy/?productId=18244411909529&skuCode=82440110002050000102,82440110002050000102,HONOR Pad X8a 11.0 inch WIFI 4GB+128GB Space Grey,HONOR,129.99,149.99,Y,,Space Grey,4GB+128GB,,6936520850945,tablets,honor-pad-x8a,buy,,,,,https://img02.honorfile.com/eu/uk/honor/pms/product/6936520850945/group/800_800_90Percent_06FB1C9A55FC8F1997D7401C12B6B7337AE68EC7A628E4E3mp.webp,https://img02.honorfile.com/eu/uk/honor/pms/product/6936520850945/group/800_800_90Percent_F748634B4AA0DDF67D2CF6A4BAEA457463CD4A66AB66B880mp.webp,https://img02.honorfile.com/eu/uk/honor/pms/product/6936520850945/group/800_800_90Percent_1F63A2289E76D471344D0EF72B6B9E9ABDC9A1454DF2A670mp.webp,https://img02.honorfile.com/eu/uk/honor/pms/product/6936520850945/group/800_800_90Percent_96FEC7E97E4F8C2348B711A2C49C3121CC48A34EEA5E73D8mp.webp,https://img02.honorfile.com/eu/uk/honor/pms/product/6936520850945/group/800_800_90Percent_84B276E4101FF447B8ACBEE9E1403737BA675A37652305FCmp.webp,,,16,5.0,,,,,,£129.99,129.99,variant,Colour,Space Grey,specification,Memory,4GB+128GB,,,,,,,,,,,,,,,,,,,,,,,,,,,,,,,,,,,,,,,,,,,,,,,,,,,,,,
HONOR,2025-09-25,https://selfservice-de.hihonor.com/ccpcmd/services/dispatch/secured/CCPC/EN/eCommerce/querySkuDetailDispInfo/1000?skuCodes=82440115010201201&siteCode=uk&groupFlag=false,https://www.honor.com/uk/tablets/honor-pad-x9/buy/?productId=18244143134325&skuCode=82440115010201201,82440115010201201,"HONOR Pad X9 Space Gray, 4GB+128GB, 11.5"" 120Hz 2K HONOR Fullview Display",HONOR,179.99,,,,Space Grey,,,6936520826612,tablets,honor-pad-x9,buy,,,,,https://img02.honorfile.com/eu/uk/honor/pms/product/6936520826612/group/800_800_90Percent_D72CF09F9DAFAD250348BB97FE5FF49E8CE33B5E4A091297.webp,https://img02.honorfile.com/eu/uk/honor/pms/product/6936520826612/group/800_800_90Percent_BB23351F6698F01075BDC15F46684C0C66F92D151009E0A8.webp,https://img02.honorfile.com/eu/uk/honor/pms/product/6936520826612/group/800_800_90Percent_DCE4996F3E3698549CF468D4B0BCF607D7EE7E1F8ED0DAD2.webp,https://img02.honorfile.com/eu/uk/honor/pms/product/6936520826612/group/800_800_90Percent_BF92ECE357C5991DBB8487DD6384EDFE12A10E8555879040.webp,https://img02.honorfile.com/eu/uk/honor/pms/product/6936520826612/group/800_800_90Percent_5A966ABE362F5015BEC7C71BC732E801C6344433680F6BE5.webp,"Buy the New HONOR Pad X9 tablet. Enjoy Exclusive Trade In Offers, 0% Finance, Free Delivery & Free Returns at HONOR UK.",New Buy HONOR Pad X9 - Price & Review | HONOR UK,113,4.7,,,,,,£179.99,179.99,variant,Colour,Space Grey,,,,,,,,,,,,,,,,,,,,,,,,,,,,,,,,,,,,,,,,,,,,,,,,,,,,,,,,,
HONOR,2025-09-25,https://selfservice-de.hihonor.com/ccpcmd/services/dispatch/secured/CCPC/EN/eCommerce/querySkuDetailDispInfo/1000?skuCodes=82440115010200401&siteCode=uk&groupFlag=false,https://www.honor.com/uk/tablets/honor-pad-8/buy/?productId=18244925116738&skuCode=82440115010200401,82440115010200401,"HONOR Pad 8 Blue Hour, 4GB+128GB, 12-inch 2K HONOR FullView Display",HONOR,269.99,,,,Blue Hour,4GB+128GB,,6936520812523,tablets,honor-pad-8,buy,,,,,https://img02.honorfile.com/eu/uk/honor/pms/product/6936520812523/group/800_800_90Percent_AC37B4D35757B1119B6295E438C5FA6C5D959EF3C5E8B6F5.webp,https://img02.honorfile.com/eu/uk/honor/pms/product/6936520812523/group/800_800_90Percent_9AABCDF24C6B2AF5BE4CC763933F6A84823D8EB3A24DA918.webp,https://img02.honorfile.com/eu/uk/honor/pms/product/6936520812523/group/800_800_90Percent_768EDAF82A19A934CEF39BBD065FB2D4E27E8AC8A3D3A7B7.webp,https://img02.honorfile.com/eu/uk/honor/pms/product/6936520812523/group/800_800_90Percent_1D68D273FAAA30C3A35A15C95A4616A8D6A953A3794D12A5.webp,https://img02.honorfile.com/eu/uk/honor/pms/product/6936520812523/group/800_800_90Percent_361E48ED1CF2C14B4F5D3132EEE0C969DFA83517299FCC51.webp,"Buy HONOR Pad 8 with 12-inch 2K HONOR FullView Display, 8 Large Cavity Speakers and Metal Unibody. Purchase with Free Delivery and Free Returns at HONOR UK. Design.",Buy HONOR Pad 8 | Price & Offer | HONOR UK,56,4.5,,,,,,£269.99,269.99,variant,Colour,Blue Hour,specification,Memory,4GB+128GB,,,,,,,,,,,,,,,,,,,,,,,,,,,,,,,,,,,,,,,,,,,,,,,,,,,,,,
HONOR,2025-09-25,https://selfservice-de.hihonor.com/ccpcmd/services/dispatch/secured/CCPC/EN/eCommerce/querySkuDetailDispInfo/1000?skuCodes=82440115010200901&siteCode=uk&groupFlag=false,https://www.honor.com/uk/tablets/honor-pad-x8/buy/?productId=18244635044696&skuCode=82440115010200901,82440115010200901,HONOR Pad X8 Blue Hour/4GB+64GB/10.1-inch FHD Display,HONOR,179.99,,,,Blue Hour,4GB+64GB,,6936520816767,tablets,honor-pad-x8,buy,,,,,https://img02.honorfile.com/eu/uk/honor/pms/product/6936520816767/group/800_800_90Percent_E86B82354C39C5271F652A05C12468989EAF421DC85B7FC8.webp,https://img02.honorfile.com/eu/uk/honor/pms/product/6936520816767/group/800_800_90Percent_268F831C8DF5F6F8CF3ED976D032FD4FC2833E58249B685B.webp,https://img02.honorfile.com/eu/uk/honor/pms/product/6936520816767/group/800_800_90Percent_277DA81CBD38987FC904F1EFE17D79B6109D2D770B4A860E.webp,https://img02.honorfile.com/eu/uk/honor/pms/product/6936520816767/group/800_800_90Percent_61EC55FFC7E09D5ABC339B73738FEB713EAD203B3C209AF9.webp,https://img02.honorfile.com/eu/uk/honor/pms/product/6936520816767/group/800_800_90Percent_7A62BCB2DFEE537E95168B85549146C8A936C64E96C37092.webp,"Buy the new HONOR HONOR Pad X8 with 10.1“ FHD Display, Immersive Stereo Sound, Eye Protection. Purchase with Free Delivery and Free Returns at HONOR UK.",New Buy HONOR Pad X8 | Price & Offer | HONOR UK,46,4.7,,,,,,£179.99,179.99,variant,Colour,Blue Hour,specification,Memory,4GB+64GB,,,,,,,,,,,,,,,,,,,,,,,,,,,,,,,,,,,,,,,,,,,,,,,,,,,,,,
HONOR,2025-09-25,https://selfservice-de.hihonor.com/ccpcmd/services/dispatch/secured/CCPC/EN/eCommerce/querySkuDetailDispInfo/1000?skuCodes=82440115010200902&siteCode=uk&groupFlag=false,https://www.honor.com/uk/tablets/honor-pad-x8/buy/?productId=18244635044696&skuCode=82440115010200902,82440115010200902,HONOR Pad X8 Neo Mint/3GB+32GB/10.1-inch FHD Display,HONOR,99.99,,,,Neo Mint,3GB+32GB,,6936520831876,tablets,honor-pad-x8,buy,,,,,https://img02.honorfile.com/eu/uk/honor/pms/product/6936520831876/group/800_800_90Percent_8D6B7CEB0466F31D9AA504F48630EE81F87F2648DADA605C.webp,https://img02.honorfile.com/eu/uk/honor/pms/product/6936520831876/group/800_800_90Percent_B9EE93FA58C63DDB6D580CBDE7E1251F52354981B1B8341B.webp,https://img02.honorfile.com/eu/uk/honor/pms/product/6936520831876/group/800_800_90Percent_08C3D1B2F1B4F8B6F112FE653368A03127BDA3F6B773DCF1.webp,https://img02.honorfile.com/eu/uk/honor/pms/product/6936520831876/group/800_800_90Percent_3E3E2D33E9DE598BE7783160FEB0F2DA66C4689181BDE416.webp,https://img02.honorfile.com/eu/uk/honor/pms/product/6936520831876/group/800_800_90Percent_EF9BAAFF2901E05858FA0444EAC3871DDECF9D372DDEFD29.webp,"Buy the new HONOR HONOR Pad X8 with 10.1“ FHD Display, Immersive Stereo Sound, Eye Protection. Purchase with Free Delivery and Free Returns at HONOR UK.",New Buy HONOR Pad X8 | Price & Offer | HONOR UK,46,4.7,,,,,,£99.99,99.99,variant,Colour,Neo Mint,specification,Memory,3GB+32GB,,,,,,,,,,,,,,,,,,,,,,,,,,,,,,,,,,,,,,,,,,,,,,,,,,,,,,
HONOR,2025-09-25,https://selfservice-de.hihonor.com/ccpcmd/services/dispatch/secured/CCPC/EN/eCommerce/querySkuDetailDispInfo/1000?skuCodes=82440110002050000701&siteCode=uk&groupFlag=false,https://www.honor.com/uk/tablets/honor-pad-x8-refurbished/buy/?productId=18244746053831&skuCode=82440110002050000701,82440110002050000701,Refurbished - A - HONOR Pad X8 10.1 inch WIFI Only 4GB+64GB Blue Hour,HONOR,69.99,,,,Blue Hour,,,FXA6936520816767,tablets,honor-pad-x8-refurbished,buy,,,,,https://img02.honorfile.com/eu/uk/honor/pms/product/FXA6936520816767/group/800_800_90Percent_48BBBF822410CD04870FAF8ED9526AC2CA94BA510BF01367mp.webp,https://img02.honorfile.com/eu/uk/honor/pms/product/FXA6936520816767/group/800_800_90Percent_C237D043EF3E41AA842F92225D0DC1FD772D72BCBC4FE283mp.webp,https://img02.honorfile.com/eu/uk/honor/pms/product/FXA6936520816767/group/800_800_90Percent_88FCE6DA5B9E56B32023F628702607FB6A5EF72E9CB87FC3mp.webp,https://img02.honorfile.com/eu/uk/honor/pms/product/FXA6936520816767/group/800_800_90Percent_E45F0757E25466C4BB6F7542910A6406E2AADFEE14FC09ADmp.webp,https://img02.honorfile.com/eu/uk/honor/pms/product/FXA6936520816767/group/800_800_90Percent_512F22D85586C005568957D451FF979EBF8C4A420CA6810Fmp.webp,,,,,,,,,,£69.99,69.99,variant,Colour,Blue Hour,,,,,,,,,,,,,,,,,,,,,,,,,,,,,,,,,,,,,,,,,,,,,,,,,,,,,,,,,
HONOR,2025-09-25,https://selfservice-de.hihonor.com/ccpcmd/services/dispatch/secured/CCPC/EN/eCommerce/querySkuDetailDispInfo/1000?skuCodes=82440110002050000702&siteCode=uk&groupFlag=false,https://www.honor.com/uk/tablets/honor-pad-x8-refurbished/buy/?productId=18244746053831&skuCode=82440110002050000702,82440110002050000702,Refurbished - A - HONOR Pad X8 10.1 inch WIFI Only 3GB+32GB Neo Mint,HONOR,49.99,,,,Neo Mint,3GB+32GB,,FXA6936520831876,tablets,honor-pad-x8-refurbished,buy,,,,,,,,,,,,,,,,,,,£49.99,49.99,variant,Colour,Neo Mint,specification,Memory,3GB+32GB,,,,,,,,,,,,,,,,,,,,,,,,,,,,,,,,,,,,,,,,,,,,,,,,,,,,,,
HONOR,2025-09-25,https://selfservice-de.hihonor.com/ccpcmd/services/dispatch/secured/CCPC/EN/eCommerce/querySkuDetailDispInfo/1000?skuCodes=82440110002050000401&siteCode=uk&groupFlag=false,https://www.honor.com/uk/tablets/honor-pad-x9-lte-refurbished/buy/?productId=18244302765952&skuCode=82440110002050000401,82440110002050000401,Refurbished - A - HONOR Pad X9 11.5 inch LTE 4GB+128GB Space Gray,HONOR,89.99,,,,Space Gray,4GB+128GB,,FXA6936520830626,tablets,honor-pad-x9-lte-refurbished,buy,,,,,,,,,,,,1,5.0,,,,,,£89.99,89.99,variant,Colour,Space Gray,specification,Memory,4GB+128GB,,,,,,,,,,,,,,,,,,,,,,,,,,,,,,,,,,,,,,,,,,,,,,,,,,,,,,
HONOR,2025-09-25,https://selfservice-de.hihonor.com/ccpcmd/services/dispatch/secured/CCPC/EN/eCommerce/querySkuDetailDispInfo/1000?skuCodes=82440110002050000501&siteCode=uk&groupFlag=false,https://www.honor.com/uk/tablets/honor-pad-x9-wifi-refurbished/buy/?productId=18244884945964&skuCode=82440110002050000501,82440110002050000501,Refurbished - A - HONOR Pad X9 11.5 inch WIFI Only 4GB+128GB Space Gray,HONOR,89.99,,,,Space Gray,4GB+128GB,,FXA6936520826612,tablets,honor-pad-x9-wifi-refurbished,buy,,,,,https://img02.honorfile.com/eu/uk/honor/pms/product/FXA6936520826612/group/800_800_90Percent_7EE75A07D5D0E6C63FA5E9C7CAE72D109F26B1429DEB1481mp.webp,https://img02.honorfile.com/eu/uk/honor/pms/product/FXA6936520826612/group/800_800_90Percent_AD32769E5F362D7185C70B8F01644CF983101F7EBCEF1102mp.webp,https://img02.honorfile.com/eu/uk/honor/pms/product/FXA6936520826612/group/800_800_90Percent_14586A8F6F4E7F63F1278DF3FEE69F5AEE6288DCDE63B64Fmp.webp,https://img02.honorfile.com/eu/uk/honor/pms/product/FXA6936520826612/group/800_800_90Percent_5F1232D009EDDE3F8A1B8BFE0B2B523F4907E067E4EE1847mp.webp,https://img02.honorfile.com/eu/uk/honor/pms/product/FXA6936520826612/group/800_800_90Percent_0ECB429C52B840F4C2C968C05EE21949FFCEDBE310732DDEmp.webp,,,1,5.0,,,,,,£89.99,89.99,variant,Colour,Space Gray,specification,Memory,4GB+128GB,,,,,,,,,,,,,,,,,,,,,,,,,,,,,,,,,,,,,,,,,,,,,,,,,,,,,,
HONOR,2025-09-25,https://selfservice-de.hihonor.com/ccpcmd/services/dispatch/secured/CCPC/EN/eCommerce/querySkuDetailDispInfo/1000?skuCodes=82440110002040000501&siteCode=uk&groupFlag=false,https://www.honor.com/uk/tablets/honor-pad-8-refurbished/buy/?productId=18244386748632&skuCode=82440110002040000501,82440110002040000501,Refurbished - A - HONOR Pad 8 11.97 inch WIFI Only 4GB+128GB Blue Hour,HONOR,99.99,135.99,Y,,Blue Hour,4GB+128GB,,FXA6936520812523,tablets,honor-pad-8-refurbished,buy,,,,,https://img02.honorfile.com/eu/uk/honor/pms/product/FXA6936520812523/group/800_800_90Percent_FD00218620653A45531E01214DF8EEE182ECD48D355D455Fmp.webp,https://img02.honorfile.com/eu/uk/honor/pms/product/FXA6936520812523/group/800_800_90Percent_F76FD65E2204F367F0D9E2770D43F5D2C0806F0AD8D2C55Amp.webp,https://img02.honorfile.com/eu/uk/honor/pms/product/FXA6936520812523/group/800_800_90Percent_458858CDD9746CA6ABA4E99C86A283DBFB508AF4912E073Emp.webp,https://img02.honorfile.com/eu/uk/honor/pms/product/FXA6936520812523/group/800_800_90Percent_8191F20FE6A481A1148051893CCC7790285706CB56A109AEmp.webp,https://img02.honorfile.com/eu/uk/honor/pms/product/FXA6936520812523/group/800_800_90Percent_AA285CB014148A04B7F215E4B2DA91489E4AD53109E1EA56mp.webp,,,,,,,,,,£99.99,99.99,variant,Colour,Blue Hour,specification,Memory,4GB+128GB,,,,,,,,,,,,,,,,,,,,,,,,,,,,,,,,,,,,,,,,,,,,,,,,,,,,,,
HONOR,2025-09-25,https://selfservice-de.hihonor.com/ccpcmd/services/dispatch/secured/CCPC/EN/eCommerce/querySkuDetailDispInfo/1000?skuCodes=82440110006020000601&siteCode=uk&groupFlag=false,https://www.honor.com/uk/accessories/honor-pad-10-bluetooth-keyboard/buy/?productId=18244394989135&skuCode=82440110006020000601,82440110006020000601,HONOR Pad 10 Smart Bluetooth Keyboard Dark Gray,HONOR,49.99,,,,Gray,,,6936520869466,accessories,honor-pad-10-bluetooth-keyboard,buy,,,,,https://img02.honorfile.com/eu/uk/honor/pms/product/6936520869466/group/800_800_90Percent_23AAD9C11F2D7DBE9D49D5F0568D66B90A0ED7F95E3BF66Fmp.webp,https://img02.honorfile.com/eu/uk/honor/pms/product/6936520869466/group/800_800_90Percent_2088660903666DA067E9B0D7B0D1ED5E1606695E78822937mp.webp,,,,,,8,5.0,,,,,,£49.99,49.99,variant,Colour,Gray,,,,,,,,,,,,,,,,,,,,,,,,,,,,,,,,,,,,,,,,,,,,,,,,,,,,,,,,,
HONOR,2025-09-25,https://selfservice-de.hihonor.com/ccpcmd/services/dispatch/secured/CCPC/EN/eCommerce/querySkuDetailDispInfo/1000?skuCodes=82440110006030000101&siteCode=uk&groupFlag=false,https://www.honor.com/uk/accessories/honor-wireless-mouse/buy/?productId=18244145632074&skuCode=82440110006030000101,82440110006030000101,HONOR Wireless Mouse Black,HONOR,19.99,,,,Black,,,6936520858392,accessories,honor-wireless-mouse,buy,,,,,https://img02.honorfile.com/eu/uk/honor/pms/product/6936520858392/group/800_800_90Percent_4B1347AA4837EBFF540C78F694CB28EE6EFAFAC849693A9Emp.webp,https://img02.honorfile.com/eu/uk/honor/pms/product/6936520858392/group/800_800_90Percent_58A9CAF26D2198A004825E0358347BA739186080FEF55DAFmp.webp,https://img02.honorfile.com/eu/uk/honor/pms/product/6936520858392/group/800_800_90Percent_A5E75A60AFBCA2DD9771435E8D43971BA3C45BECAD333CFBmp.webp,,,,,,,,,,,,£19.99,19.99,variant,Colour,Black,,,,,,,,,,,,,,,,,,,,,,,,,,,,,,,,,,,,,,,,,,,,,,,,,,,,,,,,,
HONOR,2025-09-25,https://selfservice-de.hihonor.com/ccpcmd/services/dispatch/secured/CCPC/EN/eCommerce/querySkuDetailDispInfo/1000?skuCodes=82440110006020000201&siteCode=uk&groupFlag=false,https://www.honor.com/uk/accessories/honor-magic-pencil-3/buy/?productId=18244283363253&skuCode=82440110006020000201,82440110006020000201,HONOR Magic-Pencil 3 White,HONOR,85.99,,,,White,,,6936520847822,accessories,honor-magic-pencil-3,buy,,,,,https://img02.honorfile.com/eu/uk/honor/pms/product/6936520847822/group/800_800_90Percent_6CA70ECCFEE1E0AEE2CD15B3F6D57C14CE8706C1DE862316mp.webp,,,,,,,,,,,,,,£85.99,85.99,variant,Colour,White,,,,,,,,,,,,,,,,,,,,,,,,,,,,,,,,,,,,,,,,,,,,,,,,,,,,,,,,,
HONOR,2025-09-25,https://selfservice-de.hihonor.com/ccpcmd/services/dispatch/secured/CCPC/EN/eCommerce/querySkuDetailDispInfo/1000?skuCodes=82440110006010000101&siteCode=uk&groupFlag=false,https://www.honor.com/uk/accessories/honor-magic-pen/buy/?productId=18244313722972&skuCode=82440110006010000101,82440110006010000101,HONOR Magic-Pen Black,HONOR,79.99,,,,Black,,,6936520847310,accessories,honor-magic-pen,buy,,,,,https://img02.honorfile.com/eu/uk/honor/pms/product/6936520847310/group/800_800_90Percent_77329AC98267317696F16AEC362B44554381D5734D403D2Emp.webp,,,,,,,,,,,,,,£79.99,79.99,variant,Colour,Black,,,,,,,,,,,,,,,,,,,,,,,,,,,,,,,,,,,,,,,,,,,,,,,,,,,,,,,,,
HONOR,2025-09-25,https://selfservice-de.hihonor.com/ccpcmd/services/dispatch/secured/CCPC/EN/eCommerce/querySkuDetailDispInfo/1000?skuCodes=82440110006020000301&siteCode=uk&groupFlag=false,https://www.honor.com/uk/accessories/honor-magicpad-2-bluetooth-keyboard/buy/?productId=18244190746840&skuCode=82440110006020000301,82440110006020000301,HONOR MagicPad2 Smart Bluetooth Keyboard,HONOR,75.99,,,,Black,,,6936520849093,accessories,honor-magicpad-2-bluetooth-keyboard,buy,,,,,https://img02.honorfile.com/eu/uk/honor/pms/product/6936520849093/group/800_800_90Percent_01BC4EFB7C1F88E9F12A70164A432B4C80EEA6703AFA81BBmp.webp,https://img02.honorfile.com/eu/uk/honor/pms/product/6936520849093/group/800_800_90Percent_1EF350A2E1F6A7FC7B11932200DF496BCE6C8626EC9FBD8Cmp.webp,https://img02.honorfile.com/eu/uk/honor/pms/product/6936520849093/group/800_800_90Percent_9C866190896599FE3AC94ED66A015468648540D3CCBE0AACmp.webp,https://img02.honorfile.com/eu/uk/honor/pms/product/6936520849093/group/800_800_90Percent_7C2254850DCB006AE9326526EF52A736EEC1A608C388C718mp.webp,https://img02.honorfile.com/eu/uk/honor/pms/product/6936520849093/group/800_800_90Percent_8AC4F8B6E0710C0B07719B09C42F9957468D8DC9D9E25C1Amp.webp,,,29,5.0,,,,,,£75.99,75.99,variant,Colour,Black,,,,,,,,,,,,,,,,,,,,,,,,,,,,,,,,,,,,,,,,,,,,,,,,,,,,,,,,,
HONOR,2025-09-25,https://selfservice-de.hihonor.com/ccpcmd/services/dispatch/secured/CCPC/EN/eCommerce/querySkuDetailDispInfo/1000?skuCodes=82440110006090000201&siteCode=uk&groupFlag=false,https://www.honor.com/uk/accessories/honor-supercharge-power-adapter-100w-2025/buy/?productId=18244802492899&skuCode=82440110006090000201,82440110006090000201,HONOR SuperCharge Power Adapter GaN (Max 100W),HONOR,49.99,,,,White,,,6936520853021,accessories,honor-supercharge-power-adapter-100w-2025,buy,,,,,https://img02.honorfile.com/eu/uk/honor/pms/product/6936520853021/group/800_800_90Percent_544F7E540ED4C16AD89540FB63C46163C018E7831C7E8759mp.webp,,,,,,,,,,,,,,£49.99,49.99,variant,Colour,White,,,,,,,,,,,,,,,,,,,,,,,,,,,,,,,,,,,,,,,,,,,,,,,,,,,,,,,,,
HONOR,2025-09-25,https://selfservice-de.hihonor.com/ccpcmd/services/dispatch/secured/CCPC/EN/eCommerce/querySkuDetailDispInfo/1000?skuCodes=82440111010203502&siteCode=uk&groupFlag=false,https://www.honor.com/uk/accessories/honor-supercharge-power-adapter-66w/buy/?productId=18244780608573&skuCode=82440111010203502,82440111010203502,HONOR SuperCharge Power Adapter (Max 66W),HONOR,24.99,,,,White,,,6936520810437,accessories,honor-supercharge-power-adapter-66w,buy,,,,,https://img02.honorfile.com/eu/uk/honor/pms/product/6936520810437/group/800_800_90Percent_5D7E5D15FCBC70234627461096123ECFB1A71234A46F1839.webp,https://img02.honorfile.com/eu/uk/honor/pms/product/6936520810437/group/800_800_90Percent_29E93DCABE101BC53F5B0C1900885ED5EC9B8ED82FACE85D.webp,https://img02.honorfile.com/eu/uk/honor/pms/product/6936520810437/group/800_800_90Percent_BFACB69B577025CA02DAC296F11142B35CD6EA911CEB4C61.webp,https://img02.honorfile.com/eu/uk/honor/pms/product/6936520810437/group/800_800_90Percent_C51754F61ACCBDF1DE3031A9EC388729FC8F5331EB969134.webp,https://img02.honorfile.com/eu/uk/honor/pms/product/6936520810437/group/800_800_90Percent_BA09B2522BF5DB5BCD3458A68E8D943E07075066E0871405.webp,,,237,5.0,,,,,,£24.99,24.99,variant,Colour,White,,,,,,,,,,,,,,,,,,,,,,,,,,,,,,,,,,,,,,,,,,,,,,,,,,,,,,,,,
HONOR,2025-09-25,https://selfservice-de.hihonor.com/ccpcmd/services/dispatch/secured/CCPC/EN/eCommerce/querySkuDetailDispInfo/1000?skuCodes=82440110006050000301&siteCode=uk&groupFlag=false,https://www.honor.com/uk/accessories/honor-magic6-pro-case/buy/?productId=18244577990457&skuCode=82440110006050000301,82440110006050000301,HONOR Magic6 Pro PU Bracket Case Black,HONOR,29.99,,,,Black,,,6936520833726,accessories,honor-magic6-pro-case,buy,,,,,,,,,,,,,,,,,,,£29.99,29.99,variant,Colour,Black,,,,,,,,,,,,,,,,,,,,,,,,,,,,,,,,,,,,,,,,,,,,,,,,,,,,,,,,,
HONOR,2025-09-25,https://selfservice-de.hihonor.com/ccpcmd/services/dispatch/secured/CCPC/EN/eCommerce/querySkuDetailDispInfo/1000?skuCodes=82440110006050000302&siteCode=uk&groupFlag=false,https://www.honor.com/uk/accessories/honor-magic6-pro-case/buy/?productId=18244577990457&skuCode=82440110006050000302,82440110006050000302,HONOR Magic6 Pro PU Bracket Case Green,HONOR,29.99,,,,Epi Green,,,6936520833740,accessories,honor-magic6-pro-case,buy,,,,,,,,,,,,,,,,,,,£29.99,29.99,variant,Colour,Epi Green,,,,,,,,,,,,,,,,,,,,,,,,,,,,,,,,,,,,,,,,,,,,,,,,,,,,,,,,,
HONOR,2025-09-25,https://selfservice-de.hihonor.com/ccpcmd/services/dispatch/secured/CCPC/EN/eCommerce/querySkuDetailDispInfo/1000?skuCodes=82440110011050000101&siteCode=uk&groupFlag=false,https://www.honor.com/uk/accessories/honor-200-pro-tpu-case/buy/?productId=18244662390071&skuCode=82440110011050000101,82440110011050000101,HONOR 200 Pro Phone Case - White,HONOR,24.99,,,,White,,,6975672509288,accessories,honor-200-pro-tpu-case,buy,,,,,https://img02.honorfile.com/eu/uk/honor/pms/product/6975672509288/group/800_800_90Percent_45865D6332FE1C97FA4051D1C0916D5F83122EF33F1C0E43mp.webp,https://img02.honorfile.com/eu/uk/honor/pms/product/6975672509288/group/800_800_90Percent_A38A40AC8E362A02D95C1025849CEBE19918DFF123D3F8CBmp.webp,https://img02.honorfile.com/eu/uk/honor/pms/product/6975672509288/group/800_800_90Percent_B744B7B6AEFF8D214F0B95422F6343B1E47DE0E5D04B1633mp.webp,https://img02.honorfile.com/eu/uk/honor/pms/product/6975672509288/group/800_800_90Percent_253808443FE2EC54D653015B1AA38DBCA7E679EF6C4B614Fmp.webp,https://img02.honorfile.com/eu/uk/honor/pms/product/6975672509288/group/800_800_90Percent_BA518B276B3FBF3287DCAE1C8B8CFBCEC1A15C5123A38257mp.webp,,,,,,,,,,£24.99,24.99,variant,Colour,White,,,,,,,,,,,,,,,,,,,,,,,,,,,,,,,,,,,,,,,,,,,,,,,,,,,,,,,,,
HONOR,2025-09-25,https://selfservice-de.hihonor.com/ccpcmd/services/dispatch/secured/CCPC/EN/eCommerce/querySkuDetailDispInfo/1000?skuCodes=82440110011050000102&siteCode=uk&groupFlag=false,https://www.honor.com/uk/accessories/honor-200-pro-tpu-case/buy/?productId=18244662390071&skuCode=82440110011050000102,82440110011050000102,HONOR 200 Pro Phone Case - Black,HONOR,24.99,,,,Black,,,6975672509271,accessories,honor-200-pro-tpu-case,buy,,,,,https://img02.honorfile.com/eu/uk/honor/pms/product/6975672509271/group/800_800_90Percent_A1C97F9A53B7AC640371BF535759C03BAD05AA5450345B56mp.webp,https://img02.honorfile.com/eu/uk/honor/pms/product/6975672509271/group/800_800_90Percent_0A4814AA0152425E359AA0F8ABFB4D1E312886A22DE18DBDmp.webp,https://img02.honorfile.com/eu/uk/honor/pms/product/6975672509271/group/800_800_90Percent_A33DCA03612860BEAE5909FC8F1ACD073A993D76CE3D6FC5mp.webp,https://img02.honorfile.com/eu/uk/honor/pms/product/6975672509271/group/800_800_90Percent_123327C5DC28BC79951A9D5F42F5292BED63D91189CBF93Fmp.webp,https://img02.honorfile.com/eu/uk/honor/pms/product/6975672509271/group/800_800_90Percent_B098852C706D502B86AF01218E3B2B1B2EAA3772B7C21584mp.webp,,,,,,,,,,£24.99,24.99,variant,Colour,Black,,,,,,,,,,,,,,,,,,,,,,,,,,,,,,,,,,,,,,,,,,,,,,,,,,,,,,,,,
HONOR,2025-09-25,https://selfservice-de.hihonor.com/ccpcmd/services/dispatch/secured/CCPC/EN/eCommerce/querySkuDetailDispInfo/1000?skuCodes=82440110011050000201&siteCode=uk&groupFlag=false,https://www.honor.com/uk/accessories/honor-200-tpu-case/buy/?productId=18244721193967&skuCode=82440110011050000201,82440110011050000201,HONOR 200 Phone Case - Black,HONOR,19.99,,,,Black,,,6975672509240,accessories,honor-200-tpu-case,buy,,,,,https://img02.honorfile.com/eu/uk/honor/pms/product/6975672509240/group/800_800_90Percent_99786FF4D90C990EFFA719B3D9DA346A9A0E79314CD2F340mp.webp,https://img02.honorfile.com/eu/uk/honor/pms/product/6975672509240/group/800_800_90Percent_086A93D1AF339D2BD9F15CCC719167AAD0D7561A441CB96Dmp.webp,https://img02.honorfile.com/eu/uk/honor/pms/product/6975672509240/group/800_800_90Percent_9E16BC70F8A8C28DF4AB1F1A6F1532CAEFC771265E0EE24Cmp.webp,https://img02.honorfile.com/eu/uk/honor/pms/product/6975672509240/group/800_800_90Percent_67207894DB2534F54452541B9AB09B0EE77B3D5B00F74432mp.webp,https://img02.honorfile.com/eu/uk/honor/pms/product/6975672509240/group/800_800_90Percent_D7C8AA93FC3E32B1ABCE313E0CC6EB6600760359E309D7BEmp.webp,,,,,,,,,,£19.99,19.99,variant,Colour,Black,,,,,,,,,,,,,,,,,,,,,,,,,,,,,,,,,,,,,,,,,,,,,,,,,,,,,,,,,
HONOR,2025-09-25,https://selfservice-de.hihonor.com/ccpcmd/services/dispatch/secured/CCPC/EN/eCommerce/querySkuDetailDispInfo/1000?skuCodes=82440110011050000202&siteCode=uk&groupFlag=false,https://www.honor.com/uk/accessories/honor-200-tpu-case/buy/?productId=18244721193967&skuCode=82440110011050000202,82440110011050000202,HONOR 200 Phone Case - White,HONOR,19.99,,,,White,,,6975672509264,accessories,honor-200-tpu-case,buy,,,,,https://img02.honorfile.com/eu/uk/honor/pms/product/6975672509264/group/800_800_90Percent_043FCC95C8E6D4F29498FC322BCD2F2D19A0D6B5053DDA59mp.webp,https://img02.honorfile.com/eu/uk/honor/pms/product/6975672509264/group/800_800_90Percent_42A2CE7F279210FEE2B87715F2A19206C21A039EE07DB153mp.webp,https://img02.honorfile.com/eu/uk/honor/pms/product/6975672509264/group/800_800_90Percent_71F8E53E6DD4243D8BCE084630324938A13C7B8EFF36735Dmp.webp,https://img02.honorfile.com/eu/uk/honor/pms/product/6975672509264/group/800_800_90Percent_EB5BD6BE909B6CA5341A231D90FB828F5ADBF6A8FF1DC2D0mp.webp,https://img02.honorfile.com/eu/uk/honor/pms/product/6975672509264/group/800_800_90Percent_9CBA5EB2CF1C1F58ED8634EC34043474610529731985972Fmp.webp,,,,,,,,,,£19.99,19.99,variant,Colour,White,,,,,,,,,,,,,,,,,,,,,,,,,,,,,,,,,,,,,,,,,,,,,,,,,,,,,,,,,
HONOR,2025-09-25,https://selfservice-de.hihonor.com/ccpcmd/services/dispatch/secured/CCPC/EN/eCommerce/querySkuDetailDispInfo/1000?skuCodes=82440110011050000203&siteCode=uk&groupFlag=false,https://www.honor.com/uk/accessories/honor-200-tpu-case/buy/?productId=18244721193967&skuCode=82440110011050000203,82440110011050000203,HONOR 200 Phone Case - Green,HONOR,19.99,,,,Green,,,6975672509257,accessories,honor-200-tpu-case,buy,,,,,https://img02.honorfile.com/eu/uk/honor/pms/product/6975672509257/group/800_800_90Percent_2B0CE4F7AA8D586AE0929117E8020A2B994B5EBC8B8B5966mp.webp,https://img02.honorfile.com/eu/uk/honor/pms/product/6975672509257/group/800_800_90Percent_BAF5F3B0C6D64420BB4E2CC1850AF4D4F68D8C2F97291FE7mp.webp,https://img02.honorfile.com/eu/uk/honor/pms/product/6975672509257/group/800_800_90Percent_396329B12F119993A7EDA516358CD6512F900ADAC46BBE25mp.webp,https://img02.honorfile.com/eu/uk/honor/pms/product/6975672509257/group/800_800_90Percent_943F05500DD7543A5380B1B5597BA142DB536A105D5A3E8Amp.webp,https://img02.honorfile.com/eu/uk/honor/pms/product/6975672509257/group/800_800_90Percent_8F2CB0476E2F7F4FC4F91950B00ADFF2A97EBE1BF355910Amp.webp,,,,,,,,,,£19.99,19.99,variant,Colour,Green,,,,,,,,,,,,,,,,,,,,,,,,,,,,,,,,,,,,,,,,,,,,,,,,,,,,,,,,,
HONOR,2025-09-25,https://selfservice-de.hihonor.com/ccpcmd/services/dispatch/secured/CCPC/EN/eCommerce/querySkuDetailDispInfo/1000?skuCodes=82440111010204901&siteCode=uk&groupFlag=false,https://www.honor.com/uk/accessories/honor-supercharge-power-adapter-22-5w/buy/?productId=18244975086115&skuCode=82440111010204901,82440111010204901,HONOR SuperCharge Power Adapter (Max 22.5W) White,HONOR,17.99,,,,White,,,6936520821457,accessories,honor-supercharge-power-adapter-22-5w,buy,,,,,,,,,,,,,,,,,,,£17.99,17.99,variant,Colour,White,,,,,,,,,,,,,,,,,,,,,,,,,,,,,,,,,,,,,,,,,,,,,,,,,,,,,,,,,
HONOR,2025-09-25,https://selfservice-de.hihonor.com/ccpcmd/services/dispatch/secured/CCPC/EN/eCommerce/querySkuDetailDispInfo/1000?skuCodes=82440110006020000101&siteCode=uk&groupFlag=false,https://www.honor.com/uk/accessories/honor-pad-9-flip-cover/buy/?productId=18244562489581&skuCode=82440110006020000101,82440110006020000101,HONOR Pad 9 Flip Cover Dark Grey,HONOR,24.99,,,,Dark Grey,,,6936520833351,accessories,honor-pad-9-flip-cover,buy,,,,,https://img02.honorfile.com/eu/uk/honor/pms/product/6936520833351/group/800_800_90Percent_56B5ABEE3848D82B6A02F5B5EB33A2FF405DC8B438BD3AE7mp.webp,,,,,,,,,,,,,,£24.99,24.99,variant,Colour,Dark Grey,,,,,,,,,,,,,,,,,,,,,,,,,,,,,,,,,,,,,,,,,,,,,,,,,,,,,,,,,
HONOR,2025-09-25,https://selfservice-de.hihonor.com/ccpcmd/services/dispatch/secured/CCPC/EN/eCommerce/querySkuDetailDispInfo/1000?skuCodes=82440111010205301&siteCode=uk&groupFlag=false,https://www.honor.com/uk/accessories/honor-pad-x9-flip-cover/buy/?productId=18244716642248&skuCode=82440111010205301,82440111010205301,HONOR Pad X9 Flip Cover Dark Grey,HONOR,19.99,,,,Dark Grey,,,6936520826575,accessories,honor-pad-x9-flip-cover,buy,,,,,https://img02.honorfile.com/eu/uk/honor/pms/product/6936520826575/group/800_800_90Percent_4044B8ADFDC8192D65F9892237E3E328E19DE7C707EB0BCA.webp,https://img02.honorfile.com/eu/uk/honor/pms/product/6936520826575/group/800_800_90Percent_5B217518EE5ED36EDF83D0EFB7BF1A689806BD54A154FC40.webp,,,,,,39,4.5,,,,,,£19.99,19.99,variant,Colour,Dark Grey,,,,,,,,,,,,,,,,,,,,,,,,,,,,,,,,,,,,,,,,,,,,,,,,,,,,,,,,,
HONOR,2025-09-25,https://selfservice-de.hihonor.com/ccpcmd/services/dispatch/secured/CCPC/EN/eCommerce/querySkuDetailDispInfo/1000?skuCodes=82440111010204101&siteCode=uk&groupFlag=false,https://www.honor.com/uk/accessories/honor-pad-8-flip-cover/buy/?productId=18244548366136&skuCode=82440111010204101,82440111010204101,HONOR Pad 8 Flip Cover,HONOR,24.99,,,,Black,,,6936520811137,accessories,honor-pad-8-flip-cover,buy,,,,,https://img02.honorfile.com/eu/uk/honor/pms/product/6936520811137/group/800_800_90Percent_857FC6BBAFADA906487AAB1869B3A0E7C5120178D80D4DD2.webp,https://img02.honorfile.com/eu/uk/honor/pms/product/6936520811137/group/800_800_90Percent_6FC7046630372A7A6374254E094E8A84B1C60B40A3E5B4EA.webp,,,,,,,,,,,,,£24.99,24.99,variant,Colour,Black,,,,,,,,,,,,,,,,,,,,,,,,,,,,,,,,,,,,,,,,,,,,,,,,,,,,,,,,,
HONOR,2025-09-25,https://selfservice-de.hihonor.com/ccpcmd/services/dispatch/secured/CCPC/EN/eCommerce/querySkuDetailDispInfo/1000?skuCodes=82440111010205001&siteCode=uk&groupFlag=false,https://www.honor.com/uk/accessories/honor-magic-vs-case/buy/?productId=18244013362251&skuCode=82440111010205001,82440111010205001,HONOR Magic Vs PU Case Black,HONOR,54.99,,,,Black,,,6936520812615,accessories,honor-magic-vs-case,buy,,,,,https://img02.honorfile.com/eu/uk/honor/pms/product/6936520812615/group/800_800_90Percent_C1CB71B11ED72B469FC2DB9DA536607E3F9D3B0EBB78D3D4.webp,https://img02.honorfile.com/eu/uk/honor/pms/product/6936520812615/group/800_800_90Percent_7752CEA88FE8D4082FC8B93D74E77C75D17E4533922D5804.webp,https://img02.honorfile.com/eu/uk/honor/pms/product/6936520812615/group/800_800_90Percent_AC64675D2144C4044EBB80652B4486A4175625F4968E7C50.webp,,,,,,,,,,,,£54.99,54.99,variant,Colour,Black,,,,,,,,,,,,,,,,,,,,,,,,,,,,,,,,,,,,,,,,,,,,,,,,,,,,,,,,,
HONOR,2025-09-25,https://selfservice-de.hihonor.com/ccpcmd/services/dispatch/secured/CCPC/EN/eCommerce/querySkuDetailDispInfo/1000?skuCodes=82440111010205201&siteCode=uk&groupFlag=false,https://www.honor.com/uk/accessories/honor-90-case/buy/?productId=18244554238437&skuCode=82440111010205201,82440111010205201,HONOR 90 Case Black,HONOR,19.99,,,,Black,,,6936520823826,accessories,honor-90-case,buy,,,,,https://img02.honorfile.com/eu/uk/honor/pms/product/6936520823826/group/800_800_90Percent_AD941BF6E0DCA32865014C4E1792591016F218F660DF7CDA.webp,,,,,,,,,,,,,,£19.99,19.99,variant,Colour,Black,,,,,,,,,,,,,,,,,,,,,,,,,,,,,,,,,,,,,,,,,,,,,,,,,,,,,,,,,
HONOR,2025-09-25,https://selfservice-de.hihonor.com/ccpcmd/services/dispatch/secured/CCPC/EN/eCommerce/querySkuDetailDispInfo/1000?skuCodes=82440111010205202&siteCode=uk&groupFlag=false,https://www.honor.com/uk/accessories/honor-90-case/buy/?productId=18244554238437&skuCode=82440111010205202,82440111010205202,HONOR 90 Case Green,HONOR,19.99,,,,Green,,,6936520823833,accessories,honor-90-case,buy,,,,,,,,,,,,,,,,,,,£19.99,19.99,variant,Colour,Green,,,,,,,,,,,,,,,,,,,,,,,,,,,,,,,,,,,,,,,,,,,,,,,,,,,,,,,,,
HONOR,2025-09-25,https://selfservice-de.hihonor.com/ccpcmd/services/dispatch/secured/CCPC/EN/eCommerce/querySkuDetailDispInfo/1000?skuCodes=82440111010204201&siteCode=uk&groupFlag=false,https://www.honor.com/uk/accessories/honor-70-case/buy/?productId=18244213618805&skuCode=82440111010204201,82440111010204201,HONOR 70 PU Case Black,HONOR,19.99,,,,Black,,,6936520808335,accessories,honor-70-case,buy,,,,,,,,,,,,,,,,,,,£19.99,19.99,variant,Colour,Black,,,,,,,,,,,,,,,,,,,,,,,,,,,,,,,,,,,,,,,,,,,,,,,,,,,,,,,,,
HONOR,2025-09-25,https://selfservice-de.hihonor.com/ccpcmd/services/dispatch/secured/CCPC/EN/eCommerce/querySkuDetailDispInfo/1000?skuCodes=82440111010204202&siteCode=uk&groupFlag=false,https://www.honor.com/uk/accessories/honor-70-case/buy/?productId=18244213618805&skuCode=82440111010204202,82440111010204202,HONOR 70 PU Case Green,HONOR,19.99,,,,Green,,,6936520808342,accessories,honor-70-case,buy,,,,,,,,,,,,,,,,,,,£19.99,19.99,variant,Colour,Green,,,,,,,,,,,,,,,,,,,,,,,,,,,,,,,,,,,,,,,,,,,,,,,,,,,,,,,,,
HONOR,2025-09-25,https://selfservice-de.hihonor.com/ccpcmd/services/dispatch/secured/CCPC/EN/eCommerce/querySkuDetailDispInfo/1000?skuCodes=82440111010203601&siteCode=uk&groupFlag=false,https://www.honor.com/uk/accessories/honor-supercharge-wireless-charger-stand/buy/?productId=18244678355223&skuCode=82440111010203601,82440111010203601,HONOR SuperCharge Wireless Charger Stand (Max 100W) White Metallic Silver,HONOR,84.99,,,,Glacier White,,,6936520805952,accessories,honor-supercharge-wireless-charger-stand,buy,,,,,https://img02.honorfile.com/eu/uk/honor/pms/product/6936520805952/group/800_800_90Percent_2E2E6A827CCB4CD006A7F5F8C6A5E02C0C4DFAE9A0E14DA7.webp,https://img02.honorfile.com/eu/uk/honor/pms/product/6936520805952/group/800_800_90Percent_FEDD95B1F06C93F9BE81575C4B3C2FF4B8FC51BC9B1DD2DC.webp,,,,,,,,,,,,,£84.99,84.99,variant,Colour,Glacier White,,,,,,,,,,,,,,,,,,,,,,,,,,,,,,,,,,,,,,,,,,,,,,,,,,,,,,,,,
HONOR,2025-09-25,https://selfservice-de.hihonor.com/ccpcmd/services/dispatch/secured/CCPC/EN/eCommerce/querySkuDetailDispInfo/1000?skuCodes=82440111010203201&siteCode=uk&groupFlag=false,https://www.honor.com/uk/accessories/honor-x7-case/buy/?productId=18244792213303&skuCode=82440111010203201,82440111010203201,HONOR X7 TPU Case,HONOR,9.99,,,,Transparent,,,6936520807970,accessories,honor-x7-case,buy,,,,,https://img02.honorfile.com/eu/uk/honor/pms/product/6936520807970/group/800_800_90Percent_57DA45AB99F5CA8BB59F5A76BF9B254F8D7DA0C2D39FC967.webp,,,,,,,,,,,,,,£9.99,9.99,variant,Colour,Transparent,,,,,,,,,,,,,,,,,,,,,,,,,,,,,,,,,,,,,,,,,,,,,,,,,,,,,,,,,
HONOR,2025-09-25,https://selfservice-de.hihonor.com/ccpcmd/services/dispatch/secured/CCPC/EN/eCommerce/querySkuDetailDispInfo/1000?skuCodes=82440111010203101&siteCode=uk&groupFlag=false,https://www.honor.com/uk/accessories/honor-magic4-lite-case/buy/?productId=18244540337107&skuCode=82440111010203101,82440111010203101,HONOR Magic4 Lite Series PC Case Black,HONOR,14.99,,,,Black,,,6936520804740,accessories,honor-magic4-lite-case,buy,,,,,https://img02.honorfile.com/eu/uk/honor/pms/product/6936520804740/group/800_800_90Percent_54BD9A71BE7F4F20F94C183891797C73212C904D00125625.webp,https://img02.honorfile.com/eu/uk/honor/pms/product/6936520804740/group/800_800_90Percent_310E14CAEA9BD53E4B1BFE9A081E4F3E471FED7C705B1749.webp,,,,,,,,,,,,,£14.99,14.99,variant,Colour,Black,,,,,,,,,,,,,,,,,,,,,,,,,,,,,,,,,,,,,,,,,,,,,,,,,,,,,,,,,
HONOR,2025-09-25,https://selfservice-de.hihonor.com/ccpcmd/services/dispatch/secured/CCPC/EN/eCommerce/querySkuDetailDispInfo/1000?skuCodes=82440111010203501&siteCode=uk&groupFlag=false,https://www.honor.com/uk/accessories/honor-supercharge-power-adapter/buy/?productId=18244961141894&skuCode=82440111010203501,82440111010203501,HONOR SuperCharge Power Adapter (Max 135W) Black,HONOR,69.99,,,,Black,,,6936520809417,accessories,honor-supercharge-power-adapter,buy,,,,,https://img02.honorfile.com/eu/uk/honor/pms/product/6936520809417/group/800_800_90Percent_65E92F57EEB65FACEBABADD156F3E6DD66E1CB1AB75DA24F.webp,https://img02.honorfile.com/eu/uk/honor/pms/product/6936520809417/group/800_800_90Percent_2A2F078412F5FBE9E26C2FD6C490746D1388EFC2DFB6CF1D.webp,https://img02.honorfile.com/eu/uk/honor/pms/product/6936520809417/group/800_800_90Percent_FE4F66CBBD629F9909AD8FBAEDFCA7AF5D2E65CE6EC3CBFB.webp,https://img02.honorfile.com/eu/uk/honor/pms/product/6936520809417/group/800_800_90Percent_AA9CB5EA1A1E5B7F301D08E1AD09F4426446961B29483AF0.webp,https://img02.honorfile.com/eu/uk/honor/pms/product/6936520809417/group/800_800_90Percent_760EA58D91E28C68C3D91D6FED0560500AE5379E68AF8031.webp,,,,,,,,,,£69.99,69.99,variant,Colour,Black,,,,,,,,,,,,,,,,,,,,,,,,,,,,,,,,,,,,,,,,,,,,,,,,,,,,,,,,,
HONOR,2025-09-25,https://selfservice-de.hihonor.com/ccpcmd/services/dispatch/secured/CCPC/EN/eCommerce/querySkuDetailDispInfo/1000?skuCodes=82440120010000301&siteCode=uk&groupFlag=false,https://www.honor.com/uk/accessories/honor-magic5-lite-case/buy/?productId=18244604528496&skuCode=82440120010000301,82440120010000301,HONOR Talents Case for Magic5 Lite - Daydream,HONOR,19.99,,,,Daydream,,,9711AAFT,accessories,honor-magic5-lite-case,buy,,,,,,,,,,,,,,,,,,,£19.99,19.99,variant,Colour,Daydream,,,,,,,,,,,,,,,,,,,,,,,,,,,,,,,,,,,,,,,,,,,,,,,,,,,,,,,,,
HONOR,2025-09-25,https://selfservice-de.hihonor.com/ccpcmd/services/dispatch/secured/CCPC/EN/eCommerce/querySkuDetailDispInfo/1000?skuCodes=82440120010000302&siteCode=uk&groupFlag=false,https://www.honor.com/uk/accessories/honor-magic5-lite-case/buy/?productId=18244604528496&skuCode=82440120010000302,82440120010000302,HONOR Talents Case for Magic5 Lite - City Tower,HONOR,19.99,,,,City Tower,,,9711AAFU,accessories,honor-magic5-lite-case,buy,,,,,,,,,,,,,,,,,,,£19.99,19.99,variant,Colour,City Tower,,,,,,,,,,,,,,,,,,,,,,,,,,,,,,,,,,,,,,,,,,,,,,,,,,,,,,,,,
HONOR,2025-09-25,https://selfservice-de.hihonor.com/ccpcmd/services/dispatch/secured/CCPC/EN/eCommerce/querySkuDetailDispInfo/1000?skuCodes=82440120010000303&siteCode=uk&groupFlag=false,https://www.honor.com/uk/accessories/honor-magic5-lite-case/buy/?productId=18244604528496&skuCode=82440120010000303,82440120010000303,HONOR Talents Case for Magic5 Lite - Zebra,HONOR,19.99,,,,Zebra,,,9711AAFS,accessories,honor-magic5-lite-case,buy,,,,,,,,,,,,,,,,,,,£19.99,19.99,variant,Colour,Zebra,,,,,,,,,,,,,,,,,,,,,,,,,,,,,,,,,,,,,,,,,,,,,,,,,,,,,,,,,
HONOR,2025-09-25,https://selfservice-de.hihonor.com/ccpcmd/services/dispatch/secured/CCPC/EN/eCommerce/querySkuDetailDispInfo/1000?skuCodes=82440120010000304&siteCode=uk&groupFlag=false,https://www.honor.com/uk/accessories/honor-magic5-lite-case/buy/?productId=18244604528496&skuCode=82440120010000304,82440120010000304,HONOR Talents Case for Magic5 Lite - HONOR Organism,HONOR,19.99,,,,HONOR Organism,,,9711AAFR,accessories,honor-magic5-lite-case,buy,,,,,,,,,,,,,,,,,,,£19.99,19.99,variant,Colour,HONOR Organism,,,,,,,,,,,,,,,,,,,,,,,,,,,,,,,,,,,,,,,,,,,,,,,,,,,,,,,,,
HONOR,2025-09-25,https://selfservice-de.hihonor.com/ccpcmd/services/dispatch/secured/CCPC/EN/eCommerce/querySkuDetailDispInfo/1000?skuCodes=82440120010000305&siteCode=uk&groupFlag=false,https://www.honor.com/uk/accessories/honor-magic5-lite-case/buy/?productId=18244604528496&skuCode=82440120010000305,82440120010000305,HONOR Talents Case for Magic5 Lite - Future Yourself,HONOR,19.99,,,,Future Yourself,,,9711AAFW,accessories,honor-magic5-lite-case,buy,,,,,,,,,,,,,,,,,,,£19.99,19.99,variant,Colour,Future Yourself,,,,,,,,,,,,,,,,,,,,,,,,,,,,,,,,,,,,,,,,,,,,,,,,,,,,,,,,,
HONOR,2025-09-25,https://selfservice-de.hihonor.com/ccpcmd/services/dispatch/secured/CCPC/EN/eCommerce/querySkuDetailDispInfo/1000?skuCodes=82440120010000306&siteCode=uk&groupFlag=false,https://www.honor.com/uk/accessories/honor-magic5-lite-case/buy/?productId=18244604528496&skuCode=82440120010000306,82440120010000306,HONOR Talents Case for Magic5 Lite - Cage,HONOR,19.99,,,,Cage,,,9711AAFV,accessories,honor-magic5-lite-case,buy,,,,,,,,,,,,,,,,,,,£19.99,19.99,variant,Colour,Cage,,,,,,,,,,,,,,,,,,,,,,,,,,,,,,,,,,,,,,,,,,,,,,,,,,,,,,,,,
HONOR,2025-09-25,https://selfservice-de.hihonor.com/ccpcmd/services/dispatch/secured/CCPC/EN/eCommerce/querySkuDetailDispInfo/1000?skuCodes=82440120010000307&siteCode=uk&groupFlag=false,https://www.honor.com/uk/accessories/honor-magic5-lite-case/buy/?productId=18244604528496&skuCode=82440120010000307,82440120010000307,HONOR Talents Case for Magic5 Lite - Thinkers,HONOR,19.99,,,,Thinkers,,,9711AAGA,accessories,honor-magic5-lite-case,buy,,,,,,,,,,,,,,,,,,,£19.99,19.99,variant,Colour,Thinkers,,,,,,,,,,,,,,,,,,,,,,,,,,,,,,,,,,,,,,,,,,,,,,,,,,,,,,,,,
HONOR,2025-09-25,https://selfservice-de.hihonor.com/ccpcmd/services/dispatch/secured/CCPC/EN/eCommerce/querySkuDetailDispInfo/1000?skuCodes=82440120010000308&siteCode=uk&groupFlag=false,https://www.honor.com/uk/accessories/honor-magic5-lite-case/buy/?productId=18244604528496&skuCode=82440120010000308,82440120010000308,HONOR Talents Case for Magic5 Lite - Birds,HONOR,19.99,,,,Birds,,,9711AAFY,accessories,honor-magic5-lite-case,buy,,,,,,,,,,,,,,,,,,,£19.99,19.99,variant,Colour,Birds,,,,,,,,,,,,,,,,,,,,,,,,,,,,,,,,,,,,,,,,,,,,,,,,,,,,,,,,,
HONOR,2025-09-25,https://selfservice-de.hihonor.com/ccpcmd/services/dispatch/secured/CCPC/EN/eCommerce/querySkuDetailDispInfo/1000?skuCodes=82440120010000311&siteCode=uk&groupFlag=false,https://www.honor.com/uk/accessories/honor-magic5-lite-case/buy/?productId=18244604528496&skuCode=82440120010000311,82440120010000311,HONOR Talents Case for Magic5 Lite - Flying Bird,HONOR,19.99,,,,Flying Bird,,,9711AAFX,accessories,honor-magic5-lite-case,buy,,,,,,,,,,,,,,,,,,,£19.99,19.99,variant,Colour,Flying Bird,,,,,,,,,,,,,,,,,,,,,,,,,,,,,,,,,,,,,,,,,,,,,,,,,,,,,,,,,
HONOR,2025-09-25,https://selfservice-de.hihonor.com/ccpcmd/services/dispatch/secured/CCPC/EN/eCommerce/querySkuDetailDispInfo/1000?skuCodes=82440111010204801&siteCode=uk&groupFlag=false,https://www.honor.com/uk/accessories/honor-magic5-pro-pu-case/buy/?productId=18244869771533&skuCode=82440111010204801,82440111010204801,HONOR Magic5 Pro PU Case Black - Gift,HONOR,29.99,,,,Black,,,UKLP6936520818051,accessories,honor-magic5-pro-pu-case,buy,,,,,,,,,,,,,,,,,,,£29.99,29.99,variant,Colour,Black,,,,,,,,,,,,,,,,,,,,,,,,,,,,,,,,,,,,,,,,,,,,,,,,,,,,,,,,,
HONOR,2025-09-25,https://selfservice-de.hihonor.com/ccpcmd/services/dispatch/secured/CCPC/EN/eCommerce/querySkuDetailDispInfo/1000?skuCodes=82440118010000601&siteCode=uk&groupFlag=false,https://www.honor.com/uk/accessories/honor-supercharge-wireless-charger-stand-gift/buy/?productId=18244928251355&skuCode=82440118010000601,82440118010000601,HONOR SuperCharge Wireless Charger Stand (Max 100W) - Gift,HONOR,84.99,,,,White,,,UKLP6936520805952,accessories,honor-supercharge-wireless-charger-stand-gift,buy,,,,,,,,,,,,,,,,,,,£84.99,84.99,variant,Colour,White,,,,,,,,,,,,,,,,,,,,,,,,,,,,,,,,,,,,,,,,,,,,,,,,,,,,,,,,,
HONOR,2025-09-25,https://selfservice-de.hihonor.com/ccpcmd/services/dispatch/secured/CCPC/EN/eCommerce/querySkuDetailDispInfo/1000?skuCodes=82440111010205701&siteCode=uk&groupFlag=false,https://www.honor.com/uk/accessories/honor-magic6-lite-case/buy/?productId=18244565924836&skuCode=82440111010205701,82440111010205701,HONOR Magic6 Lite 5G Phone Case - Dialogue in Time and Space,HONOR,19.99,,,,Wizard Purple Leather Strap,,,6910177009727,accessories,honor-magic6-lite-case,buy,,,,,,,,,,,,,,,,,,,£19.99,19.99,variant,Colour,Wizard Purple Leather Strap,,,,,,,,,,,,,,,,,,,,,,,,,,,,,,,,,,,,,,,,,,,,,,,,,,,,,,,,,
HONOR,2025-09-25,https://selfservice-de.hihonor.com/ccpcmd/services/dispatch/secured/CCPC/EN/eCommerce/querySkuDetailDispInfo/1000?skuCodes=82440111010205702&siteCode=uk&groupFlag=false,https://www.honor.com/uk/accessories/honor-magic6-lite-case/buy/?productId=18244565924836&skuCode=82440111010205702,82440111010205702,HONOR Magic6 Lite 5G Phone Case - Tiger Pattern - Enamel,HONOR,19.99,,,,Pearl White,,,6910177009864,accessories,honor-magic6-lite-case,buy,,,,,,,,,,,,,,,,,,,£19.99,19.99,variant,Colour,Pearl White,,,,,,,,,,,,,,,,,,,,,,,,,,,,,,,,,,,,,,,,,,,,,,,,,,,,,,,,,
HONOR,2025-09-25,https://selfservice-de.hihonor.com/ccpcmd/services/dispatch/secured/CCPC/EN/eCommerce/querySkuDetailDispInfo/1000?skuCodes=82440111010205703&siteCode=uk&groupFlag=false,https://www.honor.com/uk/accessories/honor-magic6-lite-case/buy/?productId=18244565924836&skuCode=82440111010205703,82440111010205703,HONOR Magic6 Lite 5G Phone Case - Astral Dream,HONOR,19.99,,,,Emerald Green,,,6910177009703,accessories,honor-magic6-lite-case,buy,,,,,,,,,,,,,,,,,,,£19.99,19.99,variant,Colour,Emerald Green,,,,,,,,,,,,,,,,,,,,,,,,,,,,,,,,,,,,,,,,,,,,,,,,,,,,,,,,,
HONOR,2025-09-25,https://selfservice-de.hihonor.com/ccpcmd/services/dispatch/secured/CCPC/EN/eCommerce/querySkuDetailDispInfo/1000?skuCodes=82440111010205704&siteCode=uk&groupFlag=false,https://www.honor.com/uk/accessories/honor-magic6-lite-case/buy/?productId=18244565924836&skuCode=82440111010205704,82440111010205704,HONOR Magic6 Lite 5G Phone Case - Desert,HONOR,19.99,,,,Lemon Yellow Strap,,,6910177009857,accessories,honor-magic6-lite-case,buy,,,,,,,,,,,,,,,,,,,£19.99,19.99,variant,Colour,Lemon Yellow Strap,,,,,,,,,,,,,,,,,,,,,,,,,,,,,,,,,,,,,,,,,,,,,,,,,,,,,,,,,
HONOR,2025-09-25,https://selfservice-de.hihonor.com/ccpcmd/services/dispatch/secured/CCPC/EN/eCommerce/querySkuDetailDispInfo/1000?skuCodes=82440111010205705&siteCode=uk&groupFlag=false,https://www.honor.com/uk/accessories/honor-magic6-lite-case/buy/?productId=18244565924836&skuCode=82440111010205705,82440111010205705,HONOR Magic6 Lite 5G Phone Case - Remember,HONOR,19.99,,,,Red,,,6910177009895,accessories,honor-magic6-lite-case,buy,,,,,,,,,,,,,,,,,,,£19.99,19.99,variant,Colour,Red,,,,,,,,,,,,,,,,,,,,,,,,,,,,,,,,,,,,,,,,,,,,,,,,,,,,,,,,,
HONOR,2025-09-25,https://selfservice-de.hihonor.com/ccpcmd/services/dispatch/secured/CCPC/EN/eCommerce/querySkuDetailDispInfo/1000?skuCodes=82440110006050000601&siteCode=uk&groupFlag=false,https://www.honor.com/uk/accessories/honor-magic7-pro-pu-case/buy/?productId=18244979949546&skuCode=82440110006050000601,82440110006050000601,HONOR Magic7 Pro PU Case Dark Grey,HONOR,24.99,,,,Dark Grey,,,6936520854646,accessories,honor-magic7-pro-pu-case,buy,,,,,https://img02.honorfile.com/eu/uk/honor/pms/product/6936520854646/group/800_800_90Percent_B64EF765146ACFD633E49BB6CF26618C7A6252ACBD75575Fmp.webp,https://img02.honorfile.com/eu/uk/honor/pms/product/6936520854646/group/800_800_90Percent_B9C0867A7590819C1C0047A2FCE1FE0AB55A7D0B85329B7Emp.webp,https://img02.honorfile.com/eu/uk/honor/pms/product/6936520854646/group/800_800_90Percent_7A89AC33E8EE4149C808D4353497B9CBB066BCD26470AD72mp.webp,https://img02.honorfile.com/eu/uk/honor/pms/product/6936520854646/group/800_800_90Percent_45374535531DBE1C50EFAF95FDC2152F33615DFF18B92C90mp.webp,https://img02.honorfile.com/eu/uk/honor/pms/product/6936520854646/group/800_800_90Percent_64627456FB9BE99975E8890692C6788B5A4A50571A4D4BA3mp.webp,,,,,,,,,,£24.99,24.99,variant,Colour,Dark Grey,,,,,,,,,,,,,,,,,,,,,,,,,,,,,,,,,,,,,,,,,,,,,,,,,,,,,,,,,
HONOR,2025-09-25,https://selfservice-de.hihonor.com/ccpcmd/services/dispatch/secured/CCPC/EN/eCommerce/querySkuDetailDispInfo/1000?skuCodes=82440110006050000602&siteCode=uk&groupFlag=false,https://www.honor.com/uk/accessories/honor-magic7-pro-pu-case/buy/?productId=18244979949546&skuCode=82440110006050000602,82440110006050000602,HONOR Magic7 Pro PU Case Gray,HONOR,24.99,,,,Gray,,,6936520854653,accessories,honor-magic7-pro-pu-case,buy,,,,,https://img02.honorfile.com/eu/uk/honor/pms/product/6936520854653/group/800_800_90Percent_B5D72D65CD40402B81CCEDDEA916BF70CE2E606CE6C2B296mp.webp,https://img02.honorfile.com/eu/uk/honor/pms/product/6936520854653/group/800_800_90Percent_4432E1C9C1688E3D177A21E2C40193A584FB02D1FA0821FDmp.webp,https://img02.honorfile.com/eu/uk/honor/pms/product/6936520854653/group/800_800_90Percent_041B4CA6803AD4858DD79B449BDB065D4AAB985AC1BCC299mp.webp,https://img02.honorfile.com/eu/uk/honor/pms/product/6936520854653/group/800_800_90Percent_BB287B737B8EB0A09FA75EE7E9965BBD8F3BEED6D2502BA7mp.webp,https://img02.honorfile.com/eu/uk/honor/pms/product/6936520854653/group/800_800_90Percent_FE9BA325828B5DA9F96D591AA795724F1C307BF3F016DB37mp.webp,,,,,,,,,,£24.99,24.99,variant,Colour,Gray,,,,,,,,,,,,,,,,,,,,,,,,,,,,,,,,,,,,,,,,,,,,,,,,,,,,,,,,,
HONOR,2025-09-25,https://selfservice-de.hihonor.com/ccpcmd/services/dispatch/secured/CCPC/EN/eCommerce/querySkuDetailDispInfo/1000?skuCodes=82440116010000503&siteCode=uk&groupFlag=false,https://www.honor.com/uk/honor-care/screen-damage-protection-service/buy/?productId=18244250283381&skuCode=82440116010000503,82440116010000503,Bang & Olufsen Headphones - HONOR Magic V2 5G Free Gift - Usually Worth £459,HONOR,459.0,,,,Black,,,8813025618,honor-care,screen-damage-protection-service,buy,,,,,,,,,,,,,,,,,,,£459.0,459.0,variant,Colour,Black,,,,,,,,,,,,,,,,,,,,,,,,,,,,,,,,,,,,,,,,,,,,,,,,,,,,,,,,,
HONOR,2025-09-25,https://selfservice-de.hihonor.com/ccpcmd/services/dispatch/secured/CCPC/EN/eCommerce/querySkuDetailDispInfo/1000?skuCodes=82440116010000701&siteCode=uk&groupFlag=false,https://www.honor.com/uk/honor-care/screen-damage-protection-service-magic-vs-inner-screen/buy/?productId=18244057876864&skuCode=82440116010000701,82440116010000701,HONOR Screen Protection in 6mos one-off (Inner Screen),HONOR,399.99,,,,,,,8813025784,honor-care,screen-damage-protection-service-magic-vs-inner-screen,buy,,,,,,,,,,,,,,,,,,,£399.99,399.99,specification,Extended Warranty,Inner Screen,,,,,,,,,,,,,,,,,,,,,,,,,,,,,,,,,,,,,,,,,,,,,,,,,,,,,,,,,
HONOR,2025-09-25,https://selfservice-de.hihonor.com/ccpcmd/services/dispatch/secured/CCPC/EN/eCommerce/querySkuDetailDispInfo/1000?skuCodes=82440116010000801&siteCode=uk&groupFlag=false,https://www.honor.com/uk/honor-care/screen-damage-protection-service-magic-vs-outer-screen/buy/?productId=18244130582536&skuCode=82440116010000801,82440116010000801,HONOR Screen Protection in 6mos one-off (Outer Screen),HONOR,119.99,,,,,,,8813025782,honor-care,screen-damage-protection-service-magic-vs-outer-screen,buy,,,,,,,,,,,,,,,,,,,£119.99,119.99,specification,Extended Warranty,Outer Screen,,,,,,,,,,,,,,,,,,,,,,,,,,,,,,,,,,,,,,,,,,,,,,,,,,,,,,,,,
HONOR,2025-09-25,https://selfservice-de.hihonor.com/ccpcmd/services/dispatch/secured/CCPC/EN/eCommerce/querySkuDetailDispInfo/1000?skuCodes=82440110007020000401&siteCode=uk&groupFlag=false,https://www.honor.com/uk/honor-care/honor-screen-protection-6m-1-times-outer-screen/buy/?productId=18244978236749&skuCode=82440110007020000401,82440110007020000401,6 Months of HONOR Screen Protection - Outer Screen x 1 Time (HONOR Store Exclusive) -  For HONOR Magic V2,HONOR,119.99,,,,,,,8813025782,honor-care,honor-screen-protection-6m-1-times-outer-screen,buy,,,,,,,,,,,,,,,,,,,£119.99,119.99,specification,Enable Store Pickup,Enable Store Pickup,,,,,,,,,,,,,,,,,,,,,,,,,,,,,,,,,,,,,,,,,,,,,,,,,,,,,,,,,
HONOR,2025-09-25,https://selfservice-de.hihonor.com/ccpcmd/services/dispatch/secured/CCPC/EN/eCommerce/querySkuDetailDispInfo/1000?skuCodes=82440110007020000501&siteCode=uk&groupFlag=false,https://www.honor.com/uk/honor-care/honor-screen-protection-12m-1-times---h200-pro/buy/?productId=18244776246965&skuCode=82440110007020000501,82440110007020000501,HONOR Screen Protection in 12months one-off (HONOR Store Exclusive) -  For HONOR 200 Pro,HONOR,39.99,,,,,,,8813026498,honor-care,honor-screen-protection-12m-1-times---h200-pro,buy,,,,,,,,,,,,,,,,,,,£39.99,39.99,specification,Enable Store Pickup,Enable Store Pickup,,,,,,,,,,,,,,,,,,,,,,,,,,,,,,,,,,,,,,,,,,,,,,,,,,,,,,,,,
HONOR,2025-09-25,https://selfservice-de.hihonor.com/ccpcmd/services/dispatch/secured/CCPC/EN/eCommerce/querySkuDetailDispInfo/1000?skuCodes=82440110007020000601&siteCode=uk&groupFlag=false,https://www.honor.com/uk/honor-care/honor-screen-protection-12m-1-times---h200/buy/?productId=18244233817060&skuCode=82440110007020000601,82440110007020000601,HONOR Screen Protection in 12months one-off (HONOR Store Exclusive) -  For HONOR 200,HONOR,39.99,,,,,,,8813026498,honor-care,honor-screen-protection-12m-1-times---h200,buy,,,,,,,,,,,,,,,,,,,£39.99,39.99,specification,Enable Store Pickup,Enable Store Pickup,,,,,,,,,,,,,,,,,,,,,,,,,,,,,,,,,,,,,,,,,,,,,,,,,,,,,,,,,
HONOR,2025-09-25,https://selfservice-de.hihonor.com/ccpcmd/services/dispatch/secured/CCPC/EN/eCommerce/querySkuDetailDispInfo/1000?skuCodes=82440110007020001301&siteCode=uk&groupFlag=false,https://www.honor.com/uk/honor-care/honor-screen-protection-12m-1-time-outer-screen/buy/?productId=18244438834602&skuCode=82440110007020001301,82440110007020001301,HONOR Screen Protection (Outer Screen) 12M 1Time - HONOR Magic V5,HONOR,149.99,,,,,,,8813027341,honor-care,honor-screen-protection-12m-1-time-outer-screen,buy,,,,,,,,,,,,,,,,,,,£149.99,149.99,specification,Extended Warranty,Outer Screen,,,,,,,,,,,,,,,,,,,,,,,,,,,,,,,,,,,,,,,,,,,,,,,,,,,,,,,,,
HONOR,2025-09-25,https://selfservice-de.hihonor.com/ccpcmd/services/dispatch/secured/CCPC/EN/eCommerce/querySkuDetailDispInfo/1000?skuCodes=82440110007020001401&siteCode=uk&groupFlag=false,https://www.honor.com/uk/honor-care/honor-screen-protection-12m-1-time-inner-screen/buy/?productId=18244251075322&skuCode=82440110007020001401,82440110007020001401,HONOR Screen Protection (Inner Screen) 12M 1Time - HONOR Magic V5,HONOR,149.99,,,,,,,8813027340,honor-care,honor-screen-protection-12m-1-time-inner-screen,buy,,,,,,,,,,,,,,,,,,,£149.99,149.99,specification,Extended Warranty,Inner Screen,,,,,,,,,,,,,,,,,,,,,,,,,,,,,,,,,,,,,,,,,,,,,,,,,,,,,,,,,
HONOR,2025-09-25,https://selfservice-de.hihonor.com/ccpcmd/services/dispatch/secured/CCPC/EN/eCommerce/querySkuDetailDispInfo/1000?skuCodes=82440110011050001001&siteCode=uk&groupFlag=false,https://www.honor.com/uk/honor-choice/earbuds-x7i/buy/?productId=18244973229722&skuCode=82440110011050001001,82440110011050001001,HONOR CHOICE LCHSE Earbuds X7i,HONOR,29.99,,,,White,,,6975840260294,honor-choice,earbuds-x7i,buy,,,,,https://img02.honorfile.com/eu/uk/honor/pms/product/6975840260294/group/800_800_90Percent_3B6EE793508AB303A6419E25AC9F92DBDB03C261A33C1CD7mp.webp,https://img02.honorfile.com/eu/uk/honor/pms/product/6975840260294/group/800_800_90Percent_C14C7ADFB6D13C2F2457C0EA4119F0AAF1D0AB46EA4AA308mp.webp,https://img02.honorfile.com/eu/uk/honor/pms/product/6975840260294/group/800_800_90Percent_D954582801C3FBA0866D47E11A89BCDCD615B740F80104D4mp.webp,https://img02.honorfile.com/eu/uk/honor/pms/product/6975840260294/group/800_800_90Percent_FC42B015D07CC1E4411593D3066301CB6BACADD774B7E0F4mp.webp,https://img02.honorfile.com/eu/uk/honor/pms/product/6975840260294/group/800_800_90Percent_C94631102D627F82438A45F12D94E8555890569763DBFB32mp.webp,,,1,5.0,,,,,,£29.99,29.99,variant,Colour,White,,,,,,,,,,,,,,,,,,,,,,,,,,,,,,,,,,,,,,,,,,,,,,,,,,,,,,,,,
HONOR,2025-09-25,https://selfservice-de.hihonor.com/ccpcmd/services/dispatch/secured/CCPC/EN/eCommerce/querySkuDetailDispInfo/1000?skuCodes=82440110011110000101&siteCode=uk&groupFlag=false,https://www.honor.com/uk/honor-choice/portable-coffee-machine/buy/?productId=18244198484922&skuCode=82440110011110000101,82440110011110000101,HONOR CHOICE Portable Coffee Machine,HONOR,79.99,,,,White,,,6971626980516,honor-choice,portable-coffee-machine,buy,,,,,https://img02.honorfile.com/eu/uk/honor/pms/product/6971626980516/group/800_800_90Percent_74C8AD4750D0EFA5609310D8DEA3E16CAEA4728D80548846mp.webp,https://img02.honorfile.com/eu/uk/honor/pms/product/6971626980516/group/800_800_90Percent_C2796C4D081431BF0D5844F6FC389012658D69A4CA4C5CA8mp.webp,https://img02.honorfile.com/eu/uk/honor/pms/product/6971626980516/group/800_800_90Percent_3E0263BA0E832843371AAD805D2421C9BAEA55EAA8B322CCmp.webp,https://img02.honorfile.com/eu/uk/honor/pms/product/6971626980516/group/800_800_90Percent_04F177642CB32A6B60744A10B2BAE78F7D2C74BA3145291Bmp.webp,https://img02.honorfile.com/eu/uk/honor/pms/product/6971626980516/group/800_800_90Percent_13D313062971D576DD94654F6DA853EC86989AAC691F60A7mp.webp,,,,,,,,,,£79.99,79.99,variant,Colour,White,,,,,,,,,,,,,,,,,,,,,,,,,,,,,,,,,,,,,,,,,,,,,,,,,,,,,,,,,
HONOR,2025-09-25,https://selfservice-de.hihonor.com/ccpcmd/services/dispatch/secured/CCPC/EN/eCommerce/querySkuDetailDispInfo/1000?skuCodes=82440110011010000101&siteCode=uk&groupFlag=false,https://www.honor.com/uk/honor-choice/haylou-smart-watch/buy/?productId=18244959365765&skuCode=82440110011010000101,82440110011010000101,HONOR CHOICE Haylou Watch White,HONOR,79.99,129.99,Y,,White,,,6971664934816,honor-choice,haylou-smart-watch,buy,,,,,https://img02.honorfile.com/eu/uk/honor/pms/product/6971664934816/group/800_800_90Percent_E06D4186109CD28DB9163B03B06E5271C24D2D0F2F064304mp.webp,https://img02.honorfile.com/eu/uk/honor/pms/product/6971664934816/group/800_800_90Percent_C725D78AA018CE148826588685694A5D6675EFFBC167F83Bmp.webp,https://img02.honorfile.com/eu/uk/honor/pms/product/6971664934816/group/800_800_90Percent_ED09923C87A11CA37C5F5B6F3DD9267D6536708E5AC89ACEmp.webp,https://img02.honorfile.com/eu/uk/honor/pms/product/6971664934816/group/800_800_90Percent_01155714EF9233DA75DFC65D62CB467B326B5E5DA99A9211mp.webp,https://img02.honorfile.com/eu/uk/honor/pms/product/6971664934816/group/800_800_90Percent_9E9F47EFCBE978AFB5179BF86776846B18F5962982B9C3D8mp.webp,,,,,,,,,,£79.99,79.99,variant,Colour,White,,,,,,,,,,,,,,,,,,,,,,,,,,,,,,,,,,,,,,,,,,,,,,,,,,,,,,,,,
HONOR,2025-09-25,https://selfservice-de.hihonor.com/ccpcmd/services/dispatch/secured/CCPC/EN/eCommerce/querySkuDetailDispInfo/1000?skuCodes=82440110011010000102&siteCode=uk&groupFlag=false,https://www.honor.com/uk/honor-choice/haylou-smart-watch/buy/?productId=18244959365765&skuCode=82440110011010000102,82440110011010000102,HONOR CHOICE Haylou Watch Black,HONOR,79.99,129.99,Y,,Black,,,6971664934809,honor-choice,haylou-smart-watch,buy,,,,,https://img02.honorfile.com/eu/uk/honor/pms/product/6971664934809/group/800_800_90Percent_353DCC361776EA36B5170050916EA51702FEE862523A6CEFmp.webp,https://img02.honorfile.com/eu/uk/honor/pms/product/6971664934809/group/800_800_90Percent_FE60B5137A2EED825C0F0E9FA84C1991316E78B4B9DF55DFmp.webp,https://img02.honorfile.com/eu/uk/honor/pms/product/6971664934809/group/800_800_90Percent_17EA466CCAB322B2AFCC256877060317D2D5E916890349C8mp.webp,https://img02.honorfile.com/eu/uk/honor/pms/product/6971664934809/group/800_800_90Percent_64EEF07ECE83BD2C52A997E4725EDEF06B317BC2CFC33C5Emp.webp,https://img02.honorfile.com/eu/uk/honor/pms/product/6971664934809/group/800_800_90Percent_1AC0AB46FF54177B9A548237F0A5E28885A41F714B8A57C4mp.webp,,,,,,,,,,£79.99,79.99,variant,Colour,Black,,,,,,,,,,,,,,,,,,,,,,,,,,,,,,,,,,,,,,,,,,,,,,,,,,,,,,,,,
HONOR,2025-09-25,https://selfservice-de.hihonor.com/ccpcmd/services/dispatch/secured/CCPC/EN/eCommerce/querySkuDetailDispInfo/1000?skuCodes=82440110011010000301&siteCode=uk&groupFlag=false,https://www.honor.com/uk/honor-choice/watch-2i/buy/?productId=18244421943107&skuCode=82440110011010000301,82440110011010000301,HONOR CHOICE Watch 2i Black,HONOR,89.99,,,,Black,,,6977887510127,honor-choice,watch-2i,buy,,,,,https://img02.honorfile.com/eu/uk/honor/pms/product/6977887510127/group/800_800_90Percent_4449718D56188DC50B601A9A79C74ADF52D8E6920DDCD108mp.webp,https://img02.honorfile.com/eu/uk/honor/pms/product/6977887510127/group/800_800_90Percent_FD7EEFF61207801C221E4AA255A08EFDDCFB10D5B1E27DC1mp.webp,https://img02.honorfile.com/eu/uk/honor/pms/product/6977887510127/group/800_800_90Percent_C2EB23861A08A19297E464D1A7FF8BE851477EFE51200697mp.webp,https://img02.honorfile.com/eu/uk/honor/pms/product/6977887510127/group/800_800_90Percent_7AF25320B7D0CED6A7F6879176658BEC87CF480617586996mp.webp,https://img02.honorfile.com/eu/uk/honor/pms/product/6977887510127/group/800_800_90Percent_B4C6BC13EDABCFED77EB2A5FE86A0EA8C7124EFB80610908mp.webp,,,,,,,,,,£89.99,89.99,variant,Colour,Black,,,,,,,,,,,,,,,,,,,,,,,,,,,,,,,,,,,,,,,,,,,,,,,,,,,,,,,,,
HONOR,2025-09-25,https://selfservice-de.hihonor.com/ccpcmd/services/dispatch/secured/CCPC/EN/eCommerce/querySkuDetailDispInfo/1000?skuCodes=82440110011010000302&siteCode=uk&groupFlag=false,https://www.honor.com/uk/honor-choice/watch-2i/buy/?productId=18244421943107&skuCode=82440110011010000302,82440110011010000302,HONOR CHOICE Watch 2i White,HONOR,89.99,,,,White,,,6977887510134,honor-choice,watch-2i,buy,,,,,https://img02.honorfile.com/eu/uk/honor/pms/product/6977887510134/group/800_800_90Percent_E0619971F9E88B8E34C263904CD7FFBF913F7C618C33EC3Bmp.webp,https://img02.honorfile.com/eu/uk/honor/pms/product/6977887510134/group/800_800_90Percent_E2512BA95B67FC7EE5A4098CC75C81814CAF38B3FACF41CBmp.webp,https://img02.honorfile.com/eu/uk/honor/pms/product/6977887510134/group/800_800_90Percent_10D133C2D1E2417B08B88B20794EA3DC3F50CF2BDA372DD5mp.webp,https://img02.honorfile.com/eu/uk/honor/pms/product/6977887510134/group/800_800_90Percent_A299D08A84EE01FD91E513547C684DC44CA27AD59A34077Amp.webp,https://img02.honorfile.com/eu/uk/honor/pms/product/6977887510134/group/800_800_90Percent_4DDE5FBDCBF328F864497B6B50FEC07E07A63474B7AC331Emp.webp,,,,,,,,,,£89.99,89.99,variant,Colour,White,,,,,,,,,,,,,,,,,,,,,,,,,,,,,,,,,,,,,,,,,,,,,,,,,,,,,,,,,
HONOR,2025-09-25,https://selfservice-de.hihonor.com/ccpcmd/services/dispatch/secured/CCPC/EN/eCommerce/querySkuDetailDispInfo/1000?skuCodes=82440110011050001101&siteCode=uk&groupFlag=false,https://www.honor.com/uk/honor-choice/honor-magic-v5-case/buy/?productId=18244704247278&skuCode=82440110011050001101,82440110011050001101,HONOR CHOICE HONOR Magic V5 Case,HONOR,29.99,,,,Black,,,6950941419420,honor-choice,honor-magic-v5-case,buy,,,,,https://img02.honorfile.com/eu/uk/honor/pms/product/6950941419420/group/800_800_90Percent_FDB416E40DF0166900508B070C31E96B57A20E76529605CAmp.webp,https://img02.honorfile.com/eu/uk/honor/pms/product/6950941419420/group/800_800_90Percent_C205B5EF1C83A8E2EB9438FDC0BEFDCDC27F8EAEC9AF6213mp.webp,,,,,,,,,,,,,£29.99,29.99,variant,Colour,Black,,,,,,,,,,,,,,,,,,,,,,,,,,,,,,,,,,,,,,,,,,,,,,,,,,,,,,,,,
HONOR,2025-09-25,https://selfservice-de.hihonor.com/ccpcmd/services/dispatch/secured/CCPC/EN/eCommerce/querySkuDetailDispInfo/1000?skuCodes=82440110011050000801&siteCode=uk&groupFlag=false,https://www.honor.com/uk/honor-choice/honor-400-pro-case-eu-pc/buy/?productId=18244071445968&skuCode=82440110011050000801,82440110011050000801,HONOR CHOICE HONOR 400 Pro Case Black,HONOR,14.99,,,,Black,,,6950941447652,honor-choice,honor-400-pro-case-eu-pc,buy,,,,,,,,,,,,,,,,,,,£14.99,14.99,variant,Colour,Black,,,,,,,,,,,,,,,,,,,,,,,,,,,,,,,,,,,,,,,,,,,,,,,,,,,,,,,,,
HONOR,2025-09-25,https://selfservice-de.hihonor.com/ccpcmd/services/dispatch/secured/CCPC/EN/eCommerce/querySkuDetailDispInfo/1000?skuCodes=82440110011050000802&siteCode=uk&groupFlag=false,https://www.honor.com/uk/honor-choice/honor-400-pro-case-eu-pc/buy/?productId=18244071445968&skuCode=82440110011050000802,82440110011050000802,HONOR CHOICE HONOR 400 Pro Case White,HONOR,14.99,,,,White,,,6950941447645,honor-choice,honor-400-pro-case-eu-pc,buy,,,,,,,,,,,,,,,,,,,£14.99,14.99,variant,Colour,White,,,,,,,,,,,,,,,,,,,,,,,,,,,,,,,,,,,,,,,,,,,,,,,,,,,,,,,,,
HONOR,2025-09-25,https://selfservice-de.hihonor.com/ccpcmd/services/dispatch/secured/CCPC/EN/eCommerce/querySkuDetailDispInfo/1000?skuCodes=82440110011050000401&siteCode=uk&groupFlag=false,https://www.honor.com/uk/honor-choice/vz-sport-mate-headphones-pro/buy/?productId=18244572733301&skuCode=82440110011050000401,82440110011050000401,HONOR CHOICE Headphones Pro,HONOR,79.99,169.99,Y,,Black,,,6977400140107,honor-choice,vz-sport-mate-headphones-pro,buy,,,,,https://img02.honorfile.com/eu/uk/honor/pms/product/6977400140107/group/800_800_90Percent_698ADB20B2B6E10AD90FE7BB40F6FA02D90F02E1C9890C2Emp.webp,https://img02.honorfile.com/eu/uk/honor/pms/product/6977400140107/group/800_800_90Percent_3531F32FD9A462714CAFB1C3B9FE2DFE44543A5EA57788A1mp.webp,https://img02.honorfile.com/eu/uk/honor/pms/product/6977400140107/group/800_800_90Percent_8A86603725DF4782EF148CB846068BC6FB88C52AA293151Amp.webp,https://img02.honorfile.com/eu/uk/honor/pms/product/6977400140107/group/800_800_90Percent_4B6F4308875C1CF723904F2D3C50E55AB0F686D9D51B904Cmp.webp,https://img02.honorfile.com/eu/uk/honor/pms/product/6977400140107/group/800_800_90Percent_D234E0A975A0458E31C046FA29D7490F2B72E1EF8147EC7Dmp.webp,,,46,4.9,,,,,,£79.99,79.99,variant,Colour,Black,,,,,,,,,,,,,,,,,,,,,,,,,,,,,,,,,,,,,,,,,,,,,,,,,,,,,,,,,
HONOR,2025-09-25,https://selfservice-de.hihonor.com/ccpcmd/services/dispatch/secured/CCPC/EN/eCommerce/querySkuDetailDispInfo/1000?skuCodes=82440110011050000701&siteCode=uk&groupFlag=false,https://www.honor.com/uk/honor-choice/honor-400-case-eu-pc/buy/?productId=18244786561389&skuCode=82440110011050000701,82440110011050000701,HONOR CHOICE HONOR 400 Case Black,HONOR,14.99,,,,Black,,,6950941445702,honor-choice,honor-400-case-eu-pc,buy,,,,,,,,,,,,,,,,,,,£14.99,14.99,variant,Colour,Black,,,,,,,,,,,,,,,,,,,,,,,,,,,,,,,,,,,,,,,,,,,,,,,,,,,,,,,,,
HONOR,2025-09-25,https://selfservice-de.hihonor.com/ccpcmd/services/dispatch/secured/CCPC/EN/eCommerce/querySkuDetailDispInfo/1000?skuCodes=82440110011050000702&siteCode=uk&groupFlag=false,https://www.honor.com/uk/honor-choice/honor-400-case-eu-pc/buy/?productId=18244786561389&skuCode=82440110011050000702,82440110011050000702,HONOR CHOICE HONOR 400 Case White,HONOR,14.99,,,,White,,,6950941445962,honor-choice,honor-400-case-eu-pc,buy,,,,,,,,,,,,,,,,,,,£14.99,14.99,variant,Colour,White,,,,,,,,,,,,,,,,,,,,,,,,,,,,,,,,,,,,,,,,,,,,,,,,,,,,,,,,,
HONOR,2025-09-25,https://selfservice-de.hihonor.com/ccpcmd/services/dispatch/secured/CCPC/EN/eCommerce/querySkuDetailDispInfo/1000?skuCodes=82440110011050000501&siteCode=uk&groupFlag=false,https://www.honor.com/uk/honor-choice/honor-choice-portable-bluetooth-speaker-pro/buy/?productId=18244613363944&skuCode=82440110011050000501,82440110011050000501,HONOR CHOICE Portable Bluetooth Speaker Pro Black,HONOR,79.99,129.99,Y,,Black,,,6975806660540,honor-choice,honor-choice-portable-bluetooth-speaker-pro,buy,,,,,https://img02.honorfile.com/eu/uk/honor/pms/product/6975806660540/group/800_800_90Percent_C156FC83A46ADCE60C45A87FC9CF817938281F28ADB7EBB2mp.webp,https://img02.honorfile.com/eu/uk/honor/pms/product/6975806660540/group/800_800_90Percent_588D986C8BF7416CE028292AE11ED76A545E4B2658DD348Bmp.webp,https://img02.honorfile.com/eu/uk/honor/pms/product/6975806660540/group/800_800_90Percent_4F6C60CF08E646F2EA94A580EF3F9D38DB531BF7074C34ABmp.webp,https://img02.honorfile.com/eu/uk/honor/pms/product/6975806660540/group/800_800_90Percent_51F967920B6C3636793A535922EE57DA88DAA9E15E46720Amp.webp,https://img02.honorfile.com/eu/uk/honor/pms/product/6975806660540/group/800_800_90Percent_ACE1E4DA0C4F6AF7E142723CB2A29FAC5F3D91566F8CEF69mp.webp,,,,,,,,,,£79.99,79.99,variant,Colour,Black,,,,,,,,,,,,,,,,,,,,,,,,,,,,,,,,,,,,,,,,,,,,,,,,,,,,,,,,,
HONOR,2025-09-25,https://selfservice-de.hihonor.com/ccpcmd/services/dispatch/secured/CCPC/EN/eCommerce/querySkuDetailDispInfo/1000?skuCodes=82440110011050000502&siteCode=uk&groupFlag=false,https://www.honor.com/uk/honor-choice/honor-choice-portable-bluetooth-speaker-pro/buy/?productId=18244613363944&skuCode=82440110011050000502,82440110011050000502,HONOR CHOICE Portable Bluetooth Speaker Pro White,HONOR,79.99,129.99,Y,,White,,,6975806660502,honor-choice,honor-choice-portable-bluetooth-speaker-pro,buy,,,,,https://img02.honorfile.com/eu/uk/honor/pms/product/6975806660502/group/800_800_90Percent_78123DD7B06C67B1BA33CA02790FF417F902000A74D1D9C8mp.webp,https://img02.honorfile.com/eu/uk/honor/pms/product/6975806660502/group/800_800_90Percent_7CFA8CD0534B1EB48E9E03E780C7EF1B5FDB4E492779F27Fmp.webp,https://img02.honorfile.com/eu/uk/honor/pms/product/6975806660502/group/800_800_90Percent_A76ECED104F3C5F03EC2C39538A5DF7E3D71630B1BD2B158mp.webp,https://img02.honorfile.com/eu/uk/honor/pms/product/6975806660502/group/800_800_90Percent_3C54D31213E063AD471AD472CB0642588885245E1579B92Bmp.webp,https://img02.honorfile.com/eu/uk/honor/pms/product/6975806660502/group/800_800_90Percent_70AA4FE52EFB2D7F9F4BC8DC7D52AF6634C64250817DD192mp.webp,,,,,,,,,,£79.99,79.99,variant,Colour,White,,,,,,,,,,,,,,,,,,,,,,,,,,,,,,,,,,,,,,,,,,,,,,,,,,,,,,,,,
HONOR,2025-09-25,https://selfservice-de.hihonor.com/ccpcmd/services/dispatch/secured/CCPC/EN/eCommerce/querySkuDetailDispInfo/1000?skuCodes=82440110011050000301&siteCode=uk&groupFlag=false,https://www.honor.com/uk/honor-choice/earbuds-s7/buy/?productId=18244784478875&skuCode=82440110011050000301,82440110011050000301,HONOR CHOICE Earbuds S7 White,HONOR,44.99,,,,White,,,6933037204254,honor-choice,earbuds-s7,buy,,,,,https://img02.honorfile.com/eu/uk/honor/pms/product/6933037204254/group/800_800_90Percent_D876C11DA0C377D2FF02616218058D0B697C522676639F35mp.webp,https://img02.honorfile.com/eu/uk/honor/pms/product/6933037204254/group/800_800_90Percent_401BC255C7D3D512DDF59C8153BAE4D4773EDCCEF4E951C3mp.webp,https://img02.honorfile.com/eu/uk/honor/pms/product/6933037204254/group/800_800_90Percent_45FF291CD72E4DAF7CECBEF136CCF03EA3980D35407C188Cmp.webp,https://img02.honorfile.com/eu/uk/honor/pms/product/6933037204254/group/800_800_90Percent_C2184C10BC7F7900944A9DA2A90FD4E308D9F90A8E96A555mp.webp,https://img02.honorfile.com/eu/uk/honor/pms/product/6933037204254/group/800_800_90Percent_A1134666E858D2C4FE7F65D4BF91F4BF8C7A5BE36958CDCEmp.webp,,,18,5.0,,,,,,£44.99,44.99,variant,Colour,White,,,,,,,,,,,,,,,,,,,,,,,,,,,,,,,,,,,,,,,,,,,,,,,,,,,,,,,,,
HONOR,2025-09-25,https://selfservice-de.hihonor.com/ccpcmd/services/dispatch/secured/CCPC/EN/eCommerce/querySkuDetailDispInfo/1000?skuCodes=82440111010205501&siteCode=uk&groupFlag=false,https://www.honor.com/uk/honor-choice/earbuds-x5/buy/?productId=18244097256370&skuCode=82440111010205501,82440111010205501,HONOR CHOICE Earbuds X5,HONOR,44.99,,,,White,,,6975840260133,honor-choice,earbuds-x5,buy,,,,,https://img02.honorfile.com/eu/uk/honor/pms/product/6975840260133/group/800_800_90Percent_42366658E7331690EBAD061A58BFAD40380CC661C32B76F7.webp,https://img02.honorfile.com/eu/uk/honor/pms/product/6975840260133/group/800_800_90Percent_23F922134A24DDE66CADE461D3CFC70127BDA5421C7C6C3E.webp,https://img02.honorfile.com/eu/uk/honor/pms/product/6975840260133/group/800_800_90Percent_FE43C058E5FEEA5E45658AAB527226F50C06047E612BFEBA.webp,https://img02.honorfile.com/eu/uk/honor/pms/product/6975840260133/group/800_800_90Percent_020B8A52F370F152CB5F436354823F92A28C4AB98DEFC6B3.webp,https://img02.honorfile.com/eu/uk/honor/pms/product/6975840260133/group/800_800_90Percent_C84AF1E25F5EDDA2A4584A09DA648B01AACE07C99C9DEBF3.webp,,,,,,,,,,£44.99,44.99,variant,Colour,White,,,,,,,,,,,,,,,,,,,,,,,,,,,,,,,,,,,,,,,,,,,,,,,,,,,,,,,,,
HONOR,2025-09-25,https://selfservice-de.hihonor.com/ccpcmd/services/dispatch/secured/CCPC/EN/eCommerce/querySkuDetailDispInfo/1000?skuCodes=82440111010205601&siteCode=uk&groupFlag=false,https://www.honor.com/uk/honor-choice/portable-bluetooth-speaker/buy/?productId=18244438472136&skuCode=82440111010205601,82440111010205601,HONOR CHOICE Portable Bluetooth Speaker Black,HONOR,44.99,,,,Black,,,6975806660243,honor-choice,portable-bluetooth-speaker,buy,,,,,https://img02.honorfile.com/eu/uk/honor/pms/product/6975806660243/group/800_800_90Percent_9251128786AB05A95AD6C2A83B45EE4FFA4674C3FCA6828A.webp,https://img02.honorfile.com/eu/uk/honor/pms/product/6975806660243/group/800_800_90Percent_D0C526695BB5C843C14603D5CE7E6EAFB613E4CC869CA154.webp,https://img02.honorfile.com/eu/uk/honor/pms/product/6975806660243/group/800_800_90Percent_6437E7C4466A04D76D0470DF4A1602B3341E1C43CBAE5618.webp,https://img02.honorfile.com/eu/uk/honor/pms/product/6975806660243/group/800_800_90Percent_BFCD1CBDCB28F97165F4B165CB62E633EDB211E47634F687.webp,https://img02.honorfile.com/eu/uk/honor/pms/product/6975806660243/group/800_800_90Percent_CA238555286180B6B089C17801F64120254DEB075F6D9115.webp,,,,,,,,,,£44.99,44.99,variant,Colour,Black,,,,,,,,,,,,,,,,,,,,,,,,,,,,,,,,,,,,,,,,,,,,,,,,,,,,,,,,,
HONOR,2025-09-25,https://selfservice-de.hihonor.com/ccpcmd/services/dispatch/secured/CCPC/EN/eCommerce/querySkuDetailDispInfo/1000?skuCodes=82440111010205602&siteCode=uk&groupFlag=false,https://www.honor.com/uk/honor-choice/portable-bluetooth-speaker/buy/?productId=18244438472136&skuCode=82440111010205602,82440111010205602,HONOR CHOICE Portable Bluetooth Speaker Red,HONOR,44.99,,,,Red,,,6975806660236,honor-choice,portable-bluetooth-speaker,buy,,,,,https://img02.honorfile.com/eu/uk/honor/pms/product/6975806660236/group/800_800_90Percent_1C7D52FE6AABFDEC9500F290214B548A089B365D24C14CAF.webp,https://img02.honorfile.com/eu/uk/honor/pms/product/6975806660236/group/800_800_90Percent_AE6CBD71E1CB36B38EF09A5FEE7F5B66DC0675CDE506C11A.webp,https://img02.honorfile.com/eu/uk/honor/pms/product/6975806660236/group/800_800_90Percent_367C5A7681CDA9C096802201432D3A537B01487631022FA5.webp,https://img02.honorfile.com/eu/uk/honor/pms/product/6975806660236/group/800_800_90Percent_FCCA588A8168812864AA5F2865E911DE6D07B85EE92B02A3.webp,https://img02.honorfile.com/eu/uk/honor/pms/product/6975806660236/group/800_800_90Percent_20ECC61035DEEC8B1A86347B54ECE07DFF04C4ED1B7F5664.webp,,,,,,,,,,£44.99,44.99,variant,Colour,Red,,,,,,,,,,,,,,,,,,,,,,,,,,,,,,,,,,,,,,,,,,,,,,,,,,,,,,,,,
HONOR,2025-09-25,https://selfservice-de.hihonor.com/ccpcmd/services/dispatch/secured/CCPC/EN/eCommerce/querySkuDetailDispInfo/1000?skuCodes=82440110011020000101&siteCode=uk&groupFlag=false,https://www.honor.com/uk/honor-choice/tnhchop-pencil/buy/?productId=18244363294930&skuCode=82440110011020000101,82440110011020000101,HONOR CHOICE TNHCHOP Pencil,HONOR,44.99,,,,Grey,,,6943279403124,honor-choice,tnhchop-pencil,buy,,,,,https://img02.honorfile.com/eu/uk/honor/pms/product/6943279403124/group/800_800_90Percent_DCC896AD18EA4DC8D0D50AC40A2D62452849D8B229C7A1D2mp.webp,https://img02.honorfile.com/eu/uk/honor/pms/product/6943279403124/group/800_800_90Percent_A46A15A3B4EEBBDE22605CF174A4E6778E6EBEC51C67870Emp.webp,https://img02.honorfile.com/eu/uk/honor/pms/product/6943279403124/group/800_800_90Percent_12916A2CB186304FBB8C4BD46FAD63EFE4990CF82C905E17mp.webp,https://img02.honorfile.com/eu/uk/honor/pms/product/6943279403124/group/800_800_90Percent_F65CDA28BD8357E803A74263EED55D67B09240AFB6F0297Amp.webp,https://img02.honorfile.com/eu/uk/honor/pms/product/6943279403124/group/800_800_90Percent_FC3B9B141638632BEB29058AF46F9A57E13579CF6C480822mp.webp,,,21,4.9,,,,,,£44.99,44.99,variant,Colour,Grey,,,,,,,,,,,,,,,,,,,,,,,,,,,,,,,,,,,,,,,,,,,,,,,,,,,,,,,,,
