source,date,apiURL,url,sku,name,brand,price,stock,previousPrice,onSale,saleText,colour,size,UPC,EAN,cat,subcat1,subcat2,subcat3,subcat4,subcat5,warranty,image1,image2,image3,image4,image5,desc,shortDesc,reviewCount,reviewRating,videoURL,isSellingFast,isRestockingSoon,isPromotion,isOutletPrice,lowestPriceText,lowestPriceValue,attributeType1,attributeTitle1,attributeValue1,attributeType2,attributeTitle2,attributeValue2,attributeType3,attributeTitle3,attributeValue3,attributeType4,attributeTitle4,attributeValue4,attributeType5,attributeTitle5,attributeValue5,attributeType6,attributeTitle6,attributeValue6,attributeType7,attributeTitle7,attributeValue7,attributeType8,attributeTitle8,attributeValue8,attributeType9,attributeTitle9,attributeValue9,attributeType10,attributeTitle10,attributeValue10,attributeType11,attributeTitle11,attributeValue11,attributeType12,attributeTitle12,attributeValue12,attributeType13,attributeTitle13,attributeValue13,attributeType14,attributeTitle14,attributeValue14,attributeType15,attributeTitle15,attributeValue15,attributeType16,attributeTitle16,attributeValue16,attributeType17,attributeTitle17,attributeValue17,attributeType18,attributeTitle18,attributeValue18,attributeType19,attributeTitle19,attributeValue19,attributeType20,attributeTitle20,attributeValue20
costco,2025-10-31,https://www.costco.co.uk/rest/v2/uk/products/134653/?fields=FULL&lang=en_GB&curr=GBP,https://www.costco.co.uk/Business-Office-Supplies/Paper-Mailing/Post-it-Notes/Post-it-Z-Note-76-x-76mm-12-Pack-of-Canary-Yellow-Blank-Notes/p/134653,134653,Post-it Z-Note 76 x 76mm 12 Pack of Canary Yellow Blank Notes,Post-it,23.98,N,,,,Canary Yellow,,,,Business & Office Supplies,Paper & Mailing,Post-it Notes,,,,,https://www.costco.co.uk/medias/sys_master/products/h3a/h65/10031349891102.jpg,,,,,"These 3M Post-it Z-Notes in canary yellow are perfect for one handed removal due to them popping up one after the other. Post-it Z-Note Refill Pads are designed for use in a Post-it Z-Note dispenser, the pop-up dispensers are easy to use, saving on desk space and keeping Post-it Notes where they are easy to find.. Ideal for when you're on the phone. This pack contains 12 pads each with 100 76 x 76mm sticky notes providing you with a fantastic 1200 sticky notes in total. The Z-Notes come in canary yellow ensuring that your messages and notes always stand out. With this pack of Post-it Canary Yellow notes you can also be sure that you are looking after the environment, as the sticky notes are PEFC certified with environmentally friendly adhesive. Ideal for when you're on the phone Colours: Canary Yellow 100 sheets per pad, 12 pads per pack 76x76mm contained packs ideal to dispense from Ruled: No Made from 100% recyclable materials","Free Technical Support - Step-By-Step Instructions, Troubleshooting & More",,,,,,,,,,Specification,Type,Desktop Stationary,Specification,Paper Size,76 x 76mm,Specification,Pack Size,Pack of 12,Specification,Manufacturers Part Number,R330,Specification,Weight,0.51kg,Specification,Number of Notes per Pad,100,Specification,Width,76mm,Specification,Self-Adhesive,Yes,Specification,Ruling,No,Specification,Super Sticky,No,Specification,Shape,Square,,,,,,,,,,,,,,,,,,,,,,,,,,,
costco,2025-10-31,https://www.costco.co.uk/rest/v2/uk/products/139798/?fields=FULL&lang=en_GB&curr=GBP,https://www.costco.co.uk/Sports-Spas-Leisure/Camping/Camping-Equipment/Samba-Sports-6-Seater-Folding-Portable-Bench/p/139798,139798,Samba Sports 6-Seater Folding Portable Bench,Samba Sports,79.99,Y,,,,Black,,,,"Sports, Spas & Leisure",Camping,Camping Equipment,,,,,https://www.costco.co.uk/medias/sys_master/products/hfa/hf4/10031280750622.jpg,https://www.costco.co.uk/medias/sys_master/products/h08/hd7/10033720590366.jpg,https://www.costco.co.uk/medias/sys_master/products/h3b/hef/10033718624286.jpg,https://www.costco.co.uk/medias/sys_master/products/h5f/hed/10033719214110.jpg,,"This Samba Sports 6-seater folding chair is the perfect portable, affordable seating solution for sports teams, spectators, or as a spare seat for your home. It easily unfolds to create instant comfortable seating for sports events, camping, garden barbeques. Light but heavy: Heavy duty steel frame with quality 600D HD Poly bench fabric, but it weighs just 11kg So portable with the carry bag with shoulder strap The perfect bench for substitutes, coaching staff or anytime extra seating is needed Sets up in seconds: no instructions or tools needed Dimensions Open: H 76 x W 270 x D 43 cm Dimensions Closed: H 76 x W 74 x D 43 cm",,27,4.9,,,,,,,,Specification,Bag Included,Yes,Specification,Material,Polyester,Specification,Type,Chair,Specification,Dimensions,H 76 x W 270 x D 43 cm,Specification,Weight,11kg,,,,,,,,,,,,,,,,,,,,,,,,,,,,,,,,,,,,,,,,,,,,,
costco,2025-10-31,https://www.costco.co.uk/rest/v2/uk/products/140570/?fields=FULL&lang=en_GB&curr=GBP,https://www.costco.co.uk/Garden-Sheds-Patio/Garden-Structures/Greenhouses/Vitavia-Vermont-5000-6ft-2-x-8ft-5-2-x-26m-Greenhouse-Package/p/140570,140570,"Vitavia Vermont 5000 6ft 2"" x 8ft 5"" (2 x 2.6m) Greenhouse Package",Vitavia,639.99,Y,,,,Silver,,,,"Garden, Sheds, Patio",Garden Structures,Greenhouses,,,,,https://www.costco.co.uk/medias/sys_master/products/h4f/h7e/10032454828062.jpg,https://www.costco.co.uk/medias/sys_master/images/hd2/h55/276294513950750.jpg,,,,"Assembly Instructions This Vitavia Vermont 5000 is a great entry level greenhouse for gardeners of all experience. It comes as a complete package with its steel perimeter base, toughened glass, 1-tier staging table for inside the greenhouse. 6ft x 8ft size gives you 5sq metres of growing floor space, plus space on the one-tier staging table One tier staging table for you to place your growing pots and trays Reversible door position: you can hang the sliding doors to open either left or right - ideal for access if it's next to a wall Superb strength due to the anodised aluminium structure and roof braces Complete with quality steel perimeter base Quality through and through: the Vermont 5000 has been approved by the TUV standards authority Stays looking pristine for its lifespan as the aluminium is anodised Toughened glass tempered for your safety and peace of mind Sliding door can remain open in any position so that you can regulate the amount of airflow in your greenhouse Build time: 2 days for 2 people Base Included: Yes Product Dimensions: H 1.92 x W 1.9 x L 2.6 m Base Dimensions: W 2 x L 2.6 m Note: Ground must be firm and level prior to assembly. For best results a concrete/slab base should be used. Please note that the down piping kit is not included. This product does not come with installation and will be delivered only.","Includes steel perimeter base, 1-tier staging table and toughened glass.",44,4.5,,,,,,,,Specification,Material,Glass and aluminium,Specification,Type,Greenhouse,Specification,Dimensions,H 1.92 x W 1.9 x L 2.6 m,Specification,Weight,176 kg,Specification,Assembly Time,"2 people, approx. 2 days",Specification,Frame Material,Aluminium,Specification,Glass Type,Toughened,Specification,Area Coverage,48² ft,Specification,Installation Included,No,Specification,Staging Tables,1,Specification,Double Doors,No,,,,,,,,,,,,,,,,,,,,,,,,,,,
costco,2025-10-31,https://www.costco.co.uk/rest/v2/uk/products/141219/?fields=FULL&lang=en_GB&curr=GBP,https://www.costco.co.uk/Grocery-Household/Chilled-Foods/Meat-Meat-Boxes/Bearfields-of-London-Gammon-on-the-Bone-95kg/p/141219,141219,"Bearfield's of London Gammon on the Bone, 9.5kg",Bearfields of London,54.99,Y,,,,,,,,Grocery & Household,Chilled Foods,Meat & Meat Boxes,,,,,https://www.costco.co.uk/medias/sys_master/images/hca/h53/46247022362654.jpg,https://www.costco.co.uk/medias/sys_master/products/h33/h34/10033521262622.jpg,,,,"Product Details This is a lovely Bearfield's of London Whole Bone in Gammon which can be cooked and garnished to your own preference. Minimum Weight: 9.5kg One serving is 170g This item is dispatched uncooked For five generations and over 100 years, the Bearfield family have been producing fine hams and gammons from its premises in London using tried and tested traditional methods to produce excellent quality and taste. Cured from the very best selected pork legs using a traditional family recipe to ensure excellent quality, flavour and taste. Storage: Minimum shelf life of 21 days. Suitable for home freezing. Freeze on day of purchase and use within 2 months. Defrost thoroughly before use. Use within 24 hours of defrosting. Once defrosted, do not refreeze. Country of Origin: EU",Please note this item has a minimum shelf life of 21 days.,97,4.9,,,,,,,,Specification,Category,Gammon,Specification,Weight,9.5kg,Specification,Product Type,Gammon,Specification,Country of Origin,EU,Specification,Serving Size,Serves 10-20 people,,,,,,,,,,,,,,,,,,,,,,,,,,,,,,,,,,,,,,,,,,,,,
costco,2025-10-31,https://www.costco.co.uk/rest/v2/uk/products/141220/?fields=FULL&lang=en_GB&curr=GBP,https://www.costco.co.uk/Grocery-Household/Chilled-Foods/Delicatessen/Bearfields-of-London-Hickory-Smoked-Spiral-Cut-Ham-4kg/p/141220,141220,"Bearfield's of London Hickory Smoked Spiral Cut Ham, 4kg",Bearfields of London,74.99,N,,,,,,,,Grocery & Household,Chilled Foods,Delicatessen,,,,,https://www.costco.co.uk/medias/sys_master/images/ha6/h72/12452407377950.jpg,https://www.costco.co.uk/medias/sys_master/images/h4e/h4e/12452408098846.jpg,https://www.costco.co.uk/medias/sys_master/images/h67/ha0/12452418715678.jpg,https://www.costco.co.uk/medias/sys_master/images/h72/h2b/12452426154014.jpg,,"Product Details This hickory smoked spiral ham from Bearfield's is produced from the very best selected pork legs which are trimmed to the highest standard and are kiln smoked and cooked to a traditional family method. It is spiral cut on the bone resulting in a delicious, easy to carve, unique ham that can be used as a centrepiece for any special occasion. For five generations and over 100 years, the Bearfield family have been producing fine hams and gammons from its premises in London using tried and tested traditional methods to produce excellent quality and taste. 4kg minimum weight One serving is 170g To Serve: Before placing the ham on the table, take a thin sharp knife and cut closely around the bone to loosen the meat. The slices will then fall off the bone and your guests can help themselves. Storage: Minimum shelf life of 14 days. Allergy Information: Please see above 'Product Details' for further information.",,98,4.5,,,,,,,,Specification,Type,Ham,Specification,Weight,4kg,,,,,,,,,,,,,,,,,,,,,,,,,,,,,,,,,,,,,,,,,,,,,,,,,,,,,,
costco,2025-10-31,https://www.costco.co.uk/rest/v2/uk/products/141236/?fields=FULL&lang=en_GB&curr=GBP,https://www.costco.co.uk/Grocery-Household/Speciality/Kosher/Loch-Fyne-Scottish-Smoked-D-Cut-Salmon-1kg/p/141236,141236,"Loch Fyne Scottish Smoked D Cut Salmon, 1kg",Loch Fyne,39.99,N,,,,,,,,Grocery & Household,Speciality,Kosher,,,,,https://www.costco.co.uk/medias/sys_master/images/h1e/h1f/61948553560094.jpg,https://www.costco.co.uk/medias/sys_master/images/h41/h45/100914481496094.jpg,https://www.costco.co.uk/medias/sys_master/images/h2a/he3/100914485690398.jpg,https://www.costco.co.uk/medias/sys_master/images/hc6/h39/27327986401310.jpg,https://www.costco.co.uk/medias/sys_master/images/h9d/hfa/27327986434078.jpg,"Product Details After filleting (which takes place in the local village of Cairndow), the classic smoked salmon is dry cured for 24 hours and then smoked with oak chips for a further 12 -15 hours at ambient temperature. It's this process that gives Loch Fyne classic smoked salmon its delicate yet distinctive flavour. D-cut is a slicing technique that gives the salmon slice a 'D' shape. It involves slicing the fish from back to belly. This includes the salmon’s rich, flavoursome brown meat. Each slice is then carefully layered on top of each other, in order to recreate the look of the original, uncut side. The D-cut side is the perfect way to buy smoked salmon if you’re entertaining. Serve with brown bread, butter and fresh lemon for a simple, tasty dish made easy. Loch Fyne Oysters Ltd. was established in 1978 by local landowner Johnny Noble and his friend, marine biologist Andy Lane. The company started with the inspirational idea of growing oysters in the clean, fertile waters at the head of Loch Fyne – the longest sea loch in Scotland - providing both employment for locals and income to support the estate at Ardkinglas. Using their combined knowledge and enthusiasm, they laid the foundations for the company to become one of Scotland’s foremost producers of premium seafood and the home of our internationally acclaimed restaurant – proud to have served celebrities, film stars, Prime Ministers and even Royalty. Today, Loch Fyne has evolved to include not only the original oyster farm, restaurant and deli but also an award winning smokehouse, mussel farm and oyster hatchery. Loch Fyne’s philosophy, ‘Nach Urramach an Cuan’ (How worthy of honour is the sea), encapsulates the way they run their companies - enterprise with respect for animals, people and ecology. Commitment to independent producers using sustainable methods to produce high quality foods. Loch Fyne are passionate about delivering quality and flavour, making where they source their produce the key. They make sure that every oyster harvested, every salmon prepared and every fish leaving their shops and kitchens is cultivated, farmed or fished in accordance with their strict environmental and quality guidelines, taking advice from respected marine bodies. Where species are not plentiful they find alternatives and do not source fish caught by methods deemed to be harmful to the marine ecosystem such as deep-sea trawlers, beam trawlers or industrial long-liners. When buying Loch Fyne, you can be assured that all their products are sourced according to quality, provenance and sustainability. Approximately 40 slices Kosher Serves: Serves 10 - 20 people based off a 50g - 100g serving Storage: Minimum shelf life of 16 days. Keep Refrigerated. Suitable for home freezing. Country of Origin: Scotland Allergy Information: Contains fish. Please Note: Packaging is shown for representational purposes only and may not be exactly correct at purchase.",,18,4.3,,,,,,,,Specification,Category,Salmon,Specification,Weight,1kg,Specification,Product Type,Salmon,Specification,Country of Origin,Scotland,,,,,,,,,,,,,,,,,,,,,,,,,,,,,,,,,,,,,,,,,,,,,,,,
costco,2025-10-31,https://www.costco.co.uk/rest/v2/uk/products/141241/?fields=FULL&lang=en_GB&curr=GBP,https://www.costco.co.uk/Grocery-Household/Entertaining/Fresh-Fish-Seafood/Loch-Fyne-Fresh-Whole-Salmon-3kg/p/141241,141241,"Loch Fyne Fresh Whole Salmon, 3kg",Loch Fyne,53.99,N,,,,,,,,Grocery & Household,Entertaining,Fresh Fish & Seafood,,,,,https://www.costco.co.uk/medias/sys_master/images/he5/hd6/62705722064926.jpg,https://www.costco.co.uk/medias/sys_master/images/h89/h19/11559061028894.jpg,https://www.costco.co.uk/medias/sys_master/images/hfa/h5e/11559060963358.jpg,,,"Product Details Loch Fyne Oysters Ltd. was established in 1978 by local landowner Johnny Noble and his friend, marine biologist Andy Lane. The company started with the inspirational idea of growing oysters in the clean, fertile waters at the head of Loch Fyne – the longest sea loch in Scotland - providing both employment for locals and income to support the estate at Ardkinglas. Using their combined knowledge and enthusiasm, they laid the foundations for the company to become one of Scotland’s foremost producers of premium seafood and the home of our internationally acclaimed restaurant – proud to have served celebrities, film stars, Prime Ministers and even Royalty. Today, Loch Fyne has evolved to include not only the original oyster farm, restaurant and deli but also an award winning smokehouse, mussel farm and oyster hatchery. Loch Fyne’s philosophy, ‘Nach Urramach an Cuan’ (How worthy of honour is the sea), encapsulates the way they run their companies - enterprise with respect for animals, people and ecology. Commitment to independent producers using sustainable methods to produce high quality foods. Loch Fyne are passionate about delivering quality and flavour, making where they source their produce the key. They make sure that every oyster harvested, every salmon prepared and every fish leaving their shops and kitchens is cultivated, farmed or fished in accordance with their strict environmental and quality guidelines, taking advice from respected marine bodies. Where species are not plentiful they find alternatives and do not source fish caught by methods deemed to be harmful to the marine ecosystem such as deep-sea trawlers, beam trawlers or industrial long-liners. When buying Loch Fyne, you can be assured that all their products are sourced according to quality, provenance and sustainability. Serves: Serves 15 people based off a 100g - 150g serving Storage: Minimum shelf life of 4 days. Keep refrigerated. Suitable for freezing. Country of Origin: Scotland Please Note: Gill tag is shown correctly in image two.",,50,4.6,,,,,,,,Specification,Category,Salmon,Specification,Weight,3kg,Specification,Product Type,Salmon,Specification,Country of Origin,Scotland,,,,,,,,,,,,,,,,,,,,,,,,,,,,,,,,,,,,,,,,,,,,,,,,
costco,2025-10-31,https://www.costco.co.uk/rest/v2/uk/products/141245/?fields=FULL&lang=en_GB&curr=GBP,https://www.costco.co.uk/Grocery-Household/Entertaining/Quiche-Pies-Pates/Toppings-Pies-Large-Chicken-Ham-Pork-Pie-22kg/p/141245,141245,"Topping's Pies Large Chicken & Ham Award Winning Pork Pie, 2.2kg Minimum Weight",Topping's Pies,32.99,N,,,,,,,,Grocery & Household,Entertaining,Quiche Pies & Pâtés,,,,,https://www.costco.co.uk/medias/sys_master/images/h44/h56/132319334400030.jpg,https://www.costco.co.uk/medias/sys_master/products/h0c/h65/10032475668510.jpg,,,,"Product Specification Storage & Cooking Instructions This 3-layer pork pie has won 3-star Gold at the Great Taste Awards on two separate occasions, first in 2002 and then again in 2011. A combination of locally sourced, British quality assured pork meat with a layer of succulent chicken breast, followed by the very best British ham, a further layer chicken breast topped with a final layer of pork all encased in delicious hot water pastry crust - make this one of the nation's favourite pies. It's also one of Maggie Topping's earliest recipes, taking inspiration from Tudor and Victorian recipes in the creation of a layered masterpiece. Serves 12-15 portions based off 150g serving Serving Instructions: Before serving take out of the vacuum bag and stand for 5 minutes in a cool place to dry out and crisp up. Storage: Keep refrigerated between 0-4 o C. Once opened, consume within 7 days. Suitable for home freezing. Freeze in a thick freezer bag with all air removed before freezing. To defrost, remove all packaging and place on a cooling rack (not on a plate or the pastry will have a soggy bottom), cover and put in a cool dry place preferably overnight until fully defrosted and placed in the refrigerator. Country of Origin: UK Allergy Information: Please see above 'Product Details' for further information.",- Made using the best quality ingredients - Quality assured products - Suitable for freezing - Minimum shelf life: 7 days,2,5.0,,,,,,,,Specification,Type,Pork Pie,Specification,Weight,2.2kg,,,,,,,,,,,,,,,,,,,,,,,,,,,,,,,,,,,,,,,,,,,,,,,,,,,,,,
costco,2025-10-31,https://www.costco.co.uk/rest/v2/uk/products/141246/?fields=FULL&lang=en_GB&curr=GBP,https://www.costco.co.uk/Grocery-Household/Entertaining/Quiche-Pies-Pates/Toppings-Pies-Large-Game-Poultry-Speciality-Pork-Pie-22kg/p/141246,141246,"Topping's Pies Large Game & Poultry Speciality Pork Pie, 2.7kg Minimum Weight",Topping's Pies,48.99,N,,,,,,,,Grocery & Household,Entertaining,Quiche Pies & Pâtés,,,,,https://www.costco.co.uk/medias/sys_master/images/he7/h80/132919119675422.jpg,https://www.costco.co.uk/medias/sys_master/products/hf1/hc6/10033804804126.jpg,,,,"Product Specification Storage & Cooking Instructions Topping's Speciality Game and Poultry Pies are hand made using only the highest quality ingredients. Lovingly filled with prime British quality assured pork pie meat followed by mixed seasonal game laced with a delicious sweet cranberry jelly and to compliment the flavour a rich chicken liver pâté all encased in a hot water pastry crust. Topping's ethos has always been about taste and flavour, and this game and poultry pie is a celebration of both. Serves 12-15 portions based off 150g serving Serving Instruction: Before serving take out of the vacuum bag and stand for 5 minutes in a cool place to dry out and crisp up. Storage: Keep refrigerated between 0-4 o C. Once opened, consume within 7 days. Suitable for Home Freezing. Freeze in a thick freezer bag with all air removed before freezing. To defrost, remove all packaging and place on a cooling rack (not on a plate or the pastry will have a soggy bottom), cover and put in a cool dry place preferably overnight until fully defrosted and placed in the refrigerator. Country of Origin: UK Allergy Information: Please see above 'Product Details' for further information.",- Made using the best quality ingredients - Quality assured products - Suitable for freezing - Minimum shelf life: 7 days,,,,,,,,,,Specification,Type,Pork Pie,Specification,Weight,2.2kg,,,,,,,,,,,,,,,,,,,,,,,,,,,,,,,,,,,,,,,,,,,,,,,,,,,,,,
costco,2025-10-31,https://www.costco.co.uk/rest/v2/uk/products/141222/?fields=FULL&lang=en_GB&curr=GBP,https://www.costco.co.uk/Grocery-Household/Chilled-Foods/Delicatessen/Bearfields-of-London-Whole-Traditional-Ham-55kg/p/141222,141222,"Bearfield's of London Whole Traditional Ham, 5.5kg",Bearfields of London,64.99,Y,,,,,,,,Grocery & Household,Chilled Foods,Delicatessen,,,,,https://www.costco.co.uk/medias/sys_master/products/h05/h7f/10033522212894.jpg,https://www.costco.co.uk/medias/sys_master/products/hfd/h62/10033521819678.jpg,,,,"Product Details This Bearfield's of London Whole Traditional Ham is cured from the very best selected pork legs using a traditional family recipe. Deboned and trimmed to the highest standard, it is then cooked using a traditional method, resulting in a succulent yet firm grainy ham with a delectably moreish flavour. For five generations and over 100 years, the Bearfield family have been producing fine hams and gammons from its premises in London using tried and tested traditional methods to produce excellent quality and taste. One serving is 170g Storage: Minimum shelf life of 21 days. Suitable for home freezing. Freeze on day of purchase and use within 2 months. Defrost thoroughly before use. Use within 24 hours of defrosting. Once defrosted, do not refreeze. Country of Origin: EU Allergy Information: Please see above 'Product Details' for further information.",Please note this item has a minimum shelf life of 21 days.,41,4.8,,,,,,,,Specification,Category,Ham,Specification,Type,Ham,Specification,Weight,5.5kg,Specification,Product Type,"Cooked Meats, Ham",Specification,Country of Origin,EU,Specification,Serving Size,Serves 10-20 people,,,,,,,,,,,,,,,,,,,,,,,,,,,,,,,,,,,,,,,,,,
costco,2025-10-31,https://www.costco.co.uk/rest/v2/uk/products/141221/?fields=FULL&lang=en_GB&curr=GBP,https://www.costco.co.uk/Grocery-Household/Chilled-Foods/Meat-Meat-Boxes/Taste-Tradition-Rare-Breed-Suckling-Pig-8-12kg-Serves-8-12-people/p/141221,141221,"Taste Tradition Rare Breed Suckling Pig, 8-12kg (Serves 8-12 people)",Taste Tradition,109.99,N,,,,,,,,Grocery & Household,Chilled Foods,Meat & Meat Boxes,,,,,https://www.costco.co.uk/medias/sys_master/images/h58/hf5/172229804720158.jpg,https://www.costco.co.uk/medias/sys_master/images/h31/he5/66950617137182.jpg,,,,"Product Details Storage Guidelines Suckling Pig Gloucester Old Spot, Oxford Sandy Black and Berkshire are just a few of the rare breeds selected and used by Taste Tradition. Taste Tradition believe that piglets lives are of the utmost importance, from how they are reared on the farm, right through to being on your plate! Unlike most commercial pigs, Taste Tradition piglets suckle on their mothers until they are at least 8-10 weeks old, almost three times longer than commercial piglets. Taste Tradition strive to give all their piglets a healthy, happy life, so in the warmer months they are kept outside to enjoy a real Yorkshire summer and are free to roam and forage in the fields. During cooler months, the piglets are reared inside a barn on straw beds so that they remain healthy and happy in a warm and dry environment. This suckling piglet is perfect for all occasions, whether it be a wedding, banquet, or on the spit at a barbeque. Minimum Weight: 8kg This item is dispatched uncooked Serving: Serves 8-12 people based off a 1kg serving. Storage: Minimum shelf life of 7 days. Suitable for home freezing. Country of Origin: UK Please Note: Kidneys of the piglet may remain inside the carcass.",Please Note: This item is delivered uncooked,99,4.8,,,,,,,,Specification,Weight,8kg,Specification,Product Type,Pork & Gammon,Specification,Country of Origin,UK,Specification,Serving Size,Serves 8-10 people,,,,,,,,,,,,,,,,,,,,,,,,,,,,,,,,,,,,,,,,,,,,,,,,
costco,2025-10-31,https://www.costco.co.uk/rest/v2/uk/products/141226/?fields=FULL&lang=en_GB&curr=GBP,https://www.costco.co.uk/Grocery-Household/Chilled-Foods/Cheese/The-Dorset-5-Tier-Cheese-Celebration-Cake-10kg-Serves-330-Portions/p/141226,141226,"The Dorset 5-Tier Cheese Celebration Cake, 10kg (Serves 330 Portions)",Ford Farm,184.99,Y,,,,,,,,Grocery & Household,Chilled Foods,Cheese,,,,,https://www.costco.co.uk/medias/sys_master/images/h25/h5f/152947038191646.jpg,https://www.costco.co.uk/medias/sys_master/images/hfc/h87/152947038126110.jpg,,,,"Product Details Stacked high with a variety of high-quality British cheeses, the Dorset Cheese Celebration Cake is the perfect centrepiece for any event, and is a delicious alternative to a traditional wedding cake or cheese board. This impressive tower of different cheeses would also make a real spectacle at your wedding breakfast! The Dorset comprises a layer of mature, rich and rugged Coastal Cheddar, identifiable by its characteristic crunch, a layer of deliciously creamy Stilton (from our award-winning partners, Long Clawson), smoked Dorset Red, with its eye-catching, naturally-burnished amber rind, our award-winning Wensleydale with Cranberries and to finish, the icing on the cake is a mature cheddar heart, preserved for freshness in a smooth, burgundy wax coating. The Dorset has something for everyone and looks beautiful decorated with a gentle mix of delicate flowers and fruit. The cheese layers (from top to bottom tier) include: Mature Cheddar Heart, 200g D 8.1cm x H 4cm Wensleydale & Cranberry, 400g D 10cm x H 5cm Dorset Red Triangle, 1.1kg, D 16cm x 17.5cm x H 5cm Blue Stilton Round, 2kg, D 20.5cm x H 5.8cm Coastal Cheddar, 6.5kg, D 26cm x H 9cm Serving: Serves 330 portions based of a 30g serving Total weight: 10kg minimum weight Suitable for vegetarians Storage Information: Refrigerate cheeses until needed, then unwrap, assemble and decorate accordingly*. All components of this cake will have at least 21 days life. However, shelf life can be significantly reduced when cut into and left unrefrigerated. Country of Origin: UK Allergy Information: Please see above 'Product Details' for further information. *Decorations not included.","Please Note: Whilst every effort is made to ensure your delivery takes place on your preferred arrival date, please allow additional time for delivery for any special events.",128,4.9,,,,,,,,Specification,Category,Cheese,Specification,Weight,10kg,Specification,Product Type,Cheese Celebration Cakes,Specification,Country of Origin,UK,Specification,Cheese Type,Celebration Cake,Specification,Serving Size,Serves 330 portions,,,,,,,,,,,,,,,,,,,,,,,,,,,,,,,,,,,,,,,,,,
costco,2025-10-31,https://www.costco.co.uk/rest/v2/uk/products/141227/?fields=FULL&lang=en_GB&curr=GBP,https://www.costco.co.uk/Grocery-Household/Chilled-Foods/Cheese/The-Dorchester-6-Tier-Cheese-Celebration-Cake-15kg-Serves-500-Portions/p/141227,141227,"The Dorchester 6-Tier Cheese Celebration Cake, 15kg (Serves 500 Portions)",Ford Farm,244.99,Y,,,,,,,,Grocery & Household,Chilled Foods,Cheese,,,,,https://www.costco.co.uk/medias/sys_master/images/hdc/hf0/152947038060574.jpg,https://www.costco.co.uk/medias/sys_master/images/hb5/h7c/152947037995038.jpg,https://www.costco.co.uk/medias/sys_master/products/h82/h75/10045140566046.jpg,https://www.costco.co.uk/medias/sys_master/products/h2c/hf9/10050024570910.jpg,,"Product Details Stacked high with a variety of high-quality British cheeses, the Dorchester Cheese Celebration Cake is the perfect centrepiece for any event, and is a delicious alternative to a traditional wedding cake or cheese board. This impressive tower of different cheeses would also make a real spectacle at your wedding breakfast! The Dorchester comprises a total of six layers of award-winning Ford Farm Cheeses. The base layer is Ford Farm's signature Wookey Hole Cave Aged Cheddar, matured 200 feet underground in the Wookey Hole Caves, followed by a layer of tangy Sage Derby, our award-winning Wensleydale with Cranberries, Oakwood Smoked - a traditional West Country Farmhouse Cheddar cold-smoked over oak chips for a long, lingering flavour and a hand-made Double Gloucester. The icing on the cake is a mature cheddar heart, preserved for freshness in a smooth, burgundy wax coating. This cheese celebration cake looks beautiful decorated with a gentle mix of delicate flowers and fruit. The cheese layers (from top to bottom tier) include: Mature Cheddar Heart 200g, D 8.1cm x H 4cm Double Gloucester 400g, D 10cm x H 4.5cm Oakwood Smoked 2kg, D 15.7cm x H 9.5cm Wensleydale with Cranberries 2.4kg, D 24cm x H 6.5cm Sage Derby 4kg, D 24.5cm x H 7.5cm Cave Aged Cheddar Round 6.75kg, D 34.5cm x H 6.5cm Serving: Serves 500 portions based off a 30g serving Total weight: 15kg minimum weight Storage Information: Refrigerate cheeses until needed, then unwrap, assemble and decorate accordingly*. All components of this cake will have at least 21 days life. However, shelf life can be significantly reduced when cut into and left unrefrigerated. Country of Origin: UK Allergy Information: Please see above 'Product Details' for further information. *Decorations not included.","Please Note: Whilst every effort is made to ensure your delivery takes place on your preferred arrival date, please allow additional time for delivery for any special events.",82,4.9,,,,,,,,Specification,Category,Cheese,Specification,Weight,15kg,Specification,Product Type,Cheese Celebration Cakes,Specification,Country of Origin,UK,Specification,Cheese Type,Celebration Cake,Specification,Serving Size,Serves 500 portions,,,,,,,,,,,,,,,,,,,,,,,,,,,,,,,,,,,,,,,,,,
costco,2025-10-31,https://www.costco.co.uk/rest/v2/uk/products/518090/?fields=FULL&lang=en_GB&curr=GBP,https://www.costco.co.uk/Grocery-Household/Food-Cupboard/Kirkland-Signature-Artichoke-Hearts-Marinated-in-Vinegar-Oil-2-x-940g/p/518090,518090,"Kirkland Signature Artichoke Hearts Marinated in Vinegar & Oil, 2 x 940g",Kirkland Signature,8.49,Y,,,,,,,,Grocery & Household,Food Cupboard,,,,,,https://www.costco.co.uk/medias/sys_master/images/h9a/h27/30916700536862.jpg,https://www.costco.co.uk/medias/sys_master/images/hcf/h1b/30916721672222.jpg,https://www.costco.co.uk/medias/sys_master/images/hee/h49/30916722851870.jpg,,,"Kirkland Signature Artichoke Hearts are produced in Spain, then preserved when perfectly ripe in a marinade of oil and vinegar, blended with garlic, spices and salt to enhance their natural, earthy flavour. Each jar is a mix of halves and quarters. Produced in Spain Oil & Vinegar Marinade Natural Earthy Flavour 2 x 940g Storage: Store in a cool, dry place. Refrigerate after opening and consume within 14 days. If you are not completely satisfied with this Kirkland Signature Product, your money will be refunded.",- Produced in Spain - Oil & Vinegar Marinade - Natural Earthy Flavour,17,4.6,,,,,,,,Specification,Type,Vegetables,Specification,Weight,2 x 940g,Specification,Product Type,Vegetables,Specification,Country of Origin,Spain,,,,,,,,,,,,,,,,,,,,,,,,,,,,,,,,,,,,,,,,,,,,,,,,
costco,2025-10-31,https://www.costco.co.uk/rest/v2/uk/products/141224/?fields=FULL&lang=en_GB&curr=GBP,https://www.costco.co.uk/Grocery-Household/Chilled-Foods/Cheese/Cave-Aged-Truckle-Cheddar-Cheese-18kg/p/141224,141224,"Cave Aged Truckle Cheddar Cheese, 1.8kg",Ford Farm,28.99,Y,,,,,,,,Grocery & Household,Chilled Foods,Cheese,,,,,https://www.costco.co.uk/medias/sys_master/products/h45/h45/10033522802718.jpg,https://www.costco.co.uk/medias/sys_master/products/h3b/h61/10033523130398.jpg,https://www.costco.co.uk/medias/sys_master/products/h76/h5a/10033751621662.jpg,,,"Product Details In their quest to celebrate traditional cheese making techniques, Ford Farm have revived the ancient art of maturing cheese in caves, a practice that dates back as far as the 16th century. A constant temperature combined with a high humidity, makes for ideal storage conditions and allows the cheese to develop an earthy characteristic and distinctive nutty flavour that is associated with Cave Aged cheeses. The Truckle Cheese is a firm, close textured cheese originally larded and cloth wrapped during maturation within the caves, with the outer surface showing rind. With a clean, typical but nutty flavour, this cheese is wonderful with Old English Ales, or if wine is preferred, Cabernet Sauvignon. Whole Truckle Serving: Serves 60 portions based off a 30g serving Dimensions: 12.2cm Diameter, 14.5cm Height Not suitable for vegetarians due to the use of pork lard in the process. Country of Origin: UK Allergy Information: Please see above 'Product Details' for further information.",,44,4.6,,,,,,,,Specification,Category,Cheese,Specification,Weight,1.8kg,Specification,Product Type,Cheese,Specification,Cheese Type,Cheddar,Specification,Serving Size,Serves 60 portions,,,,,,,,,,,,,,,,,,,,,,,,,,,,,,,,,,,,,,,,,,,,,
costco,2025-10-31,https://www.costco.co.uk/rest/v2/uk/products/84595/?fields=FULL&lang=en_GB&curr=GBP,https://www.costco.co.uk/Grocery-Household/Grocery-Delivery/Kirkland-Signature-All-Purpose-Cling-Film-400m-x-345mm-Wide/p/84595,84595,"Kirkland Signature All Purpose Cling Film, 400m x 345mm Wide",Kirkland Signature,8.49,Y,,,,,,,,Grocery & Household,Grocery Delivery,,,,,,https://www.costco.co.uk/medias/sys_master/products/h78/h8f/10033693392926.jpg,,,,,"Kirkland Signature All Purpose Cling Film is a professional grade film that is ideal for use on all foods, for wrapping, or use in the microwave, or freezer. Presented in a convenient, hard-wearing cardboard pack, with a hand-perforated edge for ease of use. If you are not completely satisfied with this Kirkland Signature product, your money will be refunded. Professional Grade Hand Perforated Edge for Ease of Use 400m x 345mm Wide",- Professional Grade - Hand Perforated Edge for Ease of Use - Hard-wearing Cardboard Pack,141,4.9,,,,,,,,Specification,Type,Cooking & Bakeware,,,,,,,,,,,,,,,,,,,,,,,,,,,,,,,,,,,,,,,,,,,,,,,,,,,,,,,,,
costco,2025-10-31,https://www.costco.co.uk/rest/v2/uk/products/513001/?fields=FULL&lang=en_GB&curr=GBP,https://www.costco.co.uk/Grocery-Household/Grocery-Delivery/Kirkland-Signature-La-Mancha-Spanish-Saffron-1g/p/513001,513001,"Kirkland Signature La Mancha Spanish Saffron, 1g",Kirkland Signature,11.49,N,,,,,,,,Grocery & Household,Grocery Delivery,,,,,,https://www.costco.co.uk/medias/sys_master/products/h6e/h2b/10033689198622.jpg,https://www.costco.co.uk/medias/sys_master/products/hf4/hd4/10033690968094.jpg,https://www.costco.co.uk/medias/sys_master/images/h45/h79/28946883936286.jpg,,,"Kirkland Signature La Mancha Saffron is grown, harvested, and packed in La Mancha, an area with ""Denomination of Origin"" protection. Each jar is numbered and protected with the ""La Mancha Seal"" to ensure the filaments within comply with strict parameters of growing, production, selection and packaging of the Consejo Regulator, recognised by the European Union. Add just a few threads of saffron to any recipe and make your favourite dishes come alive with the unique flavour, colour and taste of saffron. Use with rice, soups, sauces, ice cream, sweets and baked goods. Storage: Store in a cool, dry place. Perfect For Recipes Great Flavour Grown, Harvested and Packed in La Mancha 1g If you are not completely satisfied with this Kirkland Signature Product, your money will be refunded.","- Perfect for Recipes - Great Flavour - Grown, Harvested and Packed in La Mancha",6,5.0,,,,,,,,Specification,Type,Seasonings,Specification,Weight,1g,Specification,Product Type,Herbs & Spices,Specification,Country of Origin,Spain,,,,,,,,,,,,,,,,,,,,,,,,,,,,,,,,,,,,,,,,,,,,,,,,
costco,2025-10-31,https://www.costco.co.uk/rest/v2/uk/products/53555/?fields=FULL&lang=en_GB&curr=GBP,https://www.costco.co.uk/Grocery-Household/Food-Cupboard/Cakes-Biscuits/Vicenzi-Italian-Biscuit-Assortment-907g/p/53555,53555,"Vicenzi Italian Biscuit Assortment, 907g",Vicenzi,11.49,Y,,,,,,,,Grocery & Household,Food Cupboard,Cakes & Biscuits,,,,,https://www.costco.co.uk/medias/sys_master/images/h1e/h13/386030518239262.jpg,https://www.costco.co.uk/medias/sys_master/images/he5/h0c/386030765342750.jpg,,,,"Matilde Vicenzi's Italian Pastries Assortment Tin is a truly stunning collection of Italian favourites which are presented in a decorative gift tin making it an ideal gift. The puff pastries and shortbread cookies are packed and delivered in an exclusive tin featuring Roma’s most iconic views which show the city in its natural beauty. The pastries include deliciously crumbly flower shape canestrelli, crispy and delicate puff pastries filled with chocolate and milk cream and short pastries with a soft pastry cream filling to sweeten any occasion, and for the most refined palates. The tin guarantees the freshness of the products and is reusable for storing purposes. Serve the pastries at your next coffee or tea break and let yourself and your guests enjoy the harmony of the traditional Italian confectionery. Matilde Vicenzi believes that offering pastries is an act of love and greeting. Each pastry is a perfect treat for all convivial occasion. Crisp pastry is the characteristic of these fine expressions of Matilde Vicenzi’s traditional experience and quality pastry making. Assortment Includes: Puff Pastry Filled With Milk Cream, 24 Pieces Puff Pastry Filled With Chocolate Cream, 24 Pieces Fine Decorated Pastries, 24 Pieces Shortbread Cookies with Pastry Cream Filling, 24 Pieces No Articial Colours or Preservatives Kosher 907g Roma tin is proudly made by the Vicenzi Group, a family owned Italian company producing fine pastry and cookies for over 100 years. Following traditional recipes, implementing new technologies, using the best quality freshest ingredients, has established itself as the Italian market leader in ladyfingers, amaretti and puff pastry.","- Puff Pastry Filled With Milk Cream, 24 Pieces - Puff Pastry Filled With Chocolate Cream, 24 Pieces - Fine Decorated Pastries, 24 Pieces - Shortbread Cookies with Pastry Cream Filling, 24 Pieces - No Articial Colours or Preservatives - Kosher",29,4.8,,,,,,,,Specification,Type,Biscuits,Specification,Weight,907g,,,,,,,,,,,,,,,,,,,,,,,,,,,,,,,,,,,,,,,,,,,,,,,,,,,,,,
costco,2025-10-31,https://www.costco.co.uk/rest/v2/uk/products/129931/?fields=FULL&lang=en_GB&curr=GBP,https://www.costco.co.uk/Grocery-Household/Grocery-Delivery/Eat-Natural-20-Assorted-Snack-Bars-11kg/p/129931,129931,"Eat Natural 20 Assorted Snack Bars, 1.1kg",Eat Natural,14.59,N,,,,,,,,Grocery & Household,Grocery Delivery,,,,,,https://www.costco.co.uk/medias/sys_master/products/h85/hfb/10122956275742.jpg,https://www.costco.co.uk/medias/sys_master/products/h93/h59/10122956308510.jpg,https://www.costco.co.uk/medias/sys_master/products/h5c/h25/10122956341278.jpg,,,"This pack of 20 Assorted Eat Natural Bars is perfect for those who care about taste just as much as what goes into their food. They are made with simple, healthy ingredients without compromising on their indulgent taste. The yoghurt is creamy, the chocolate divine and all can be enjoyed even more when you know that there is no 'dodgy stuff!' 20 Bars in 3 varieties: 7 x 50g bars: almond and sultana with peanuts and apricots 7 x 50g bars: almond and apricot with a yoghurt coating 6 x 45g bars: dark chocolate with cranberries and macadamias No artificial colours, flavours or preservatives","- Simple, Healthy Ingredients - Indulgent Taste - Great for On-The-Go",24,4.6,,,,,,,,Specification,Type,Breakfast Bars,Specification,Weight,1.1kg,Specification,Product Type,Snack Bars,,,,,,,,,,,,,,,,,,,,,,,,,,,,,,,,,,,,,,,,,,,,,,,,,,,
costco,2025-10-31,https://www.costco.co.uk/rest/v2/uk/products/140572/?fields=FULL&lang=en_GB&curr=GBP,https://www.costco.co.uk/Garden-Sheds-Patio/Garden-Structures/Greenhouses/Vitavia-Colorado-8300-8ft-4-x-10ft-6-26-x-32-m-Greenhouse-Package/p/140572,140572,"Vitavia Colorado 8300 8ft 4"" x 10ft 6"" (2.6 x 3.2 m) Greenhouse Package",Vitavia,1099.99,Y,,,,Green,,,,"Garden, Sheds, Patio",Garden Structures,Greenhouses,,,,,https://www.costco.co.uk/medias/sys_master/images/h0e/h2e/276294261080094.jpg,https://www.costco.co.uk/medias/sys_master/images/h80/h7c/14033817796638.jpg,,,,"Assembly Instructions The Vitavia Colorado 8300 is a beautiful, elegant greenhouse in powder-coated green aluminium with attractive curved eaves. It features double doors, staging tables, and 2 roof vents. Staging tables: one 2-tier staging table for you to place your growing pots and trays Double sliding doors for easy access especially if you are carrying trays etc Complete with quality steel perimeter base Toughened glass tempered for your safety and peace of mind, plus UV protected elegantly curved acrylic panels for the eaves Build time: 2 days for 2 people Base Included: Yes Dimensions: H 2.5 x W 2.6 x L 3.2 m Base Dimensions: W 2.6 x L 3.2 m 8.3m2 of growing floor space, plus space on both the staging tables Note: Ground must be firm and level prior to assembly. For best results a concrete/slab base should be used. Please Note: The images provided are for illustration only. Product may vary slightly from image. Please refer to the item specifications and the assembly instructions above. Please note that the down piping kit is not included. This product does not come with installation and will be delivered only.","Includes double doors, steel perimeter base, one 2-tier staging tables, 2 roof vents",49,4.7,,,,,,,,Specification,Material,Glass and aluminium,Specification,Type,Greenhouse,Specification,Dimensions,H 2.5 x W 2.6 x L 3.2 m,,,,,,,,,,,,,,,,,,,,,,,,,,,,,,,,,,,,,,,,,,,,,,,,,,,
costco,2025-10-31,https://www.costco.co.uk/rest/v2/uk/products/131511/?fields=FULL&lang=en_GB&curr=GBP,https://www.costco.co.uk/Grocery-Household/Food-Cupboard/Oils-Vinegars-Dressings/Kirkland-Signature-Extra-Virgin-Olive-Oil-2L/p/131511,131511,"Kirkland Signature Extra Virgin Olive Oil, 2L",Kirkland Signature,20.49,Y,,,,,,,,Grocery & Household,Food Cupboard,"Oils, Vinegars & Dressings",,,,,https://www.costco.co.uk/medias/sys_master/images/h13/h77/149877769043998.jpg,https://www.costco.co.uk/medias/sys_master/images/hdb/h52/149877768683550.jpg,,,,"Kirkland Signature 100% Italian Extra Virgin Olive Oil is rich in healthy monounsatured fats and contains natural antioxidants. It is traceable to its origin, produced according to strict standards that ensure authenticity and has outstanding flavour and nutritional value. An excellent oil for cooking, it is also delicious as a finishing oil for fresh food. 100% Italian Ideal of Cooking Outstanding Flavour Kosher 2L If you are not completely satisfied with this Kirkland Signature Product, your money will be refunded.",- 100% Italian - Ideal of Cooking - Outstanding Flavour - Kosher,437,4.8,,,,,,,,Specification,Type,Olive Oil,Specification,Weight,2L,,,,,,,,,,,,,,,,,,,,,,,,,,,,,,,,,,,,,,,,,,,,,,,,,,,,,,
costco,2025-10-31,https://www.costco.co.uk/rest/v2/uk/products/144612/?fields=FULL&lang=en_GB&curr=GBP,https://www.costco.co.uk/Grocery-Household/Chilled-Foods/Meat-Meat-Boxes/Taste-Tradition-Fresh-Porchetta-with-Italian-Herbs-45kg-Serves-10-16-people/p/144612,144612,"Taste Tradition Fresh Porchetta with Italian Herbs, 4.5kg (Serves 10-16 people)",Taste Tradition,69.99,N,,,,,,,,Grocery & Household,Chilled Foods,Meat & Meat Boxes,,,,,https://www.costco.co.uk/medias/sys_master/images/he0/he6/172229805309982.jpg,https://www.costco.co.uk/medias/sys_master/images/h87/h4e/65648883335198.jpg,,,,"Product Details Taste Tradition’s Rare Breed Porchetta is a truly delicious product, ideal for family feasts and special occasion with little preparation required. This is pork at its most divine and is best suited for slow roasting. This allows the flavours and juices of the fat to infuse into the meat, keeping it moist and wonderfully tasty. A traditional Italian dish that originates from the Umbrian region of Italy, our Porchetta consists of highest quality pork that is boned out and stuffed with rosemary, parsley and garlic. Joyce & Charles Ashbridge (mother and son) founded Taste Tradition on New Year's Day 2004. Their success is testament to the increased value people place on animal welfare, traditional methods and high quality, beautifully tasting real produce. Nestled near the top of Sutton Bank in the North York Moors National Park, the Ashbridge family have farmed in Cold Kirby for three generations. The traditional methods of breeding, rearing and finishing livestock used in our grandfather's day are still evident in Charles's farming protocols. Taste Tradition have full traceability from the farm, through the slaughterhouse to delivery to the customer. Serving: Serves 10-16 people based off a 280g serving. Storage: Minimum shelf life of 9 days. Suitable for home freezing. Country of Origin: UK",Please Note: This item is delivered uncooked,46,4.4,,,,,,,,Specification,Weight,4.5kg,Specification,Product Type,Pork & Gammon,Specification,Country of Origin,UK,Specification,Serving Size,Serves 10-16 People,,,,,,,,,,,,,,,,,,,,,,,,,,,,,,,,,,,,,,,,,,,,,,,,
costco,2025-10-31,https://www.costco.co.uk/rest/v2/uk/products/171660/?fields=FULL&lang=en_GB&curr=GBP,https://www.costco.co.uk/Grocery-Household/Grocery-Delivery/Kirkland-Signature-Milk-Chocolate-Raisins-153kg/p/171660,171660,"Kirkland Signature Milk Chocolate Raisins, 1.53kg",Kirkland Signature,22.99,N,,,,,,,,Grocery & Household,Grocery Delivery,,,,,,https://www.costco.co.uk/medias/sys_master/products/h92/hff/10033873223710.jpg,,,,,"Product Details Kirkland Signature Chocolate Coated Raisins are made with no artificial flavours or preservatives, making them fresh, plump and full of natural flavour. The sweet Californian Raisins are coated in milk chocolate in artisanal vats and highly polished so they won't stick to your fingers, making them easy to devour by the handful! If you are not completely satisfied with this Kirkland Signature product, your money will be refunded. Allergy Information: Please see above 'Product Details' for further information.",- No Artifical Flavours - Fresh & Plump - Full of Natural Flavour,227,4.8,,,,,,,,Specification,Type,Fruit Snacks,Specification,Weight,1.53kg,,,,,,,,,,,,,,,,,,,,,,,,,,,,,,,,,,,,,,,,,,,,,,,,,,,,,,
costco,2025-10-31,https://www.costco.co.uk/rest/v2/uk/products/787876/?fields=FULL&lang=en_GB&curr=GBP,https://www.costco.co.uk/Wines-Spirits-Beer/Wines/Fortified-Wine/Kirkland-Signature-10-Year-Old-Tawny-Port-75cl/p/787876,787876,"Kirkland Signature 10 Year Old Tawny Port, 75cl",Kirkland Signature,15.99,N,,,,,,,,"Wines, Spirits & Beer",Wines,Fortified Wine,,,,,https://www.costco.co.uk/medias/sys_master/images/hf6/hb1/50355501400094.jpg,https://www.costco.co.uk/medias/sys_master/images/ha4/h48/50355680968734.jpg,,,,"Kirkland Signature 10 Year Old Tawny Port is russet in colour with brilliant crimson highlights and a fragrant, ripe-fruit bouquet. Its smooth, silky texture and subtle oak nuances are balanced by a fresh acidity and tannic ""grip"" that culminate in a long, elegant,plumy finish. Blended from rich and mellow wines our sumptuous Kirkland Signature 10 Year Old Tawny Port has been aged for 10 years in old oak casks. Unlike vintage ports, tawny ports do not deposit a sediment and remain stable in the bottle. This is an excellent dessert wine with delicious flavours of nuts, caramel and dried fruit interlaced with notes of ripe oranges. Excellent acidity and structure, which balances the sweetness of the wine. The finish is seductively long and elegant. If you are not completely satisfied with this Kirkland Signature product, your money will be refunded. Aged for :10 Years A blend of Touriga Nacional, Touriga Franca, Tinta Barroca, Tinta Roiz, Tinto Cã:o, Tinta Amarela",By law we cannot sell this product to anyone under the age of 18. Please see Delivery & Terms for further information.,8,4.9,,,,,,,,Specification,Type,Fortified Wine,Specification,Country,Portugal,Specification,Grape Variety,Touriga Nacional,Specification,ABV%,20%,Specification,Bottle,75cl Single Bottle,Specification,Contains Sulphites,Yes,Specification,Region,Northern Portugal,,,,,,,,,,,,,,,,,,,,,,,,,,,,,,,,,,,,,,,
costco,2025-10-31,https://www.costco.co.uk/rest/v2/uk/products/553499/?fields=FULL&lang=en_GB&curr=GBP,https://www.costco.co.uk/Grocery-Household/Grocery-Delivery/Kirkland-Signature-Sunsweet-Pitted-Dried-Plums-159kg/p/553499,553499,"Kirkland Signature Sunsweet Pitted Dried Plums, 1.59kg",Kirkland Signature,9.99,Y,,,,,,,,Grocery & Household,Grocery Delivery,,,,,,https://www.costco.co.uk/medias/sys_master/products/h1a/hc6/10033875910686.jpg,https://www.costco.co.uk/medias/sys_master/images/h52/hfa/34690434924574.jpg,https://www.costco.co.uk/medias/sys_master/images/h0b/h5d/34690434793502.jpg,,,"Product Details Kirkland Signature is proud to offer Sunsweet Pitted Dried Plums. If you think a plum is just a plum, get ready for a surprise. Sunsweet's fantastic flavour is no accident. Since 1917 Sunsweet's grower-owned cooperative has invested in proprietary growing, harvesting, pitting and packaging practices, all to provide you with the ultimate dried plum. Succulent, sweet and irresistible YES but also be amazed at how much super fruit nutrition Sunsweet Plums for Kirkland Signature pack in! With whole fruit antioxidants, natural potassium, a good source of fibre and 0% fat, your body will thank you. So go ahead, live a little, pop a few for a snack or into recipes and enjoy these gems of super fruit goodness. Good Source of Fibre Whole Fruit Antioxidant Soft, Pitted & Ready to Eat Kosher Serving Size 40g Approximately 40 Servings Per Pack 1.59kg Allergy Information: These Prunes were mechanically pitted and may contain an occasional pit or partial pit. If you are not completely satisfied with this Kirkland Signature product, your money will be refunded.","- Good Source of Fibre - Whole Fruit Antioxidant - Soft, Pitted & Ready-to-Eat",424,4.8,,,,,,,,Specification,Type,Dried Fruit,Specification,Weight,1.59kg,Specification,Product Type,Dried Fruit,Specification,Country of Origin,USA,,,,,,,,,,,,,,,,,,,,,,,,,,,,,,,,,,,,,,,,,,,,,,,,
costco,2025-10-31,https://www.costco.co.uk/rest/v2/uk/products/994444/?fields=FULL&lang=en_GB&curr=GBP,https://www.costco.co.uk/Grocery-Household/Grocery-Delivery/Kirkland-Signature-Cashew-Clusters-with-Almonds-Pumpkin-Seeds-907g/p/994444,994444,"Kirkland Signature Cashew Clusters with Almonds & Pumpkin Seeds, 907g",Kirkland Signature,12.19,Y,,,,,,,,Grocery & Household,Grocery Delivery,,,,,,https://www.costco.co.uk/medias/sys_master/products/h23/h78/10033930764318.jpg,https://www.costco.co.uk/medias/sys_master/images/hb3/h73/47711387582494.jpg,,,,"Kirkland Signature Cashew Clusters combine delicately roasted cashews, sweet-tasting almonds and distinctly flavoured pumpkin seeds in a tasty bite size treat. The sweet and salty combination of the nuts and seeds is sure to please, and once you try one they will be hard to resist because they are so delicious! If you are not completely satisfied with this Kirkland Signature product, your money will be refunded. Bite Size Treat Sweet & Salty Irresistible Flavour Resealable pack Kosher Serving size: 28g Approximately 32 servings per pack 907g",- Bite Size Treat - Sweet & Salty - Irresistible Flavour,72,4.3,,,,,,,,Specification,Type,Nuts,Specification,Weight,907g,Specification,Product Type,Nuts,Specification,Country of Origin,Various,,,,,,,,,,,,,,,,,,,,,,,,,,,,,,,,,,,,,,,,,,,,,,,,
costco,2025-10-31,https://www.costco.co.uk/rest/v2/uk/products/86476/?fields=FULL&lang=en_GB&curr=GBP,https://www.costco.co.uk/Grocery-Household/Grocery-Delivery/Kirkland-Signature-Fine-Ground-Black-Pepper-348g/p/86476,86476,"Kirkland Signature Fine Ground Black Pepper, 348g",Kirkland Signature,5.99,Y,,,,,,,,Grocery & Household,Grocery Delivery,,,,,,https://www.costco.co.uk/medias/sys_master/images/hea/h10/27660977438750.jpg,https://www.costco.co.uk/medias/sys_master/images/h63/h3c/27660980420638.jpg,,,,"Kirkland Signature Fine Ground Pepper imparts a hot, bold bite and a fruity aroma guaranteed to delight pepper lovers everywhere. Every Kirkland Signature product is guaranteed to meet or exceed the quality standards of the leading national brands. If you're not completely satisfied, your money will be refunded. Fine Ground Kosher Quality standard Country of Origin : Vietnam. Packed in the USA.",- Kosher - Great for Recipes - Sourced from Vietnam,22,4.9,,,,,,,,Specification,Type,Seasonings,Specification,Weight,348g,Specification,Product Type,Herbs and Spices,Specification,Country of Origin,India,,,,,,,,,,,,,,,,,,,,,,,,,,,,,,,,,,,,,,,,,,,,,,,,
costco,2025-10-31,https://www.costco.co.uk/rest/v2/uk/products/86362/?fields=FULL&lang=en_GB&curr=GBP,https://www.costco.co.uk/Grocery-Household/Grocery-Delivery/Kirkland-Signature-Chopped-Onion-332g/p/86362,86362,"Kirkland Signature Chopped Onion, 332g",Kirkland Signature,5.19,Y,,,,,,,,Grocery & Household,Grocery Delivery,,,,,,https://www.costco.co.uk/medias/sys_master/images/h43/h9c/27660689604638.jpg,https://www.costco.co.uk/medias/sys_master/images/hec/hbf/27660862685214.jpg,,,,"Kirkland Signature Chopped Onion is gently dried to preserve its fresh flavour. These California grown chopped onions are excellent in dips, soups, stews and marinades. Kosher Dried to Preserve Flavour Great for Recipes 332g Country of Origin: USA If you are not completely satisfied with this Kirkland Signature product, your money will be refunded.",- Kosher - Dried to Preserve Flavour - Great for Recipes,83,4.6,,,,,,,,Specification,Product Type,Herbs & Spices,Specification,Country of Origin,USA,Specification,Type,Seasonings,Specification,Weight,332g,,,,,,,,,,,,,,,,,,,,,,,,,,,,,,,,,,,,,,,,,,,,,,,,
costco,2025-10-31,https://www.costco.co.uk/rest/v2/uk/products/251813/?fields=FULL&lang=en_GB&curr=GBP,https://www.costco.co.uk/Grocery-Household/Grocery-Delivery/Kirkland-Signature-Granulated-California-Garlic-510g/p/251813,251813,"Kirkland Signature Granulated California Garlic, 510g",Kirkland Signature,8.79,Y,,,,,,,,Grocery & Household,Grocery Delivery,,,,,,https://www.costco.co.uk/medias/sys_master/images/hf0/hec/27660689702942.jpg,https://www.costco.co.uk/medias/sys_master/images/h42/h67/27660698583070.jpg,,,,"​​​​​​Made from 100% California-grown fresh garlic that has been dehydrated and milled to size. 100% California-grown Fresh Garlic Kosher Great for Recipes 510g Country of Origin: USA If you are not completely satisfied with this Kirkland Signature product, your money will be refunded.",- 100% California-grown Fresh Garlic - Kosher - Great for Recipes,29,4.7,,,,,,,,Specification,Type,Seasonings,Specification,Weight,510g,,,,,,,,,,,,,,,,,,,,,,,,,,,,,,,,,,,,,,,,,,,,,,,,,,,,,,
costco,2025-10-31,https://www.costco.co.uk/rest/v2/uk/products/164998/?fields=FULL&lang=en_GB&curr=GBP,https://www.costco.co.uk/Grocery-Household/Grocery-Delivery/Kirkland-Signature-Coarse-Ground-Black-Pepper-360g/p/164998,164998,"Kirkland Signature Coarse Ground Black Pepper, 360g",Kirkland Signature,5.29,N,,,,,,,,Grocery & Household,Grocery Delivery,,,,,,https://www.costco.co.uk/medias/sys_master/images/h8f/h6e/27660689637406.jpg,https://www.costco.co.uk/medias/sys_master/images/heb/hae/27660863340574.jpg,,,,"Kirkland Signature Coarse Ground Black Pepper imparts a hot, bold bite and a fruity aroma, guaranteed to delight pepper lovers everywhere. Every Kirkland Signature product is guaranteed to meet or exceed the quality standards of the leading national brands. If you're not completely satisfied, your money will be refunded. 359g Kosher Coarsely Ground With a Hot, Bold Bite Country of Origin : Vietnam. Packed in the USA",- Kosher - Coarsely Ground - Fruity Aroma,26,4.9,,,,,,,,Specification,Product Type,Herbs and Spices,Specification,Type,Seasonings,Specification,Weight,360g,,,,,,,,,,,,,,,,,,,,,,,,,,,,,,,,,,,,,,,,,,,,,,,,,,,
costco,2025-10-31,https://www.costco.co.uk/rest/v2/uk/products/59336/?fields=FULL&lang=en_GB&curr=GBP,https://www.costco.co.uk/Grocery-Household/Food-Cupboard/Cakes-Biscuits/Lazzaroni-Chiostro-Di-Saronno-Classic-Panettone-1kg/p/59336,59336,"Lazzaroni Chiostro Di Saronno Classic Panettone, 1kg",Chiostro Di Saronno,10.49,Y,,,,,,,,Grocery & Household,Food Cupboard,Cakes & Biscuits,,,,,https://www.costco.co.uk/medias/sys_master/images/h84/h1d/384816757964830.jpg,https://www.costco.co.uk/medias/sys_master/images/h52/h24/243137714913310.jpg,,,,"A fluffy sweet bread originating from Milan, panettone is usually enjoyed during Christmas and New Year in Italy. This panettone contains candied orange and raisins. Panettone is the perfect alternative to the traditional Christmas cake and is presented in a beautiful gift tin. Panettone is made during a long process that involves curing of the dough with the proofing process alone taking several days, giving the cake its distinctive fluffy characteristics. Legend would have that at the end of the fourteenth century, a pastry maker from the court of Visconti wanted to bake a cake for his sweetheart, but during the preparation, something went wrong and the dough rose out of all proportion. In this manner, panettone was born. Raisin & Candied Orange Peels Natural Ingredients Gifting Metal Tin 1kg Lazzaroni is one of the oldest and most famous Italian confectionery houses. The company uses the best ingredients and original recipes to create award-winning products such as these panettone.",- Raisin & Candied Orange Peels - Natural Ingredients - Gifting Metal Tin,103,4.8,,,,,,,,Specification,Type,Bakery,Specification,Dimensions,H 18 x D 20.5 cm,Specification,Weight,1kg,,,,,,,,,,,,,,,,,,,,,,,,,,,,,,,,,,,,,,,,,,,,,,,,,,,
costco,2025-10-31,https://www.costco.co.uk/rest/v2/uk/products/716647/?fields=FULL&lang=en_GB&curr=GBP,https://www.costco.co.uk/Jewellery-Gold-Bars/Jewellery/Rings/150ctw-Princess-Cut-Diamond-Ring-Platinum/p/716647,716647,"1.50ctw Princess Cut Diamond Ring, Platinum",,4299.99,N,,,,I,,,,Halloween & Christmas,Jewellery & Gold Bars,Jewellery,Rings,,,,https://www.costco.co.uk/medias/sys_master/images/h3a/had/14301746135070.jpg,https://www.costco.co.uk/medias/sys_master/products/h2f/h05/10034070224926.jpg,https://www.costco.co.uk/medias/sys_master/products/hc5/h54/10034070552606.jpg,,,"Costco makes purchasing quality jewellery easy by offering only the industry’s highest quality diamonds at the lowest possible price. Costco’s experienced buying team works with our suppliers to select timeless styles and create well-crafted and comfortable jewellery. An Independent Gemologist inspects each piece for quality craftsmanship and every diamond for cut, colour and clarity to ensure your jewellery will sparkle for generations. Centre Diamond Cut: Princess Cut Total Diamonds: 11 Centre Diamond Weight: 1.00ct Total Diamond weight: 1.50ctw Diamond Clarity: I Diamond Colour: VS2 950 Platinum Ring Size: N When purchasing an article of jewellery with a 1.00ct center diamond or larger, you will receive a Diamond Grading Report from the Gemological Institute of America (GIA) detailing and mapping the diamond. We guarantee that all diamonds supplied by costco.co.uk are as follows: Clarity to be VS2 or better and colour to be ""I"" or better as outlined on the industry grading guide. To view additional information on diamonds click here.",Jewellery items that include a single diamond of 1.25 carat or larger come with a GIA® diamond grading report and an IGI® appraisal. Whereas single diamonds from 1.00 to 1.24 carat come with an IGI® appraisal only.,,,,,,,,,,Specification,Diamond Carat,1.50ctw,Specification,Diamond Cut,Princess,Specification,Diamond Clarity,VS2,Specification,Diamond Colour,I,Specification,Metal,Platinum,Specification,Birthstone Month,April,Specification,Material,Diamond,Specification,Type,Diamond Ring,,,,,,,,,,,,,,,,,,,,,,,,,,,,,,,,,,,,
costco,2025-10-31,https://www.costco.co.uk/rest/v2/uk/products/146787/?fields=FULL&lang=en_GB&curr=GBP,https://www.costco.co.uk/c/Kent-Double-Sided-Clothes-Brush/p/146787,146787,Kent Double Sided Clothes Brush,Kent,29.98,N,,,,,,,,,,,,,,,https://www.costco.co.uk/medias/sys_master/products/h7f/h52/10034085101598.jpg,,,,,"This cherry wood clothes brush from Kent Brushes is double-sided, with both stiff and soft natural bristles. The stiff bristle side is good for removing mud or dirt from the bottom of trousers or coats, while the soft bristle side is better for more gentle brushing. Product code: CC20 G B Kent & Sons Ltd, manufacturers of brushes since the eighteenth century is one of the oldest established companies in Great Britain. Kent Brushes (as they are now more commonly known) was founded in 1777 by William Kent in the reign of George III. Kent holds a pre-eminent place in the history of brush making, with an unbroken record of excellence in the quality of its production which has been recognised by the granting of Royal Warrants for nine reigns. Even in today's fast moving, mass-produced assembly, Kent are proud to still be manufacturing many of their original brushes by hand.",- Crafted from Cherry Wood - Stiff & Soft Bristles - Made in England,5,4.8,,,,,,,,,,,,,,,,,,,,,,,,,,,,,,,,,,,,,,,,,,,,,,,,,,,,,,,,,,,,,,,,,,,
costco,2025-10-31,https://www.costco.co.uk/rest/v2/uk/products/146792/?fields=FULL&lang=en_GB&curr=GBP,https://www.costco.co.uk/Personal-Care/Beauty-Bath-Tools/Kent-12-Piece-Cosmetic-Brush-Collection/p/146792,146792,Kent 12 Piece Cosmetic Brush Collection,Kent,84.99,N,,,,,,,,Personal Care,Beauty & Bath Tools,,,,,,https://www.costco.co.uk/medias/sys_master/products/h71/h60/10034086608926.jpg,,,,,"Twelve by Kent Brushes is a range of perfectly crafted make-up brushes for the eyes, face and lips. Each brush is numbered for easy identification with usage and top tips printed on the reusable travel pouch. Natural hair is used to fill the brushes intended to apply powder products such as powder eye shadows and blushes. Synthetic hair is used to fill the brushes designed to apply liquid, cream and oil based formulas. All brushes are made with a soft touch handle for precision application. Includes: Angled Eye Brow Brush Eye Grooming Brush Angled Eye Contour Brush Definition / Socket Brush Angled Eyeliner Brush Lip Brush Concealer Brush Large Foundation Brush Contour Powder Brush Blusher Brush Powder Brush Travel Powder / Bronze / Kabuki Brush G B Kent & Sons Ltd, manufacturers of brushes since the eighteenth century is one of the oldest established companies in Great Britain. Kent Brushes (as they are now more commonly known) was founded in 1777 by William Kent in the reign of George III. Kent holds a pre-eminent place in the history of brush making, with an unbroken record of excellence in the quality of its production which has been recognised by the granting of Royal Warrants for nine reigns. Even in today's fast moving, mass-produced assembly, Kent are proud to still be manufacturing many of their original brushes by hand. Angled eye brow brush: Apply colour to eyebrow arch first, then lightly feather in the colour to ‘fill’ the brow. Made from natural hair Eye grooming brush: Gently brush & smooth the eyebrows into shape with this natural bristle brush Angled eye contour brush: Use to shade & blend eye shadows. Use to work dark colours near the lash line & paler colours to the brow line. Made from natural hair Definition /socket brush: Use for precision shading on the eye crease, in the socket & around the lash line. Apply colour in a curved motion & follow with small circular brush strokes blending the colour smoothly into the eye socket. Made from natural hair Angled eyeliner brush: Use for lining, shading or shaping the eye. The angle of the brush can create sharp precise lines. Made from synthetic hair Lip brush: Use to apply lipstick, gloss or lip conditioner. Load the brush with colour & distribute evenly starting at the centre of the lips & working outwards. Made from synthetic hair Concealer brush: Lightly coat the brush with concealer. Gently brush over blemishes or spots, thinning out the concealer to blend in with face make-up. Made from synthetic hair Large foundation brush: Apply liquid or cream foundation to tip of brush. Starting at the nose, brush foundation in outward strokes towards cheek. Continue downward & outward strokes from under eyes. Use upward strokes when applying foundation to forehead, starting at eyebrows towards hairline. Made from synthetic hair Contour powder brush: Use sweeping brush strokes to highlight & define the face. Follow the cheekbones towards the hairline in an upward direction. Made from natural hair Blusher brush: Smile in the mirror and apply blusher to the ‘apples’ of the cheeks. Load brush with blush, shaking or blowing excess away first, then apply upwards & outwards towards hairline. For a natural look also blend down and away from the cheekbones. Made from natural hair Powder brush: Use to apply powder after foundation or concealer. The powder sets the skin and creates an even base for further blusher & eye colour. Made from natural hair Travel powder/bronze/kabuki brush: Complete with carrying case. Use to apply loose powder or bronzer to face or body. Use sparingly to create a sun kissed look, especially on areas that naturally catch the sun. Made from natural hair",Please note this item is limited to a maximum purchase of 1.,11,4.5,,,,,,,,,,,,,,,,,,,,,,,,,,,,,,,,,,,,,,,,,,,,,,,,,,,,,,,,,,,,,,,,,,,
costco,2025-10-31,https://www.costco.co.uk/rest/v2/uk/products/126480/?fields=FULL&lang=en_GB&curr=GBP,https://www.costco.co.uk/Grocery-Household/Grocery-Delivery/Kirkland-Signature-Crystal-Clear-Disposable-Cutlery-360-Pieces/p/126480,126480,"Kirkland Signature Crystal Clear Disposable Cutlery, 360 Pieces",Kirkland Signature,20.19,N,,,,,,,,Grocery & Household,Grocery Delivery,,,,,,https://www.costco.co.uk/medias/sys_master/images/hfa/h0f/47452740124702.jpg,,,,,"With a new, stronger design, this Kirkland Signature Crystal Clear Disposable Cutlery Set contains 360 premium weight pieces including: 180 disposable forks 120 disposable spoons 60 disposable knives If you are not completely satisfied with this Kirkland Signature product, your money will be refunded.",- 180 disposable forks - 120 disposable spoons - 60 disposable knives,21,5.0,,,,,,,,Specification,Type,Tableware,Specification,Weight,360 Pieces,,,,,,,,,,,,,,,,,,,,,,,,,,,,,,,,,,,,,,,,,,,,,,,,,,,,,,
costco,2025-10-31,https://www.costco.co.uk/rest/v2/uk/products/146788/?fields=FULL&lang=en_GB&curr=GBP,https://www.costco.co.uk/Toys-Baby-Child/Nursery-Baby/Baby-Gifts/Kent-Cherry-Wood-Baby-Brush/p/146788,146788,Kent Cherry Wood Baby Brush,Kent,12.99,N,,,,,,,,"Toys, Baby & Child",Nursery & Baby,Baby Gifts,,,,,https://www.costco.co.uk/medias/sys_master/products/hd8/h3c/10034085167134.jpg,https://www.costco.co.uk/medias/sys_master/products/h56/hfc/10034140282910.jpg,,,,"This super soft pure white bristle brush made from cherry wood is perfect for baby's hair. The soft bristle gently brushes the hair, encouraging growth and shine, while the uneven bristles provide penetration through the hair and massage the scalp. This can help in reducing cradle cap by removing dead skin gently and promoting good blood circulation to the scalp for healthy skin and hair. Using only the finest quality natural Boar Bristles, this brush will not damage human hair as it it made of the same protein. Boar Bristles have a natural stiffness to brush through hair and yet 'give' as they draw through the hair. Product code: BA10 G B Kent & Sons Ltd, manufacturers of brushes since the eighteenth century is one of the oldest established companies in Great Britain. Kent Brushes (as they are now more commonly known) was founded in 1777 by William Kent in the reign of George III. Kent holds a pre-eminent place in the history of brush making, with an unbroken record of excellence in the quality of its production which has been recognised by the granting of Royal Warrants for nine reigns. Even in today's fast moving, mass-produced assembly, Kent are proud to still be manufacturing many of their original brushes by hand.",- Super Soft Pure White Boar Bristles - Uneven Bristles Can Help Reduce Cradle Cap - Made in England,8,3.9,,,,,,,,,,,,,,,,,,,,,,,,,,,,,,,,,,,,,,,,,,,,,,,,,,,,,,,,,,,,,,,,,,,
costco,2025-10-31,https://www.costco.co.uk/rest/v2/uk/products/25867/?fields=FULL&lang=en_GB&curr=GBP,https://www.costco.co.uk/Grocery-Household/Food-Cupboard/Oils-Vinegars-Dressings/Kirkland-Signature-Toscano-Extra-Virgin-Olive-Oil-1L/p/25867,25867,"Kirkland Signature Toscano Extra Virgin Olive Oil, 1L",Kirkland Signature,12.99,Y,,,,,,,,Grocery & Household,Food Cupboard,"Oils, Vinegars & Dressings",,,,,https://www.costco.co.uk/medias/sys_master/images/h22/hac/168492200525854.jpg,https://www.costco.co.uk/medias/sys_master/images/hfc/h3d/168492200296478.jpg,,,,"Kirkland Signature Toscano Extra Virgin Olive Oil 2022 brings the flavours of Tuscany to your kitchen. This vibrant green and golden yellow Extra Virgin Olive Oil is made with olives picked from early October to December in Tuscany, Italy. Cold-extracted, within a few hours of harvesting, this oil displays a full-bodied elegant aroma with a distinctive fruity overtone and a characteristic pungency. The scent of almond, artichokes and ripe fruit is the perfect match for a bruschetta and to enrich your soups. Each edition of Kirkland Signature’s Extra Virgin Olive Oil hails from a single, protected origin known for its rich contribution to the history of olive growing in Europe. Distinctive Fruity Tones Full-Bodied Elegant Aroma Product of Italy Kosher 1L If you are not completely satisfied with this Kirkland Signature Product, your money will be refunded.",- Distinctive Fruity Tones - Full-Bodied Elegant Aroma - Product of Italy - Kosher,72,4.6,,,,,,,,Specification,Type,Olive Oil,Specification,Weight,1L,Specification,Product Type,Cooking Oil,Specification,Country of Origin,Italy,,,,,,,,,,,,,,,,,,,,,,,,,,,,,,,,,,,,,,,,,,,,,,,,
costco,2025-10-31,https://www.costco.co.uk/rest/v2/uk/products/297541/?fields=FULL&lang=en_GB&curr=GBP,https://www.costco.co.uk/Grocery-Household/Grocery-Delivery/Kirkland-Signature-Whole-Black-Peppercorns-399g/p/297541,297541,"Kirkland Signature Whole Black Peppercorns, 399g",Kirkland Signature,6.39,N,,,,,,,,Grocery & Household,Grocery Delivery,,,,,,https://www.costco.co.uk/medias/sys_master/images/h2f/hd5/27695439577118.jpg,https://www.costco.co.uk/medias/sys_master/images/hd6/he8/27695444131870.jpg,,,,- Kosher - Hand Harvested - Great for Recipes,- Kosher - Hand Harvested - Great for Recipes,40,4.8,,,,,,,,Specification,Type,Seasonings,Specification,Weight,399g,,,,,,,,,,,,,,,,,,,,,,,,,,,,,,,,,,,,,,,,,,,,,,,,,,,,,,
costco,2025-10-31,https://www.costco.co.uk/rest/v2/uk/products/12834/?fields=FULL&lang=en_GB&curr=GBP,https://www.costco.co.uk/Grocery-Household/Grocery-Delivery/Pedigree-Dentastix-Daily-Oral-Care-For-Medium-Dogs-56-pack/p/12834,12834,"Pedigree Dentastix Daily Oral Care For Medium Dogs, 56 pack",Pedigree,9.78,Y,11.98,Y,SAVE £2.20,,,,,Grocery & Household,Grocery Delivery,,,,,,https://www.costco.co.uk/medias/sys_master/products/haf/hb7/10034234261534.jpg,,,,,"4 out of five dogs over the age of 3 have gum disease. This is caused by plaque and tarter build-up around the gum line, which can be reduced by an effective oral care routine. Pedigree Daily Dentastix has a unique x shape and, when fed daily, the combination of its special texture and active ingredients, is scientifically proven to help reduce tarter build-up by up to 80%. What's more, each pack contains 2 delicious flavours, Chicken and Beef, so your dog can enjoy variety in his daily treat. Its gently abrasive texture combined with active ingredients that work with your dog's saliva, help reduce the build-up of plaque and tarter. What's more it's not just the dental benefits that you can feel good about, Pedigree Daily Dentastix are also: Low in fat Sugar Free 82 Calories per stick Free from artificial colours or flavours Suitable for 10-25kg dogs This pack contains: 56 Sticks Lasts Approximately: 8 weeks of care",- 8 weeks of care - Daily oral care - Recommended by vets,22,5.0,,,,,,,,Specification,Type,Dog,,,,,,,,,,,,,,,,,,,,,,,,,,,,,,,,,,,,,,,,,,,,,,,,,,,,,,,,,
costco,2025-10-31,https://www.costco.co.uk/rest/v2/uk/products/119561/?fields=FULL&lang=en_GB&curr=GBP,https://www.costco.co.uk/Grocery-Household/Grocery-Delivery/Sun-Valley-Natural-Fruit-Nuts-Selection-11kg/p/119561,119561,"Sun Valley Natural Fruit & Nuts Selection, 1.1kg",Sun Valley,14.49,Y,,,,,,,,Grocery & Household,Grocery Delivery,,,,,,https://www.costco.co.uk/medias/sys_master/images/hb4/he8/10690186182686.jpg,https://www.costco.co.uk/medias/sys_master/images/h8a/h44/50843642363934.jpg,https://www.costco.co.uk/medias/sys_master/images/h00/h7a/362597689884702.jpg,https://www.costco.co.uk/medias/sys_master/images/h48/ha9/362597690212382.jpg,,"Sun Valley Natural Fruit & Nuts Selection offers a high quality mix of natural mixed nuts including whole almonds, cashews, whole Brazil nuts, pecans and pistachios blended with juicy cranberries, jumbo raisins and golden raisins. Our Natural Fruit & Nut Mix is exploding with delicious crunchy nuts which are combined with juicy fruits, truly full of goodness. You can enjoy these while sat at your desk working or as a little energy boost mid-afternoon. High in Fibre Suitable for Vegetarians Suitable for Vegans 1.1kg",- High in Fibre - Suitable for Vegetarians - Suitable for Vegans,42,4.7,,,,,,,,Specification,Type,Nuts,Specification,Weight,1.1kg,,,,,,,,,,,,,,,,,,,,,,,,,,,,,,,,,,,,,,,,,,,,,,,,,,,,,,
costco,2025-10-31,https://www.costco.co.uk/rest/v2/uk/products/119553/?fields=FULL&lang=en_GB&curr=GBP,https://www.costco.co.uk/Grocery-Household/Grocery-Delivery/Sun-Valley-Natural-Mixed-Nuts-Selection-1kg/p/119553,119553,"Sun Valley Natural Mixed Nuts Selection, 1kg",Sun Valley,15.49,Y,,,,,,,,Grocery & Household,Grocery Delivery,,,,,,https://www.costco.co.uk/medias/sys_master/images/h6a/hae/10690186248222.jpg,https://www.costco.co.uk/medias/sys_master/images/h34/h79/50843642462238.jpg,https://www.costco.co.uk/medias/sys_master/images/h70/h22/362597693947934.jpg,https://www.costco.co.uk/medias/sys_master/images/h23/hed/362597698404382.jpg,,"Sun Valley Natural Mixed Nuts Selection offers a high quality mix of natural mixed nuts including whole Brazil nuts, almonds, cashews, walnuts, hazelnuts and pistachios. These are deliciously crunchy nuts which are bursting with goodness. High in Fibre Source of Protein Suitable for Vegetarians Suitable for Vegans 1kg",- High in Fibre - Source of Protein - Suitable for Vegetarians - Suitable for Vegans,58,4.5,,,,,,,,Specification,Product Type,Nuts,Specification,Type,Nuts,Specification,Weight,1kg,,,,,,,,,,,,,,,,,,,,,,,,,,,,,,,,,,,,,,,,,,,,,,,,,,,
costco,2025-10-31,https://www.costco.co.uk/rest/v2/uk/products/297538/?fields=FULL&lang=en_GB&curr=GBP,https://www.costco.co.uk/Grocery-Household/Grocery-Delivery/Kirkland-Signature-Ground-Saigon-Cinnamon-303g/p/297538,297538,"Kirkland Signature Ground Saigon Cinnamon, 303g",Kirkland Signature,4.99,Y,,,,,,,,Grocery & Household,Grocery Delivery,,,,,,https://www.costco.co.uk/medias/sys_master/products/hc9/hb1/10034308775966.jpg,https://www.costco.co.uk/medias/sys_master/images/hb7/h0d/84456836857886.jpg,,,,"Cinnamon trees are nurtured for 20 years prior to harvest in the tropical highlands of Vietnam. Our Kirkland Signature Ground Saigon Cinnamon rewards cooks with a sweet-hot flavour unmatched by any other cinnamon. An excellent addition to baked goods, coffee and French toast. Kosher Harvested in Vietnam Sweet-hot Flavour 303g Storage: Store away from direct sunlight in a cool, dry place. Country of Origin: Vietnam. Packed in the USA If you are not completely satisfied with this Kirkland Signature product, your money will be refunded.",- Kosher - Harvested in Vietnam - Sweet-hot Flavour,167,4.7,,,,,,,,Specification,Product Type,Herbs & Spices,Specification,Type,Seasonings,Specification,Weight,303g,,,,,,,,,,,,,,,,,,,,,,,,,,,,,,,,,,,,,,,,,,,,,,,,,,,
costco,2025-10-31,https://www.costco.co.uk/rest/v2/uk/products/195135/?fields=FULL&lang=en_GB&curr=GBP,https://www.costco.co.uk/Grocery-Household/Grocery-Delivery/Ghirardelli-Triple-Chocolate-Brownie-Mix-4-Batches/p/195135,195135,"Ghirardelli Triple Chocolate Brownie Mix, 4 Batches",Ghirardelli,12.29,N,,,,,,,,Grocery & Household,Grocery Delivery,,,,,,https://www.costco.co.uk/medias/sys_master/images/h6e/hdc/17382058393630.jpg,https://www.costco.co.uk/medias/sys_master/images/h01/h5b/17382058983454.jpg,,,,"For moments of timeless pleasure, Ghirardelli use better chocolate for better brownies. The luxuriously deep flavour and smooth texture of Ghirardelli premium chocolate is the secret to pure brownie perfection. Indulge in this ultra rich, moist and chewy brownie, and experience moments of timeless pleasure with Ghirardelli. 3 Kinds of Chocolate Chips Decadent Chocolate Taste Kosher 4 Batches",- 3 Kinds of Chocolate Chips - Decadent Chocolate Taste - Kosher,74,4.9,,,,,,,,Specification,Type,Baking Ingredients,Specification,Weight,2.26kg,Specification,Product Type,Cake Mix,Specification,Country of Origin,USA,,,,,,,,,,,,,,,,,,,,,,,,,,,,,,,,,,,,,,,,,,,,,,,,
costco,2025-10-31,https://www.costco.co.uk/rest/v2/uk/products/148878/?fields=FULL&lang=en_GB&curr=GBP,https://www.costco.co.uk/Sports-Spas-Leisure/Outdoor-Sports/Golf/Longridge-Challenger-Junior-Golf-Set-8-Years/p/148878,148878,Longridge Challenger Cadet Junior Golf Package (8+ Years),Longridge,99.98,Y,,,,Orange,,,,"Sports, Spas & Leisure",Outdoor Sports,Golf,,,,,https://www.costco.co.uk/medias/sys_master/images/h94/h7b/10528862830622.jpg,https://www.costco.co.uk/medias/sys_master/images/h69/hcd/298506998415390.jpg,https://www.costco.co.uk/medias/sys_master/images/hbc/h7e/10528879738910.jpg,https://www.costco.co.uk/medias/sys_master/images/hc7/hf7/10528880066590.jpg,https://www.costco.co.uk/medias/sys_master/images/h0f/h66/10528880197662.jpg,"The Junior Challenger Golf set from Longridge is specifically designed with junior golfers in mind. Bright colours combined with advanced technology make this set attractive and fun, as well as being easy to use. The five piece set is a fun set for children aged 8 +. Includes a driver, 7, 9 + p/s irons, putter, stand bag and headcover. The clubs are all fitted with graphite shafts that are both bright and appealing. A light weight club head and shaft aid the typical swing speed of a junior golfer. The bag is orange in colour to match the set and comes fitted with a dual padded strap as well as several storage pockets. Specification: Alloy driver with junior graphite shaft (36'') SS iron 7#/32' 9#/31'' PW#/30.5'' with junior graphite shaft Zinc putter with junior graphite shaft (30.5'') Junior stand bag (29.5')","- 3 Irons - #7, #9 and PW - Stand Bag and Head Cover - Fit For Ages 8+ (129cm Tall)",4,4.8,,,,,,,,Specification,Type,Golf Clubs,,,,,,,,,,,,,,,,,,,,,,,,,,,,,,,,,,,,,,,,,,,,,,,,,,,,,,,,,
costco,2025-10-31,https://www.costco.co.uk/rest/v2/uk/products/148884/?fields=FULL&lang=en_GB&curr=GBP,https://www.costco.co.uk/Sports-Spas-Leisure/Outdoor-Sports/Golf/Longridge-Hard-Case-Golf-Travel-Cover/p/148884,148884,Longridge Hard Case Golf Travel Cover,Longridge,149.98,Y,,,,,,,,"Sports, Spas & Leisure",Outdoor Sports,Golf,,,,,https://www.costco.co.uk/medias/sys_master/images/h61/hd3/297895459553310.jpg,https://www.costco.co.uk/medias/sys_master/images/h70/ha0/297895459487774.jpg,https://www.costco.co.uk/medias/sys_master/images/h86/h2d/297895459880990.jpg,https://www.costco.co.uk/medias/sys_master/images/h5e/h29/297895737294878.jpg,https://www.costco.co.uk/medias/sys_master/images/ha9/he9/297895739392030.jpg,"The New Longridge Hardcase Travel Cover gives ultimate protection to your golf clubs. Designed to fit up to a 10"" golf bag and 46"" Drivers. This extremely versatile cover supplied with 3 heavy duty locks and 2 retractable handles is the best way to protect your golf clubs on any journey. It is constructed from heavy duty ABS material incorporating a foam padded top. Specification 3 Heavy duty key locks 2 Retractable handles Easy glide roller wheels Protective bumpers Foam padded top Material: Heavy duty ABS Plastic Weight: 5.8kg Inner Dimensions: H 126 x W 32 x D 37 cm Product Dimensions: H 130.2 x W 38.1 x D 38.1 cm",- Heavy duty ABS construction - Easy glide roller wheels - 3 heavy duty key locks - 2 retractable handles,13,4.2,,,,,,,,Specification,Type,Golf Bag,,,,,,,,,,,,,,,,,,,,,,,,,,,,,,,,,,,,,,,,,,,,,,,,,,,,,,,,,
costco,2025-10-31,https://www.costco.co.uk/rest/v2/uk/products/148899/?fields=FULL&lang=en_GB&curr=GBP,https://www.costco.co.uk/Sports-Spas-Leisure/Outdoor-Sports/Golf/Longridge-Master-Cage-Sports-Net/p/148899,148899,Longridge Master Cage Sports Net,Longridge,359.98,N,,,,,,,,"Sports, Spas & Leisure",Outdoor Sports,Golf,,,,,https://www.costco.co.uk/medias/sys_master/images/h86/h37/227210658381854.jpg,https://www.costco.co.uk/medias/sys_master/images/h96/h1c/227210664411166.jpg,,,,"This Longridge Master Cage sports net is a well tested and proven classic hitting net. This net is perfect for all of your club or family multi-sport needs. The Master Cage is built to last, cosntructed of 32mm steel tubing, has corrosion resistant aluminium corners, and weather resistant netting. Its large size will keep balls inside, and the detachable, movable target allows you to focus on improving your accuracy. With a set up time of less than 30 minutes, and no tools required, this is a hassle free must have sports net. The Master Cage net is perfect and convenient for practicing your sporting technique. Features: Multi-purpose net, useable for varied sports Cage creates safe playing environment Water resistant Interchangeable targets High quality steel frame Large size: 3 x 3 x 3 meters Material: Steel tubing and Aluminium corners Weight: 34kg Product Dimensions: H 300 x W 300 x D 300 cm",- Interchangeable Targets - High Quality Steel Frame - Water Resistant - Multi-Purpose Sports Net,5,4.2,,,,,,,,Specification,Type,Target Net,Specification,Dimensions,H 300 x W 300 x D 300cm,Specification,Weight,34kg,,,,,,,,,,,,,,,,,,,,,,,,,,,,,,,,,,,,,,,,,,,,,,,,,,,
costco,2025-10-31,https://www.costco.co.uk/rest/v2/uk/products/60609/?fields=FULL&lang=en_GB&curr=GBP,https://www.costco.co.uk/Grocery-Household/Grocery-Delivery/Candia-Just-Milk-UHT-Skimmed-Milk-6-x-1L/p/60609,60609,"Candia Just Milk UHT Skimmed Milk, 6 x 1L",Candia,5.89,Y,7.39,Y,SAVE £1.50,,,,,Grocery & Household,Grocery Delivery,,,,,,https://www.costco.co.uk/medias/sys_master/images/h96/hd0/51360039763998.jpg,https://www.costco.co.uk/medias/sys_master/images/h20/hd6/51360039960606.jpg,https://www.costco.co.uk/medias/sys_master/images/h9c/h92/51360044023838.jpg,https://www.costco.co.uk/medias/sys_master/images/h1f/hee/51360048152606.jpg,,"Candia UHT Skimmed Milk contains the same amount of calcium as fresh milk, but keeps much, much longer. It has been heat-treated without the use of preservatives or additives. This makes it perfect as part of a healthy, balanced diet. Long Lasting No Preservatives No Additives",- Long Lasting - No Preservatives - No Additives,34,4.8,,,,,,,,Specification,Type,Milk,,,,,,,,,,,,,,,,,,,,,,,,,,,,,,,,,,,,,,,,,,,,,,,,,,,,,,,,,
costco,2025-10-31,https://www.costco.co.uk/rest/v2/uk/products/80900/?fields=FULL&lang=en_GB&curr=GBP,https://www.costco.co.uk/Grocery-Household/Tea-Coffee-Hot-Drinks/Milk-Cream-Sugar/Candia-Just-Milk-UHT-Semi-Skimmed-Milk-6-x-1L/p/80900,80900,"Candia Just Milk UHT Semi-Skimmed Milk, 6 x 1L",Candia,7.49,Y,,,,,,,,Grocery & Household,"Tea, Coffee & Hot Drinks","Milk, Cream & Sugar",,,,,https://www.costco.co.uk/medias/sys_master/images/h64/h12/51360039895070.jpg,https://www.costco.co.uk/medias/sys_master/images/h88/hc6/51360039829534.jpg,https://www.costco.co.uk/medias/sys_master/images/h83/h18/51360044187678.jpg,https://www.costco.co.uk/medias/sys_master/images/h85/h21/51360046448670.jpg,,"Candia UHT Semi-Skimmed Milk contains the same amount of calcium as fresh milk, but keeps much, much longer. It has been heat-treated without the use of preservatives or additives. Long Lasting No Preservatives No Additives",- Long Lasting - No Preservatives - No Additives,46,4.7,,,,,,,,Specification,Type,Milk,,,,,,,,,,,,,,,,,,,,,,,,,,,,,,,,,,,,,,,,,,,,,,,,,,,,,,,,,
costco,2025-10-31,https://www.costco.co.uk/rest/v2/uk/products/143130/?fields=FULL&lang=en_GB&curr=GBP,https://www.costco.co.uk/Grocery-Household/Grocery-Delivery/Galaxy-Instant-Hot-Chocolate-1kg/p/143130,143130,"Galaxy Instant Hot Chocolate, 1kg",Galaxy,6.99,N,,,,,,,,Grocery & Household,Grocery Delivery,,,,,,https://www.costco.co.uk/medias/sys_master/products/hab/hc8/10034513248286.jpg,https://www.costco.co.uk/medias/sys_master/images/h4a/hb0/139689389522974.jpg,,,,Succumb to the smooth pleasure of creamy Galaxy Instant Hot Chocolate made with real Galaxy milk chocolate. Just add one heaped scoop of Galaxy instant hot chocolate drink into a cup or mug and then pour on hot water and stir. One Serving: 25g Approximately 40 Servings Per Pack Free From Artificial Colours & Preservatives 1kg,- One Serving: 25g - Approximately 40 Servings Per Pack - Free From Artificial Colours & Preservatives,45,4.8,,,,,,,,Specification,Product Type,Hot Chocolate,Specification,Type,Hot Chocolate,Specification,Weight,1kg,,,,,,,,,,,,,,,,,,,,,,,,,,,,,,,,,,,,,,,,,,,,,,,,,,,
costco,2025-10-31,https://www.costco.co.uk/rest/v2/uk/products/11250/?fields=FULL&lang=en_GB&curr=GBP,https://www.costco.co.uk/Grocery-Household/Grocery-Delivery/Tate-Lyle-Demerara-Pure-Unrefined-Cane-Sugar-3kg/p/11250,11250,"Tate & Lyle Demerara Pure Unrefined Cane Sugar, 3kg",Tate & Lyle,5.99,Y,,,,,,,,Grocery & Household,Grocery Delivery,,,,,,https://www.costco.co.uk/medias/sys_master/images/h10/h23/188054356656158.jpg,https://www.costco.co.uk/medias/sys_master/images/hf7/h0d/13759983190046.jpg,,,,"Tate & Lyle Demerara Pure Unrefined Cane Sugar is at the heart of our wide spectrum of cane sugars and syrups (from white to very dark brown). Cane sugar retains the molasses content from cane which imparts a deeper flavour to baked goods, such as biscuits and cookies. Cane sugar is characterised by a fruity aroma and sweet aftertaste, compared to sugar refined from other sources. 7 out of 10 Pastry Chefs prefer using Tate & Lyle Pure Cane Sugar and many Professional Chefs use Tate & Lyle Pure Cane Sugars in their creativity. That’s because they trust its superior performance and, when you talk to the people who know, they tell you that not all sugars are interchangeable in their recipes, because they can give such varied results. Compared to other types of sugars, cane sugar has significant advantages for cooking & baking, especially at high temperatures. For example, caramelisation is more even and transparent with cane sugar, which make the results much more appealing. Guyanese Inspired Medium Fruity Bodied Ideal for Biscuits, Crumbles & Coffee 3kg","- Guyanese Inspired - Medium Fruity Bodied - Ideal for Biscuits, Crumbles & Coffee",69,4.9,,,,,,,,Specification,Type,Sugar,Specification,Weight,3kg,,,,,,,,,,,,,,,,,,,,,,,,,,,,,,,,,,,,,,,,,,,,,,,,,,,,,,
costco,2025-10-31,https://www.costco.co.uk/rest/v2/uk/products/47279/?fields=FULL&lang=en_GB&curr=GBP,https://www.costco.co.uk/Grocery-Household/Grocery-Delivery/Options-Instant-Hot-Chocolate-Drink-825g/p/47279,47279,"Options Instant Hot Chocolate Drink, 825g",Options,8.39,N,,,,,,,,Grocery & Household,Grocery Delivery,,,,,,https://www.costco.co.uk/medias/sys_master/products/had/h0e/10557314007070.jpg,https://www.costco.co.uk/medias/sys_master/images/hca/h33/103977146875934.jpg,https://www.costco.co.uk/medias/sys_master/images/h98/hba/103925268447262.jpg,,,"Product Details Here's a little secret, a smooth rich Belgian hot drinking chocolate full of promise that is bound to catch your eye. Guaranteed to satisfy your sweet cravings without spoiling your good intentions, it's bound to be love at first sight. Smooth Belgian Chocolate Rich & Creamy 40 Calories Per Cup Serving size: 11g Approximately 75 servings per pack Country of Origin: Switzerland Allergy Information: Please see above 'Product Details' for further information.",- Smooth Belgian Chocolate - Rich & Creamy - 40 Calories Per Cup,48,4.7,,,,,,,,Specification,Product Type,Hot Chocolate,Specification,Type,Hot Drinks,Specification,Weight,825g,,,,,,,,,,,,,,,,,,,,,,,,,,,,,,,,,,,,,,,,,,,,,,,,,,,
costco,2025-10-31,https://www.costco.co.uk/rest/v2/uk/products/110192/?fields=FULL&lang=en_GB&curr=GBP,https://www.costco.co.uk/Grocery-Household/Grocery-Delivery/Yorkshire-Tea-Bags-480-Pack/p/110192,110192,"Yorkshire Tea Bags, 480 Pack",Taylors of Harrogate,10.59,N,,,,,,,,Grocery & Household,Grocery Delivery,,,,,,https://www.costco.co.uk/medias/sys_master/products/h5c/h3d/10166122479646.jpg,https://www.costco.co.uk/medias/sys_master/images/hb9/ha1/100115816677406.jpg,,,,"Product Details A proper brew. Pure and simple. To give Yorkshire Tea its refreshing flavour, strength and colour Taylors of Harrogate use top quality Assam and African teas. In the tea trade they're renowned for paying more to get the pick of the crop. Their experts travel the world to find the people who grow the best teas, which are then blended together using a secret recipe to create a traditional, satisfying brew. Refreshing Flavour Top Quality Assam & African Teas Pure & Simple 480 Tea Bags",- Refreshing Flavour - Top Quality Assam & African Teas - Pure & Simple,140,4.9,,,,,,,,Specification,Type,Tea,Specification,Weight,1.5kg,,,,,,,,,,,,,,,,,,,,,,,,,,,,,,,,,,,,,,,,,,,,,,,,,,,,,,
costco,2025-10-31,https://www.costco.co.uk/rest/v2/uk/products/124232/?fields=FULL&lang=en_GB&curr=GBP,https://www.costco.co.uk/Grocery-Household/Grocery-Delivery/Douwe-Egberts-Pure-Gold-Instant-Coffee-Granules-400g/p/124232,124232,"Douwe Egberts Pure Gold Instant Coffee Granules, 400g",Douwe Egberts,15.49,Y,,,,,,,,Grocery & Household,Grocery Delivery,,,,,,https://www.costco.co.uk/medias/sys_master/images/hd9/h08/13943580721182.jpg,https://www.costco.co.uk/medias/sys_master/images/h78/h8e/13943605624862.jpg,https://www.costco.co.uk/medias/sys_master/images/h9f/h81/13943605428254.jpg,https://www.costco.co.uk/medias/sys_master/images/hd4/ha2/13943605362718.jpg,,"Experience the taste and aroma of Douwe Egberts Medium Roast Pure Gold. Made from a blend of the finest quality beans, its medium and well balanced flavour make it the perfect cup of coffee at any time of the day. With over 260 years of expertise in blending and roasting, Douwe Egberts continues to bring you great tasting coffee. A guaranteed standard of consistent quality and craft sealed in every pack. Medium Roast Instant Coffee Granules Makes Approximately 222 Cups of Coffee 400g",- Medium Roast - Instant Coffee Granules - Makes Approx. 222 Cups of Coffee,128,4.9,,,,,,,,Specification,Type,Coffee,Specification,Weight,400g,,,,,,,,,,,,,,,,,,,,,,,,,,,,,,,,,,,,,,,,,,,,,,,,,,,,,,
costco,2025-10-31,https://www.costco.co.uk/rest/v2/uk/products/29319/?fields=FULL&lang=en_GB&curr=GBP,https://www.costco.co.uk/Grocery-Household/Grocery-Delivery/Kenco-Decaffeinated-Instant-Coffee-Granules-500g/p/29319,29319,"Kenco Decaffeinated Instant Coffee Granules, 500g",Kenco,15.49,Y,,,,,,,,Grocery & Household,Grocery Delivery,,,,,,https://www.costco.co.uk/medias/sys_master/images/h96/h2b/383107398959134.jpg,https://www.costco.co.uk/medias/sys_master/images/h67/h9b/383107404431390.jpg,https://www.costco.co.uk/medias/sys_master/images/h45/h59/383107404234782.jpg,,,"Kenco decaffeinated coffee is made with a superior blend of the finest quality beans, expertly roasted to capture the unique, smooth Kenco coffee taste. Makes approximately 275 cups of coffee Well-rounded Full Flavour Decaffeinated 500g",- Finest Quality Beans - Expertly Roasted - Decaffeinated,38,4.8,,,,,,,,Specification,Product Type,Coffee,Specification,Type,Coffee,Specification,Weight,500g,,,,,,,,,,,,,,,,,,,,,,,,,,,,,,,,,,,,,,,,,,,,,,,,,,,
costco,2025-10-31,https://www.costco.co.uk/rest/v2/uk/products/118340/?fields=FULL&lang=en_GB&curr=GBP,https://www.costco.co.uk/Grocery-Household/Grocery-Delivery/Nescafe-Dolce-Gusto-Latte-Macchiato-Coffee-Pods-24-Servings/p/118340,118340,"Nescafé Dolce Gusto Latte Macchiato Coffee Pods, 24 Servings",Nescafé,10.99,Y,,,,,,,,Grocery & Household,Grocery Delivery,,,,,,https://www.costco.co.uk/medias/sys_master/images/h20/he2/32290319958046.jpg,https://www.costco.co.uk/medias/sys_master/images/h01/h17/29556622819358.jpg,https://www.costco.co.uk/medias/sys_master/images/hae/h11/29556425752606.jpg,https://www.costco.co.uk/medias/sys_master/images/hcf/h22/29556622524446.jpg,,"Nutritional Information Enjoy coffee shop quality at home with this Dolce Gusto Latte Macchiato blend from Nescafé. The perfect blend of slightly sweetened, frothy milk and a layer of smooth, full-bodied espresso taste it makes a delicious tea time treat or the perfect way to start a busy day. 24 Pods Made With 100% Arabica Ingredients: Whole Milk Powder, Sugar, Emulsifier (Soya Lecithin), Roast & Ground Coffee","- 24 servings - Storage: Store in a clean, cool and dry place - Compatible with Nescafé Dolce Gusto coffee machines",11,4.7,,,,,,,,,,,,,,,,,,,,,,,,,,,,,,,,,,,,,,,,,,,,,,,,,,,,,,,,,,,,,,,,,,,
costco,2025-10-31,https://www.costco.co.uk/rest/v2/uk/products/149541/?fields=FULL&lang=en_GB&curr=GBP,https://www.costco.co.uk/Home-Kitchen/Sewing-Garment-Care/Sewing-Machines/Singer-9960-Quantum-Stylist-Computerised-Sewing-Machine/p/149541,149541,Singer 9960 Quantum Stylist Computerised Sewing Machine,Singer,539.98,N,,,,White,,,,Home & Kitchen,Sewing & Garment Care,Sewing Machines,,,,,https://www.costco.co.uk/medias/sys_master/images/h89/h25/52485411504158.jpg,https://www.costco.co.uk/medias/sys_master/images/hb2/hfb/52485411438622.jpg,https://www.costco.co.uk/medias/sys_master/images/h41/hba/52485411569694.jpg,https://www.costco.co.uk/medias/sys_master/images/hed/h2e/52485420351518.jpg,https://www.costco.co.uk/medias/sys_master/images/h0c/h0e/52485420744734.jpg,The Singer 9960 Quantum Stylist sewing machine has a wide range of built in patterns and fonts making stitching that much easier. This computerised sewing machine with LCD screen advises pedal use according to the type of stitching selected. The Singer 9960 has features that include an automatic needle threader and extendable table for large projects including quilting. It is clear from all the specifically designed features that the Singer 9960 has been created with simplicity and efficiency in mind. Features: 600 stitch Patterns 3 Fully Automatic Buttonholes 5 Built-In Fonts 60 Decorative and Alphabet Working Memory Function Mirror Image Utility Stitch Elongation Reverse Image Utility One-Touch Electronic Thread Cutter Programmable Needle Up/Down Electronic Auto Pilot 4 Line LCD Automatic Needle Threader Automatic Thread Tension What’s in the box? All Purpose Foot Darning & Embroidery Foot Zipper Foot Even Feed / Walking Foot Buttonhole Foot Overcasting Foot Satin Foot Button Sewing Foot Blind Hem Foot Narrow Hemming Foot Open Toe Foot Patch Quilt Foot Cording Foot Extra Wide Table Seam Guide Quilting Bar Pack of Needles Bobbins Seam Ripper Lint Brush Auxiliary Spool Pin Spool Pin Felt Thread Spool Caps Needle Plate Screwdriver Hard Dust Cover Model: 9960 EAN: 37431883049,- 600 stitch Patterns - 3 Fully Automatic Buttonholes - 5 Built-In Fonts - 60 Decorative and Alphabet Working Memory Function,12,4.8,,,,,,,,Specification,Type,Sewing Machine,,,,,,,,,,,,,,,,,,,,,,,,,,,,,,,,,,,,,,,,,,,,,,,,,,,,,,,,,
costco,2025-10-31,https://www.costco.co.uk/rest/v2/uk/products/150702/?fields=FULL&lang=en_GB&curr=GBP,https://www.costco.co.uk/Sports-Spas-Leisure/Experience-Days-Gift-Cards/Adventure-Days/Adventure-001-Falconry-Experience-Day-For-Two-People/p/150702,150702,Adventure 001 Falconry Experience Day For Two People,Adventure 001,35.98,N,,,,,,,,"Sports, Spas & Leisure",Experience Days & Gift Cards,Adventure Days,,,,,https://www.costco.co.uk/medias/sys_master/products/h49/h32/10034851676190.jpg,,,,,"This experience will get you up close and personal to some of our most feathered companions! Have you ever wondered what it is like to hold a Barn Owl or a Lanner Falcon? Have you ever wanted to be part of a human 'forest' and watch first-hand as a hawk swoops past you? Have you ever wanted to watch the majestic flight of the Eagle up close? If your answers to these questions are yes, this is the experience for you. It is very rare to catch a glimpse of these elusive predators, but now you can learn about how these birds operate in the wild from the expert handlers. Not only will you learn about their behaviour, you may even get a chance to handle the animals. You will be treated to a professional display, accompanied with a fun and educational commentary. Don't forget to take the opportunity to grab some photos of you and your new feathered friends. Watching the exhilarating flight of the Falcon reaching speeds over 100mph, the majestic flight of the Eagle, or the stunning flight of the Barn Owl is an experience not to be missed. This makes the perfect gift and day out for anyone interested in these elusive predators. Specification Total duration: 3 hours Experience will have a group of 30 people Hands-on tuition Professional display Great team building activity Experience falconer Available locations: Easter Blairlinn Road, Cumbernauld, Lanarkshire, G67 4AA Herrings Green Farm, Wilstead, Bedfordshire, MK45 3DT Moor Grange Farm, Buxton, Derbyshire, SK17 9RA Orsett Showground, Grays, Essex, RM16 3JU Stratford Park Hotel, Stratford Upon Avon, Warwickshire, cv37 0qe Littleworth Rd, Slough, Buckinghamshire, SL1 8PF Trecilla Farm, Ross On Wye, Herefordshire, HR9 6NQ NB: All locations are subject to change",- Available at 7 locations - Falconry Experience Day for Two People - Choice of venues - Delivered via email,,,,,,,,,,Specification,Type,Gift Card,,,,,,,,,,,,,,,,,,,,,,,,,,,,,,,,,,,,,,,,,,,,,,,,,,,,,,,,,
costco,2025-10-31,https://www.costco.co.uk/rest/v2/uk/products/150707/?fields=FULL&lang=en_GB&curr=GBP,https://www.costco.co.uk/Sports-Spas-Leisure/Experience-Days-Gift-Cards/Adventure-Days/Adventure-001-Clay-Pigeon-Shooting-Experience-Day-For-Two-People-16-Years-/p/150707,150707,Adventure 001 Clay Pigeon Shooting Experience Day For Two People (16 Years +),Adventure 001,69.99,N,,,,,,,,"Sports, Spas & Leisure",Experience Days & Gift Cards,Adventure Days,,,,,https://www.costco.co.uk/medias/sys_master/products/h5d/hf4/10034860982302.jpg,,,,,"Pull, take aim, and blast away at clay pigeons to your heart's content. Your clay target shooting session will begin with you being taught the safe handling and use of the shotgun, as well as expert coaching from friendly and professional instructors. Each person will have a guaranteed minimum of 32 cartridges and clays. During the experience you will also enjoy some seasonal refreshments, either winter warming soup and crusty bread roll, or summer tea and cake. This experience package is for two people, so you can enjoy it with whom you wish. The total group numbers for this will be 6-8 people. This is a great day out and gift for anyone who loves the outdoors. Specification Total duration: 1-1.5 hours The group will shoot for a minimum of 1 hour Experience will have a group of 6-8 people Guaranteed minimum of 32 cartridges and clays per person Seasonal refreshments included All equipment hire included Friendly and proffesional instruction Please note no spectators allowed Minimum age: 16 years Available locations: Chesire (Cogleton) CW12 3QG Dorset (Sturminster Newton) DT10 1HD Dorset (Tarrant Hinton) DT11 8JG Kent (Dartford) DA2 8DA Lanarkshire (Falkirk) FK1 3AL North Yorkshire (Knaresborough) HG5 0QQ Northamptonshire (Daventry) NN11 2NH Oxfordshire (Worminghall) HP18 9UP Worcestershire (Redditch) B97 6RB NB: This activity could be affected by extreme weather conditions. You will need to wear outdoor clothing including walking boots or old trainers. Clothing and footwear may get wet and muddy during the clay pigeon shooting activity, so it is advisable to bring a change of footwear. If the weather looks poor, it is a good idea to wear waterproof clothing, and a hat and gloves if the weather is very cold.",- Minimum of 1 hour shooting - Guaranteed minimum of 32 cartridges and clays per person - Equipment hire included - Seasonal refreshments included If required please write in the 'Gift Message' section at checkout,2,5.0,,,,,,,,Specification,Type,Gift Card,,,,,,,,,,,,,,,,,,,,,,,,,,,,,,,,,,,,,,,,,,,,,,,,,,,,,,,,,
costco,2025-10-31,https://www.costco.co.uk/rest/v2/uk/products/112614/?fields=FULL&lang=en_GB&curr=GBP,https://www.costco.co.uk/Grocery-Household/Grocery-Delivery/Lil-Critters-Omega-3-Gummy-Fish-Chewable-Food-Supplement-180-Pack-90-Servings/p/112614,112614,"L'il Critters Omega-3 Gummy Fish Chewable Food Supplement, 180 Pack (90 Servings)",Lil Critters,18.99,Y,,,,,,,,Grocery & Household,Grocery Delivery,,,,,,https://www.costco.co.uk/medias/sys_master/products/h8c/h75/10034906726430.jpg,,,,,"Product Details L'il Critters Omega-3 Gummy Fish with vitamins C and E in great tasting raspberry lemonade flavours. 180 Gums per pack (90 servings) Contains 42mg of EPA/DHA per serving Recommended Dose: As a food supplement, children 3 years or older and adults take 2 gummy fish per day. Instruct child to chew each gummy fish carefully and thoroughly. Allergy Information: Please see above 'Product Details' for further information. Please note: If you are pregnant or lactating, taking medication or under medical supervision, consult a GP or medical professional before taking supplements. Not recommended for children under the age of 3 years.",- Great Flavour - Great Source of Omega-3 - Fun Fish Shapes,10,4.6,,,,,,,,Specification,Type,Supplements,,,,,,,,,,,,,,,,,,,,,,,,,,,,,,,,,,,,,,,,,,,,,,,,,,,,,,,,,
costco,2025-10-31,https://www.costco.co.uk/rest/v2/uk/products/74017/?fields=FULL&lang=en_GB&curr=GBP,https://www.costco.co.uk/Grocery-Household/Grocery-Delivery/Skippy-Smooth-Peanut-Butter-113kg/p/74017,74017,"Skippy Smooth Peanut Butter, 1.13kg",Skippy,5.89,Y,6.99,Y,SAVE £1.10,,,,,Grocery & Household,Grocery Delivery,,,,,,https://www.costco.co.uk/medias/sys_master/images/h92/hf5/119046675857438.jpg,https://www.costco.co.uk/medias/sys_master/images/hec/hb7/17382055313438.jpg,,,,"Skippy Peanut Butter not only has the creamy, peanutty taste your family will love, it also provides them with a good energy source. Every serving of Skippy Peanut Butter is a good source of protein to help fuel the fun. Skippy Smooth is made from only the freshest peanuts and is packed with great peanut butter taste. It spreads on smooth for a creamy, delicious, peanutty sensation! Skippy Peanut Butter is delicious spread straight onto hot toast or mixed with honey or jam for a tasty sandwich treat. Use Skippy as a dip for crudités or fruit pieces for a high energy snack. Skippy Peanut Butter also gives you endless possibilities for scrumptious and creative recipe ideas. Use your imagination to fuel the fun! Creamy Taste Good Source of Protein Great for Sandwiches 1.13kg",- Creamy Taste - Good Source of Protein - Great for Sandwiches,85,4.8,,,,,,,,Specification,Type,Spreads,Specification,Weight,1.13kg,,,,,,,,,,,,,,,,,,,,,,,,,,,,,,,,,,,,,,,,,,,,,,,,,,,,,,
costco,2025-10-31,https://www.costco.co.uk/rest/v2/uk/products/825072/?fields=FULL&lang=en_GB&curr=GBP,https://www.costco.co.uk/Grocery-Household/Grocery-Delivery/Skippy-Extra-Crunchy-Super-Crunch-Peanut-Butter-113kg/p/825072,825072,"Skippy Extra Crunchy Super Crunch Peanut Butter, 1.13kg",Skippy,5.89,Y,6.99,Y,SAVE £1.10,,,,,Grocery & Household,Grocery Delivery,,,,,,https://www.costco.co.uk/medias/sys_master/images/had/hd6/119046675791902.jpg,https://www.costco.co.uk/medias/sys_master/images/h1d/h67/17383162052638.jpg,,,,"Skippy Peanut Butter not only has the creamy, peanutty taste your family will love, it also provides them with a good energy source. Every serving of Skippy Peanut Butter is a good source of protein to help fuel the fun. Skippy Super Crunch has loads of real peanut bits blended into every jar for the ultimate peanut butter taste sensation. It spreads on smooth with delicious crunch! Skippy Peanut Butter is delicious spread straight onto hot toast or mixed with honey or jam for a tasty sandwich treat. Use Skippy as a dip for crudités or fruit pieces for a high energy snack. Skippy Peanut Butter also gives you endless possibilities for scrumptious and creative recipe ideas. Use your imagination to fuel the fun! Creamy Taste Good Source of Protein Great for Sandwiches 1.13kg",- Creamy Taste - Good Source of Protein - Great for Sandwiches,78,4.8,,,,,,,,Specification,Type,Spreads,Specification,Weight,1.13kg,Specification,Product Type,Nut Butter,Specification,Country of Origin,USA,,,,,,,,,,,,,,,,,,,,,,,,,,,,,,,,,,,,,,,,,,,,,,,,
costco,2025-10-31,https://www.costco.co.uk/rest/v2/uk/products/151046/?fields=FULL&lang=en_GB&curr=GBP,https://www.costco.co.uk/Business-Office-Supplies/Office-Supplies/Highlighters-Markers/Stabilo-Boss-Highlighters-Assorted-48-pack/p/151046,151046,Stabilo Boss Highlighters Assorted 48 pack,Stabilo,39.99,N,,,,Assorted,,,,Business & Office Supplies,Office Supplies,Highlighters & Markers,,,,,https://www.costco.co.uk/medias/sys_master/products/hdb/h79/10043657027614.jpg,,,,,151046,,,,,,,,,,,Specification,Type,Highlighters,Specification,Pack Size,Pack of 48,Specification,Manufacturers Part Number,70/48-2,Specification,Weight,1.2kg,,,,,,,,,,,,,,,,,,,,,,,,,,,,,,,,,,,,,,,,,,,,,,,,
costco,2025-10-31,https://www.costco.co.uk/rest/v2/uk/products/arcticFoxBed/?fields=FULL&lang=en_GB&curr=GBP,https://www.costco.co.uk/Grocery-Household/Pets-Wildlife/House-of-Paws-Faux-Suede-Arctic-Fox-Faux-Fur-Pet-Bed-with-Anti-slip-Base-in-2-Sizes/p/arcticFoxBed,arcticFoxBed,House of Paws Faux Suede & Arctic Fox Faux Fur Pet Bed with Anti-slip Base in 2 Sizes,,29.89,N,,,,,,,,Grocery & Household,Pets & Wildlife,,,,,,https://www.costco.co.uk/medias/sys_master/products/h68/h76/10034865307678.jpg,,,,,"This Faux Fur and Suede Pet Bed is an all round fantastic designer bed for Puppies, Dogs and Cats. The beds high sides and soft lining makes an extremely comfy pet bed, and also features an Waterproof Anti Slip Base making it perfect to use in the home, car, crate or kennel Specification Fabric: 100% Polyester Filling: Upholstery Fibre Removable Covers: No Machine Washable: Yes Base Dimensions: 56 cm",,17,4.6,,,,,,,,,,,,,,,,,,,,,,,,,,,,,,,,,,,,,,,,,,,,,,,,,,,,,,,,,,,,,,,,,,,
costco,2025-10-31,https://www.costco.co.uk/rest/v2/uk/products/129948/?fields=FULL&lang=en_GB&curr=GBP,https://www.costco.co.uk/Toys-Baby-Child/Christmas-Decorations/Christmas-String-Lights/Lights4You-52ft-16m-80-Large-Bulbs-LED-Colour-Changing-Outdoor-String-Lights/p/129948,129948,Lights4You 52ft (16m) 80 Large Bulbs LED Colour Changing Outdoor String Lights,Lights4You,54.99,Y,,,,"Red, Green, Blue",,,,,,,,,,,,,,,,,,,,,,,,,,,,,,,,,,,,,,,,,,,,,,,,,,,,,,,,,,,,,,,,,,,,,,,,,,,,,,,,,,,,,,
costco,2025-10-31,https://www.costco.co.uk/rest/v2/uk/products/131846/?fields=FULL&lang=en_GB&curr=GBP,https://www.costco.co.uk/Toys-Baby-Child/Christmas-Decorations/Christmas-String-Lights/Lights4You-66ft-20m-120-LED-Blue-White-Bi-Colour-Outdoor-String-Lights/p/131846,131846,Lights4You 66ft (20m) 120 LED Blue & White Bi-Colour Outdoor String Lights,Lights4You,49.99,N,,,,"White, Blue",,,,,,,,,,,,,,,,,,,,,,,,,,,,,,,,,,,,,,,,,,,,,,,,,,,,,,,,,,,,,,,,,,,,,,,,,,,,,,,,,,,,,,
costco,2025-10-31,https://www.costco.co.uk/rest/v2/uk/products/39512/?fields=FULL&lang=en_GB&curr=GBP,https://www.costco.co.uk/Grocery-Household/Grocery-Delivery/Mr-Muscle-Kitchen-Bathroom-Drain-Gel-2-x-1L/p/39512,39512,"Mr Muscle Kitchen + Bathroom Drain Gel, 2 x 500ml",Mr Muscle,7.39,Y,,,,,,,,Grocery & Household,Grocery Delivery,,,,,,https://www.costco.co.uk/medias/sys_master/images/ha8/h2f/45201468555294.jpg,https://www.costco.co.uk/medias/sys_master/images/h01/h92/45201473437726.jpg,,,,"Mr Muscle Kitchen & Bathroom Drain Gel is the powerful solution to clear slow running sinks, plugholes and pipes in your bathroom and kitchen. It's a combination of two powerful liquids that activate on contact to unleash a powerful cleaning foam that will remove gunge and hair from the entire width of the pipe, leaving your waste pipe clean and fresh. It will not damage septic tanks or pipes of any type. As with all cleaning products, it is important to read the instructions carefully before use. Avoid gold plated fittings. Do not use in sinks with waste disposal units or in toilets. If in doubt about whether it is suitable for use on your surface, refer to manufacturer's instructions. Instructions for use: Pour the entire contents of the bottle down the plughole Mr Muscle Kitchen & Bathroom Drain Gel powers through standing water straight to the blockage Allow to work for 15 minutes. For tough clogs, leave to work overnight Flush with hot water from the tap To keep sinks and plugholes clear, use 250ml of Mr Muscle Kitchen & Bathroom Drain Gel weekly. IMPORTANT: Open carefully. Do not squeeze bottle. Avoid splashing. When using product, keep hands, face and children away from the treated area. Do not use a plunger afterwards as product may still be present if the plughole did not clear. Do not re-use empty container. Destroys The Worst Clogs Cuts Through Standing Water Cleans and Freshens Pipes 2 x 1L",- Destroys The Worst Clogs - Cuts Through Standing Water - Cleans and Freshens Pipes,55,4.9,,,,,,,,Specification,Type,Bathroom Essentials,Specification,Weight,2 x 1L,,,,,,,,,,,,,,,,,,,,,,,,,,,,,,,,,,,,,,,,,,,,,,,,,,,,,,
costco,2025-10-31,https://www.costco.co.uk/rest/v2/uk/products/153047/?fields=FULL&lang=en_GB&curr=GBP,https://www.costco.co.uk/Health-Wellness-Special-Events/Vitamins-Diet-Nutrition/Weight-Management/Active-Woman-Beach-Body-Weight-Loss-Collection/p/153047,153047,Active Woman Beach Body Weight Loss Collection,Active Woman,43.99,N,,,,,,,,"Health, Wellness & Special Events","Vitamins, Diet & Nutrition",Weight Management,,,,,https://www.costco.co.uk/medias/sys_master/images/h9d/h5b/46919074873374.jpg,https://www.costco.co.uk/medias/sys_master/images/hb8/h16/46919074938910.jpg,https://www.costco.co.uk/medias/sys_master/images/h91/h11/46919074742302.jpg,https://www.costco.co.uk/medias/sys_master/images/h4f/h7d/46919074807838.jpg,,"Nutritional Information Active Woman Activate Protein Shake, 430g To kickstart your workout, look to Activate to put some bounce back in your step! Packed with premium protein, this shake will fill you up without bogging you down with fat or carbs so you can continue on developing a toned physique. Strawberry flavour Invigorating pre-workout energy shake Electrify your energy levels Boost your metabolism Premium protein blend (25g of protein per 30g serving) Stellar vitamin complex Low in fat With the added benefit of all-natural Green Tea to boost your metabolism & a complete vitamin complex to ensure sculpted muscle development Recommended Use: Take 1 serving before workouts. For best results mix in a Bio-Synergy shaker with 300ml of cold water or skimmed / soya milk. Ingredients: Premium Protein Blend of (Micellar Casein, Whey Protein Isolate, Whey Protein Concentrate) all from Milk, Flavouring, Beetroot Juice Powder (Natural Colouring), Green Tea Extract, Sucralose (Sweetener), Zinc Citrate, Calcium Pantothenate (Vitamin B5), Pyridoxine Hydrochloride (Vitamin B6), Cholecalciferol Preparation (Vitamin D3), Folic Acid. Active Woman Define, 60 Capsules Fat-torching capsules Boost your metabolism Stops sugar cravings Natural ingredients Sculpt your body Noticeable results within 1 month Contains the highest quality herbal extracts, including green tea, konjac mannan & caffeine, which are proven to aid fat loss goals in conjunction with a balanced diet & regular exercise Green Tea stimulates your metabolism & contains antioxidants for quick fat loss Konjac assists in effective fat digestion so it doesn’t get stored in stubborn deposits Recommended Use: Take 2 capsules daily before an early mealtime with a glass of water. Do not exceed recommended dose. As Define contains a source of caffeine it is advised not to take after 4pm. Ingredients: Konjac Mannan, Green Tea Standardised Extract, Gelatin (Capsule Shell), Caffeine, Magnesium Stearate, Silicon Dioxide, Chromium Chloride. Active Woman Refine, 60 Capsules Fat-torching capsules Boost your metabolism Stops sugar cravings Natural ingredients Sculpt your body Noticable results within 1 month Packed with the essential fat-fighting nutrients like CLA, Yerba Mate, & L-carnitine CLA is a natural omega acid that targets fat deposits for conversion into energy Yerba Mate stimulates your metabolism & contains antioxidants for quick fat loss L-carnitine is a micronutrient that assists in fat burning at the cellular level, transporting fat to be burned into energy Recommended Use: Take 2 capsules daily before an early mealtime with a glass of water. Do not exceed recommended dose. As Define contains a source of caffeine it is advised not to take after 4pm. Ingredients: Conjugated Linolenic Acid,Gelatin, Glycerol, Yerba Mate Extract, L-Carnitine Tartrate, Water, Black & Red Iron Oxide, Titanium Dioxide. Active Woman Super Multi Shaker Compartment for your powder Compartment for your capsules Unique mesh for the ultimate blending Easy to clean",,1,5.0,,,,,,,,,,,,,,,,,,,,,,,,,,,,,,,,,,,,,,,,,,,,,,,,,,,,,,,,,,,,,,,,,,,
costco,2025-10-31,https://www.costco.co.uk/rest/v2/uk/products/4846/?fields=FULL&lang=en_GB&curr=GBP,https://www.costco.co.uk/Grocery-Household/Chilled-Foods/Delicatessen/Bearfields-of-London-Unsliced-Beechwood-Smoked-Ham-55kg/p/4846,4846,"Bearfield's of London Unsliced Beechwood Smoked Ham, 5.5kg",Bearfields of London,69.99,Y,,,,,,,,Grocery & Household,Chilled Foods,Delicatessen,,,,,https://www.costco.co.uk/medias/sys_master/products/h0f/h55/10035418890270.jpg,https://www.costco.co.uk/medias/sys_master/products/h2f/h80/10058567188510.jpg,,,,"Product Details This ham is cured from the very best selected pork legs using a traditional family recipe. De-boned and trimmed to the highest standard, it is then smoked over beechwood using traditional methods and cooked, resulting in succulent yet firm grainy ham with a smoked flavour. For five generations and over 100 years, the Bearfield family have been producing fine hams and gammons from its premises in London using tried and tested traditional methods to produce excellent quality and taste. Storage: Minimum shelf life of 21 days. Suitable for home freezing. Freeze on day of purchase and use within 1 month. Defrost thoroughly before use. Use within 24 hours of defrosting. Once defrosted, do not refreeze. One serving is 170g Country of Origin: EU Allergy Information: Please see above 'Product Details' for further information.",Please note this item has a minimum shelf life of 21 days.,35,4.8,,,,,,,,Specification,Product Type,"Cooked Meats, Ham",Specification,Country of Origin,EU,Specification,Serving Size,Serves 10-20 people,Specification,Type,Ham,Specification,Weight,5.5kg,,,,,,,,,,,,,,,,,,,,,,,,,,,,,,,,,,,,,,,,,,,,,
costco,2025-10-31,https://www.costco.co.uk/rest/v2/uk/products/4858/?fields=FULL&lang=en_GB&curr=GBP,https://www.costco.co.uk/Grocery-Household/Chilled-Foods/Delicatessen/Bearfields-of-London-Honey-Roast-Ham-on-the-Bone-65kg/p/4858,4858,"Bearfield's of London Honey Roast Ham on the Bone, 6.5kg",Bearfields of London,79.99,N,,,,,,,,Grocery & Household,Chilled Foods,Delicatessen,,,,,https://www.costco.co.uk/medias/sys_master/products/hd7/h7c/10035421380638.jpg,https://www.costco.co.uk/medias/sys_master/products/h3d/h01/10058567778334.jpg,,,,"Product Details This ham is cured from the very best selected pork legs using a traditional family recipe. Trimmed to the highest standard, it is then cooked using traditional methods, resulting in succulent yet firm grainy ham with a delectably moreish flavour making the perfect centre piece for any occasion. For five generations and over 100 years, the Bearfield family have been producing fine hams and gammons from its premises in London using tried and tested traditional methods to produce excellent quality and taste. Storage: Minimum shelf life of 14 days. Suitable for home freezing. Freeze on day of purchase and use within 1 month. Defrost thoroughly before use. Use within 24 hours of defrosting. Once defrosted, do not refreeze. One serving is 170g Country of Origin: EU Allergy Information: Please see above 'Product Details' for further information.",Please note this item has a minimum shelf life of 14 days.,79,4.8,,,,,,,,Specification,Product Type,"Cooked Meats, Ham",Specification,Country of Origin,EU,Specification,Serving Size,Serves 10-20 people,Specification,Type,Ham,Specification,Weight,6.5kg,,,,,,,,,,,,,,,,,,,,,,,,,,,,,,,,,,,,,,,,,,,,,
costco,2025-10-31,https://www.costco.co.uk/rest/v2/uk/products/4861/?fields=FULL&lang=en_GB&curr=GBP,https://www.costco.co.uk/Grocery-Household/Chilled-Foods/Delicatessen/Bearfields-of-London-Whole-Ham-on-the-Bone-65kg/p/4861,4861,"Bearfield's of London Whole Ham on the Bone, 6.5kg",Bearfields of London,76.99,N,,,,,,,,Grocery & Household,Chilled Foods,Delicatessen,,,,,https://www.costco.co.uk/medias/sys_master/products/h12/h61/10035421839390.jpg,https://www.costco.co.uk/medias/sys_master/products/h81/hd8/10058566860830.jpg,,,,"Product Details This ham is cured from the very best selected pork legs using a traditional family recipe. Trimmed to the highest standard, it is then cooked using traditional methods, resulting in succulent yet firm grainy ham with a delectably moreish flavour making the perfect centre piece for any occasion. For five generations and over 100 years, the Bearfield family have been producing fine hams and gammons from its premises in London using tried and tested traditional methods to produce excellent quality and taste. Storage: Minimum shelf life of 14 days. Freeze on day of purchase and use within 1 month. Defrost thoroughly before use. Use within 24 hours of defrosting. Once defrosted, do not refreeze. One serving is 170g Country of Origin: EU Allergy Information: Please see above 'Product Details' for further information.",Please note this item has a minimum shelf life of 14 days.,29,4.7,,,,,,,,Specification,Category,Ham,Specification,Type,Ham,Specification,Weight,6.5kg,Specification,Product Type,"Cooked Meats, Ham",Specification,Country of Origin,EU,Specification,Serving Size,Serves 10-20 people,,,,,,,,,,,,,,,,,,,,,,,,,,,,,,,,,,,,,,,,,,
costco,2025-10-31,https://www.costco.co.uk/rest/v2/uk/products/4868/?fields=FULL&lang=en_GB&curr=GBP,https://www.costco.co.uk/Grocery-Household/Entertaining/Cold-Meats/Bearfields-of-London-Beechwood-Smoked-Gammon-on-the-Bone-95kg/p/4868,4868,"Bearfield's of London Beechwood Smoked Gammon on the Bone, 9.5kg",Bearfields of London,59.99,Y,,,,,,,,Grocery & Household,Entertaining,Cold Meats,,,,,https://www.costco.co.uk/medias/sys_master/products/hda/h51/10035421642782.jpg,https://www.costco.co.uk/medias/sys_master/products/h6b/hcf/10047568936990.jpg,,,,"Product Details This Bearfield's of London Smoked Gammon on the Bone is cured from the very best selected pork legs using a traditional family recipe then smoked over beechwood using traditional methods resulting in a distinct flavour. For five generations and over 100 years, the Bearfield family have been producing fine hams and gammons from its premises in London using tried and tested traditional methods to produce excellent quality and taste. One serving is 170g Storage: Minimum shelf life of 21 days. Suitable for home freezing. Freeze on day of purchase and use within 1 month. Defrost thoroughly before use. Use within 24 hours of defrosting. Once defrosted, do not refreeze. Country of Origin: E",Please note this item has a minimum shelf life of 21 days.,97,5.0,,,,,,,,Specification,Category,Gammon,Specification,Type,Pork & Gammon,Specification,Weight,9.5kg,Specification,Product Type,Pork & Gammon,Specification,Country of Origin,EU,Specification,Serving Size,Serves 10-20 people,,,,,,,,,,,,,,,,,,,,,,,,,,,,,,,,,,,,,,,,,,
costco,2025-10-31,https://www.costco.co.uk/rest/v2/uk/products/4845/?fields=FULL&lang=en_GB&curr=GBP,https://www.costco.co.uk/Grocery-Household/Chilled-Foods/Meat-Meat-Boxes/Bearfields-of-London-Case-of-Prime-Gammon-Joints-10kg-4-6-Joints/p/4845,4845,"Bearfield's of London Case of Prime Gammon Joints, 10kg (4-6 Joints)",Bearfields of London,58.99,Y,,,,,,,,Grocery & Household,Chilled Foods,Meat & Meat Boxes,,,,,https://www.costco.co.uk/medias/sys_master/products/h8f/h9c/10367001165854.jpg,https://www.costco.co.uk/medias/sys_master/products/h37/hdb/10035579191326.jpg,https://www.costco.co.uk/medias/sys_master/products/h84/h7a/10047569788958.jpg,,,"Product Details These Bearfield's of London Prime Gammon Joints are cured from the very best selected pork legs using a traditional family recipe. They have been cut from the best part of the gammon to ensure the perfect eating. Once cooked these can be eaten hot or cold. Each case will contain between 4 and 6 joints. 1.5kg minimum weight per joint. One serving is 170g For five generations and over 100 years, the Bearfield family have been producing fine hams and gammons from its premises in London using tried and tested traditional methods to produce excellent quality and taste. Storage: Minimum shelf life of 21 days. Suitable for home freezing. Freeze on day of purchase and use within 1 month. Defrost thoroughly before use. Use within 24 hours of defrosting. Once defrosted, do not refreeze. Country of Origin: EU",Please note this item has a minimum shelf life of 21 days.,207,4.9,,,,,,,,Specification,Category,Gammon,Specification,Weight,10kg,Specification,Product Type,Pork & Gammon,Specification,Country of Origin,EU,,,,,,,,,,,,,,,,,,,,,,,,,,,,,,,,,,,,,,,,,,,,,,,,
costco,2025-10-31,https://www.costco.co.uk/rest/v2/uk/products/4855/?fields=FULL&lang=en_GB&curr=GBP,https://www.costco.co.uk/Grocery-Household/Chilled-Foods/Delicatessen/Bearfields-of-London-Whole-Unsliced-Honey-Roast-Ham-55kg/p/4855,4855,"Bearfield's of London Whole Unsliced Honey Roast Ham, 5.5kg",Bearfields of London,74.99,Y,,,,,,,,Grocery & Household,Chilled Foods,Delicatessen,,,,,https://www.costco.co.uk/medias/sys_master/products/h44/h13/10035429572638.jpg,https://www.costco.co.uk/medias/sys_master/products/hd8/h13/10058567057438.jpg,,,,"Product Details This Ham is cured from the very best selected pork legs using a traditional family recipe. Trimmed to the highest standard, it is then cooked using traditional methods, resulting in succulent yet firm grainy ham with a delectably moreish flavour making the perfect centre piece for any occasion. For five generations and over 100 years, the Bearfield family have been producing fine hams and gammons from its premises in London using tried and tested traditional methods to produce excellent quality and taste. One serving is 170g Storage: Minimum shelf life of 21 days. Suitable for home freezing. Freeze on day of purchase and use within 1 month. Defrost thoroughly before use. Use within 24 hours of defrosting. Once defrosted, do not refreeze. Country of Origin: EU Allergy Information: Please see above 'Product Details' for further information.",Please note this item has a minimum shelf life of 21 days.,90,4.9,,,,,,,,Specification,Category,"Cold Meats, Ham",Specification,Type,Ham,Specification,Weight,5.5kg,Specification,Product Type,"Cooked Meats, Ham",Specification,Country of Origin,EU,Specification,Serving Size,Serves 10-20 people,,,,,,,,,,,,,,,,,,,,,,,,,,,,,,,,,,,,,,,,,,
costco,2025-10-31,https://www.costco.co.uk/rest/v2/uk/products/153223/?fields=FULL&lang=en_GB&curr=GBP,https://www.costco.co.uk/Business-Office-Supplies/Office-Electronics/Clocking-Machines/uAttend-MN1000-Biometric-Facial-Time-Clock/p/153223,153223,uAttend MN1000 Biometric Facial Time Clock,uAttend,259.99,N,,,,,,,,Business & Office Supplies,Office Electronics,Clocking Machines,,,,,https://www.costco.co.uk/medias/sys_master/products/h40/h58/11172798529566.jpg,https://www.costco.co.uk/medias/sys_master/images/h10/h8e/11172909809694.jpg,,,,"The MN1000 is one of a range of clocking terminals for use with the market-leading uAttend cloudbased SaaS (Software as a Service) time and attendance system. This state-of-the-art clocking terminal connects directly into your communications network and sends all clocking data to your uAttend internet account. Your online account means you can access and manage timecards and other clocking data 24/7, 365 with any internet enabled device (i.e. PC, tablet, phone). Biometric facial recognition terminals increase clocking-in accuracy ensuring people are paid correctly for the time they’ve actually worked – saving money on your wage bill. Biometric clocking in terminals also discourage time fraud and prevent buddy clocking as employees can no longer clock in for each other. All uAttend clocking in terminals can be used alongside phone, web and free smartphone app clocking in, (these options are managed from your uAttend online account). All uAttend clocking in terminals are designed to work exclusively with the uAttend cloud-based time and attendance system – the simple and affordable way to manage accurate real time, time and attendance. For more information and monthly online account subscription pricing plans please visit the uAttend website www.uattend.co.uk/costco/ Features: Biometric facial recognition terminal Plug & play internet ready Lifetime terminal warranty and replacement* UK based helpdesk (included in your monthly subscription) Free set up training session Up to 100 facial templates Unlimited proximity card/fob & PIN clockings Unlimited departments Large colour display panel Customise with your company logo Voice response to clocking-in activity Free iPhone/Android smartphone clocking app Real time clocking-in data Specifications: Type: Wired facial recognition time clock Brand: uAttend Dimensions: 27.9 x 22.9 x 10.1 cm Weight: 907g What's in the Box: MN1000 terminal, 2m ethernet cable, AC power adapter, wall mounting bracket, fixings and manual","- Plug'n Play Internet Ready - Supports Use of Proxmimity Card or Fob 2,000 Employees - Clock in and Out Via Facial Recognition (100 Employees) - Lifetime Terminal Warranty and Replacement Please Note: This product requires a uAttend monthly subscription Click here to find out more about the uAttend monthly subscription",,,,,,,,,,,,,,,,,,,,,,,,,,,,,,,,,,,,,,,,,,,,,,,,,,,,,,,,,,,,,,,,,,,,,
costco,2025-10-31,https://www.costco.co.uk/rest/v2/uk/products/153135/?fields=FULL&lang=en_GB&curr=GBP,https://www.costco.co.uk/Sports-Spas-Leisure/Experience-Days-Gift-Cards/Spa-Well-Being-Days/100-SpaFinder-Wellness-Gift-Card-in-a-Gift-Wallet-1-x-100/p/153135,153135,£100 SpaFinder Wellness Gift Card in a Gift Wallet (1 x £100),SpaFinder,79.99,N,,,,,,,,"Sports, Spas & Leisure",Experience Days & Gift Cards,Spa & Well Being Days,,,,,https://www.costco.co.uk/medias/sys_master/products/h7e/h7f/10166122676254.jpg,https://www.costco.co.uk/medias/sys_master/products/hd4/h10/10035444187166.jpg,https://www.costco.co.uk/medias/sys_master/products/h7d/h9f/10035446218782.jpg,https://www.costco.co.uk/medias/sys_master/products/hd7/h7d/10035444973598.jpg,,"SpaFinder Wellness will provide you with the inspiration, information, and experiences, to help people find and share their path to wellness. This £100 voucher comes complete in a gift wallet, complete with space for your own personalised gift message, so you can give it as a gift to your friends, family, or that special someone. The voucher can be used for relaxing treatments like massages, facials, and manicures, as well as energising classes such as yoga, pilates, and fitness clubs. It can even be combined for use towards a spa break at some of the world's best getaway spas.* SpaFinder Wellness gift voucher is the gift that everyone wants and needs! This is a gift that is sure to put a smile on anyone's face. In the UK you can choose from over 850 venues, from a countryside wellness retreat to a moment of relaxation in the city, the choice is yours. For those of you who love to travel the voucher can be used all over the world, from New York to Paris, the Caribbean to the Mediterranean. Specification Receive £100 gift voucher in a gift wallet Personalisable Gift Message available at checkout Accepted at over 20,000 locations worldwide for spa, massage, facials, yoga and more Can be used in conjunction with all special offers Your SpaFinder Wellness vouchers will never expire Visit www.spafinder.co.uk to find participating spas and wellness locations near you accepting SpaFinder Wellness gift vouchers, with new spas and wellness facilities joining daily SpaFinder Wellness gift vouchers can be combined** To redeem: visit www.spafinder.co.uk , call up and book mentioning you have a SpaFinder Wellness 365 gift voucher, and present the vouchers at the point of service For additional terms and conditions click here *Please contact individual resorts to confirm voucher usage terms and conditions. ** If the full value of the voucher is not used during the initial appointment, the spa wellness facility will issue credit for the unused portion that can be applied at a future visit at that location. The vouchers may not be redeemed for cash.",If required please write in the 'Gift Message' section at checkout. - Item is Non-Refundable *,7,4.3,,,,,,,,,,,,,,,,,,,,,,,,,,,,,,,,,,,,,,,,,,,,,,,,,,,,,,,,,,,,,,,,,,,
costco,2025-10-31,https://www.costco.co.uk/rest/v2/uk/products/153323/?fields=FULL&lang=en_GB&curr=GBP,https://www.costco.co.uk/Sports-Spas-Leisure/Camping/Cool-Boxes/Igloo-113-Litre-120-US-QT-Polar-Cool-Box/p/153323,153323,Igloo 113 Litre (120 US QT) Polar Cool Box,Igloo,99.99,N,,,,White,,,,"Sports, Spas & Leisure",Camping,Cool Boxes,,,,,https://www.costco.co.uk/medias/sys_master/images/h2a/hdf/63766522658846.jpg,https://www.costco.co.uk/medias/sys_master/images/h2e/h59/63766523019294.jpg,https://www.costco.co.uk/medias/sys_master/images/hec/h23/63766522953758.jpg,https://www.costco.co.uk/medias/sys_master/images/h2f/h1f/63766528557086.jpg,https://www.costco.co.uk/medias/sys_master/images/h66/h2e/63766537175070.jpg,"This Igloo Polar 120 US Quart capacity cool chest gives extended cooling performance. It has Ultratherm TM insulation in the body and lid to provide maximum cooling for your drinks and snacks, making this cool chest ideal for camping, extended trips, long days out, or even garden and party fun. This cool chest has sturdy hinges, as well as new wider design reinforced swing-up handles, with tie-down loop feature, to provide better comfort and durability. Dual snaplock latches give the lid a secure closure, as well as being child safe so you can be sure that your children can use the cool chest safely. This cool chest has a stain and odour resistant liner, and the threaded drain plug is hose-compatible to allow for quick and easy draining and cleaning. Due to its UV inhibitors, you do not need to shade this cool chest from the sun because they guard against sun damage. This Igloo Polar cool chest is packed with features, keeps cool for up to 5 days, and is perfect for your days out. Features: Keeps cool for up to 5 days 120 US Quart (113 litres) / 188 x 340ml cans / Fits 2 litre bottles upright Ultratherm TM insulation Reinforced swing-up handles with tie-down loop feature Dual snaplock, child-safe latches Threaded drain plug UV inhibitors Stain and odour resistant liner Weight: 8.25kg",- Keeps Cool for up to 5 Days - Ultratherm TM Insulation - Reinforced Swing-Up Handles - Stain and Odour Resistant Liner - Threaded Drain Plug / Hose-Compatible,22,4.3,,,,,,,,Specification,Capacity,120 US Quart (114 litres),Specification,Type,Cool Box,Specification,Dimensions,H 45.1 x W 97.1 x D 44.2 cm,Specification,Weight,8.25 kg,,,,,,,,,,,,,,,,,,,,,,,,,,,,,,,,,,,,,,,,,,,,,,,,
costco,2025-10-31,https://www.costco.co.uk/rest/v2/uk/products/152334/?fields=FULL&lang=en_GB&curr=GBP,https://www.costco.co.uk/Grocery-Household/Chilled-Foods/Meat-Meat-Boxes/Taste-Tradition-Mixed-Sausage-Burger-BBQ-Box-24-x-170g-6oz-Burgers-36-x-65g-23oz-Sausages/p/152334,152334,"Taste Tradition Mixed Sausage & Burger BBQ Box - 24 x 170g (6oz) Burgers, 36 x 65g (2.3oz) Sausages",Taste Tradition,62.99,N,,,,,,,,Grocery & Household,Chilled Foods,Meat & Meat Boxes,,,,,https://www.costco.co.uk/medias/sys_master/images/h97/he1/27331989962782.jpg,,,,,"Product Details This Traditional BBQ box contains the essentials to make sure no-one at your Summer event will go hungry! This Box Includes: Joyce & Charles Ashbridge (mother and son) founded Taste Tradition on New Year's Day 2004. Their success is testament to the increased value people place on animal welfare, traditional methods and high quality, beautifully tasting real produce. Nestled near the top of Sutton Bank in the North York Moors National Park, the Ashbridge family have farmed in Cold Kirby for three generations. The traditional methods of breeding, rearing and finishing livestock used in our grandfather's day are still evident in Charles's farming protocols. The cattle are rare or traditional breeds, with the majority being Longhorn, Shorthorn, Belted Galloway, Dexter, Aberdeen Angus and Hereford Red Poll. These breeds take longer to mature, and require extensive farming. However, the marbling this produces in the meat and the flavours on the palate are well worth the effort! They have a grass-based diet, which is what cattle have traditionally consumed for centuries. This diet leads to a magnificent creamy-soft yellow coloured fat, which is high in Omega 3 oils. One of the lesser known health benefits of grass-fed, traditional breed meat is this high level of Omega 3 oils. The burgers are 100% rare or traditional breed beef, nothing is added to the mix which allows you to add salt, pepper or any seasoning of your choice whilst cooking. Using the best cuts of well aged rare breed beef allows the flavour of the meat to speak for itself. All of their pork at Taste Tradition is of rare or traditional breed origin, typically Gloucester Old Spot, Saddleback, Berkshire, Middle White and Large Black. These breeds carry an extra bit of fat which helps to infuse moisture and a superbly distinctive flavour into the meat whilst it cooks. The pigs consume natural feed, which is a factor responsible for the high quality and flavour of the pork that they produce. The sows usually produce two litters (9-11 piglets) per year, and are left to furrow unattended in their own outdoor huts. Specialist rations have been formulated which are free of GM products and are always enjoyed by Taste Tradition pigs. When the time comes, these cattle and pigs are taken to a local abattoir, avoiding the stress of a long journey. The bodies of these cattle are then hung in their maturation chiller, on the bone, for between 21 and 28 days. Taste Tradition have full traceability from the farm, through the slaughterhouse to delivery to the customer. Serving: Serves 24 people based on a 170g Burger serving and a 65g Sausage serving Storage: Minimum shelf life of 4 days. Suitable for home freezing. Country of Origin: UK Allergy Information: Please see above 'Product Details' for further information. Product Details 24 x 170g (6oz) Beef Burgers: Made from lean cuts of fresh, rare or traditional breed beef 12 x 65g Plain Pork Sausages: Fresh rare breed pork, lightly seasoned with herbs & spices 12 x 65g Linconshire Sausages: A delicious combination of fresh, rare breed pork and sage-based seasoning 12 x 65g Cumberland Sausages: Fresh rare breed pork with a subtle blend of salt & mixed spices .",,117,4.1,,,,,,,,Specification,Category,"Burgers, Sausages",Specification,Weight,24 x 170g (6oz) Burgers + 36 x 65g (2.3oz) Sausages,Specification,Product Type,"Burgers, Sausages, Beef, Pork",Specification,Country of Origin,UK,,,,,,,,,,,,,,,,,,,,,,,,,,,,,,,,,,,,,,,,,,,,,,,,
costco,2025-10-31,https://www.costco.co.uk/rest/v2/uk/products/153876/?fields=FULL&lang=en_GB&curr=GBP,https://www.costco.co.uk/Grocery-Household/Food-Cupboard/Pasta-Rice-Noodles/Phoenix-Premium-Sushi-Rice-10kg/p/153876,153876,"Phoenix Premium Sushi Rice, 10kg",Phoenix,19.99,Y,,,,,,,,Grocery & Household,Food Cupboard,"Pasta, Rice & Noodles",,,,,https://www.costco.co.uk/medias/sys_master/products/hb7/h37/10035548061726.jpg,https://www.costco.co.uk/medias/sys_master/images/h3f/hc0/140050766135326.jpg,,,,Phoenix Sushi rice is a premium quality rice ideal for Sushi and other traditional Japanese rice dishes. It is a Japonica or medium grain glutinous rice which exhibits a higher starch release. It is this essential sticky quality that makes it the perfect ingredient for the preparation of Sushi. Ideal for Sushi High Starch Release Sweet Aroma & Flavour 10kg,- Ideal for Sushi - High Starch Release - Sweet Aroma & Flavour,40,3.7,,,,,,,,Specification,Type,Rice,Specification,Weight,10kg,Specification,Product Type,Rice,Specification,Country of Origin,Various,,,,,,,,,,,,,,,,,,,,,,,,,,,,,,,,,,,,,,,,,,,,,,,,
costco,2025-10-31,https://www.costco.co.uk/rest/v2/uk/products/153879/?fields=FULL&lang=en_GB&curr=GBP,https://www.costco.co.uk/Grocery-Household/Food-Cupboard/Pasta-Rice-Noodles/Peacock-Thai-Hom-Mali-Fragrant-Rice-10kg/p/153879,153879,"Peacock Thai Hom Mali Fragrant Rice, 10kg",Peacock,15.99,N,,,,,,,,Grocery & Household,Food Cupboard,"Pasta, Rice & Noodles",,,,,https://www.costco.co.uk/medias/sys_master/products/hb4/h80/10332293070878.jpg,https://www.costco.co.uk/medias/sys_master/images/h9f/h34/14314364239902.jpg,,,,"Peacock Thai Fragrant rice has been consumed for many years as a premium rice in the UK. The Thai Hom Mali Rice variety is recognised for its quality and has a shiny long grain with a colour similar to that of a Jasmine flour. When cooked, it has a soft sticky texture and a natural aroma of pandan leaves and delicious taste. The popularity and reputation of this rice is increasing, as a result it is now becoming more of an everyday occasion. Long Grain Rice Natural Aroma Delicious Taste 10kg",- Long Grain Rice - Natural Aroma - Delicious Taste,66,4.7,,,,,,,,Specification,Type,Rice,Specification,Weight,10kg,Specification,Product Type,Rice,,,,,,,,,,,,,,,,,,,,,,,,,,,,,,,,,,,,,,,,,,,,,,,,,,,
costco,2025-10-31,https://www.costco.co.uk/rest/v2/uk/products/153271/?fields=FULL&lang=en_GB&curr=GBP,https://www.costco.co.uk/Grocery-Household/Food-Cupboard/Pasta-Rice-Noodles/Chinatown-USA-Long-Grain-Rice-20kg/p/153271,153271,"Chinatown USA Long Grain Rice, 20kg",Chinatown,29.99,Y,,,,,,,,Grocery & Household,Food Cupboard,"Pasta, Rice & Noodles",,,,,https://www.costco.co.uk/medias/sys_master/images/h98/h2d/14315396825118.jpg,https://www.costco.co.uk/medias/sys_master/images/h16/h9f/14315400822814.jpg,,,,"Finest quality double water polished USA Long Grain Rice with a subtle flavour, which perfectly complements both rich and delicate sauces. The consistency, taste, texture and versatility of American long grain rice is perfect for all types of classic Chinese cuisine. When cooked, the grains separate to give an attractive fluffy effect, making it a versatile ingredient for many savoury dishes and an essential in Chinese Cooking. Double Water Polished Perfect for Savoury Dishes Ideal for Chinese Cuisine 20kg",- Double Water Polished - Perfect for Savoury Dishes - Ideal for Chinese Cuisine,18,4.1,,,,,,,,Specification,Type,Rice,Specification,Product Type,Rice,,,,,,,,,,,,,,,,,,,,,,,,,,,,,,,,,,,,,,,,,,,,,,,,,,,,,,
costco,2025-10-31,https://www.costco.co.uk/rest/v2/uk/products/749575/?fields=FULL&lang=en_GB&curr=GBP,https://www.costco.co.uk/Jewellery-Gold-Bars/Jewellery/Rings/Baguette-Cut-Blue-Sapphire-022ctw-Diamond-Ring-18ct-White-Gold/p/749575,749575,Blue Sapphire and 0.22ctw Diamond 18ct White Gold Ring,,1399.99,N,,,,I,,,,Halloween & Christmas,Jewellery & Gold Bars,Jewellery,Rings,,,,https://www.costco.co.uk/medias/sys_master/products/h69/h46/10035565494302.jpg,https://www.costco.co.uk/medias/sys_master/images/hf6/h55/153681987665950.jpg,https://www.costco.co.uk/medias/sys_master/products/h3b/h80/10035565789214.jpg,https://www.costco.co.uk/medias/sys_master/images/h5e/hc4/153682206556190.jpg,,"You can trust Costco to only offer the highest quality one-of-a-kind gemstones at the lowest possible price. Our long-standing relationship with our suppliers guarantees we get the best selection at the best value. Costco's experienced buying team works with our suppliers evaluating and hand selecting each gemstone to ensure it meets the strictest quality standards in the industry in cut, colour, clarity and craftsmanship. You can be confident your purchase is as special to us as it is to you. Total Stones: 14 Baguette Shape Blue Sapphire Stone Size : 3.5 x 2mm Total Diamond Weight : 0.22ctw Total Diamonds : 46 Round Brilliant Diamond Colour : I Diamond Clarity : VS2 18ct White Gold Size : N We guarantee that all diamonds supplied by costco.co.uk are as follows: Clarity to be VS2 or better and colour to be ""I"" or better as outlined on the industry grading guide. To view additional information on diamonds click here. To view additional information on gemstones click here.",- 18ct White Gold - 0.22ctw Diamond - Baguette Sapphires - September Birthstone - Ring Size: N,5,5.0,,,,,,,,Specification,Diamond Carat,0.22ctw,Specification,Diamond Cut,Round Brilliant,Specification,Diamond Clarity,VS2,Specification,Diamond Colour,I,Specification,Metal,White Gold,Specification,Gemstone Cut,Baguette,Specification,Gemstone Colour,Blue,Specification,Birthstone Month,September,Specification,Material,Sapphire,Specification,Type,Diamond Ring,,,,,,,,,,,,,,,,,,,,,,,,,,,,,,
costco,2025-10-31,https://www.costco.co.uk/rest/v2/uk/products/754482/?fields=FULL&lang=en_GB&curr=GBP,https://www.costco.co.uk/Jewellery-Gold-Bars/Jewellery/Rings/Baguette-Cut-Pink-Sapphire-023ctw-Diamond-Ring-18ct-Rose-Gold/p/754482,754482,"Baguette Cut Pink Sapphire & 0.23ctw Diamond Ring, 18ct Rose Gold",,1399.99,N,,,,I,,,,Halloween & Christmas,Jewellery & Gold Bars,Jewellery,Rings,,,,https://www.costco.co.uk/medias/sys_master/products/h37/h0c/10035565821982.jpg,https://www.costco.co.uk/medias/sys_master/images/he0/hd3/153681987731486.jpg,https://www.costco.co.uk/medias/sys_master/products/hfb/h9c/10035567001630.jpg,https://www.costco.co.uk/medias/sys_master/images/h71/hdd/153682206883870.jpg,,"You can trust Costco to only offer the highest quality one-of-a-kind gemstones at the lowest possible price. Our long-standing relationship with our suppliers guarantees we get the best selection at the best value. Costco's experienced buying team works with our suppliers evaluating and hand selecting each gemstone to ensure it meets the strictest quality standards in the industry in cut, colour, clarity and craftsmanship. You can be confident your purchase is as special to us as it is to you. Total Stones: 14 Baguette Shape Pink Sapphire Stone Size: 3.5 x 2mm Total Diamond Weight: 0.23ctw Total Diamonds: 46 Round Brilliant Cut Diamond Colour: I Diamond Clarity : VS2 18ct Rose Gold Size: N We guarantee that all diamonds supplied by costco.co.uk are as follows: Clarity to be VS2 or better and colour to be ""I"" or better as outlined on the industry grading guide. To view additional information on diamonds click here. To view additional information on gemstones click here.",- 18ct Rose Gold - 0.23ctw Diamond - Baguette Shape Pink Sapphire - Ring Size: N,,,,,,,,,,Specification,Diamond Carat,0.23ctw,Specification,Diamond Cut,Round Brilliant,Specification,Diamond Clarity,VS2,Specification,Diamond Colour,I,Specification,Metal,Rose Gold,Specification,Gemstone Cut,Baguette,Specification,Gemstone Colour,Pink,Specification,Material,Pink Sapphire,Specification,Type,Gemstone Ring,,,,,,,,,,,,,,,,,,,,,,,,,,,,,,,,,
costco,2025-10-31,https://www.costco.co.uk/rest/v2/uk/products/153792/?fields=FULL&lang=en_GB&curr=GBP,https://www.costco.co.uk/Appliances/Cooling-Air-Treatment-Heating/Cooling-Fans/Dimplex-Mont-Blanc-Cooling-Tower-Fan-Black/p/153792,153792,Dimplex Mont Blanc Cooling Tower Fan Black,Dimplex,19.99,N,,,,Black,,,,Appliances,"Cooling, Air Treatment & Heating",Cooling Fans,,,,,https://www.costco.co.uk/medias/sys_master/products/hdb/h9b/10391354507294.jpg,https://www.costco.co.uk/medias/sys_master/products/h07/h1b/10391353950238.jpg,https://www.costco.co.uk/medias/sys_master/products/h17/h1f/10053800296478.jpg,https://www.costco.co.uk/medias/sys_master/products/h3d/h15/10053800230942.jpg,,"The Dimplex Mont Blanc tower fan is a stylish way to keep cool at home or in the office. The tall, slim frame with black finish has been designed with both practicality and style in mind. Three speed settings can be selected from the LED display or by using the remote control. The small base of the fan means that it can easily be stored in the corner of a room. whilst the handle allows you to move it easily between rooms. Specification Cooling fan 40W power consumption 3 fan speed settings 8 hour timer Electronic LED control display Oscillating function Carry handle Remote control (including batteries) Safety cut-out 1.8m power cord length Super slim 'pen-like' design Dimensions: H 121.5 x W 31 x D 31cm Weight: 2.93kg Model: DXMBCF EAN: 5011139040053",- 3 Fan Speed Setting - 8 Hour Timer - Remote Control Included,521,4.5,,,,,,,,Specification,Oscillates,Yes,Specification,Electric,Yes,Specification,Wattage,40W,Specification,Fan Diameter,N/A,Specification,Number of Blades,N/A,Specification,Number of Speed Settings,3,Specification,Bladeless,Yes,Specification,Pedestal,No,Specification,Programmable Timer,Yes,Specification,Remote Control,Yes,Specification,Type,Fan,Specification,Dimensions,H 121.5 x W 31 x D 31cm,Specification,Weight,2.93kg,,,,,,,,,,,,,,,,,,,,,
costco,2025-10-31,https://www.costco.co.uk/rest/v2/uk/products/4873/?fields=FULL&lang=en_GB&curr=GBP,https://www.costco.co.uk/Grocery-Household/Chilled-Foods/Meat-Meat-Boxes/Taste-Tradition-Beer-Fed-Dexter-Beef-Burger-Box-16-x-170g-6oz-Burgers/p/4873,4873,"Taste Tradition Beer Fed Dexter Beef Burger Box, 16 x 170g (6oz) Burgers",Taste Tradition,34.99,N,,,,,,,,Grocery & Household,Chilled Foods,Meat & Meat Boxes,,,,,https://www.costco.co.uk/medias/sys_master/images/h8b/h97/27331989831710.jpg,,,,,"Product Details The 'small man' of the beef world makes a big impact with this burger! The traditionally reared Dexter cattle (the smallest native breed in the British Isles) have a specially formulated diet including 6-8 pints of Yorkshire-brewed bitter a day for at least 6 months before the end of their life, to create a depth of flavour that Taste Tradition believe is unparalleled in British beef. Storage: Minimum shelf life of 4 days. Suitable for home freezing. Country of Origin: UK Allergy Information: Please see above 'Product Details' for further information.",,16,4.6,,,,,,,,Specification,Type,Beef,Specification,Weight,16 x 170g (6oz),Specification,Category,"Beef, Burgers",Specification,Product Type,Burgers,Specification,Country of Origin,UK,,,,,,,,,,,,,,,,,,,,,,,,,,,,,,,,,,,,,,,,,,,,,
costco,2025-10-31,https://www.costco.co.uk/rest/v2/uk/products/154401/?fields=FULL&lang=en_GB&curr=GBP,https://www.costco.co.uk/Garden-Sheds-Patio/Garden-Structures/Greenhouses/Vitavia-Washington-3800-6ft-2-x-6ft-2-2-x-2-m-Greenhouse-Package/p/154401,154401,"Vitavia Washington 3800 6ft 2"" x 6ft 2"" (2 x 2 m) Greenhouse Package",Vitavia,699.99,N,,,,Green,,,,"Garden, Sheds, Patio",Garden Structures,Greenhouses,,,,,https://www.costco.co.uk/medias/sys_master/products/hab/h68/10035857031198.jpg,https://www.costco.co.uk/medias/sys_master/products/hb8/hc5/10035857063966.jpg,https://www.costco.co.uk/medias/sys_master/products/hbf/h05/10035857522718.jpg,,,"Assembly Instructions This Vitavia Washington 3800 is a great entry level greenhouse for gardeners of all experience. It comes as a complete package with its steel base, 3mm toughened glass, 1-tier staging table for inside the greenhouse. This greenhouse has attractive curved eaves for optimum growing height. 6ft x 6ft size gives you 3.82sq metres of growing floor space, plus space on the two-tier staging table One tier staging table for you to place your growing pots and trays Smooth action single sliding door Powder coated green finish aluminium frame Complete with quality steel perimeter base 3mm Toughened glass tempered for your safety and peace of mind Sliding door can remain open in any position so that you can regulate the amount of airflow in your greenhouse Acrylic panels for the curved glazing sections are UV protected No end caps are included for the integral gutters Build time: 1 day for 2 people Base Included: Yes Product Dimensions: H 2.3 x W 1.9 x L 1.9 m Base Dimensions: W 2 x L 2 m Note: Ground must be firm and level prior to assembly. For best results a concrete/slab base should be used. Please note that the down piping kit is not included. This product does not come with installation and will be delivered only.",- Steel perimeter base - 1-tier staging table - Toughened glass.,5,4.6,,,,,,,,Specification,Material,Glass and aluminium,Specification,Type,Greenhouse,Specification,Dimensions,H 2.3 x W 1.9 x L 1.9 m,Specification,Assembly Time,"2 people, approx 1 day",Specification,Frame Material,Aluminium,Specification,Glass Type,Toughened,Specification,Area Coverage,36² ft,Specification,Installation Included,No,Specification,Staging Tables,1,Specification,Double Doors,No,,,,,,,,,,,,,,,,,,,,,,,,,,,,,,
costco,2025-10-31,https://www.costco.co.uk/rest/v2/uk/products/41341/?fields=FULL&lang=en_GB&curr=GBP,https://www.costco.co.uk/Grocery-Household/Tea-Coffee-Hot-Drinks/Nescafe-Original-Instant-Coffee-Granules-1kg/p/41341,41341,"Nescafé Original Instant Coffee Granules, 1kg",Nescafé,26.49,Y,30.49,Y,SAVE £4.00,,,,,Grocery & Household,"Tea, Coffee & Hot Drinks",,,,,,https://www.costco.co.uk/medias/sys_master/images/h07/ha2/332202213736478.jpg,https://www.costco.co.uk/medias/sys_master/images/h29/he4/332202213933086.jpg,https://www.costco.co.uk/medias/sys_master/images/hca/hd1/332202213802014.jpg,https://www.costco.co.uk/medias/sys_master/images/h09/ha5/332202368860190.jpg,,"Nescafé is produced with 100% coffee beans and nothing else. Everyone needs a good cup of coffee. With its rich flavour and unmistakable aroma, there’s good reason why Nescafé Original is the tried and tested nation’s favourite coffee*. Through a careful selection of beans, Nescafé Original delivers a full and rich flavoured cup. It’s fair to say you really can’t beat the red mug. The new tin is both space efficient andeasy to store back of house or on a counter top as well as easy to serve from and simple to reach every last granule of coffee. The hinged lid uses 'Click-to-Close' technology for simple and secure re-sealing. For the perfect serve always use dry measures and freshly boiled water (not boiling hot). Recommended serving size is 1 rounded teaspoon (minimum of 1.8g) per cup. Makes Approximately 555 Cups of Coffee Rich & Full Flavoured Hinged Re-sealable Lid 100% Coffee Beans 1kg","- Rich & Full Flavoured - Hinged, Re-sealable Lid - 100% Coffee Beans",29,4.9,,,,,,,,Specification,Product Type,Coffee (Instant),Specification,Type,Coffee,Specification,Weight,1kg,,,,,,,,,,,,,,,,,,,,,,,,,,,,,,,,,,,,,,,,,,,,,,,,,,,
costco,2025-10-31,https://www.costco.co.uk/rest/v2/uk/products/154272/?fields=FULL&lang=en_GB&curr=GBP,https://www.costco.co.uk/Grocery-Household/Grocery-Delivery/The-Jelly-Bean-Factory-Jelly-Bean-Tub-42kg/p/154272,154272,"The Jelly Bean Factory Jelly Bean Tub, 4.2kg",The Jelly Bean Factory,29.89,N,,,,,,,,Grocery & Household,Grocery Delivery,,,,,,https://www.costco.co.uk/medias/sys_master/images/h8f/hed/15144029257758.jpg,https://www.costco.co.uk/medias/sys_master/images/h94/h8a/15144037711902.jpg,https://www.costco.co.uk/medias/sys_master/images/h28/hab/15144057077790.jpg,,,"Product Details The Jelly Bean Factory was created by a father and son team, Peter and Richard Cullen, and they pride themselves on creating the most juicy, mouth-watering jelly beans on the planet. All their fruit flavoured beans contain real fruit juices and are carefully crafted to make sure every single one of the 12 million jelly beans they produce each day delivers the ultimate gourmet taste experience. The Jelly Bean Factory are true gourmet beans flavoured through the centre and the coating made with only natural flavours and no artificial colours. This Monster Cookie Jar of Gourmet Jelly Beans contains THOUSANDS of scrummy, yummy gourmet jelly beans. A massive 36 flavours including Butterscotch, Strawberry Smoothie and Blueberry Pie straight from the factory. Now let's get this party started! Kosher Halal Free from gluten, gelatine, GMO & nuts Country of Origin: Ireland Allergy Information: Please see above 'Product Details' for further information.",- Ultimate Gourmet Taste - Kosher - Halal,41,4.8,,,,,,,,Specification,Product Type,Sweets,Specification,Country of Origin,Ireland,Specification,Type,Sweets,Specification,Weight,4.2kg,,,,,,,,,,,,,,,,,,,,,,,,,,,,,,,,,,,,,,,,,,,,,,,,
costco,2025-10-31,https://www.costco.co.uk/rest/v2/uk/products/36085/?fields=FULL&lang=en_GB&curr=GBP,https://www.costco.co.uk/Sports-Spas-Leisure/Outdoor-Sports/Racquet-Sports/Wilson-US-Open-Tennis-Ball-24-Pack/p/36085,36085,Wilson US Open Tennis Ball - 24 Pack,Wilson,39.99,N,,,,Yellow,,,,"Sports, Spas & Leisure",Outdoor Sports,Racquet Sports,,,,,https://www.costco.co.uk/medias/sys_master/images/hd9/h8e/223459107667998.jpg,https://www.costco.co.uk/medias/sys_master/images/h74/h6b/223551309381662.jpg,https://www.costco.co.uk/medias/sys_master/images/h8e/h4c/223551309447198.jpg,,,"For more than 40 years, every point at the US Open has been scored with a Wilson US Open tennis ball. Unparalleled consistency and performance make it the gold standard in tennis, trusted by the best in the game when it's all on the line. Crafted with premium woven felt for superior bounce characteristics over the course of three sets, this ball is Extra Duty to ensure optimal performance on your preferred playing surface. These Wilson US Open tennis balls are known for their superior playability, consistency, and durability on the court. They are constructed of high-grade wool that is woven into a thicker, denser, extra-duty Milliken felt for high visibility and longer wear on all court surfaces. Wilson US Open tennis balls are USTA and ITF approved for competitive play. Features: Extra-duty Milliken felt High visibility Durable construction for longer wear on all court surfaces Premium bounce characteristics USTA and ITF approved Pack size: 6 x 4 ball cans Dimensions: H 29 x W 7.5 x D 7.5 cm Weight: 0.35 kg",- Extra-Duty Milliken Felt - High Visibility - Durable Construction For Longer Wear On All Court Surfaces - USTA and ITF Approved,17,4.8,,,,,,,,Specification,Material,Felt,Specification,Type,Tennis Ball,Specification,Dimensions,H 29 x W 7.5 x D 7.5 cm,Specification,Weight,0.35 kg,Specification,Pack Quantity,24 Pack,,,,,,,,,,,,,,,,,,,,,,,,,,,,,,,,,,,,,,,,,,,,,
costco,2025-10-31,https://www.costco.co.uk/rest/v2/uk/products/639271/?fields=FULL&lang=en_GB&curr=GBP,https://www.costco.co.uk/Grocery-Household/Grocery-Delivery/Kirkland-Signature-American-Vodka-175L/p/639271,639271,"Kirkland Signature American Vodka, 1.75L",Kirkland Signature,36.19,N,,,,,,,,Grocery & Household,Grocery Delivery,,,,,,https://www.costco.co.uk/medias/sys_master/products/h3f/h6d/10036539031582.jpg,,,,,"From field to bottle Kirkland Signature American Vodka uses only the finest 100% American heartland grains and pure spring water to create this special vodka. American grain is loaded into a cooking chamber and blended with purified spring water before being heated to convert starch into sugar. The mixture (called 'mash') is transferred to a fermentation tank yeast is added and the mash is allowed to ferment for two to four days which turns the sugar into alcohol. The fermented mash is transferred to six distillation columns where it is heated and the product is distilled via a your money will be refunded. 6 Times Distilled If you are not completely satisfied with this Kirkland Signature product, your money will be refunded.",By law we cannot sell this product to anyone under the age of 18. Please see Delivery & Terms for further information.,118,4.9,,,,,,,,Specification,Bottle Size,1.75L,Specification,ABV%,40%,Specification,Type,Vodka,Specification,Product Type,"Vodka, Over-Sized Spirits",Specification,Country of Origin,USA,,,,,,,,,,,,,,,,,,,,,,,,,,,,,,,,,,,,,,,,,,,,,
costco,2025-10-31,https://www.costco.co.uk/rest/v2/uk/products/819195/?fields=FULL&lang=en_GB&curr=GBP,https://www.costco.co.uk/Grocery-Household/Grocery-Delivery/Kirkland-Signature-Original-Spiced-Rum-175L/p/819195,819195,"Kirkland Signature Original Spiced Rum, 1.75L",Kirkland Signature,42.19,N,,,,,,,,Grocery & Household,Grocery Delivery,,,,,,https://www.costco.co.uk/medias/sys_master/products/h16/h5d/17576590835742.jpg,,,,,"Kirkland Signature Original Spiced Rum is patiently crafted and distilled five times on the island of St Croix from the first pressing of virgin sugar cane grown in rich soil and tropical sunshine. It is blended with natural flavours of vanilla, cinnamon and clove, then bottled at 92 proof to achieve a complex balance of taste and flavour. This impeccably balanced rum is medium amber in colour and features toasted oak with rich notes of vanilla, butter and cinnamon, with a long, semi-sweet finish of winter spice, toffee and black pepper. Try this rum neat or on ice, as an aperitif or after dinner, or mix it with cola for a classic cocktail. If you are not completely satisfied with this Kirkland Signature product, your money will be refunded.",By law we cannot sell this product to anyone under the age of 18. Please see Delivery & Terms for further information.,17,4.7,,,,,,,,Specification,Bottle Size,1.75L,Specification,ABV%,46%,Specification,Type,Rum,Specification,Product Type,"Rum, Over-Sized Spirits",Specification,Country of Origin,USA,,,,,,,,,,,,,,,,,,,,,,,,,,,,,,,,,,,,,,,,,,,,,
costco,2025-10-31,https://www.costco.co.uk/rest/v2/uk/products/101529/?fields=FULL&lang=en_GB&curr=GBP,https://www.costco.co.uk/Grocery-Household/Grocery-Delivery/Kirkland-Signature-Chewable-Once-Daily-Vitamin-C-500-Tablets/p/101529,101529,"Kirkland Signature Chewable Once Daily Vitamin C, 500 Tablets",Kirkland Signature,18.49,N,,,,,,,,Grocery & Household,Grocery Delivery,,,,,,https://www.costco.co.uk/medias/sys_master/images/h14/h0b/50351863136286.jpg,https://www.costco.co.uk/medias/sys_master/images/h94/he5/50961602510878.jpg,https://www.costco.co.uk/medias/sys_master/images/h39/h2a/50961602838558.jpg,,,"Ingredients Specification Kirkland Signature Vitamin C functions as an antioxidant and helps maintain healthy bones, teeth, gums, skin and blood cells. It also assists in the body's absorption of iron. 500 tablets in total. Great Orange Taste Supports Antioxidant Activity Supports Immune System 500 Tablets, 500mg Recommended use: Adults and children over 12 years, one tablet daily with a meal. Do not exceed recommended daily dose. These tablets must be chewed. Food supplements should not be used as a substitute for a varied diet. WARNING: Excessive consumption may produce laxative effects Storage: Store in a cool, dry place, out of reach of children. Country of origin: USA If you are not completely satisfied with this Kirkland Signature product, your money will be refunded.",- Great Orange Taste - Supports Antioxidant Activity - Supports Immune System,224,4.8,,,,,,,,Specification,Type,Vitamins,,,,,,,,,,,,,,,,,,,,,,,,,,,,,,,,,,,,,,,,,,,,,,,,,,,,,,,,,
costco,2025-10-31,https://www.costco.co.uk/rest/v2/uk/products/116515/?fields=FULL&lang=en_GB&curr=GBP,https://www.costco.co.uk/Grocery-Household/Grocery-Delivery/Kirkland-Signature-French-Vodka-175L/p/116515,116515,"Kirkland Signature French Vodka, 1.75L",Kirkland Signature,39.79,Y,,,,,,,,Grocery & Household,Grocery Delivery,,,,,,https://www.costco.co.uk/medias/sys_master/products/h87/h03/10032768155678.jpg,,,,,To achieve the highest level of purity and ultimate refinement Kirkland Signature distil their Vodka five times using the process of column distillation rectification and then pass it through two separate filtrations. This helps to make it among the smoothest vodkas available on the market. If you are not completely your money will be refunded. 5 Times Distilled,By law we cannot sell this product to anyone under the age of 18. Please see Delivery & Terms for further information.,74,4.8,,,,,,,,Specification,Type,Vodka,Specification,Bottle Size,1.75L,Specification,ABV%,40%,Specification,Product Type,"Vodka, Over-Sized Spirits",Specification,Country of Origin,France,,,,,,,,,,,,,,,,,,,,,,,,,,,,,,,,,,,,,,,,,,,,,
costco,2025-10-31,https://www.costco.co.uk/rest/v2/uk/products/131166/?fields=FULL&lang=en_GB&curr=GBP,https://www.costco.co.uk/Grocery-Household/Food-Cupboard/Cakes-Biscuits/Kirkland-Signature-European-Cookies-with-Belgian-Chocolate-14kg/p/131166,131166,"Kirkland Signature European Cookies with Belgian Chocolate, 1.4kg",Kirkland Signature,17.59,Y,,,,,,,,Grocery & Household,Food Cupboard,Cakes & Biscuits,,,,,https://www.costco.co.uk/medias/sys_master/images/he2/he4/117919278891038.jpg,https://www.costco.co.uk/medias/sys_master/images/h9c/h0d/117919475826718.jpg,https://www.costco.co.uk/medias/sys_master/images/h3c/h2a/117919279153182.jpg,https://www.costco.co.uk/medias/sys_master/images/h3a/h06/117919479955486.jpg,https://www.costco.co.uk/medias/sys_master/images/h67/h9a/117919480676382.jpg,"Kirkland Signature European Cookies with Belgian Chocolate are presented in a beautifully designed tin, containing a luxury cookie assortment with 15 different cookies. This delicious selection of cookies with milk, dark and white chocolate are produced under the Kirkland Signature brand and are sure to impress as a gift or simply as a treat for you and your family. Assortment of 15 Different Cookies Milk, Dark & White Chocolate 2 Individually Wrapped Trays Sealed for Freshness No Artificial Colours or Flavours 1.4kg If you are not completely satisfied with this Kirkland Signature product, your money will be refunded.","- Assortment of 15 Different Cookies - Milk, Dark & White Chocolate - 2 Individually Wrapped Trays Sealed for Freshness - No Artificial Colours or Flavours",101,4.8,,,,,,,,Specification,Type,Biscuits,Specification,Weight,1.4kg,,,,,,,,,,,,,,,,,,,,,,,,,,,,,,,,,,,,,,,,,,,,,,,,,,,,,,
costco,2025-10-31,https://www.costco.co.uk/rest/v2/uk/products/132024/?fields=FULL&lang=en_GB&curr=GBP,https://www.costco.co.uk/Grocery-Household/Speciality/Kirkland-Signature/Kirkland-Signature-Super-Premium-Adult-Complete-Cat-Food-Chicken-Rice-Formula-1134kg/p/132024,132024,"Kirkland Signature Super Premium Adult Complete Cat Food, Chicken & Rice Formula, 11.34kg",Kirkland Signature,22.89,N,,,,,,,,Grocery & Household,Speciality,Kirkland Signature,,,,,https://www.costco.co.uk/medias/sys_master/products/h28/ha1/10032771563550.jpg,https://www.costco.co.uk/medias/sys_master/images/h83/h5e/13396613070878.jpg,,,,"Product Details Kirkland Signature Super Premium Maintenance Cat Complete Cat Food is designed for the special nutritional needs of your adult cat. The chicken and rice formula is produced from superior, hand-picked ingredients and contains the right amount of protein and fat to keep your cat in optimal bodily condition. Added health benefits include a balanced intake of omega fatty acids, antioxidants and fresh chicken - helping your cat lead a happy, healthy life. If you are not completely satisfied with this Kirkland Signature product, your money will be refunded. 11.34kg Natural Ingredients Enriched with Antioxidants, Vitamin E & Selenium Kibble size & shape, optimised for cats Storage: Store in a cool, dry place.",,1530,4.8,,,,,,,,Specification,Type,Pet Food,Specification,Pet,Cat,,,,,,,,,,,,,,,,,,,,,,,,,,,,,,,,,,,,,,,,,,,,,,,,,,,,,,
costco,2025-10-31,https://www.costco.co.uk/rest/v2/uk/products/142621/?fields=FULL&lang=en_GB&curr=GBP,https://www.costco.co.uk/Wines-Spirits-Beer/Wines/Red-Wine/Domaine-Serge-Magni-Chateauneuf-du-Pape-2016-6-x-75cl/p/142621,142621,"Domaine Serge Magni Chateauneuf du Pape 2016, 6 x 75cl",Domaine Serge Magni,99.99,N,,,,,,,,"Wines, Spirits & Beer",Wines,Red Wine,,,,,https://www.costco.co.uk/medias/sys_master/products/h47/hb2/10033099374622.jpg,https://www.costco.co.uk/medias/sys_master/products/h92/h59/10033684152350.jpg,,,,"The wine of The Domaine Serge Magni is based on a blend of mainly Grenache, Syrah and Mourvedre. The acidity, tannins and body are well-balanced and come together to fill the palate with immediate pleasure. Tender, supple and generous, this wine is harmonious and is best served with meat and cheese dishes.",By law we cannot sell this product to anyone under the age of 18. Please see Delivery & Terms for further information.,1,4.0,,,,,,,,Specification,Country,France,Specification,Grape Variety,Grenache,Specification,Vintage,2016,Specification,ABV%,14%,Specification,Bottle,6x75cl Case,Specification,Contains Sulphites,Yes,Specification,Region,Rhone,Specification,Type,Red Wine,,,,,,,,,,,,,,,,,,,,,,,,,,,,,,,,,,,,
costco,2025-10-31,https://www.costco.co.uk/rest/v2/uk/products/142635/?fields=FULL&lang=en_GB&curr=GBP,https://www.costco.co.uk/Wines-Spirits-Beer/Wines/Red-Wine/Araldica-Barolo-Flori-2014-6-x-75cl/p/142635,142635,"Araldica Barolo Flori 2014, 6 x 75cl",Araldica,84.99,N,,,,,,,,"Wines, Spirits & Beer",Wines,Red Wine,,,,,https://www.costco.co.uk/medias/sys_master/products/h5c/hb6/10033548689438.jpg,https://www.costco.co.uk/medias/sys_master/products/h30/h40/10033685200926.jpg,,,,"The Araldica Barolo Flori is a beautifully supple, finely structured introduction to Barolo. Flori has all the Barolo characteristics, combining the flavour of red berries, roses, pencil, cedar, minerals and spices. It has delicate floral and violet aromas, as well as hints of vanilla and spice. Tannins are firm and pleasingly supported with plump fruit and a round silky texture, giving it a good lengthy finish. Serve decanted at room temperature and enjoy with wild boar sausages, venison, roast lamb or gamey stews. Araldica is Piemonte's largest and most progressive Co-operative yet retains a small, family run company feel. The grapes are sourced from 16 growers, all members of the Araldica, surrounded by the Alps and Monferrato Hills in Piemonte.",By law we cannot sell this product to anyone under the age of 18. Please see Delivery & Terms for further information.,1,3.0,,,,,,,,Specification,Country,Italy,Specification,Grape Variety,Nebbiolo,Specification,Vintage,2014,Specification,ABV%,14%,Specification,Bottle,6x75cl Case,Specification,Contains Sulphites,Yes,Specification,Region,Piemonte,Specification,Type,Red Wine,,,,,,,,,,,,,,,,,,,,,,,,,,,,,,,,,,,,
costco,2025-10-31,https://www.costco.co.uk/rest/v2/uk/products/142688/?fields=FULL&lang=en_GB&curr=GBP,https://www.costco.co.uk/Wines-Spirits-Beer/Wines/White-Wine/Kirkland-Signature-Ti-Point-Marlborough-Sauvignon-Blanc-2020-6-x-75cl/p/142688,142688,"Kirkland Signature Ti Point Marlborough Sauvignon Blanc 2020, 6 x 75cl",Kirkland Signature,49.99,N,,,,,,,,"Wines, Spirits & Beer",Wines,White Wine,,,,,https://www.costco.co.uk/medias/sys_master/products/h08/hd4/10033214717982.jpg,https://www.costco.co.uk/medias/sys_master/products/hf9/hcc/10033649418270.jpg,,,,"Hailing from one of the oldest vineyards in New Zealand, this wine has bright grapefruit and lemon and lime citrus notes coupled with hints of mineral, ripe pear and green apple flavours which support the classic gooseberry character. On the finish, there is a crisp acidity surrounded by a palate structure of sweet lemon and orange zest. If you are not completely satisfied with this Kirkland Signature product, your money will be refunded.",By law we cannot sell this product to anyone under the age of 18. Please see Delivery & Terms for further information.,3,5.0,,,,,,,,Specification,Country,New Zealand,Specification,Grape Variety,Sauvignon Blanc,Specification,Vintage,2020,Specification,ABV%,12.5%,Specification,Bottle,6x75cl Case,Specification,Contains Sulphites,Yes,Specification,Region,Marlborough,Specification,Type,White Wine,,,,,,,,,,,,,,,,,,,,,,,,,,,,,,,,,,,,
costco,2025-10-31,https://www.costco.co.uk/rest/v2/uk/products/142740/?fields=FULL&lang=en_GB&curr=GBP,https://www.costco.co.uk/Grocery-Household/Chilled-Foods/Meat-Meat-Boxes/Taste-Tradition-Fresh-Porchetta-with-Italian-Herbs-22kg-Serves-8-10-people/p/142740,142740,"Taste Tradition Fresh Porchetta with Italian Herbs, 2.2kg (Serves 8-10 people)",Taste Tradition,39.99,N,,,,,,,,Grocery & Household,Chilled Foods,Meat & Meat Boxes,,,,,https://www.costco.co.uk/medias/sys_master/images/hdc/h2a/172229804785694.jpg,https://www.costco.co.uk/medias/sys_master/images/h4f/hdb/65648883269662.jpg,,,,"Product Details Taste Tradition’s Rare Breed Porchetta is a truly delicious product, ideal for family feasts and special occasion with little preparation required. This is pork at its most divine and is best suited for slow roasting. This allows the flavours and juices of the fat to infuse into the meat, keeping it moist and wonderfully tasty. A traditional Italian dish that originates from the Umbrian region of Italy, our Porchetta consists of highest quality pork that is boned out and stuffed with rosemary, parsley and garlic. Joyce & Charles Ashbridge (mother and son) founded Taste Tradition on New Year's Day 2004. Their success is testament to the increased value people place on animal welfare, traditional methods and high quality, beautifully tasting real produce. Nestled near the top of Sutton Bank in the North York Moors National Park, the Ashbridge family have farmed in Cold Kirby for three generations. The traditional methods of breeding, rearing and finishing livestock used in our grandfather's day are still evident in Charles's farming protocols. Taste Tradition have full traceability from the farm, through the slaughterhouse to delivery to the customer. Serving: Serves 8-10 people based off a 220g serving. Storage: Minimum shelf life of 9 days. Suitable for home freezing. Country of Origin: UK",Please Note: This item is delivered uncooked,78,4.4,,,,,,,,Specification,Category,Pork and Gammon,Specification,Weight,2.2kg,Specification,Product Type,Pork & Gammon,Specification,Country of Origin,UK,Specification,Serving Size,Serves 8-10 People,,,,,,,,,,,,,,,,,,,,,,,,,,,,,,,,,,,,,,,,,,,,,
costco,2025-10-31,https://www.costco.co.uk/rest/v2/uk/products/142751/?fields=FULL&lang=en_GB&curr=GBP,https://www.costco.co.uk/Grocery-Household/Chilled-Foods/Meat-Meat-Boxes/Taste-Tradition-Mixed-Lamb-Box-49kg/p/142751,142751,"Taste Tradition Mixed Lamb Box, 4.9kg",Taste Tradition,69.99,N,,,,,,,,Grocery & Household,Chilled Foods,Meat & Meat Boxes,,,,,https://www.costco.co.uk/medias/sys_master/images/hf0/h4c/13380458446878.jpg,,,,,"Product Details Includes: 8 Lamb Loin Chops 1.2kg Lamb Leg on the Bone 1.5kg 4 Lamb Rumps 1.2kg Lamb Shoulder Boned & Rolled 1kg Joyce & Charles Ashbridge (mother and son) founded Taste Tradition on New Year's Day 2004. Their success is testament to the increased value people place on animal welfare, traditional methods and high quality, beautifully tasting real produce. Nestled near the top of Sutton Bank in the North York Moors National Park, the Ashbridge family have farmed in Cold Kirby for three generations. The traditional methods of breeding, rearing and finishing livestock used in our grandfather's day are still evident in Charles's farming protocols. Unlike Charles's pigs and cattle, the majority of his flock of sheep and lambs are not rare breed. Instead they rear Texel and Suffolk, because they find they suit their system; they are able to convert forage into meat effectively, are well fleshed, and produce a very consistent quality of carcase. Unlike pork and beef, lamb fat is deemed to be less desirable; therefore, these breeds are able to provide the high quality of lamb, without the excess fat. The Taste Tradition flock is kept on limestone based land, which is free draining and therefore very good ground for raising sheep. The grass from this land is the mainstay of their diet, but in the winter months when this is not as available they provide supplements to ensure the flock receives all the nutrients it requires. Taste Tradtion slaughter lambs year round, catering to the market with the highly sought after spring lambs, or the ever available hoggets. They take their lambs into local slaughterhouses, keeping business in the region and reducing the stress on the animals by reducing the time spent in transit. Storage: Minimum shelf life of 9 days. Suitable for home freezing. Country of Origin: UK",THIS ITEM IS DISPATCHED UNCOOKED,77,4.8,,,,,,,,Specification,Weight,4.9kg,Specification,Product Type,Lamb,Specification,Country of Origin,UK,,,,,,,,,,,,,,,,,,,,,,,,,,,,,,,,,,,,,,,,,,,,,,,,,,,
costco,2025-10-31,https://www.costco.co.uk/rest/v2/uk/products/142750/?fields=FULL&lang=en_GB&curr=GBP,https://www.costco.co.uk/Grocery-Household/Chilled-Foods/Meat-Meat-Boxes/Taste-Tradition-Fresh-Rare-Breed-Pork-Box-65kg/p/142750,142750,"Taste Tradition Fresh Rare Breed Pork Box, 6.5kg",Taste Tradition,44.99,N,,,,,,,,Grocery & Household,Chilled Foods,Meat & Meat Boxes,,,,,https://www.costco.co.uk/medias/sys_master/images/h34/hd1/13380458840094.jpg,https://www.costco.co.uk/medias/sys_master/products/h25/h99/10033528700958.jpg,https://www.costco.co.uk/medias/sys_master/products/h7b/hae/10033529552926.jpg,https://www.costco.co.uk/medias/sys_master/products/hc8/h8d/10033529487390.jpg,,"Product Details This Rare Breed Pork Parcel includes: 4 Pork Loin Steaks 1kg Pork Belly Joint 1.5kg Spare Ribs 1kg Pork Loin Boned & Rolled 1.5kg Pork Leg Boned & Rolled 1.5kg Joyce and Charles Ashbridge (mother and son) founded Taste Tradition on New Year's Day 2004. Their success is testament to the increased value people place on animal welfare, traditional methods and high quality, beautifully tasting real produce. Nestled near the top of Sutton Bank in North York Moors National Park, the Ashbridge family have farmed in Cold Kirby for three generations. The traditional method of breeding, rearing and finishing livestock used in our grandfather's day are still evident in Charles's farming protocols. All of their pork at Taste Tradition is of rare or traditional breed origin, typically Gloucester Old Spot, Saddleback, Berkshire, Middle White and Large Black. These breeds carry an extra bit of fat which helps to infuse moisture and a superbly distinctive flavour into the meat whilst it cooks. The pigs consume natural feed, which is a factor responsible for the high quality and flavour of the pork that they produce. The sows usually produce two litters (9-11 piglets) per year, and are left to furrow unattended in their own outdoor huts. Specialist rations have been formulated which are free of GM products and are always enjoyed by Taste Tradition pigs. Storage: Minimum shelf life of 9 days. Suitable for home freezing. Country of Origin: UK",,38,4.9,,,,,,,,Specification,Weight,6.5kg,Specification,Product Type,Pork & Gammon,Specification,Country of Origin,UK,,,,,,,,,,,,,,,,,,,,,,,,,,,,,,,,,,,,,,,,,,,,,,,,,,,
costco,2025-10-31,https://www.costco.co.uk/rest/v2/uk/products/142946/?fields=FULL&lang=en_GB&curr=GBP,https://www.costco.co.uk/Grocery-Household/Tea-Coffee-Hot-Drinks/Kirkland-Signature-Colombian-Supremo-Whole-Bean-Coffee-908g/p/142946,142946,"Kirkland Signature Colombian Supremo Whole Bean Coffee, 908g",Kirkland Signature,16.99,N,,,,,,,,Grocery & Household,"Tea, Coffee & Hot Drinks",,,,,,https://www.costco.co.uk/medias/sys_master/products/h56/h24/10032974987294.jpg,https://www.costco.co.uk/medias/sys_master/images/hdf/h03/82023310622750.jpg,https://www.costco.co.uk/medias/sys_master/images/hb6/h67/82772250492958.jpg,,,"Kirkland Signature medium roast whole bean coffee is made from beans specially selected to be consistent in size, so that its rich and bright characteristics are enhanced during roasting. This North American favourite is perfect for any time of the day. Whole Bean Medium Roast Kosher 908g Shelf Life 12 months when sealed, 6 months once opened. Store in the package or any airtight container. If you are not completely satisfied with this Kirkland Signature product, your money will be refunded.",- Whole Bean - Medium Roast - Kosher,699,4.6,,,,,,,,Specification,Product Type,Coffee (Beans),Specification,Country of Origin,Colombia,Specification,Weight,908g,,,,,,,,,,,,,,,,,,,,,,,,,,,,,,,,,,,,,,,,,,,,,,,,,,,
costco,2025-10-31,https://www.costco.co.uk/rest/v2/uk/products/176073/?fields=FULL&lang=en_GB&curr=GBP,https://www.costco.co.uk/Home-Improvement/Hardware-DIY/Batteries/Kirkland-Signature-Alkaline-AAA-Batteries-48-Pack/p/176073,176073,Kirkland Signature Alkaline AAA Batteries - 48 Pack,Kirkland Signature,9.99,Y,,,,,,,,Home Improvement,Hardware & DIY,Batteries,,,,,https://www.costco.co.uk/medias/sys_master/images/h0d/h54/220003934470174.jpg,,,,,"Kirkland Signature products are designed and produced using the finest quality materials and workmanship available. Every Kirkland Signature product is guaranteed to meet or exceed the quality standards of the leading national brands. If you are not completely satisfied, your money will be refunded! Alkaline Batteries Size: AAA 7-year shelf life No mercury added 48 batteries per pack Battery care tips to help maximize your experience, and ensure safe usage with Kirkland Signature batteries: When inserting batteries into your device, please take care to match the right polarities (+ and - ends) marked on the battery to the device Batteries which are incorrectly inserted into devices may be short-circuited Do not charge regular Kirkland Signature batteries (only batteries marked Rechargeable) Please avoid mixing used with new batteries, or batteries of different brands When replacing batteries in a device, replace them all because different levels of discharge & voltage could lead to venting / leakage Fully used batteries should be immediately removed from devices and disposed of properly (as pertained by local laws) When discharged batteries are kept in your device for a long time, leakage may occur causing damage to the device Avoid deforming or dismantling batteries in any way Batteries contain various active ingredients which store electrochemical energy and can be dangerous if they contact your skin Store unused batteries in their original packaging and away from metal objects Mixing batteries with metal objects can cause the battery to short circuit and affect the battery performance Do not throw away. Please follow local requirements to recycle electronic appliances and batteries Battery Usage Instructions: Always select the correct size and grade of battery that is best matched for your device, read your device instructions to know which batteries to use Please replace all batteries of a set at the same time to get optimal use and avoid any chance of discharge or short circuit Clean the battery contacts and the battery bay area of your device before you insert the batteries Ensure that the batteries are installed correctly with the right polarities (+ and -) matching the device polarities Remove batteries from devices which will not to be used for an extended period of time Remove batteries that are out of power promptly to avoid leakage issues Under the Waste Battery Regulations, you can return your waste batteries to your local waste portable battery recycling facility which can be found at www.recyclenow.com/what-to-do-with/batteries-1. Most supermarkets and shops that sell batteries will have collection bins for used batteries, and some town halls, libraries or schools may also set up collection points. End-users may find stores in their local area accessible.",,62,4.8,,,,,,,,Specification,Type,AAA,Specification,Rechargable,No,,,,,,,,,,,,,,,,,,,,,,,,,,,,,,,,,,,,,,,,,,,,,,,,,,,,,,
costco,2025-10-31,https://www.costco.co.uk/rest/v2/uk/products/227380/?fields=FULL&lang=en_GB&curr=GBP,https://www.costco.co.uk/Home-Improvement/Hardware-DIY/Batteries/Kirkland-Signature-Alkaline-AA-Batteries-48-Pack/p/227380,227380,Kirkland Signature Alkaline AA Batteries - 48 Pack,Kirkland Signature,9.99,Y,,,,,,,,Home Improvement,Hardware & DIY,Batteries,,,,,https://www.costco.co.uk/medias/sys_master/images/h00/hd0/220003934568478.jpg,,,,,"Kirkland Signature products are designed and produced using the finest quality materials and workmanship available. Every Kirkland Signature product is guaranteed to meet or exceed the quality standards of the leading national brands. If you are not completely satisfied, your money will be refunded Alkaline Batteries Size: AA 7-year shelf life No mercury added 48 batteries per pack Battery Care Tips to help maximize your experience, and ensure safe usage with Kirkland Signature batteries: When inserting batteries into your device, please take care to match the right polarities (+ and - ends) marked on the battery to the device Batteries which are incorrectly inserted into devices may be short-circuited Do not charge regular Kirkland Signature batteries (only batteries marked Rechargeable) Please avoid mixing used with new batteries, or batteries of different brands When replacing batteries in a device, replace them all because different levels of discharge & voltage could lead to venting / leakage Fully used batteries should be immediately removed from devices and disposed of properly (as pertained by local laws) When discharged batteries are kept in your device for a long time, leakage may occur causing damage to the device Avoid deforming or dismantling batteries in any way Batteries contain various active ingredients which store electrochemical energy and can be dangerous if they contact your skin Store unused batteries in their original packaging and away from metal objects Mixing batteries with metal objects can cause the battery to short circuit and affect the battery performance Do not throw away. Please follow local requirements to recycle electronic appliances and batteries Battery Usage Instructions: Always select the correct size and grade of battery that is best matched for your device, read your device instructions to know which batteries to use Please replace all batteries of a set at the same time to get optimal use and avoid any chance of discharge or short circuit Clean the battery contacts and the battery bay area of your device before you insert the batteries Ensure that the batteries are installed correctly with the right polarities (+ and -) matching the device polarities Remove batteries from devices which will not to be used for an extended period of time Remove batteries that are out of power promptly to avoid leakage issues Under the Waste Battery Regulations, you can return your waste batteries to your local waste portable battery recycling facility which can be found at www.recyclenow.com/what-to-do-with/batteries-1. Most supermarkets and shops that sell batteries will have collection bins for used batteries, and some town halls, libraries or schools may also set up collection points. End-users may find stores in their local area accessible.",,93,4.8,,,,,,,,Specification,Type,AA,Specification,Rechargable,No,,,,,,,,,,,,,,,,,,,,,,,,,,,,,,,,,,,,,,,,,,,,,,,,,,,,,,
costco,2025-10-31,https://www.costco.co.uk/rest/v2/uk/products/270275/?fields=FULL&lang=en_GB&curr=GBP,https://www.costco.co.uk/Grocery-Household/Grocery-Delivery/Kirkland-Signature-Vitamin-E-268mg-500-Softgel-Capsules/p/270275,270275,"Kirkland Signature Vitamin E 268mg, 500 Softgel Capsules",Kirkland Signature,11.96,N,,,,,,,,Grocery & Household,Grocery Delivery,,,,,,https://www.costco.co.uk/medias/sys_master/products/hbc/h78/10033533354014.jpg,https://www.costco.co.uk/medias/sys_master/images/hd3/hd2/11439040462878.jpg,,,,"Ensuring that you have the recommended intake of important nutrients is vital for your health and general well-being. Vitamin E is one of those important nutrients, and has many potential health benefits, including: Supports a healthy immune system Contributes to healthy skin Contributes to cardiovascular health Aids brain function and visual clarity 500 Softgel capsules 16 Months supply If you are not completely satisfied with this Kirkland Signature product, your money will be refunded. Allergy Information: See above 'Product Details' for further information.",- Supports a Healthy Immune System - Contributes to Healthy Skin - Aids Brain Function and Visual Clarity,111,4.9,,,,,,,,Specification,Type,Vitamins,,,,,,,,,,,,,,,,,,,,,,,,,,,,,,,,,,,,,,,,,,,,,,,,,,,,,,,,,
costco,2025-10-31,https://www.costco.co.uk/rest/v2/uk/products/31040/?fields=FULL&lang=en_GB&curr=GBP,https://www.costco.co.uk/Grocery-Household/Grocery-Delivery/Kirkland-Signature-100-Colombian-Ground-Filter-Coffee-1362kg/p/31040,31040,"Kirkland Signature 100% Colombian Ground Filter Coffee, 1.362kg",Kirkland Signature,16.99,Y,,,,,,,,Grocery & Household,Grocery Delivery,,,,,,https://www.costco.co.uk/medias/sys_master/images/hcb/h7c/102925958184990.jpg,https://www.costco.co.uk/medias/sys_master/images/hcb/hba/49578394648606.jpg,,,,"Grown high in the Andes Mountains of Colombia in rich volcanic soil, our Supremo coffee beans are specially selected and handpicked to guarantee you the finest cup of coffee. These Supremo beans are carefully roasted to a deep, robust colour, then ground fresh to capture their full-bodied flavour and smooth sweet aroma. You are assured of quality, consistency and satisfaction when you choose Kirkland Signature 100% Colombian Coffee. 100% Colombian Filter Coffee Supremo Beans Dark Roast Fine Grind Kosher 1.362kg If you are not completely satisfied with this Kirkland Signature product, your money will be refunded.",- 100% Colombian Filter Coffee - Supremo Beans - Dark Roast - Fine Grind - Kosher,466,4.7,,,,,,,,Specification,Product Type,Coffee (Ground),Specification,Country of Origin,Colombia,Specification,Type,Coffee,Specification,Weight,1.362kg,,,,,,,,,,,,,,,,,,,,,,,,,,,,,,,,,,,,,,,,,,,,,,,,
costco,2025-10-31,https://www.costco.co.uk/rest/v2/uk/products/331896/?fields=FULL&lang=en_GB&curr=GBP,https://www.costco.co.uk/Grocery-Household/Grocery-Delivery/Kirkland-Signature-Extra-Fancy-Mixed-Nuts-113kg/p/331896,331896,"Kirkland Signature Extra Fancy Mixed Nuts, 1.13kg",Kirkland Signature,15.69,N,,,,,,,,Grocery & Household,Grocery Delivery,,,,,,https://www.costco.co.uk/medias/sys_master/products/h14/h6b/10032848240670.jpg,https://www.costco.co.uk/medias/sys_master/images/h4b/h0c/13356185452574.jpg,,,,"Kirkland Signature Extra Fancy Mixed Nuts are an assortment of cashews, almonds, pecans, brazil nuts and macadamia nuts, roasted to their optimum flavour point in peanut oil and lightly tossed in salt. These premium quality nuts are then packaged in a convenient plastic jar to ensure the nuts remain whole during transport and that they retain optimum freshness once opened at home. If you are not completely satisfied with this Kirkland Signature product, your money will be refunded. Kosher Storage: Store in a cool, dry place. Allergy Information: Contains nuts. May contain small shell pieces. This product is packaged with equipment that also handles products that contain peanuts, other tree nuts, milk, soy, wheat, eggs, sesame seeds and sulphites.",- Great Tasting Nuts - Kosher - Roasted to Optimum Flavour,766,4.6,,,,,,,,Specification,Product Type,Nuts,Specification,Country of Origin,Various,Specification,Type,Nuts,Specification,Weight,1.13kg,,,,,,,,,,,,,,,,,,,,,,,,,,,,,,,,,,,,,,,,,,,,,,,,
costco,2025-10-31,https://www.costco.co.uk/rest/v2/uk/products/46667/?fields=FULL&lang=en_GB&curr=GBP,https://www.costco.co.uk/Grocery-Household/Grocery-Delivery/Kirkland-Signature-4-Leaf-Balsamic-Vinegar-of-Modena-1L/p/46667,46667,"Kirkland Signature 4 Leaf Balsamic Vinegar of Modena, 1L",Kirkland Signature,8.49,Y,,,,,,,,Grocery & Household,Grocery Delivery,,,,,,https://www.costco.co.uk/medias/sys_master/images/h65/ha2/27800763695134.jpg,https://www.costco.co.uk/medias/sys_master/images/h07/h6f/27800767889438.jpg,https://www.costco.co.uk/medias/sys_master/images/h11/he9/27800767528990.jpg,https://www.costco.co.uk/medias/sys_master/images/ha3/h9e/27800767660062.jpg,,"Kirkland Signature Balsamic 4 leaf Vinegar produced in the rustic Italian region of Modena where balsamic vinegar originated. The vinegar is produced using a centuries–old recipe and matured in wooden cases. The genuine balsamic 4 leaf vinegar adheres to the strict product certification established by Assaggiatori Italiano Balsamico (AIB). The AIB tasting programme subjects the vinegar to a detailed and rigorous sensory appraisal by professional tasters who grade the vinegar based on its aroma, taste and visual properties. Kirkland Signature Balsamic Vinegar of Modena is designated Four Leaves, which is the highest quality rating of the AIB. Use it to enhance your favourite dressing, augment your cooked vegetables and meats, or enrich your fruit and berry desserts. Complements any Meal Centuries-old Recipe Great with Salad 1L If you are not completely satisfied with this Kirkland Signature Product, your money will be refunded.",- Complements any Meal - Centuries-old Recipe - Great with Salad,118,4.8,,,,,,,,Specification,Product Type,Vinegar,Specification,Country of Origin,Italy,Specification,Type,Vinegars,Specification,Weight,1L,,,,,,,,,,,,,,,,,,,,,,,,,,,,,,,,,,,,,,,,,,,,,,,,
costco,2025-10-31,https://www.costco.co.uk/rest/v2/uk/products/570224/?fields=FULL&lang=en_GB&curr=GBP,https://www.costco.co.uk/Health-Wellness-Special-Events/Gloves-Masks-Anti-Bac/Kirkland-Signature-Medium-Nitrile-Gloves-2-x-200-Pack/p/570224,570224,"Kirkland Signature Medium Nitrile Gloves, 2 x 200 Pack",Kirkland Signature,18.99,N,,,,,,,,"Health, Wellness & Special Events","Gloves, Masks & Anti-Bac",,,,,,https://www.costco.co.uk/medias/sys_master/images/hf5/hb8/30074602946590.jpg,,,,,"Kirkland Signature Medium Nitrile Exam Gloves are 100% latex–free, with comfortable fit and feel, great tactile sensitivity and a superior barrier of protection. Ideal for use in medical, food service and other hygiene sensitive applications. Latex Free Comfortable Fit & Feel Great Tactile Sensitivity Superior Barrier Protection 2 x 200 Pack If you are not completely satisfied with this Kirkland Signature product, your money will be refunded. Safety Information: Keep out of reach of children.",- Latex Free - Comfortable Fit & Feel - Great Tactile Sensitivity - Superior Barrier Protection,52,4.8,,,,,,,,Specification,Type,Cleaning Gloves,Specification,Weight,2 x 200 Pack,,,,,,,,,,,,,,,,,,,,,,,,,,,,,,,,,,,,,,,,,,,,,,,,,,,,,,
costco,2025-10-31,https://www.costco.co.uk/rest/v2/uk/products/570225/?fields=FULL&lang=en_GB&curr=GBP,https://www.costco.co.uk/Grocery-Household/Cleaning-Laundry-Products/Cleaning-Products/Kirkland-Signature-Small-Nitrile-Gloves-2-x-200-Pack/p/570225,570225,"Kirkland Signature Small Nitrile Gloves, 2 x 200 Pack",Kirkland Signature,18.99,Y,,,,,,,,Grocery & Household,Cleaning & Laundry Products,Cleaning Products,,,,,https://www.costco.co.uk/medias/sys_master/images/h79/hba/30074602881054.jpg,,,,,"Kirkland Signature Small Nitrile Exam Gloves are 100% latex–free, with comfortable fit and feel, great tactile sensitivity and a superior barrier of protection. Ideal for use in medical, food service and other hygiene sensitive applications. Latex Free Comfortable Fit & Feel Great Tactile Sensitivity Superior Barrier Protection 2 x 200 Pack If you are not completely satisfied with this Kirkland Signature product, your money will be refunded. Safety Information: Keep out of reach of children.",- Latex Free - Comfortable Fit & Feel - Great Tactile Sensitivity - Superior Barrier Protection,5,4.2,,,,,,,,,,,,,,,,,,,,,,,,,,,,,,,,,,,,,,,,,,,,,,,,,,,,,,,,,,,,,,,,,,,
costco,2025-10-31,https://www.costco.co.uk/rest/v2/uk/products/570226/?fields=FULL&lang=en_GB&curr=GBP,https://www.costco.co.uk/Health-Wellness-Special-Events/Gloves-Masks-Anti-Bac/Kirkland-Signature-Large-Nitrile-Gloves-2-x-200-Pack/p/570226,570226,"Kirkland Signature Large Nitrile Gloves, 2 x 200 Pack",Kirkland Signature,18.99,Y,,,,,,,,"Health, Wellness & Special Events","Gloves, Masks & Anti-Bac",,,,,,https://www.costco.co.uk/medias/sys_master/images/h9a/h6c/30074602815518.jpg,,,,,"Kirkland Signature Large Nitrile Exam Gloves are 100% latex–free, with comfortable fit and feel, great tactile sensitivity and a superior barrier of protection. Ideal for use in medical, food service and other hygiene sensitive applications. Latex Free Comfortable Fit & Feel Great Tactile Sensitivity Superior Barrier Protection 2 x 200 Pack If you are not completely satisfied with this Kirkland Signature product, your money will be refunded. Safety Information: Keep out of reach of children.",- Latex Free - Comfortable Fit & Feel - Great Tactile Sensitivity - Superior Barrier Protection,38,4.7,,,,,,,,,,,,,,,,,,,,,,,,,,,,,,,,,,,,,,,,,,,,,,,,,,,,,,,,,,,,,,,,,,,
costco,2025-10-31,https://www.costco.co.uk/rest/v2/uk/products/586853/?fields=FULL&lang=en_GB&curr=GBP,https://www.costco.co.uk/Furniture-Mattresses/Home-Furnishings-Accessories/Cushions-Throws/Belledorm-Alaska-Faux-Fur-Cushion-in-2-Colours-50-x-50-cm/p/586853,586853,"4.26ctw Asscher-Cut, VVS1 Clarity, H Colour Diamond Baguette, Platinum Ring",Belledorm,15.99,N,,,,"Taupe, White",,,,,,,,,,,,,,,,,,,,,,,,,,,,,,,,,,,,,,,,,,,,,,,,,,,,,,,,,,,,,,,,,,,,,,,,,,,,,,,,,,,,,,
costco,2025-10-31,https://www.costco.co.uk/rest/v2/uk/products/658358/?fields=FULL&lang=en_GB&curr=GBP,https://www.costco.co.uk/Grocery-Household/Grocery-Delivery/Kirkland-Signature-Starbucks-Fairtrade-House-Blend-Whole-Bean-Coffee-907g/p/658358,658358,"Kirkland Signature Starbucks Fairtrade House Blend Whole Bean Coffee, 907g",Kirkland Signature,13.99,N,,,,,,,,Grocery & Household,Grocery Delivery,,,,,,https://www.costco.co.uk/medias/sys_master/images/h0b/hc5/139403246960670.jpg,https://www.costco.co.uk/medias/sys_master/images/h8c/ha2/139403246108702.jpg,https://www.costco.co.uk/medias/sys_master/images/h8f/h5b/139403244077086.jpg,https://www.costco.co.uk/medias/sys_master/images/h55/he0/139403242733598.jpg,,"A unique blend of fine 100% high-grade Fairtrade coffees, rich roasted to Starbucks specifications for the Kirkland Signature brand. With a perfect balance of flavour, body and liveliness, House Blend is something you'll want to enjoy throughout the day and the week. It's bright yet surprisingly smooth, cup after cup. If you are not completely satisfied with this Kirkland Signature product, your money will be refunded. Whole Bean Fairtrade Kosher 907g Storage: Store in a cool, dry place. Once opened, place in an airtight container to maintain freshness.",- Whole Bean - Fairtrade - Kosher,170,4.7,,,,,,,,Specification,Product Type,Coffee (Beans),Specification,Country of Origin,USA,Specification,Type,Coffee,Specification,Weight,907g,,,,,,,,,,,,,,,,,,,,,,,,,,,,,,,,,,,,,,,,,,,,,,,,
costco,2025-10-31,https://www.costco.co.uk/rest/v2/uk/products/730755/?fields=FULL&lang=en_GB&curr=GBP,https://www.costco.co.uk/Grocery-Household/Grocery-Delivery/Kirkland-Signature-Jelly-Belly-Original-Gourmet-Jelly-Beans-18kg/p/730755,730755,"Kirkland Signature Jelly Belly Original Gourmet Jelly Beans, 1.8kg",Kirkland Signature,17.49,N,,,,,,,,Grocery & Household,Grocery Delivery,,,,,,https://www.costco.co.uk/medias/sys_master/products/h1b/h65/10032819929118.jpg,https://www.costco.co.uk/medias/sys_master/images/h5d/hb6/13712449798174.jpg,,,,"Product Details These Jelly Belly Beans, packed under the Kirkland Signature label, bring you 44 delicious flavours of Jelly Bean Candy, 'The Original Gourmet Jelly Bean'. If you are not completely satisfied with this Kirkland Signature product, your money will be refunded. Warning: Tartrazine (E102), Sunset Yellow (E110) and Allura Red (E129) may have an adverse effect on activity and attention in children.",- 44 Delicious Flavours - Try Different Combinations - Great Taste,83,4.7,,,,,,,,Specification,Product Type,Sweets,Specification,Country of Origin,USA,Specification,Type,Sweets,Specification,Weight,1.8kg,,,,,,,,,,,,,,,,,,,,,,,,,,,,,,,,,,,,,,,,,,,,,,,,
costco,2025-10-31,https://www.costco.co.uk/rest/v2/uk/products/97405/?fields=FULL&lang=en_GB&curr=GBP,https://www.costco.co.uk/Grocery-Household/Grocery-Delivery/Kirkland-Signature-Premium-Quality-Foodservice-Aluminium-Foil-30cm-x-200m/p/97405,97405,Kirkland Signature 30cm x 200m Premium Quality Foodservice Aluminium Foil,Kirkland Signature,18.99,Y,,,,,,,,Grocery & Household,Grocery Delivery,,,,,,https://www.costco.co.uk/medias/sys_master/products/h07/hc8/10032767238174.jpg,,,,,"Kirkland Signature all purpose, professional grade foodservice aluminium foil is ideal for use on all foods. Presented in a convenient, hard-wearing cardboard pack, with a hand-perforated edge for ease of use. If you are not completely satisfied with this Kirkland Signature product, your money will be refunded. All Purpose Professional Grade Hand-Perforated Edge 30cm x 200m",- With Sharp Cutter Edge - Strong Cardboard Box - Professional & Household Use,267,4.9,,,,,,,,Specification,Type,Cooking & Bakeware,Specification,Dimensions,30cm x 200m,,,,,,,,,,,,,,,,,,,,,,,,,,,,,,,,,,,,,,,,,,,,,,,,,,,,,,
costco,2025-10-31,https://www.costco.co.uk/rest/v2/uk/products/97406/?fields=FULL&lang=en_GB&curr=GBP,https://www.costco.co.uk/Grocery-Household/Grocery-Delivery/Kirkland-Signature-45cm-x-100m-Heavy-Duty-Super-Premium-Quality-Foodservice-Aluminium-Foil/p/97406,97406,Kirkland Signature 45cm x 100m Heavy Duty Super Premium Quality Foodservice Aluminium Foil,Kirkland Signature,21.49,Y,,,,,,,,Grocery & Household,Grocery Delivery,,,,,,https://www.costco.co.uk/medias/sys_master/products/heb/h71/10032767303710.jpg,,,,,"Kirkland Signature all purpose, professional grade foodservice aluminium foil is ideal for use on all foods. Presented in a convenient, hard-wearing cardboard pack, with a hand-perforated edge for ease of use. If you are not completely satisfied with this Kirkland Signature product, your money will be refunded. 45cm x 100m",,257,4.9,,,,,,,,Specification,Type,Cooking & Bakeware,,,,,,,,,,,,,,,,,,,,,,,,,,,,,,,,,,,,,,,,,,,,,,,,,,,,,,,,,
costco,2025-10-31,https://www.costco.co.uk/rest/v2/uk/products/942108/?fields=FULL&lang=en_GB&curr=GBP,https://www.costco.co.uk/Wines-Spirits-Beer/Wines/Mix-Match-Wine/Kirkland-Signature-NV-Brut-Champagne-75cl/p/942108,942108,942108,,21.39,Y,,,,,,,,"Wines, Spirits & Beer",Wines,Mix & Match Wine,,,,,https://www.costco.co.uk/medias/sys_master/images/hc2/h00/66830201421854.jpg,,,,,"The signature series Kirkland Signature Brut Champagne comes from the top Chardonnay, Pinot Noir and Pinot Meunier vineyards of Roland de Brayne and Mannuel Janisson, in Sezanne. This highly acclaimed Brut Champagne has a range of flavours with a rich texture and notes of gingerbread, oranges and peaches plus a bright citrus character that lingers on the finish. If you are not completely satisfied with this Kirkland Signature product, your money will be refunded.",By law we cannot sell this product to anyone under the age of 18. Please see Delivery & Terms for further information.,66,4.7,,,,,,,,Specification,Country,France,Specification,Grape Variety,Chardonnay,Specification,Vintage,NV,Specification,ABV%,12%,Specification,Bottle,75cl,Specification,Contains Sulphites,Yes,Specification,Region,Champagne,Specification,Type,Champagne,,,,,,,,,,,,,,,,,,,,,,,,,,,,,,,,,,,,
costco,2025-10-31,https://www.costco.co.uk/rest/v2/uk/products/147809/?fields=FULL&lang=en_GB&curr=GBP,https://www.costco.co.uk/Grocery-Household/Food-Cupboard/Oils-Vinegars-Dressings/TruffleHunter-Complete-Truffle-Hamper/p/147809,147809,TruffleHunter Complete Truffle Hamper,TruffleHunter,69.99,N,,,,,,,,Grocery & Household,Food Cupboard,"Oils, Vinegars & Dressings",,,,,https://www.costco.co.uk/medias/sys_master/images/h22/h7e/10362432258078.jpg,https://www.costco.co.uk/medias/sys_master/images/h7d/h06/10362433830942.jpg,https://www.costco.co.uk/medias/sys_master/images/hd2/h3a/10362433896478.jpg,https://www.costco.co.uk/medias/sys_master/images/hde/h84/10362433765406.jpg,https://www.costco.co.uk/medias/sys_master/images/h09/h1b/139045604884510.jpg,"This TruffleHunter hamper contains 7 luxury truffle products and will make the ultimate foodie gift for any home gourmet. Black Truffle Oil Single Concentrated, 100ml English Truffle Oil Single Concentrated, 100ml White Truffle Oil Single Concentrated, 100ml Black Truffle Carpaccio, 50g Flaked Black Truffle Sea Salt, 40g Minced Black Truffle, 50g White Truffle Honey, 60g TruffleHunter are a UK based family food business who source their truffles in Northern and Central Italy, and the English Wiltshire & Somerset woodlands. Their suppliers come from families who have been involved in truffle hunting for generations. Two or even three generations of truffle hunters often occupy the same large family home, handing down the closely guarded secrets of their trade and inculcating the next generation into the mysteries of the art. Pure bred Lagotto Romagnolo dogs are used to help search for the truffles with puppies being introduced and taught to “fetch” summer truffles from a very early age. Different soil types determine how deep truffles are found. In Umbria and Le Marche black winter truffles are generally found just under the surface of the ground, up to a maximum depth of 10cm, whereas white truffles are found much deeper, sometimes at up to 60cm below ground. Once found, the truffles are cool packed and immediately shipped for optimum freshness. TruffleHunter are the only company manufacturing truffle products in the UK, and their products are becoming widely recognised throughout the UK restaurant scene. Using only the finest truffle's available, TruffleHunter quality simply cannot be beaten. Country of Origin: Italy",- 7 Luxury Truffle Products - Great Gift for Gourmet Food Lovers - Truffles Sourced from Northern & Central Italy,6,4.7,,,,,,,,,,,,,,,,,,,,,,,,,,,,,,,,,,,,,,,,,,,,,,,,,,,,,,,,,,,,,,,,,,,
costco,2025-10-31,https://www.costco.co.uk/rest/v2/uk/products/147817/?fields=FULL&lang=en_GB&curr=GBP,https://www.costco.co.uk/Business-Office-Supplies/Restaurant-Catering/Cooking-Ingredients/TruffleHunter-Black-Truffle-Oil-Double-Concentrated-2-x-250ml/p/147817,147817,"TruffleHunter Black Truffle Oil Double Concentrated, 2 x 250ml",TruffleHunter,29.99,N,,,,,,,,Business & Office Supplies,Restaurant & Catering,Cooking Ingredients,,,,,https://www.costco.co.uk/medias/sys_master/images/h8e/hda/10362431930398.jpg,https://www.costco.co.uk/medias/sys_master/images/h1f/h2e/10362438516766.jpg,https://www.costco.co.uk/medias/sys_master/images/hab/h7d/135391431688222.jpg,,,"Made using TruffleHunter's own recipe, the wonderful black truffle flavour dominates, while the oil remains soft and complex. TruffleHunter are a UK based family food business who source their truffles in Northern and Central Italy. Their suppliers come from families who have been involved in truffle hunting for generations. Pure bred Lagotto Romagnolo dogs are used to help search for the truffles with puppies being introduced and taught to “fetch” summer truffles from a very early age. Different soil types determine how deep Truffles are found. In Umbria and Le Marche black winter truffles are generally found just under the surface of the ground, up to a maximum depth of 10cm, whereas white truffles are found much deeper, sometimes at up to 60cm below ground. Once found, the truffles are cool packed and immediately shipped for optimum freshness. Using only the finest truffle's available, TruffleHunter quality simply cannot be beaten. Made using the finest Truffles Double Concentrate Vegan 2 x 250ml Country of Origin: Italy",- Made using the Finest Truffles - Double Concentrate - Vegan,7,4.4,,,,,,,,Specification,Weight,2 x 250ml,Specification,Product Type,Truffle Oil,Specification,Country of Origin,Italy,,,,,,,,,,,,,,,,,,,,,,,,,,,,,,,,,,,,,,,,,,,,,,,,,,,
costco,2025-10-31,https://www.costco.co.uk/rest/v2/uk/products/147818/?fields=FULL&lang=en_GB&curr=GBP,https://www.costco.co.uk/Business-Office-Supplies/Restaurant-Catering/Cooking-Ingredients/TruffleHunter-White-Truffle-Oil-Double-Concentrated-2-x-250ml/p/147818,147818,"TruffleHunter White Truffle Oil Double Concentrated, 2 x 250ml",Truffle Hunter,29.99,N,,,,,,,,Business & Office Supplies,Restaurant & Catering,Cooking Ingredients,,,,,https://www.costco.co.uk/medias/sys_master/images/h7a/h32/10362432061470.jpg,https://www.costco.co.uk/medias/sys_master/images/hc0/h60/10362438451230.jpg,https://www.costco.co.uk/medias/sys_master/images/h78/hf2/10362438582302.jpg,,,"Made using TruffleHunter's own recipe, this white truffle oil is nothing short of fabulous. This oil is powerful, but soft and incredibly complex. TruffleHunter are a UK based family food business who source their truffles in Northern and Central Italy. Their suppliers come from families who have been involved in truffle hunting for generations. Pure bred Lagotto Romagnolo dogs are used to help search for the truffles with puppies being introduced and taught to “fetch” summer truffles from a very early age. Different soil types determine how deep Truffles are found. In Umbria and Le Marche black winter truffles are generally found just under the surface of the ground, up to a maximum depth of 10cm, whereas white truffles are found much deeper, sometimes at up to 60cm below ground. Once found, the truffles are cool packed and immediately shipped for optimum freshness. Using only the finest truffle's available, TruffleHunter quality simply cannot be beaten. Made using the finest Truffles Double Concentrate Vegan 2 x 250ml Country of Origin: Italy",- Made using the Finest Truffles - Double Concentrate - Vegan,17,4.9,,,,,,,,Specification,Weight,2 x 250ml,Specification,Product Type,Truffle Oil,Specification,Country of Origin,Italy,,,,,,,,,,,,,,,,,,,,,,,,,,,,,,,,,,,,,,,,,,,,,,,,,,,
costco,2025-10-31,https://www.costco.co.uk/rest/v2/uk/products/154653/?fields=FULL&lang=en_GB&curr=GBP,https://www.costco.co.uk/Grocery-Household/Entertaining/Quiche-Pies-Pates/Pieminister-Vegetarian-Society-Approved-Pie-Selection-12-x-270g-Serves-12-people/p/154653,154653,"Pieminister Vegetarian Society Approved Pie Selection, 12 x 270g (Serves 12 people)",Pieminister,39.99,N,,,,,,,,Grocery & Household,Entertaining,Quiche Pies & Pâtés,,,,,https://www.costco.co.uk/medias/sys_master/images/hd3/h47/86525191553054.jpg,https://www.costco.co.uk/medias/sys_master/images/hf7/h3d/86525195223070.jpg,https://www.costco.co.uk/medias/sys_master/images/h66/hd8/86525195288606.jpg,,,"Ingredients Specification The Pieminister Vegetarian Society Approved Pie Selection includes:. Heidi Pie, 270g x6: Winner of the Great Taste Awards, this goats’ cheese, sweet potato, spinach and red onion pie is sure to go down a treat! Wild Shroom Pie, 270g x6: Winner of the Great Taste Awards and British Pie Awards, this pie is packed full of portobello & chestnut mushrooms, asparagus, white wine and cream. Pieminister, founded in Bristol in 2003 by brothers-in-law Tristan Hogg and Jon Simon, is the undisputed leader of the pie revolution, re-inventing the pie for a new, younger generation. Made in-house in Bristol, Pieminister pies contain only the best, responsibly-sourced ingredients, using free range British chicken and dairy and farm assured meat. Storage: Suitable for home freezing for up to 6 months. Country of Origin: UK Serves: 12 people Allergy Information: Please refer to the above 'Product Details' for further information.",,17,4.3,,,,,,,,Specification,Product Type,Pies,Specification,Country of Origin,UK,Specification,Serving Size,Serves 10-20 people,,,,,,,,,,,,,,,,,,,,,,,,,,,,,,,,,,,,,,,,,,,,,,,,,,,
costco,2025-10-31,https://www.costco.co.uk/rest/v2/uk/products/121900/?fields=FULL&lang=en_GB&curr=GBP,https://www.costco.co.uk/Grocery-Household/Grocery-Delivery/Jena-12-Pack-Large-Foil-Trays-Lids/p/121900,121900,Jena 12 Pack Large Foil Trays & Lids,Jena,6.79,Y,,,,,,,,Grocery & Household,Grocery Delivery,,,,,,https://www.costco.co.uk/medias/sys_master/images/h4e/h3e/14524318547998.jpg,,,,,"These disposable foil trays from Jena are oven-safe, freezer-safe and refrigerator-safe. Perfect for freezing, chilling, cooking, re-heating and serving meals. 12 Trays With Lids Dimensions: 312 x 252 x 61mm",- 12 Trays With Lids - Dimensions: 312 x 252 x 61mm,28,4.4,,,,,,,,Specification,Type,Cooking & Bakeware,,,,,,,,,,,,,,,,,,,,,,,,,,,,,,,,,,,,,,,,,,,,,,,,,,,,,,,,,
costco,2025-10-31,https://www.costco.co.uk/rest/v2/uk/products/155046/?fields=FULL&lang=en_GB&curr=GBP,https://www.costco.co.uk/Grocery-Household/Food-Cupboard/Home-Baking/Marriages-Dark-Rye-Wholemeal-Flour-16kg/p/155046,155046,"Marriage's Dark Rye Wholemeal Flour, 16kg",Marriages,17.49,N,,,,,,,,Grocery & Household,Food Cupboard,Home Baking,,,,,https://www.costco.co.uk/medias/sys_master/products/h02/hf1/10036064354334.jpg,,,,,"Product Details This 100% wholemeal rye flour is ideal for traditional pumpernickel style breads. W & H Marriage & Sons Ltd has been milling flour in Essex since 1824. Today, the company is owned and run by the fifth and sixth generations of the Marriage family. Committed to selecting the best quality wheats, they source much of the wheat they use from farmers based within a 25–30 mile radius of Chelmer Mills, many coming from farming families who have supplied Marriage’s for generations. Marriage’s flour is produced using a combination of the traditional techniques used for generations and the best of modern milling technology, resulting in the highest quality flour. Country of Origin: UK Allergy Information: Please see above 'Product Details' for further information.",,,,,,,,,,,Specification,Weight,16kg,Specification,Product Type,Flour,Specification,Country of Origin,UK,,,,,,,,,,,,,,,,,,,,,,,,,,,,,,,,,,,,,,,,,,,,,,,,,,,
costco,2025-10-31,https://www.costco.co.uk/rest/v2/uk/products/155772/?fields=FULL&lang=en_GB&curr=GBP,https://www.costco.co.uk/Grocery-Household/Food-Cupboard/Pasta-Rice-Noodles/Peacock-Finest-Pure-Basmati-Rice-20kg/p/155772,155772,"Peacock Finest Pure Basmati Rice, 20kg",Peacock,45.99,Y,,,,,,,,Grocery & Household,Food Cupboard,"Pasta, Rice & Noodles",,,,,https://www.costco.co.uk/medias/sys_master/products/h94/h7d/10036026114078.jpg,,,,,"Peacock Finest is an authentic, traditional, premium quality Basmati Rice grown in the fertile valleys of the Himalayas. Its uniform, long grains maintain their integrity when cooked exhibiting exceptional grain elongation and pristine white lustre. Peacock Basmati Rice is aged for a minimum of 24 months to further reduce moisture content, increase aroma and enhance the taste of the finished product. This rice has an enticing aroma and an enchanting flavour. The perfect companion for Indian Cuisine.",,42,4.5,,,,,,,,Specification,Type,Rice,Specification,Product Type,Rice,,,,,,,,,,,,,,,,,,,,,,,,,,,,,,,,,,,,,,,,,,,,,,,,,,,,,,
costco,2025-10-31,https://www.costco.co.uk/rest/v2/uk/products/85847/?fields=FULL&lang=en_GB&curr=GBP,https://www.costco.co.uk/Grocery-Household/Grocery-Delivery/Calgon-Express-Ball-Tabs-75-Pack/p/85847,85847,"Calgon Express Ball Tabs, 75 Pack",Calgon,21.99,Y,,,,,,,,Grocery & Household,Grocery Delivery,,,,,,https://www.costco.co.uk/medias/sys_master/images/hc9/h06/157748010418206.jpg,https://www.costco.co.uk/medias/sys_master/images/haf/haf/174880705380382.jpg,https://www.costco.co.uk/medias/sys_master/images/h7b/h68/174880705445918.jpg,https://www.costco.co.uk/medias/sys_master/images/h5e/h6b/174880705511454.jpg,https://www.costco.co.uk/medias/sys_master/images/hd6/hb4/174880705576990.jpg,"Hard water is the culprit responsible for limescale related washing machine breakdown, and rough feeling laundry. But don't despair, you don't have to be a hard water victim, fight back with Calgon. Calgon has a unique formulation with active ingredients being polycarboxylates which softens hard water, preventing limescale from forming in the first place. It is not a descaler, it is purely a preventative - which means that the sooner you introduce Calgon into your daily washing routine, the better! Calgon tablets are individually wrapped to provide a convenient, no mess, measured dose. Each tablet contains an expressball which actively protects against limescale and dirt residue from the very first seconds of the wash. As a result, Calgon helps washing machines to keep working properly and stay clean for longer. Recommended by Whirlpool, Bosch, Candy, Siemens, AEG and Hoover. Polycarboxylates to Soften Hard Water Prevents Limescale Build-Up Individually Wrapped 75 Pack",- Polycarboxylates to Soften Hard Water - Prevents Limescale Build-Up - Individually Wrapped,94,4.8,,,,,,,,Specification,Washes,75,Specification,Type,Laundry Machine Cleaner,Specification,Weight,75 Pack,,,,,,,,,,,,,,,,,,,,,,,,,,,,,,,,,,,,,,,,,,,,,,,,,,,
costco,2025-10-31,https://www.costco.co.uk/rest/v2/uk/products/155921/?fields=FULL&lang=en_GB&curr=GBP,https://www.costco.co.uk/Wines-Spirits-Beer/Spirits/Whisky/Chivas-Regal-45L-12-Year-Old-Blended-Scotch-Whisky/p/155921,155921,Chivas Regal 4.5L 12 Year Old Blended Scotch Whisky,Chivas Regal,219.99,Y,,,,,,,,"Wines, Spirits & Beer",Spirits,Whisky,,,,,https://www.costco.co.uk/medias/sys_master/products/h19/h14/10036358086686.jpg,,,,,"This 4.5L Chivas Regal 12 Year Old Whisky is almost 6 times larger than a standard 70cl bottle. Radiant and warm amber in colour, the Chivas is a blend of a multitude of different malt and grain Scotch whiskies, matured for at least 12 years. With an aromatic infusion of wild herbs, heather, honey and orchard fruits on the nose, the Chivas bursts with the smooth taste of ripe, honeyed apples, with notes of vanilla, hazelnut and butterscotch, creating the generously rich and fruity taste on the palate. This 4.5L bottle comes with a metal stand to aid pouring. Aged for a Minimum of 12 Years",By law we cannot sell this product to anyone under the age of 18. Please see Delivery & Terms for further information.,32,4.2,,,,,,,,Specification,Bottle Size,4.5L,Specification,ABV%,40%,Specification,Type,Whisky,,,,,,,,,,,,,,,,,,,,,,,,,,,,,,,,,,,,,,,,,,,,,,,,,,,
costco,2025-10-31,https://www.costco.co.uk/rest/v2/uk/products/155926/?fields=FULL&lang=en_GB&curr=GBP,https://www.costco.co.uk/Wines-Spirits-Beer/Spirits/Whisky/Jameson-45L-Triple-Distilled-Irish-Whiskey/p/155926,155926,Jameson 4.5L Triple Distilled Irish Whiskey,Jameson,124.99,N,,,,,,,,"Wines, Spirits & Beer",Spirits,Whisky,,,,,https://www.costco.co.uk/medias/sys_master/products/h0c/ha3/17576590475294.jpg,,,,,"This 4.5L Jamesons Triple Distilled Irish Whiskey is almost 6 times larger than a standard 70cl bottle. Blended with a delicate grain whiskey, infused with the nuttiness of the sherry casks, and balanced with the fragrant vanilla of the bourbon casks, this triple distilled Irish whiskey has exceptional smoothness with hints of sweet sherry. Awards Won The International Spirits Challenge 2014 Silver Award Aged for a Minimum of 4 Years",By law we cannot sell this product to anyone under the age of 18. Please see Delivery & Terms for further information.,29,4.6,,,,,,,,Specification,Bottle Size,4.5L,Specification,ABV%,40%,Specification,Type,Whisky,Specification,Country of Origin,Ireland,,,,,,,,,,,,,,,,,,,,,,,,,,,,,,,,,,,,,,,,,,,,,,,,
costco,2025-10-31,https://www.costco.co.uk/rest/v2/uk/products/156077/?fields=FULL&lang=en_GB&curr=GBP,https://www.costco.co.uk/Hampers-Gift-Baskets/The-Extravagance-Hamper/p/156077,156077,The Extravagance Hamper,Virginia Hayward,89.99,N,,,,,,,,Gifts,Hampers & Gift Baskets,,,,,,https://www.costco.co.uk/medias/sys_master/images/h34/hc6/61820948512798.jpg,https://www.costco.co.uk/medias/sys_master/images/hbe/h3d/27617931624478.jpg,,,,"Product Details Presented in a lovely kubu storage basket - the Extravagance really is a feast for the eyes and belly. Including a little something for everyone, both sweet and savoury, from chocolates and wine to crisps and crackers, The Extravagance has it all. Border Lemon Drizzle Melts, 150g Brodies Darjeeling Tea 20 Bags, 40g Claire's Handmade Lemon & Lime Marmalade, 227g Franklin & Sons LTD Elderflower Lemonade, 75cl Gold Crown 4"" Round with Whole Brazil Nuts, Flaked Almonds & Cherries Grandma Wild's Oaty Biscuits For Cheese Tomato and Basil, 130g Grate Britain All British Cheddar Biscuits, 100g Linden Lady 8 Decorated Chocolates, 100g Manomasa Green Lemon & Pink Peppercorn Tortillas, 160g Otter Vale Apple with Westcountry Cider Chutney, 225g Popcorn Shed Butterly Nuts Popcorn, 90g Merlot Santa Lucia Central Valley Chile, 75cl (13% vol) Sauvignon Blanc Santa Lucia Central Valley, 75cl (12.5% vol) Silver & Green Rosemary Garlic Olives, 220g The Dormen Salted Nut Mix, 100g Vital Supreme Slice of Heaven Orange, Almond & Pistachio Soft Nougat, 100g Kubu Storage Basket",- Sweet & Savoury Treats - A Bottle of Red & White Wine - Wicker Hamper with Leather Straps By law we cannot sell this product to anyone under the age of 18. Please see Delivery & Terms for further information.,1,5.0,,,,,,,,,,,,,,,,,,,,,,,,,,,,,,,,,,,,,,,,,,,,,,,,,,,,,,,,,,,,,,,,,,,
costco,2025-10-31,https://www.costco.co.uk/rest/v2/uk/products/155922/?fields=FULL&lang=en_GB&curr=GBP,https://www.costco.co.uk/Wines-Spirits-Beer/Spirits/Brandy-Cognac/Martell-XO-Cognac-70cl/p/155922,155922,"Martell X.O Cognac, 70cl",Martell,104.98,N,,,,,,,,"Wines, Spirits & Beer",Spirits,Brandy & Cognac,,,,,https://www.costco.co.uk/medias/sys_master/products/h01/h78/17576590606366.jpg,,,,,"With it's distinctive, arch-shaped bottle, Martell XO is a powerful symbol of inspiration, testimony to Jean Martell's visionary spirit. Combining elegance of the Borderies with the power of the Grande Champagne growth, Martell is an outstanding XO which bears the hallmark of the Martell style. A spicy, rich crescendo starting with the mellow elegance of the Borderies, followed by the intensity and finesse typical of Grande Champagne eaux-de-vie. Golden amber in colour with dark copper and mahogany highlights, the nose is ground spice and red berries with a fruity palate with notes of fig and walnut. A long and silken finish. Aged for a Minimum of 6 Years",By law we cannot sell this product to anyone under the age of 18. Please see Delivery & Terms for further information.,17,5.0,,,,,,,,Specification,Bottle Size,70cl,Specification,ABV%,40%,Specification,Type,Cognac,,,,,,,,,,,,,,,,,,,,,,,,,,,,,,,,,,,,,,,,,,,,,,,,,,,
costco,2025-10-31,https://www.costco.co.uk/rest/v2/uk/products/156197/?fields=FULL&lang=en_GB&curr=GBP,https://www.costco.co.uk/Grocery-Household/Tea-Coffee-Hot-Drinks/Kirkland-Signature-Costa-Rica-Whole-Bean-Coffee-908g/p/156197,156197,"Kirkland Signature Costa Rica Whole Bean Coffee, 908g",Kirkland Signature,13.99,N,,,,,,,,Grocery & Household,"Tea, Coffee & Hot Drinks",,,,,,https://www.costco.co.uk/medias/sys_master/products/ha1/h15/10036653785118.jpg,,,,,"Product Details To the Northwest of Costa Rica's capital city of San Jose, where the air is crisp and fresh and the soil rich, lie the towns of Palmares and San Ramon. Nestled high in the foothills surrounding these villages are more than 2,100 small coffee farms. The climate provides ideal growing conditions for exceptional Primera Arabica coffee - moderate temperatures, shade from sunlight and afternoon rains. It is here that farmers produce Kirkland Signature Costa Rica Whole Bean Coffee. Not every coffee bean is robust enough to make a truly great dark roast, but these do, absorbing the heavier roasted flavours while retaining their rich, coffee taste. Kirkland Signature Costa Rica Whole Bean Coffee is roasted to a special, proprietary dark roast, where the sweetness and liveliness of the roast produce a superb cup of coffee for your enjoyment. Whole Bean Dark Roast Kosher 908g Shelf Life 12 months when sealed, 6 months once opened. Store in the package or any airtight container. If you are not completely satisfied with this Kirkland Signature product, your money will be refunded.",- Whole Bean - Dark Roast - Kosher,172,4.7,,,,,,,,Specification,Product Type,Coffee (Beans),Specification,Country of Origin,Costa Rica,Specification,Weight,908g,,,,,,,,,,,,,,,,,,,,,,,,,,,,,,,,,,,,,,,,,,,,,,,,,,,
costco,2025-10-31,https://www.costco.co.uk/rest/v2/uk/products/156261/?fields=FULL&lang=en_GB&curr=GBP,https://www.costco.co.uk/Personal-Care/Bath-Body/Bath-Shower/Kent-Beechwood-Natural-Bristle-Bath-Brush-with-Detachable-Head/p/156261,156261,Kent Beechwood & Natural Bristle Bath Brush with Detachable Head,Kent Brushes,34.99,N,,,,,,,,Personal Care,Bath & Body,Bath & Shower,,,,,https://www.costco.co.uk/medias/sys_master/products/h02/hbc/10036259323934.jpg,,,,,"This luxury bath brush is made from beechwood and pure white bristle and has a detachable head. Use to gently massage dry skin to help naturally increase circulation and effectively remove dead skin cells. Brush length 41cm G B Kent & Sons Ltd, manufacturers of brushes since the eighteenth century is one of the oldest established companies in Great Britain. Kent Brushes (as they are now more commonly known) was founded in 1777 by William Kent in the reign of George III. Kent holds a pre-eminent place in the history of brush making, with an unbroken record of excellence in the quality of its production which has been recognised by the granting of Royal Warrants for nine reigns. Even in today's fast moving, mass-produced assembly, Kent are proud to still be manufacturing many of their original brushes by hand.",,2,5.0,,,,,,,,,,,,,,,,,,,,,,,,,,,,,,,,,,,,,,,,,,,,,,,,,,,,,,,,,,,,,,,,,,,
costco,2025-10-31,https://www.costco.co.uk/rest/v2/uk/products/156455/?fields=FULL&lang=en_GB&curr=GBP,https://www.costco.co.uk/Tyres-Automotive/Automotive-Accessories/Car-Accessories/RAC-Adjustable-Cargo-Guard-For-Dogs-Jumbo-Size/p/156455,156455,"RAC Adjustable Cargo Guard For Dogs, Jumbo Size",RAC,26.89,N,,,,,,,,Tyres & Automotive,Automotive Accessories,Car Accessories,,,,,https://www.costco.co.uk/medias/sys_master/products/h83/h00/10036290846750.jpg,https://www.costco.co.uk/medias/sys_master/products/h7e/h8b/10051043459102.jpg,,,,"Assembly Instructions This handy cargo guard from RAC keeps dogs safely contained in the rear of the car. It helps to restrain the dog and reduce driver distraction. Made from high quality steel alloy, this RAC cargo guard is powder coated with a rust resistant finish. Suitable for most 3 or 5 door vehicles Adjustable Width: 100-167cm (39-66'') Adjustable Height: 76-127cm (30-50'')",,3,1.0,,,,,,,,Specification,Type,Pet Accessories,,,,,,,,,,,,,,,,,,,,,,,,,,,,,,,,,,,,,,,,,,,,,,,,,,,,,,,,,
costco,2025-10-31,https://www.costco.co.uk/rest/v2/uk/products/156267/?fields=FULL&lang=en_GB&curr=GBP,https://www.costco.co.uk/Personal-Care/Health-Beauty-Gift-Sets/Bath-Body-Gifts/Kent-Ladies-Up-Do-Hairbrush-Set/p/156267,156267,Kent Ladies 'Up-Do' Hairbrush Set,Kent,22.99,N,,,,,,,,Personal Care,Health & Beauty Gift Sets,Bath & Body Gifts,,,,,https://www.costco.co.uk/medias/sys_master/products/h8e/hcb/10036257882142.jpg,,,,,"This 3 piece set contains everything you need to create the perfect up-do: Large Porcupine Brush: Use to gently brush and shape all hair types. This rubber cushioned pure bristle and nylon brush is perfect for stimulating the hairs natural conditioning oils, which in turn promote shine and lustre. A fantastic brush for straightening and general grooming, with added Penetron filaments to help penetrate brushing right down to the scalp. It will both clean and condition your hair beautifully. Product Code: PF01. Large 60mm Radial Brush: Gives lustre and bounce for healthy hair. Round bristle brushes of this size are ideal for shoulder length and long hair. The pure natural bristle gives excellent grip for curling and shaping without damaging the hair, whilst also helping to prevent split-ends, reduce static and add volume when needed. Product Codes: PF03. Back-Combing Brush: The three angled rows of pure bristle have been mixed with nylon filaments to give the best results possible from a single brush. Known in the trade as the brush for every occasion and every look, it's an essential tool for styling all hair types. A beautiful laser engraved beech wood handle finishes in a fine point for picking up and sectioning hair. Product Code: PF16. G B Kent & Sons Ltd, manufacturers of brushes since the eighteenth century is one of the oldest established companies in Great Britain. Kent Brushes (as they are now more commonly known) was founded in 1777 by William Kent in the reign of George III. Kent holds a pre-eminent place in the history of brush making, with an unbroken record of excellence in the quality of its production which has been recognised by the granting of Royal Warrants for nine reigns. Even in today's fast moving, mass-produced assembly, Kent are proud to still be manufacturing many of their original brushes by hand.",- Large Porcupine Brush - Large 60mm Radial Brush - Back-Combing Brush,20,4.8,,,,,,,,,,,,,,,,,,,,,,,,,,,,,,,,,,,,,,,,,,,,,,,,,,,,,,,,,,,,,,,,,,,
costco,2025-10-31,https://www.costco.co.uk/rest/v2/uk/products/148843/?fields=FULL&lang=en_GB&curr=GBP,https://www.costco.co.uk/Grocery-Household/Grocery-Delivery/Kirkland-Signature-Green-Tea-Matcha-Blend-100-Tea-Bags/p/148843,148843,"Kirkland Signature Green Tea Matcha Blend, 100 Tea Bags",Kirkland Signature,11.49,N,,,,,,,,Grocery & Household,Grocery Delivery,,,,,,https://www.costco.co.uk/medias/sys_master/images/h92/hfa/34251062804510.jpg,https://www.costco.co.uk/medias/sys_master/images/hfd/h4c/34251295883294.jpg,https://www.costco.co.uk/medias/sys_master/images/he7/hbe/369050609909790.jpg,,,"Kirkland Signature Green Tea is made with a Japanese variety of Sencha Green Tea from Australia's lush tea plantations. In keeping with Japanese tradition, Kirkland Signature Green Tea is gently steamed, rolled and then dried. The minimal processing prevents the oxidation and preserves the freshness, aroma and colour of the tea leaf. Matcha, a green tea powder made from specially harvested leaves, is added to enhance flavour and taste. The premium nylon tea bag allows for optimum water flow during the brewing process. If you are not completely satisfied with this Kirkland Signature product, your money will be refunded.",- Contains Matcha for Extra Flavour - Fresh Aroma - Authentic Japanese Preparation,310,4.7,,,,,,,,Specification,Type,Tea,Specification,Product Type,Tea,Specification,Country of Origin,Japan,,,,,,,,,,,,,,,,,,,,,,,,,,,,,,,,,,,,,,,,,,,,,,,,,,,
costco,2025-10-31,https://www.costco.co.uk/rest/v2/uk/products/doodleDraw/?fields=FULL&lang=en_GB&curr=GBP,https://www.costco.co.uk/Home-Kitchen/Books/Childrens-Books/Doodle-Drawing-Books-in-2-Paperback-Titles/p/doodleDraw,doodleDraw,Doodle Drawing Books in 2 Paperback Titles,,7.99,N,,,,,,,,Home & Kitchen,Books,Childrens Books,,,,,https://www.costco.co.uk/medias/sys_master/products/hd9/h9f/10039142055966.jpg,,,,,"These Doodle drawing books are jam-packed with loads of ideas to get you drawing! Whether you opt for Draw Doodle Design or Doodle Imagine Draw, you will have over 150 inspiring ideas across 224 pages to encourage you to put pen to paper. Doodle Imagine Draw will inspire you and show you the fun of doodling and drawing. Unleash your inner artist with this beautifully illustrated collection of ideas. Draw Doodle Design is jam packed with imaginative doodling space, so you can get your ideas down on paper. Brimming with tailor-made illustrations to boost the imagination of any budding artist! Specifications: Dimensions: 27cm H, 21.3cm W, 1.7cm D Format: Paperback Suitable for ages: 8+ Number of pages: 224",,,,,,,,,,,,,,,,,,,,,,,,,,,,,,,,,,,,,,,,,,,,,,,,,,,,,,,,,,,,,,,,,,,,,,
costco,2025-10-31,https://www.costco.co.uk/rest/v2/uk/products/60041/?fields=FULL&lang=en_GB&curr=GBP,https://www.costco.co.uk/Grocery-Household/Grocery-Delivery/Mathez-Cocoa-Dusted-French-Truffles-2-x-500g-Tins/p/60041,60041,"Mathez Cocoa Dusted French Truffles, 2 x 500g Tins",Mathez,10.99,Y,,,,,,,,Grocery & Household,Grocery Delivery,,,,,,https://www.costco.co.uk/medias/sys_master/images/h73/h6e/70006056124446.jpg,https://www.costco.co.uk/medias/sys_master/images/hb6/h67/70006056058910.jpg,https://www.costco.co.uk/medias/sys_master/images/ha8/h0a/70006056026142.jpg,,,"These fine French Cocoa Dusted Truffles from Mathez Chocolatier come in a pack of 2 x 500g decorated tins and are perfect to give as gifts or to share between friends. Chocolate Truffles are made of chocolate ganache, a mixture of chocolate and cream that is melted together and rolled into balls, before being dusted in cocoa powder. Mathez has been making chocolate for over 80 years and are one of the leading French producers of dusted truffles. Mathez does not use palm oil in its truffles and uses only the highest quality ingredients to ensure there is no compromise on taste. Leading French Producer of Dusted Truffles Made Without Palm Oil Perfect for Gifting 2 x 500g tins Please Note: Please store between 15 - 18°C and keep in a cool, dry environment.",- Leading French Producer of Dusted Truffles - Made Without Palm Oil - Perfect for Gifting,93,4.8,,,,,,,,Specification,Product Type,Chocolate Truffles,Specification,Country of Origin,France,Specification,Type,Chocolate,Specification,Weight,2 x 500g,,,,,,,,,,,,,,,,,,,,,,,,,,,,,,,,,,,,,,,,,,,,,,,,
costco,2025-10-31,https://www.costco.co.uk/rest/v2/uk/products/157146/?fields=FULL&lang=en_GB&curr=GBP,https://www.costco.co.uk/Appliances/Commercial-Restaurant-Appliances/Food-Preparation/Swan-26-Litre-Tea-Urn-SWU26L/p/157146,157146,Swan 26 Litre Tea Urn SWU26L,Swan,86.89,N,,,,Silver,,,,Appliances,Commercial & Restaurant Appliances,Food Preparation,,,,,https://www.costco.co.uk/medias/sys_master/images/h90/hcd/11542221258782.jpg,,,,,"Introducing you the Swan tea urn. Constructed from hygienic stainless steel and with exceptional build quality, this highly efficient 26 litre tea urn from Swan is designed with longevity in mind and is sure to provide years of sterling service. Features Stainless steel construction Keep hot function 26 Litre/104 cup capacity Automatic temperature control Unique style steam vented lid fitting Concealed element Reboil switch Drip tray Boil 2.5kW Keep hot 190W Model: SWU26L EAN: 5060165270217",26 litre tea urn Stainless steel construction Automatic temperature control Unique style steam vented lid fitting,4,5.0,,,,,,,,Specification,Type,Urn,Specification,Dimensions,H 63 x W 28 x D 35 cm,,,,,,,,,,,,,,,,,,,,,,,,,,,,,,,,,,,,,,,,,,,,,,,,,,,,,,
costco,2025-10-31,https://www.costco.co.uk/rest/v2/uk/products/4933/?fields=FULL&lang=en_GB&curr=GBP,https://www.costco.co.uk/Grocery-Household/Chilled-Foods/Meat-Meat-Boxes/Holme-Farmed-Venison-8-Rib-French-Trimmed-Rack-of-Venison-800g-Serves-4-people/p/4933,4933,"Holme Farmed Venison 8 Rib French Trimmed Rack of Venison, 800g (Serves 4 people)",Holme Farmed Venison,49.99,N,,,,,,,,Grocery & Household,Chilled Foods,Meat & Meat Boxes,,,,,https://www.costco.co.uk/medias/sys_master/images/hd6/hf7/34444365266974.jpg,https://www.costco.co.uk/medias/sys_master/images/h1e/h65/10367005622302.jpg,,,,"Product Details Holme Farmed Venison ensure all their venison cuts are specially selected by their expert butchers to ensure they use only the finest quality meat and that each one reaches their Butcher's premium standards. Winner of the Deliciously Yorkshire Award, this fresh 8 rib French trimmed rack of venison is cut from the loin and specially trimmed to create a perfect meal for any occasion. Nigel Sampson (Managing Director) founded Holme Farmed Venison back in the early ninety’s after farming on the Isle of Jura in Scotland, an island where people are out-numbered 30 to 1 by Red Deer! Holme Farmed Venison cuts are produced from their own and associated parks and farms conforming to all the highest welfare standards, with full traceability and quality assurance. Their animals are naturally reared on grass pastures guaranteeing a beautifully flavoured, lean and tender red meat. Venison is one of the healthiest meats available, low in cholesterol and fat, and high in protein. It has also recently been found to be high in omega 3 fatty acids, a polyunsaturated fatty acid essential for good health. Storage: 10 days shelf life. Suitable for home freezing. Serving: Serves 4 people based off a 200g serving. Country of Origin: UK",THIS ITEM IS DISPATCHED UNCOOKED,34,4.7,,,,,,,,Specification,Weight,800g,Specification,Product Type,Venison,Specification,Country of Origin,UK,Specification,Serving Size,Serves 4-8 people,,,,,,,,,,,,,,,,,,,,,,,,,,,,,,,,,,,,,,,,,,,,,,,,
costco,2025-10-31,https://www.costco.co.uk/rest/v2/uk/products/156264/?fields=FULL&lang=en_GB&curr=GBP,https://www.costco.co.uk/Personal-Care/Mens-Grooming/Razors/Kent-Skin-Conditioning-Shaving-Cream-2-x-125ml-Tubs/p/156264,156264,"Kent Skin Conditioning Shaving Cream, 2 x 125ml Tubs",Kent Brushes,18.99,N,,,,,,,,Personal Care,Men's Grooming,Razors,,,,,https://www.costco.co.uk/medias/sys_master/products/h9e/hc9/10036403077150.jpg,,,,,"Product User Guide Prepare your skin for shaving with Kent's famous skin conditioning shaving cream tubs. With added menthol for a cooling sensation, it produces a rich and creamy lather that allows for a closer and easier shave. 2 x 125ml Product Code: SCT2 G B Kent & Sons Ltd, manufacturers of brushes since the eighteenth century, is one of the oldest established companies in Great Britain. Kent Brushes (as they are now more commonly known) was founded in 1777 by William Kent in the reign of George III. Kent holds a pre-eminent place in the history of brush making, with an unbroken record of excellence in the quality of its production which has been recognised by the granting of Royal Warrants for nine reigns. Even in today's fast moving, mass-produced assembly, Kent are proud to still be manufacturing many of their original brushes by hand.",,5,5.0,,,,,,,,,,,,,,,,,,,,,,,,,,,,,,,,,,,,,,,,,,,,,,,,,,,,,,,,,,,,,,,,,,,
costco,2025-10-31,https://www.costco.co.uk/rest/v2/uk/products/156199/?fields=FULL&lang=en_GB&curr=GBP,https://www.costco.co.uk/c/Oven-Mate-Oven-Cleaning-Kit-6-Pieces/p/156199,156199,"Oven Mate Oven Cleaning Kit, 6 Pieces",Oven Mate,26.89,N,,,,,,,,,,,,,,,https://www.costco.co.uk/medias/sys_master/products/h54/hf6/10036390199326.jpg,https://www.costco.co.uk/medias/sys_master/products/hd9/h3b/10036403765278.jpg,,,,"A selection of five fantastic Oven Mate cleaning products for the oven, including their award winning oven cleaning kit. Bundle provides sufficient product for 6 complete oven cleans, plus additional items for maintaining your oven everyday: Oven Cleaning Kit, 2 x 500ml Which and Good Housekeeping award winning Oven Mate cleaning gel. This powerful cleaner removes the most stubborn baked on grease, oil and fat. So easy to use with no scrubbing required and odour free. Simply paint on the gel to clean ovens, racks, grills and barbecues. Each kit includes a 500ml bottle of Oven Mate Gel, a brush for easy application and pair of protective gloves. In Between Oven Cleaner, 2 x 500ml To extend the time between deep cleaning your oven with Oven Mate gel, use this quick acting product to remove fat splatters and drips every time you cook. Suitable for use on oven interior, door glass, steel, pyrex and enamel roasting trays. Simply spray onto the surface, leave for up to 30 minutes and wipe clean. Mesh Filter Cleaner, 500ml Specially formulated to remove the sticky residues and food odours that collect in the metal filters of your hob extractor. Regular cleaning keeps the extractor fan working properly and prevents the build up of grease and old food particles. Contains odour neutralisers to deodorise as well as clean. Super Tough Cloths, 10 Pack Professional grade, 100% natural fibre cloths that are ideal for using in conjunction with Oven Mate gel. Each cloth is 50x36cm, washable, reusable and biodegradable.",,8,4.9,,,,,,,,Specification,Type,Cleaning Products,,,,,,,,,,,,,,,,,,,,,,,,,,,,,,,,,,,,,,,,,,,,,,,,,,,,,,,,,
costco,2025-10-31,https://www.costco.co.uk/rest/v2/uk/products/157423/?fields=FULL&lang=en_GB&curr=GBP,https://www.costco.co.uk/Garden-Sheds-Patio/Garden-Structures/Garden-Covers-Shades/Palram-Canopia-Feria-3-SideWall-Patio-Cover-White/p/157423,157423,"Palram Canopia Feria 3 SideWall Patio Cover, White",Palram Canopia,799.99,Y,,,,White,,,,"Garden, Sheds, Patio",Garden Structures,Garden Covers & Shades,,,,,https://www.costco.co.uk/medias/sys_master/images/h0d/h0b/27119289696286.jpg,https://www.costco.co.uk/medias/sys_master/images/hac/h5f/27119420145694.jpg,https://www.costco.co.uk/medias/sys_master/images/h81/h2c/27119420211230.jpg,,,"Product Details Assembly Instructions This Palram Canopia Feria Side Wall is designed for use alongside the Palram Feria Patio Covers and will provide shelter and allow you to enjoy your outdoor area even on windy evenings and chilly days. This Side Wall will give you privacy and protect you from strong wind gusts. This clever yet practical sidewall design, connected alongside your patio cover, will make you love your outdoor leisure area in Autumn as much as Spring. Simple and easy installation of the high impact crystal acrylic Side Wall will warm up the atmosphere on windy days. The strong polycarbonate panels will not shatter or break in adverse weather. You no longer need to worry about closing off your outside space as the opaque panels do not block the natural light. The double-sided UV protection keeps the whole family safe from sunburn, as well as avoidng sun-bleaching on your patio furniture. This SideWall is low maintenance and has a unique rubber sealing solution which prevents rust, mildew build up, moisture, and water pervasion. This product is suitable for Palram's Patio Covers range, although it can be available as a separate unit. This durable and rigid structure can be installed on either side of the main patio cover, and the addition of this SideWall means that the weather is no longer an impediment to enjoy the outside with your family. Specification Can be used with any size Feria Patio Cover (available to be purchased separately) Can be used on 1 side or both sides of the patio cover Dimensions: H 289 x W 265 x D 3 cm",Please note this item is designed for use with the range of Palram Feria patio covers which can be purchased separately.,13,4.2,,,,,,,,Specification,Material,Plastic,Specification,Type,SideWall,Specification,Dimensions,H 289 x W 265 x D 3 cm,Specification,Weight,188 kg,Specification,Collection,Feria 3,,,,,,,,,,,,,,,,,,,,,,,,,,,,,,,,,,,,,,,,,,,,,
costco,2025-10-31,https://www.costco.co.uk/rest/v2/uk/products/palramAquila/?fields=FULL&lang=en_GB&curr=GBP,https://www.costco.co.uk/Garden-Sheds-Patio/Garden-Structures/Garden-Covers-Shades/Palram-Canopia-Aquila-DoorPatio-Cover-Clear-in-2-Sizes/p/palramAquila,palramAquila,"Palram Canopia Aquila Door/Patio Cover, Clear in 2 Sizes",Palram Canopia,179.98,N,,,,,,,,"Garden, Sheds, Patio",Garden Structures,Garden Covers & Shades,,,,,https://www.costco.co.uk/medias/sys_master/images/h48/ha4/81377157414942.jpg,https://www.costco.co.uk/medias/sys_master/images/ha9/h2b/27119409659934.jpg,https://www.costco.co.uk/medias/sys_master/images/h54/hd0/27119411429406.jpg,https://www.costco.co.uk/medias/sys_master/images/h2e/ha5/27119411494942.jpg,,"Decorate your entryway with an elegant covering solution, awning for doors and windows and protect it from the bitter elements. A beautiful addition to any home, adds value and creates an Eco-friendly extension. This Do-It-Yourself product includes all installation hardware and is made of high-end materials to ensure durability for many years of use. Specification: Strong and durable-protection from harsh weather throughout the year High impact, clear 4 mm solid panel, naturally immune to 100% of the harmful UV rays Perfectly integrates with any home design and outdoor environment Laser cut, dark grey powder coated, galvanised steel support arms Front aluminium trim helps directing rainwater sideways Back hidden rubber gasket seals canopy to the wall surface and prevents water seepage Easy DIY assembly kit - includes installation hardware, no special tools required Maintenance free design Extendable product, using Palram's Canopy Connector Kit Aquila 1500: Dimensions: H 18 x W 151x D 92 cm Covering area: 1 m²",,75,4.7,,,,,,,,Specification,Material,"Polycarbonate, Aluminium",,,,,,,,,,,,,,,,,,,,,,,,,,,,,,,,,,,,,,,,,,,,,,,,,,,,,,,,,
costco,2025-10-31,https://www.costco.co.uk/rest/v2/uk/products/palramFeria/?fields=FULL&lang=en_GB&curr=GBP,https://www.costco.co.uk/Garden-Sheds-Patio/Garden-Structures/Garden-Covers-Shades/Palram-Canopia-Feria-3-Veranda-Patio-Cover-White-in-4-Sizes/p/palramFeria,palramFeria,"Palram Canopia Feria 3 Veranda Patio Cover, White in 4 Sizes",Palram Canopia,799.99,N,,,,,,,,"Garden, Sheds, Patio",Garden Structures,Garden Covers & Shades,,,,,https://www.costco.co.uk/medias/sys_master/images/hf4/hfa/27119289892894.jpg,https://www.costco.co.uk/medias/sys_master/images/ha9/hef/27119289860126.jpg,,,,"The Palram Canopia Feria Veranda is a stylish and elegant patio cover solution. Enjoy the outdoors all year round with the Feria Garden Canopy. The Feria is an aesthetic, maintenance free roofing solution allowing for various outdoor uses such as a patio cover and sun lounger. It features clean lines and detailed finishes that will compliment any house and will change your outdoor lounging habits. The Feria patio covers are built from a durable and rigid powder coated aluminium structure, and glazed with virtually unbreakable multiwall polycarbonate system. This patio cover is maintenance free, does not rust or rot, and is a great way to quickly create a quality outdoor experience for many years to come. The Click-N-Lock system ensures that the assembly process is safe and simple, and requires no climbing for installation. It is ready to assembly and no specialised tools are required. The system locks the glazing between the structure rods and prevents water from penetrating the glazing. The built in guttering system collects the water on both sides of the patio cover, and gutter drain pipes can be attached in order to collect rain water for gardening and ponds. You can be sure that you and your patio furniture will be protected from snow, rain, hail and UV rays. And with the clear roof panels to provide light transmission on cloudy days, you can enjoy the outdoors in any weather. The Feria provides you with an elegant, beautifully crafted, sturdy addition to your outside living space that is rust free and made to last for many years to come. Specification 8mm multiwall polycarbonate roof panels offer high impact, shatter-resistance and protection from harmful UV rays and harsh weather conditions. 100% UV protected panels do not turn yellow or become brittle over time Adjustable poles and wall mounting plate allow for ideal positioning Rust resistant, white powder coated frame made of heavy duty aluminium and laser cut galvanised steel connectors Ready to assemble - pre-drilled profiles, pre-cut panels, all securing hardware included Requires a solid level surface and solid wall support Fully integrated rain gutters and gutter heads (2) – 5cm diameter each Safe & simple assembly with Click N’ Lock roof connector system Integrated anchoring poles and foot-pads kit included Maintenance free - no corrosion, rust, rot, moss or fungus Build time: 2 people approximately 1 day Snow load capability: 150 kg/m2 Wind load: Tested up to 120 km/h Feria 3x5.46: Dimensions: H 210-305 x W 546 x D 295 cm Covering area: 16.1m2",Please Note: Accessories not included.,333,4.9,,,,,,,,Specification,Type,Patio Cover,,,,,,,,,,,,,,,,,,,,,,,,,,,,,,,,,,,,,,,,,,,,,,,,,,,,,,,,,
costco,2025-10-31,https://www.costco.co.uk/rest/v2/uk/products/799665/?fields=FULL&lang=en_GB&curr=GBP,https://www.costco.co.uk/Jewellery-Gold-Bars/Jewellery/Rings/100ctw-Round-Brilliant-Cut-Diamond-3-Stone-Ring-18ct-White-Gold/p/799665,799665,"1.00ctw Round Brilliant Cut Diamond 3 Stone Ring, 18ct White Gold",,1999.99,Y,,,,I,,,,Halloween & Christmas,Jewellery & Gold Bars,Jewellery,Rings,,,,https://www.costco.co.uk/medias/sys_master/products/h0d/h71/10037232533534.jpg,https://www.costco.co.uk/medias/sys_master/products/h20/h1b/10037232467998.jpg,https://www.costco.co.uk/medias/sys_master/images/h88/h15/132222148771870.jpg,,,"Costco makes purchasing quality jewellery easy by offering only the industry's highest quality diamonds at the lowest possible price. Costco's experienced buying team works with our suppliers to select timeless styles and create well–crafted and comfortable jewellery. An Independent Gemologist inspects each piece for quality craftsmanship and every diamond for cut, colour and clarity to ensure your jewellery will sparkle for generations. Total Diamonds: 3 Round Brilliant Cut Diamonds Centre Diamond Weight: 0.50ct Total Diamond Weight: 1.00ctw Diamond Colour: I Diamond Clarity: VS2 18ct White Gold Size N Sizeable up to 1 size We guarantee that all diamonds supplied by costco.co.uk are as follows: Clarity to be VS2 or better and colour to be ""I"" or better as outlined on the industry grading guide. To view additional information on diamonds click here.",- 18ct White Gold - 1.00ctw Diamond - Round Brilliant Cut - April Birthstone - Ring Size: N,2,5.0,,,,,,,,Specification,Diamond Carat,1.00ctw,Specification,Diamond Cut,Round Brilliant,Specification,Diamond Clarity,VS2,Specification,Diamond Colour,I,Specification,Metal,White Gold,Specification,Birthstone Month,April,Specification,Material,Diamond,Specification,Type,Diamond Ring,,,,,,,,,,,,,,,,,,,,,,,,,,,,,,,,,,,,
costco,2025-10-31,https://www.costco.co.uk/rest/v2/uk/products/799676/?fields=FULL&lang=en_GB&curr=GBP,https://www.costco.co.uk/Jewellery-Gold-Bars/Jewellery/Earrings/100ctw-Round-Brilliant-Cut-Diamond-Stud-Earrings-Platinum/p/799676,799676,"1.00ctw Round Brilliant Cut Diamond Stud Earrings, Platinum",,2399.98,Y,,,,I,,,,Halloween & Christmas,Jewellery & Gold Bars,Jewellery,Earrings,,,,https://www.costco.co.uk/medias/sys_master/products/he6/h6d/10037338374174.jpg,,,,,"Costco makes purchasing quality jewellery easy by offering only the industry's highest quality diamonds at the lowest possible price. Costco's experienced buying team works with our suppliers to select timeless styles and create well–crafted and comfortable jewellery. An Independent Gemologist inspects each piece for quality craftsmanship and every diamond for cut, colour and clarity to ensure your jewellery will sparkle for generations. Total Diamonds: 2 Round Brilliant Cut Diamonds Total Diamond Weight: 1.00ctw Each Earring: 0.50ct Diamond Colour: I Diamond Clarity: VS2 950 Platinum Screw back stud earring We guarantee that all diamonds supplied by costco.co.uk are as follows: Clarity to be VS2 or better and colour to be ""I"" or better as outlined on the industry grading guide. To view additional information on diamonds click here.",- 950 Platinum - 1.00ctw Diamond - Round Brilliant Cut - April Birthstone,1,5.0,,,,,,,,Specification,Diamond Carat,1.00ctw,Specification,Diamond Cut,Round Briliant,Specification,Diamond Clarity,VS2,Specification,Diamond Colour,I,Specification,Metal,Platinum,Specification,Material,Diamond,Specification,Type,Diamond Earrings,,,,,,,,,,,,,,,,,,,,,,,,,,,,,,,,,,,,,,,
costco,2025-10-31,https://www.costco.co.uk/rest/v2/uk/products/713160/?fields=FULL&lang=en_GB&curr=GBP,https://www.costco.co.uk/c/Kirkland-Signature-Ultra-Plush-Microfibre-Towels-36-Pack/p/713160,713160,Kirkland Signature Ultra Plush Microfibre Towels - 36 Pack,Kirkland Signature,17.98,Y,,,,,,,,,,,,,,,https://www.costco.co.uk/medias/sys_master/images/hb2/hba/67660099649566.jpg,https://www.costco.co.uk/medias/sys_master/images/h84/h2e/67660099715102.jpg,https://www.costco.co.uk/medias/sys_master/products/hae/h55/10037080326174.jpg,https://www.costco.co.uk/medias/sys_master/products/hcd/h51/10037080490014.jpg,,"These ultra plush Kirkland Signature Microfibre Cloths will lift and trap dirt and moisture, leaving a clean, dry and polished surface. They are safe to use on all surfaces around the home and on cars, motorcycles, aircraft, or boats. The cloths are environmentally friendly in that they require little to no water, reducing waste. In addition, these microfibre towels are especially adept at cleaning without the use of chemicals. Use them dry, and they will work like magic without scratching, linting, or streaking. Use them wet and they will absorb 8 times their own weight in water. Microfibre works by attracting dust and other contaminants like a magnet and trapping them within its very fine microscopic filaments. The fibres are so tiny they are able to remove 99% of bacteria effortlessly. These microfibre cloths can be washed and reused hundreds of times. Specification Use wet or dry Cleans without chemicals 36 Towels in each pack Material: 80% polyester, 20% polyamide 36 Pack Weight: 1.9kg Dimensions: H 40.6 x W 40.6 cm",- Pack of 36 - Use wet or dry - Absorb 8 times their weight in water - Cleans without chemicals Need a pallet of Microfibre Towels? Shop here.,174,4.9,,,,,,,,Specification,Type,Cleaning Products,,,,,,,,,,,,,,,,,,,,,,,,,,,,,,,,,,,,,,,,,,,,,,,,,,,,,,,,,
costco,2025-10-31,https://www.costco.co.uk/rest/v2/uk/products/158239/?fields=FULL&lang=en_GB&curr=GBP,https://www.costco.co.uk/c/Joe-Sephs-Gin-Tonic-Gourmet-Popcorn-Gift-Jar-300g/p/158239,158239,"Joe & Seph's Gin & Tonic Gourmet Popcorn Gift Jar, 300g",Joe & Sephs,21.99,N,,,,,,,,,,,,,,,https://www.costco.co.uk/medias/sys_master/images/h7c/h9e/68374534717470.jpg,https://www.costco.co.uk/medias/sys_master/images/h5c/h0d/13272241012766.jpg,,,,"Product Details Spoil your friends and family with this gift jar full of delicious, handmade gin and tonic gourmet popcorn. This unique popcorn is made using 5% London gin and 5% crisp tonic and comes complete with ribbon and a blank gift tag to add your own personal message. Joe & Seph's is a multi-award winning family business that was created in 2010 by Joseph Sopher and his family, with a mission to produce the best tasting popcorn in the world. Their popcorn is handmade in London by a small team of pastry chefs using the highest quality, 100% natural ingredients. Through a unique ""flavour-sequencing"" process, Joe & Seph's lock in flavours so that they flourish on the palate at different intervals as the popcorn is eaten. Storage: Once opened, store within an airtight container & consume within 5 days Country of Origin: Handmade in the UK Allergy Information: Vegetarian and gluten free. All products are manufactured in an environment where nut ingredients have been used.",,6,4.5,,,,,,,,Specification,Weight,300g,,,,,,,,,,,,,,,,,,,,,,,,,,,,,,,,,,,,,,,,,,,,,,,,,,,,,,,,,
costco,2025-10-31,https://www.costco.co.uk/rest/v2/uk/products/158759/?fields=FULL&lang=en_GB&curr=GBP,https://www.costco.co.uk/TVs-Electronics-Security/Televisions-Projectors/TV-Brackets-Accessories/Brackets-Mounts/Paramount-22-40-Inch-Pivoting-TV-Wall-Mount-PRMP240/p/158759,158759,"Paramount 22-40 Inch Pivoting TV Wall Mount, PRMP240",Peerless,44.89,N,,,,Black,,,,"TVs, Electronics & Security",Televisions & Projectors,TV Brackets & Accessories,Brackets & Mounts,,,,https://www.costco.co.uk/medias/sys_master/products/h37/h0e/10036657520670.jpg,https://www.costco.co.uk/medias/sys_master/products/h8e/h21/10036657586206.jpg,https://www.costco.co.uk/medias/sys_master/products/h2a/h45/10036658962462.jpg,https://www.costco.co.uk/medias/sys_master/products/h77/h54/10036658503710.jpg,,"The Peerless PRMP240 Paramount pivoting wall mount features versatile TV positioning and one-person, Hook-and-Hang easy installation. The pivoting wall arm allows you to extend the TV by up to 189mm (7.43 inches) from the wall and can retract to just 70mm (2.78 inches) in depth. The integrated cable management provides a clean, professional finish. One-Touch tilt, that allows the screen to be tilted from the top back, or the bottom down by 15°, a 5° roll that helps to level out the display after installation and the 90° pivot movement means your TV can always have the perfect viewing angle. Holds screens from 22-40 inches in size and up to 36kg (80lbs) in weight. Extends up to 189mm (7.43 inches) from the wall. Retracts to just 70mm: that's a discreet 2.78 inches. No more dangling wires: connecting cables are integrated so they move with the extending arm movement. One-touch tilt, backwards or forewards up to 15° and easy levelling of 5° without the need for tools. 90° pivot so your TV to be positioned at the best possible viewing angle. Versatile mount: fits both portrait and landscape screens and mounts to wood, concrete or metal studs. VESA 100, 200x100mm and 200mm compliant. Features Brand: Peerless Model Number: PRMP240 Suitable TV Sizes: 22-40 inches Maximum Weight: 36kg Wall Mount: Yes Tilt Capacity: Forward or back up to 15° Rotation Capability: 90º pivot","- Fits TVs 22” - 40” - Max TV weight of 36kg - Distance from the wall 6.3 - 18.1 cm - VESA 75 x 75, 100 x 100, 200 x 100, 200 X 200 - Pivoting TV Mount",11,4.7,,,,,,,,Specification,Category,Wall Mount,Specification,Accessory Type,TV Bracket,Specification,Type,Pivot Mount,Specification,Dimensions,H 24.6 x W 26.1 x D 18.1 cm,Specification,Weight,1.24kg,Specification,Screen Size,22-40 inches,Specification,Maximum Weight,36kg,Specification,Distance from Wall,6.3 - 18.1 cm,Specification,Tilt Capacity,forwards up to 15° and backwards up to -15°,Specification,Roll Capacity,5° / -5° (leveling),Specification,Swivel Capacity,90° / -90° (left/right),Specification,Universal Mounting,"75 x 75, 100 x 100, 200 x 100, 200 X 200",,,,,,,,,,,,,,,,,,,,,,,,
costco,2025-10-31,https://www.costco.co.uk/rest/v2/uk/products/158763/?fields=FULL&lang=en_GB&curr=GBP,https://www.costco.co.uk/TVs-Electronics-Security/Televisions-Projectors/TV-Brackets-Accessories/Brackets-Mounts/Paramount-37-70-Inch-Full-Motion-TV-Wall-Mount-PRMA450/p/158763,158763,"Paramount 37-70 Inch Full Motion TV Wall Mount, PRMA450",Peerless,159.99,N,,,,Black,,,,"TVs, Electronics & Security",Televisions & Projectors,TV Brackets & Accessories,Brackets & Mounts,,,,https://www.costco.co.uk/medias/sys_master/products/h2d/he2/10440841986078.jpg,https://www.costco.co.uk/medias/sys_master/products/h7a/h0d/10036656472094.jpg,https://www.costco.co.uk/medias/sys_master/products/h07/h2e/10036657258526.jpg,https://www.costco.co.uk/medias/sys_master/products/h1e/hfe/10036657324062.jpg,,"Product Specification The Peerless PRMA450 Paramount full motion wall mount features versatile TV positioning and one-person, Hook-and-Hang easy installation for larger TVs. The full motion wall arm allows you to extend the TV by up to 544mm (21.43 inches) from the wall and can retract to just 74mm (2.93 inches) in depth. The integrated cable management provides a clean, professional finish. One-Touch tilt, that allows the screen to be tilted from the top back, or the bottom down by 15°, a 5° roll that helps to level out the display after installation and the 180° side-to-side movement means your TV can always have the perfect viewing angle. Holds screens from 37-70 inches in size and up to 48kg (105lbs) in weight. Extends up to 544mm (21.43 inches) from the wall. Retracts to just 74mm: that's a discreet 2.93 inches. No more dangling wires: connecting cables are integrated so they move with the extending arm movement. One-touch tilt, backwards or forewards up to 15° and easy levelling of 5° without the need for tools. 180° viewing range for your TV to be positioned at the best possible viewing angle. Versatile mount: fits both portrait and landscape screens and mounts to wood, concrete or metal studs. VESA compliant up to 600x400mm. Specification Brand: Peerless Model Number: PRMA450 Suitable TV Sizes : 37-70 inches Maximum Weight: 48 kg Wall Mount: Yes Tilt Capacity: Forward or back up to 15° Rotation Capability: 180º range of motion",- Fits TVs 37” - 70” - Max TV weight of 45kg - Distance from the wall 7.6 - 54.2 cm - VESA 600 x 400 - Full Motion TV Mount,3,4.7,,,,,,,,Specification,Category,Wall Mount,Specification,Accessory Type,TV Bracket,Specification,Type,Full Motion Mount,Specification,Dimensions,H 42.5 x W 61.9 x D 7.6 cm,Specification,Weight,7.6kg,Specification,Screen Size,37-70 inches,Specification,Maximum Weight,45kg,Specification,Distance from Wall,7.6 - 54.2 cm,Specification,Tilt Capacity,forwards up to 15° and backwards up to -15°,Specification,Roll Capacity,5° / -5° (leveling),Specification,Swivel Capacity,90° / -90° (left/right),Specification,Universal Mounting,600 x 400,,,,,,,,,,,,,,,,,,,,,,,,
costco,2025-10-31,https://www.costco.co.uk/rest/v2/uk/products/158789/?fields=FULL&lang=en_GB&curr=GBP,https://www.costco.co.uk/Hampers-Gift-Baskets/Taste-of-Christmas-Gift-Hamper/p/158789,158789,Taste of Christmas Hamper,Virginia Hayward,89.89,N,,,,,,,,Gifts,Hampers & Gift Baskets,,,,,,https://www.costco.co.uk/medias/sys_master/images/h94/he5/172733613604894.jpg,https://www.costco.co.uk/medias/sys_master/images/hb4/h56/48260434919454.jpg,,,,"Product Specification Indulge in the Taste of Christmas Gift Hamper, a delightful assortment of festive treats carefully selected to capture the essence of the holiday season. This hamper is filled with a curated selection of delicious goodies that will delight any recipient.Enjoy Orchard Preserves Chutney and Crunch & Crumble Shortbread Biscuits. The Maxwell & Franks Iced Bar and Linden Lady Milk Chocolate Covered Marshmallows offer a sweet and indulgent experience. Savour The Secret Truffletier Foiled Milk Chocolate Buttons and Farrah's of Harrogate Olde English Creamy Caramels Drum. For a savoury snack, indulge in the Brown Bag Crisps Oak Smoked Chilli and Grandma Wild's Mini Bites for Sharing Mature Cheddar. Complete the festive experience with Maxwell & Franks Christmas Pudding. Raise a glass to the holiday season with the included Billy Bosch Highwire Shiraz and Billy Bosch Highwire Chenin Blanc. The Taste of Christmas Gift Hamper is beautifully presented in a Square Log Basket, making it an ideal gift for friends, family, or colleagues. It's a wonderful way to express gratitude, reward staff, or spread Season's Greetings. Billy Bosch Reserve Shiraz South Africa (13.5%), 75cl Billy Bosch Highwire Chenin Blanc South Africa (12.5%), 75cl Maxwell & Franks Christmas Pudding, 350g Orchard Preserves Christmas Pickle, 210g Brown Bag Crisps Oak Smoked Chilli Crisps, 150g Crunch & Crumble Shortbread Biscuits, 150g Farrah's of Harrogate Olde English Creamy Caramels, 125g Linden Lady Milk Chocolate Covered Marshmallows, 125g The Secret Truffletier Milk Chocolate Buttons, 120g Grandma Wild's Mature Cheddar Mini Bites, 100g Popcorn Shed Red Velvet Popcorn, 80g Maxwell & Franks 4 Mince Pies Maxwell & Franks Iced Fruit Cake Kubu Log Basket Packaged Dimensions: H 42.1cm x W 38cm x L 38cm Weight: 6.45kg",- A Bottle of Red Wine & A Bottle of White Wine - Sweet & Savoury Treats - Kubu Log Basket By law we cannot sell this product to anyone under the age of 18. Please see Delivery & Terms for further information.,15,4.6,,,,,,,,Specification,Dimensions,H 42.1cm x W 38cm x L 38cm,Specification,Weight,6.45kg,,,,,,,,,,,,,,,,,,,,,,,,,,,,,,,,,,,,,,,,,,,,,,,,,,,,,,
costco,2025-10-31,https://www.costco.co.uk/rest/v2/uk/products/35457/?fields=FULL&lang=en_GB&curr=GBP,https://www.costco.co.uk/Wines-Spirits-Beer/Wines/Champagne-Sparkling-Wine/Louis-Roederer-Cristal-Vintage-Champagne-75cl/p/35457,35457,"Louis Roederer Cristal Vintage Champagne, 75cl",Louis Roederer,234.99,N,,,,,,,,"Wines, Spirits & Beer",Wines,Champagne & Sparkling Wine,,,,,https://www.costco.co.uk/medias/sys_master/images/ha6/h44/242740577501214.jpg,,,,,"Louis Roederer Cristal was crafted in 1876 for Tsar Alexander II of Russia. This elegant Champagne uses the best selection of grapes from the 7 finest vineyards. This Louis Roederer Cristal is made from Grand Crus from the Reims Mountains, the Marne Valley and the Cote des Blancs. It combines freshness, energy and an almost chalky mineral quality. The Cristal has a unique harmony of flavours combining purity and precision. On the nose there is a rich bouquet of lemon and orange confit, white lilies, and lightly roasted nuts. The dominant fruitiness becomes intense and almost explosive upon airing. The mouth features a rounded, complex ballet of fruit with an incredibly concentrated texture giving the impression of biting into a ripe, fleshy fruit. The palate is enveloped by this depth of juicy, creamy fruit and soon makes way for a pure, sharp and graceful freshness on the finish. Bottle Size: 75cl 12% ABV Fine Champagne from France",By law we cannot sell this product to anyone under the age of 18. Please see Delivery & Terms for further information.,8,5.0,,,,,,,,Specification,Country,France,Specification,Grape Variety,"Chardonnay, Pinot Noir",Specification,Style,Champagne,Specification,Contains Sulphites,Yes,,,,,,,,,,,,,,,,,,,,,,,,,,,,,,,,,,,,,,,,,,,,,,,,
costco,2025-10-31,https://www.costco.co.uk/rest/v2/uk/products/158780/?fields=FULL&lang=en_GB&curr=GBP,https://www.costco.co.uk/Grocery-Household/Food-Wine-Gifts/Corporate-Gifting/The-Alcohol-Free-Treats-Gift-Hamper/p/158780,158780,The Alcohol Free Treats Christmas Hamper,Virginia Hayward,42.99,N,,,,,,,,Grocery & Household,Food & Wine Gifts,Corporate Gifting,,,,,https://www.costco.co.uk/medias/sys_master/images/h86/h3b/61820543926302.jpg,https://www.costco.co.uk/medias/sys_master/images/h79/h40/27617928282142.jpg,,,,"Product Details An enviable selection of treats, all of which are entirely alcohol free! Perfect as a thank you for your designated driver! Claire's Handmade Spicy Garlic & Tomato Salsa Dip, 200g Gold Crown Dundee Slab James White Cox Apple Juice, 75cl Manomasa Serrano Chilli and Yucatan Honey Tortillas, 160g Mighty Fine Salted Caramel Honeycomb Bar, 30g Oloves Lemon & Rosemary Natural Green Pitted Olives, 30g Radfords The Sugar Mill Chocolate & Caramel Fudge, 175g Reids Salted Caramel Oat Crumbles, 150g The Kindness Bakery Original Cheese Straws, 100g Brown Storage Basket Weight: 3.4kg",- Sweet & Savoury Treats - Great for Gifting - Brown Storage Basket,9,4.8,,,,,,,,Specification,Dimensions,H 30.1 x W 35.5 x L 51.7 cm,Specification,Weight,4.6 kg,,,,,,,,,,,,,,,,,,,,,,,,,,,,,,,,,,,,,,,,,,,,,,,,,,,,,,
costco,2025-10-31,https://www.costco.co.uk/rest/v2/uk/products/158788/?fields=FULL&lang=en_GB&curr=GBP,https://www.costco.co.uk/Grocery-Household/Food-Wine-Gifts/Corporate-Gifting/The-Silent-Night-Christmas-Gift-Hamper/p/158788,158788,The Silent Night Hamper,Virginia Hayward,69.95,N,,,,,,,,Grocery & Household,Food & Wine Gifts,Corporate Gifting,,,,,https://www.costco.co.uk/medias/sys_master/images/h10/h30/117530477920286.jpg,https://www.costco.co.uk/medias/sys_master/images/h8a/h27/15115153702942.jpg,,,,"Product Details Our most popular choice as a corporate Christmas hamper, the Silent Night Basket makes a stunning gift for anyone who deserves something really special this festive season. A juicy bottle of Merlot is complemented by a deluxe Christmas Pudding, Chocolate Shards, savoury nibbles, fudge, popcorn, chocolates, crisps and a cake! So whether you’d like to say a generous ‘thank you’ to clients or colleagues, or surprise a family member or friend, there couldn’t be a better Christmas hamper choice. Also available in a decorative postal carton. Includes: El Tesoro De Las Montañas Merlot (12.5%), 75cl Kingsdown Blackcurrant Sparkle, 750ml Maxwell & Franks Christmas Pudding, 350g Orchard Preserves Christmas Chutney, 200g Brown Bag Crisps Rosemary & Sea Salt Crisps, 150g Nibnibs All Butter Shortbread Stars, 100g Buttermilk Irish Cream Fudge, 100g Dean's Extra Mature Cheddar and Caramelised Red Onion Bites, 90g Guppy's Milk Chocolate Fudge Biscuit Shards, 90g Cambrook Christmas Nuts, 75g The Secret Truffletier Chocolate Truffles, 55g Yorkshire Popcorn Salt & Sweet Popcorn, 40g Maxwell & Franks Decorated Chocolate Decadence Slice Willow Storage Basket Packaged Dimensions: H 25 x W 35 x L 43 cm Weight: 5kg",- Sweet & Savoury Treats - Includes a Bottle of Chilean Red Wine - Willow Storage Basket By law we cannot sell this product to anyone under the age of 18. Please see Delivery & Terms for further information.,18,4.6,,,,,,,,Specification,Dimensions,H 25 x W 35 x L 43 cm,Specification,Weight,5kg,,,,,,,,,,,,,,,,,,,,,,,,,,,,,,,,,,,,,,,,,,,,,,,,,,,,,,
costco,2025-10-31,https://www.costco.co.uk/rest/v2/uk/products/159363/?fields=FULL&lang=en_GB&curr=GBP,https://www.costco.co.uk/Grocery-Household/Tea-Coffee-Hot-Drinks/Kirkland-Signature-Guatemalan-Whole-Bean-Coffee-908g/p/159363,159363,"Kirkland Signature Guatemalan Whole Bean Coffee, 908g",Kirkland Signature,13.99,N,,,,,,,,Grocery & Household,"Tea, Coffee & Hot Drinks",,,,,,https://www.costco.co.uk/medias/sys_master/products/hc7/ha1/10037081636894.jpg,https://www.costco.co.uk/medias/sys_master/images/h98/he2/82772249509918.jpg,,,,"Product Details High in the mountains of Guatemala, surrounded by volcanoes, lies Lake Atitlan. With its steep slopes, high altitude, rich volcanic soil and perfect balance of sunlight and rainfall, small family farms take care to grow high-quality beans and hand pick them at optimum ripeness. Only the finest quality beans are selectively chosen resulting in a well-balanced coffee with an intense, velvety feel and a tangy, sweet finish. Every Kirkland Signature product is guaranteed to meet or exceed the quality standards of the leading national brands. If you're not completely satisfied, your money will be refunded. Whole Bean Kosher Shelf Life 12 months when sealed, 6 months once opened. Store in the package or any airtight container.",- Whole Bean - Well Balanced - Kosher,78,4.7,,,,,,,,Specification,Weight,908g,Specification,Product Type,Coffee (Beans),Specification,Country of Origin,Guatemala,,,,,,,,,,,,,,,,,,,,,,,,,,,,,,,,,,,,,,,,,,,,,,,,,,,
costco,2025-10-31,https://www.costco.co.uk/rest/v2/uk/products/159633/?fields=FULL&lang=en_GB&curr=GBP,https://www.costco.co.uk/Business-Office-Supplies/Hardware/Cooling-Air-Treatment/Dimplex-HEPA-Air-Purifier-with-Viro3-Technology-DXAPV3-28m/p/159633,159633,"Dimplex HEPA Air Purifier with Viro3 Technology DXAPV3, 28m²",Dimplex,45.99,N,,,,White,,,,Business & Office Supplies,Hardware,Cooling & Air Treatment,,,,,https://www.costco.co.uk/medias/sys_master/products/hb7/hb6/10041151127582.jpg,https://www.costco.co.uk/medias/sys_master/products/h41/h4f/10036810547230.jpg,https://www.costco.co.uk/medias/sys_master/products/hce/h0e/10042556416030.jpg,,,"This HEPA air purifier comes with Viro3 technology, neutralising harmful impurities in the air, while the HEPA filter traps pollutants such as mold and the carbon filter removes cooking smells and nasty niffs such as smoke. With two fan speeds, breathe easier with this excellent air treatment product. Features include: HEPA filter with 99.97% filtration capacity Ioniser Low and high fan speeds Overheat protection Neon indicator Cool blow setting IP20 rated Specification Model reference: DXAPV3 Range: Viro3 Air Flow rate: 72 m3/h Unpacked dimensions: H 325mm, W 250mm, D 115mm Unpacked weight: 1.4 kg Colour: White Power cord length: 2m CADR rating: Smoke: 80, Pollen: 90, Dust: 78 Ionisation power: 700,000 ions/cm3 Core materials: Plastic / Steel Model: DXAPV3 EAN: 5011139038074",Please note delivery to mainland UK addresses only.,5,3.2,,,,,,,,Specification,Type,Air Purifier,Specification,Room Capacity,28m²,Specification,HEPA Filter,Yes,Specification,Carbon Filter,Yes,Specification,Pre-Filter,No,Specification,Ionisator,Yes,Specification,UV-Light,No,Specification,Number of speeds,2,Specification,Timer Mode,No,Specification,Auto Mode,No,Specification,Sleep Mode,No,Specification,Remote Control,No,Specification,Smartphone App,No,Specification,Energy Level,40W,Specification,AHAM Verified,No,Specification,Allergy Uk Verified,No,,,,,,,,,,,,
costco,2025-10-31,https://www.costco.co.uk/rest/v2/uk/products/87934/?fields=FULL&lang=en_GB&curr=GBP,https://www.costco.co.uk/Grocery-Household/Grocery-Delivery/Krusteaz-Buttermilk-Complete-Pancake-Mix-453kg/p/87934,87934,"Krusteaz Buttermilk Complete Pancake Mix, 4.53kg",Krusteaz,7.99,N,,,,,,,,Grocery & Household,Grocery Delivery,,,,,,https://www.costco.co.uk/medias/sys_master/images/h0e/hfa/17382055510046.jpg,https://www.costco.co.uk/medias/sys_master/images/hfa/h1b/17382055772190.jpg,https://www.costco.co.uk/medias/sys_master/images/hae/h41/17382056362014.jpg,,,"Just add water to this complete mix for easy, homemade, delicious, light and fluffy buttermilk pancakes. One bite and you'll know exactly why Krusteaz is such a well-loved American tradition. Krusteaz complete pancake mix can also be used to make waffles, or can be used as part of a batter mix for fish, chicken and vegetables. Light & Fluffy Perfect for Pancakes, Waffles & Batter Just Add Water Makes up to 240 x 4"" Pancakes 4.53kg Resealable Pack","- Light & Fluffy - Perfect for Pancakes, Waffles & Batter - Just Add Water",78,4.9,,,,,,,,Specification,Country of Origin,USA,Specification,Type,Baking Ingredients,Specification,Weight,4.53kg,,,,,,,,,,,,,,,,,,,,,,,,,,,,,,,,,,,,,,,,,,,,,,,,,,,
costco,2025-10-31,https://www.costco.co.uk/rest/v2/uk/products/160212/?fields=FULL&lang=en_GB&curr=GBP,https://www.costco.co.uk/Grocery-Household/Pets-Wildlife/Honeyfields-Conservation-Grade-Quality-Wild-Bird-Food-126kg/p/160212,160212,"Honeyfield's Conservation Grade Quality Wild Bird Food, 12.6kg",Honeyfields,14.49,N,,,,,,,,Grocery & Household,Pets & Wildlife,,,,,,https://www.costco.co.uk/medias/sys_master/images/h0d/h58/133265133830174.jpg,https://www.costco.co.uk/medias/sys_master/images/h70/h9c/133265135140894.jpg,https://www.costco.co.uk/medias/sys_master/images/hbd/h83/133265134911518.jpg,https://www.costco.co.uk/medias/sys_master/images/hf3/hf4/133265132322846.jpg,https://www.costco.co.uk/medias/sys_master/images/h64/he4/133265133043742.jpg,"Honeyfield's Conservation Grade Quality Wild Bird Food is a great value seed and oat mix containing ingredients sourced from conservation Grade farms and is suitable for hanging, table and ground feeders. Honeyfield's source their ingredients through Conservation Grade farms from across the UK, who practice nature friendly farming and are helping to support the reverse of the decline of our most loved wildlife. Conservation Grade farms are putting the habitats back, with farmers dedicating at least 10% of their farmed area to specific habitats for wildlife. Their aim, with help, is to deliver 1,000,000 acres of nature friendly farming. The catastrophic loss of habitat in our countryside has forced birds to retreat looking for food and cover, often ending up in people's gardens. Millions of good people through wildlife friendly gardening and supplementary feeding have helped some of our best loved species, but gardens can only be part of the solution, with much of our most loved wildlife still in decline. By feeding the wild birds in your garden with Honeyfield's quality wild bird seed, you can help the wildlife that can't come to your garden by feeding the wild birds that can. 12.6kg Composition : Wheat, Black Sunflower, Cut Maize, Whole Oats, Red Dari, Red Millet, Yellow Millet & Soya Oil Storage: Store in a cool dry place","- Popular with Blackbirds & Sparrows - Suitable for Hanging Seed Feeders, Ground Feeders & Bird Tables",84,4.8,,,,,,,,Specification,Type,Bird Food,Specification,Pet,Birds,,,,,,,,,,,,,,,,,,,,,,,,,,,,,,,,,,,,,,,,,,,,,,,,,,,,,,
costco,2025-10-31,https://www.costco.co.uk/rest/v2/uk/products/11588/?fields=FULL&lang=en_GB&curr=GBP,https://www.costco.co.uk/Wines-Spirits-Beer/Wines/Champagne-Sparkling-Wine/Dom-Perignon-Champagne-2015-75cl/p/11588,11588,"Dom Perignon Champagne 2015, 75cl",Dom Perignon,176.89,N,,,,,,,,"Wines, Spirits & Beer",Wines,Champagne & Sparkling Wine,,,,,https://www.costco.co.uk/medias/sys_master/images/haa/h29/15635376013342.jpg,,,,,"Dom Pérignon is full and expressive. Having spent no less than 8 years in cellars, the champagne showcases a perfect harmony between the character of the vintage and the signature of Dom Pérignon. Emerging frm a year of striking contrast, the 2015 vintage is salient for its soothing strength and striking tactile presence during tasting. Tasting Notes: The nose is complex, with roasted and cocoa notes balanced by a delicate floral perfume of lime blossom, jasmine and peony. Hints of aniseed and cardamom elevate the aromatic flavour profile, revealing a fruity, botanical freshness, with subtle hints of orange and green papaya. The palate offers a uniqe sensory experience with its breadth and delicacy. Citrus flavours with notes of peach, nectarine and gentian bring harmony to the mouth. Serving Suggestions: Pairs well with pork, lamb and duck dishes, as well as choice seafood.",By law we cannot sell this product to anyone under the age of 18. Please see Delivery & Terms for further information.,22,4.1,,,,,,,,Specification,Country,France,Specification,Grape Variety,"Chardonnay, Pinot Noir",Specification,Style,Brut,Specification,Vintage,2015,Specification,ABV%,12.5,Specification,Bottle,75cl Single Bottle,Specification,Contains Sulphites,Yes,Specification,Region,Champagne,Specification,Type,"Champagne, Wine Gifts",,,,,,,,,,,,,,,,,,,,,,,,,,,,,,,,,
costco,2025-10-31,https://www.costco.co.uk/rest/v2/uk/products/4936/?fields=FULL&lang=en_GB&curr=GBP,https://www.costco.co.uk/Grocery-Household/Chilled-Foods/Meat-Meat-Boxes/Holme-Farmed-Venison-Venison-Striploin-1kg-Serves-4-5-people/p/4936,4936,"Holme Farmed Venison, Venison Striploin, 1kg (Serves 4-5 people)",Holme Farmed Venison,51.99,N,,,,,,,,Grocery & Household,Chilled Foods,Meat & Meat Boxes,,,,,https://www.costco.co.uk/medias/sys_master/images/h82/hc7/68142594424862.jpg,https://www.costco.co.uk/medias/sys_master/images/ha7/h01/10250952179742.jpg,,,,"Product Details At Holme Farmed Venison all of their venison cuts are specially selected by their expert butchers to ensure they use only the finest quality meat and that each one reaches their Butchers' premium standards. The Striploin is the finest of all cuts, ideal for En Croute or Chateaubriand. Nigel Sampson (Managing Director) founded Holme Farmed Venison back in the early ninety’s after farming on the Isle of Jura in Scotland, an Island where people are out-numbered 30 to 1 by Red Deer! Holme Farmed Vension cuts are produced from their own and associated parks and farms conforming to all the highest welfare standards, with full traceability and quality assurance. Their animals are naturally reared on grass pastures guaranteeing a beautifully flavoured lean and tender red meat. Venison is one of the healthiest meats available, low in cholesterol and fat, and high in protein. It has also recently been found to be high in omega 3 fatty acids, a polyunsaturated fatty acid essential for good health. Serving: Serves 4-5 people based off a 200g serving. Storage: Shelf life of 10 days. Suitable for home freezing. Country of Origin: UK",THIS ITEM IS DISPATCHED UNCOOKED,50,4.8,,,,,,,,Specification,Weight,1kg,Specification,Product Type,Venison,Specification,Country of Origin,UK,Specification,Serving Size,Serves 2-4 people,,,,,,,,,,,,,,,,,,,,,,,,,,,,,,,,,,,,,,,,,,,,,,,,
costco,2025-10-31,https://www.costco.co.uk/rest/v2/uk/products/158790/?fields=FULL&lang=en_GB&curr=GBP,https://www.costco.co.uk/Grocery-Household/Food-Wine-Gifts/Corporate-Gifting/The-Spirit-of-Christmas-Gift-Hamper/p/158790,158790,The Spirit of Christmas Hamper,Virginia Hayward,114.99,N,,,,,,,,Grocery & Household,Food & Wine Gifts,Corporate Gifting,,,,,https://www.costco.co.uk/medias/sys_master/images/h92/h14/172733613342750.jpg,https://www.costco.co.uk/medias/sys_master/images/had/h05/14675646087198.jpg,,,,"Product Specification Lift the holiday spirits with the enchanting Spirit of Christmas hamper, perfect for sending season's greetings to colleagues, clients, or beloved family and friends. Nestled within an elegant wicker basket is a gastronomic parade of artisanal treats that promise to elevate Christmas festivities with each unveiled delight. This cornucopia of gourmet pleasures includes mouth-watering cheeses such as Graindorge Petit Camembert, Long Clawson Blue Stilton, and The Mouse House Finest Vintage English Cheddar. They sit alongside a traditional Maxwell & Franks Christmas Pudding and an assortment of refined Butlers Chocolate Truffles & Pralines, curating a harmonious blend of savoury and sweet. For an epicurean indulgence, the Dorset Cured Sliced Ham and Smoked Salmon are perfect with the tangy Otter Vale Apple Chutney. Add to that the crunch of Somerset Cheddar and Shallot Crisps and the fiery Olive, Garlic, and Chilli Snaps for a veritable feast. The hamper promises a sweet serenade with Mince Pies and a Tiffin Tray Bake, best enjoyed with the Cajun Spiced Chilli Nuts. A bottle of Malbec pairs wonderfully with the robust cheeses, while the Sauvignon Blanc offers a refreshing note alongside the smoked salmon. Round off the festivities with the Elderflower Sparkling Presse, a delightful non-alcoholic treat. The Spirit of Christmas hamper is curated to infuse every holiday moment with joy. Packed with a treasure trove of food and drinks to cater to all tastes, this gift is the ideal way to spread festive cheer and create unforgettable Christmas memories. Malbec Vicuna Chile (12.5%), 75cl Sauvignon Blanc Vicuna Chile (12%), 75cl Bottlegreen Full Bodied Elderflower Sparkling Presse, 750ml Maxwell & Franks Chocolate Tiffin, 485g Maxwell & Franks Christmas Pudding, 350g Long Clawson Blue Stilton, 220g Otter Vale Apple with West Country Cider Chutney, 225g The Mouse House Finest Vintage English Cheddar Truckle, 200g Wessex Country Gammon Dorset Cured Sliced Ham, 200g Graindorge Petit Camembert, 150g Savoursmiths Somerset Cheddar and Shallot Potato Crisps, 150g Stag Bakeries Stornoway Rosemary Water Biscuits, 150g Severn & Wye Smoked Salmon 125g Popti Cornish Bakehouse Snaps Olive with Garlic and Chilli, 120g Butlers Assortment of Chocolate Truffles & Pralines, 100g Olives Et Al Cajun Spiced Chilli Nuts 90g Maxwell & Franks 4 Mince Pies Storage Basket Packaged Dimensions: H 38.4cm x W 36.5cm x L 46.5cm Weight: 12.75kg",- A Bottle of Red Wine & A Bottle of White Wine - A Bottle of Elderflower Sparkling Presse - Sweet & Savoury Treats - Storage Basket By law we cannot sell this product to anyone under the age of 18. Please see Delivery & Terms for further information.,54,4.8,,,,,,,,Specification,Dimensions,H 38.4cm x W 36.5cm x L 46.5cm,Specification,Weight,12.75kg,,,,,,,,,,,,,,,,,,,,,,,,,,,,,,,,,,,,,,,,,,,,,,,,,,,,,,
costco,2025-10-31,https://www.costco.co.uk/rest/v2/uk/products/158792/?fields=FULL&lang=en_GB&curr=GBP,https://www.costco.co.uk/Grocery-Household/Food-Wine-Gifts/Corporate-Gifting/The-Decadence-Christmas-Gift-Hamper/p/158792,158792,The Decadence Hamper,Virginia Hayward,349.99,N,,,,,,,,Grocery & Household,Food & Wine Gifts,Corporate Gifting,,,,,https://www.costco.co.uk/medias/sys_master/images/h52/h0a/172733613408286.jpg,https://www.costco.co.uk/medias/sys_master/images/h93/ha9/44831857606686.jpg,,,,"Product Specification The Decadence Christmas Gift Hamper is an opulent collection of gourmet Christmas delights. It includes a fine selection of sweets such as Maxwell & Franks Premium Christmas Pudding, Cartwright & Butler Chocolate Wafer Rounds, and Arden & Amici Tiramisu Panettone. There's also a savoury variety with Highfield Preserves Sticky Onion Marmalade with Jalapeno, Arran Fine Foods The Original Arran Mustard, and more. Cheese enthusiasts will enjoy The Mouse House Smoked Cheddar Truckle, Graindorge Petit Camembert, and other distinguished cheeses. The hamper is further enhanced with Wessex Country Gammon Honey Glazed Wiltshire Cured and Cooked Pork Loin and Severn & Wye Smoked Salmon Long Cut, all paired with fine wines and spirits. Presented in a Large Kubu Lidded Basket, this is a truly sumptuous hamper for a special Christmas celebration. Ponte Villoni Prosecco Italy (11%), 75cl x 2 Domaine Clavel Syrius Côtes du Rhône Villages Saint Gervais (14.5%), 75cl x 2 Domaine Clavel Syrius Côtes du Rhône Villages Saint Gervais France (13.5%), 75cl x 2 Late Harvest Reserva Chilinero Dessert Wine Chile (12%), 37.5cl Fonseca Bin No. 27 Finest Reserve Port (20%), 37.5cl Wessex Country Gammon Honey Glazed Wiltshire Cured and Cooked Pork Loin, 900g Arden & Amici Tiramisù Panettone, 500g Long Clawson Blue Stilton Quarter, 454g Maxwell & Franks Luxury Brandy Christmas Pudding, 454g The Mouse House Finest Vintage English Cheddar Truckle, 400g The Secret Truffletier Rocky Road Giant Bar, 400g Silver & Green Balsamic Onions, 290g England Preserves London Marmalade 250g The Carbon Neutral Drinks Co. Milk Chocolate Drinking Powder 250g Highfield Preserves Sticky Onion Marmalade with Jalapeno, 220g Severn & Wye Smoked Salmon, 200g Stag Bakeries Stornoway Savoury Biscuit Selection, 200g The Mouse House Smoked Cheddar Truckle, 200g Stas Milk Chocolate Bauble with White Chocolate Straight Drizzle and Sprinkles, 180g Cartwright & Butler Whisky Fudge, 175g The Original Arran Mustard, 170g Crunch & Crumble Chocolate Chip Biscuits, 150g Graindorge Petit Camembert, 150g Joybox Dark Chocolate Brazil Nuts, 150g Quicke's Double Devonshire Clothbound Cheese, 150g Savoursmiths Desert Salt Potato Crisps, 150g Linden Lady Milk Chocolate Covered Marshmallows, 125g Severn & Wye Gravadlax, 125g Cartwright & Butler Chocolate Wafer Rounds, 120g West Country Legends Smoked Cheddar Cheese Straws, 100g Cambrook Brilliantly Caramelised Cashews, 80g Joe & Seph's Brandy Butter Popcorn, 80g Maxwell & Franks 4 Mince Pies Grand Illusions Botanical Crackers x 6 Lidded Kubu Basket Packaged Dimensions: H 33.6cm x W 50.5cm x L 77.6cm Weight: 22kg",- 2 Bottles of Prosecco - 2 Bottles of Red Wine & 2 Bottles of White Wine - A Bottle Desert Wine & Port - Lidded Kubu Basket By law we cannot sell this product to anyone under the age of 18. Please see Delivery & Terms for further information.,16,3.9,,,,,,,,Specification,Dimensions,H 33.6cm x W 50.5cm x L 77.6cm,Specification,Weight,22kg,,,,,,,,,,,,,,,,,,,,,,,,,,,,,,,,,,,,,,,,,,,,,,,,,,,,,,
