source,date,apiURL,url,sku,name,brand,price,stock,previousPrice,onSale,saleText,colour,size,UPC,EAN,cat,subcat1,subcat2,subcat3,subcat4,subcat5,warranty,image1,image2,image3,image4,image5,desc,shortDesc,reviewCount,reviewRating,videoURL,isSellingFast,isRestockingSoon,isPromotion,isOutletPrice,lowestPriceText,lowestPriceValue,attributeType1,attributeTitle1,attributeValue1,attributeType2,attributeTitle2,attributeValue2,attributeType3,attributeTitle3,attributeValue3,attributeType4,attributeTitle4,attributeValue4,attributeType5,attributeTitle5,attributeValue5,attributeType6,attributeTitle6,attributeValue6,attributeType7,attributeTitle7,attributeValue7,attributeType8,attributeTitle8,attributeValue8,attributeType9,attributeTitle9,attributeValue9,attributeType10,attributeTitle10,attributeValue10,attributeType11,attributeTitle11,attributeValue11,attributeType12,attributeTitle12,attributeValue12,attributeType13,attributeTitle13,attributeValue13,attributeType14,attributeTitle14,attributeValue14,attributeType15,attributeTitle15,attributeValue15,attributeType16,attributeTitle16,attributeValue16,attributeType17,attributeTitle17,attributeValue17,attributeType18,attributeTitle18,attributeValue18,attributeType19,attributeTitle19,attributeValue19,attributeType20,attributeTitle20,attributeValue20
harrods,2025-11-05,https://www.harrods.com/api/rpc/getProductsByReferenceKeys?000000000007731381,https://www.harrods.com/en-gb/p/calvin-klein-logo-thong-000000000007731381,000000000007731381,Logo Thong,Calvin Klein,20.0,Y,,,,SQL BUFF PINK,XL,,,Storefront,Clothing,Briefs & Thongs,,,,,https://hrd-live.cdn.scayle.cloud/images/80e3b8548c8a2a662d45d47888839475.jpg,https://hrd-live.cdn.scayle.cloud/images/06ddda5508ed799b3aa38c788b999ecf.jpg,https://hrd-live.cdn.scayle.cloud/images/c042b0c6525f73f7f357dacaea3b16ad.jpg,https://hrd-live.cdn.scayle.cloud/images/408f48ed8b14a30e73300a65eb75a421.jpg,https://hrd-live.cdn.scayle.cloud/images/57929208187f9dbc9c498aca1e51557a.jpg,"A signature style from Calvin Klein's Modern Cotton range, this thong combines a sporty aesthetic with ultimate comfort. Spun from a sumptuous cotton and modal blend with a hint of stretch, the mid-rise silhouette coordinates perfectly with the matching bralette for laid-back days.",This logo needs no introduction.,,,,,,,,£20.0,20.0,specification,harrodsColour,Pink,specification,brand,Calvin Klein,specification,sAPBrand,CALVIN KLEIN,specification,sizeGuideActivated,true,specification,groupingType,C,specification,name,Logo Thong,specification,sizeGuideType,Clothing > Lingerie,specification,category,"Storefront, Storefront|Clothing, Storefront|Clothing|Briefs & Thongs",specification,careInstructions,"Tumble dry, Machine wash",specification,gender,Female,specification,nonReturnable,true,specification,modelSize,"Model is 178cm, a UK 8 and wears a size S",specification,vendorColour,SQL BUFF PINK,,,,,,,,,,,,,,,,,,,,,
harrods,2025-11-05,https://www.harrods.com/api/rpc/getProductsByReferenceKeys?000000000007506668,https://www.harrods.com/en-gb/p/joseph-joseph-easystore-luxe-toothbrush-holder-000000000007506668,000000000007506668,EasyStore Luxe Toothbrush Holder,Joseph Joseph,25.95,Y,,,,STAINLESS STEEL,OS,,,Storefront,Furniture,Furniture,,,,,https://hrd-live.cdn.scayle.cloud/images/012161764e7d2dfb0fe7ce4e3d60f6a2.jpg,https://hrd-live.cdn.scayle.cloud/images/04baef506becb2d79170db4f6d73d0ce.jpg,https://hrd-live.cdn.scayle.cloud/images/bd81b5b097d9e133c9c58ecb350684ad.jpg,https://hrd-live.cdn.scayle.cloud/images/01ecd895a5eb7212ececc25be222f503.jpg,,"Organising and protecting your bathroom essentials is just as important as your go-to kitchen utensils, which is why Joseph Joseph designed the EasyStore Luxe toothbrush holder. Sleek in its look, the accessory is crafted from stainless steel due to its durability, resistance and hygienic properties. Whenever you need to clean it, detach its divider and use a soft cloth with gentle soap.",Joseph Joseph’s mission to keep your home organised makes its way from the kitchen to the bathroom.,,,,,,,,£25.95,25.95,specification,name,EasyStore Luxe Toothbrush Holder,specification,vendorColour,STAINLESS STEEL,specification,category,"Storefront, Storefront|Furniture, Storefront|Furniture|Furniture",specification,gender,No Gender,specification,harrodsColour,Metallic,specification,sAPBrand,JOSEPH JOSEPH,specification,brand,Joseph Joseph,specification,careInstructions,Wipe clean,,,,,,,,,,,,,,,,,,,,,,,,,,,,,,,,,,,,
harrods,2025-11-05,https://www.harrods.com/api/rpc/getProductsByReferenceKeys?000000000007795774,https://www.harrods.com/en-gb/p/jimmy-choo-meena-suede-shearling-boots-000000000007795774,000000000007795774,Meena Suede Shearling Boots,Jimmy Choo,1095.0,Y,,,,TOFFEE/TOFFEE,41 IT,,,Storefront,Shoes,Boots,,,,,https://hrd-live.cdn.scayle.cloud/images/7cd8d2802bc6dd11b005f6dfdd61bc8a.jpg,https://hrd-live.cdn.scayle.cloud/images/a6b92127bfd27ad21ff770495065628d.jpg,https://hrd-live.cdn.scayle.cloud/images/4ee0f7edfb9d8ae16f14458a30bb048f.jpg,https://hrd-live.cdn.scayle.cloud/images/b17eea5d9297046c0597994a93a60f93.jpg,https://hrd-live.cdn.scayle.cloud/images/e0bccda5ca7dddc573bc9d61722bad8b.jpg,"No matter the season, you can rely on Jimmy Choo to keep your footwear collection well-fitted, an assurance expressed with the Meena boots. Crafted from velvety suede, the crisscross straps of this pair are trimmed with shearling for a touch of added softness, while the treaded soles ensure that these boots are indeed made for walking. <br><br><i>Due to the delicate nature of Jimmy Choo soles, shoes should be tried on a clean surface away from any moisture (e.g. a carpeted surface). All Jimmy Choo items must be returned in an unmarked, unused condition, including all original packaging, dust bag(s) and authenticity cards.</i>","Soft as it may be, this pair offers bold wearability. ",,,,,,,,£1095.0,1095.0,specification,harrodsColour,Beige,specification,vendorColour,TOFFEE/TOFFEE,specification,heelType,Block heel,specification,sizeGuideType,Shoes,specification,gender,Female,specification,sAPBrand,JIMMY CHOO,specification,category,"Storefront, Storefront|Shoes, Storefront|Shoes|Boots",specification,brand,Jimmy Choo,specification,fasteningType,Zip fastening,specification,name,Meena Suede Shearling Boots,specification,sizeGuideActivated,true,,,,,,,,,,,,,,,,,,,,,,,,,,,
harrods,2025-11-05,https://www.harrods.com/api/rpc/getProductsByReferenceKeys?000000000007795774,https://www.harrods.com/en-gb/p/jimmy-choo-meena-suede-shearling-boots-000000000007795774,000000000007795774,Meena Suede Shearling Boots,Jimmy Choo,1095.0,Y,,,,TOFFEE/TOFFEE,39.5 IT,,,Storefront,Shoes,Boots,,,,,https://hrd-live.cdn.scayle.cloud/images/7cd8d2802bc6dd11b005f6dfdd61bc8a.jpg,https://hrd-live.cdn.scayle.cloud/images/a6b92127bfd27ad21ff770495065628d.jpg,https://hrd-live.cdn.scayle.cloud/images/4ee0f7edfb9d8ae16f14458a30bb048f.jpg,https://hrd-live.cdn.scayle.cloud/images/b17eea5d9297046c0597994a93a60f93.jpg,https://hrd-live.cdn.scayle.cloud/images/e0bccda5ca7dddc573bc9d61722bad8b.jpg,"No matter the season, you can rely on Jimmy Choo to keep your footwear collection well-fitted, an assurance expressed with the Meena boots. Crafted from velvety suede, the crisscross straps of this pair are trimmed with shearling for a touch of added softness, while the treaded soles ensure that these boots are indeed made for walking. <br><br><i>Due to the delicate nature of Jimmy Choo soles, shoes should be tried on a clean surface away from any moisture (e.g. a carpeted surface). All Jimmy Choo items must be returned in an unmarked, unused condition, including all original packaging, dust bag(s) and authenticity cards.</i>","Soft as it may be, this pair offers bold wearability. ",,,,,,,,£1095.0,1095.0,specification,harrodsColour,Beige,specification,vendorColour,TOFFEE/TOFFEE,specification,heelType,Block heel,specification,sizeGuideType,Shoes,specification,gender,Female,specification,sAPBrand,JIMMY CHOO,specification,category,"Storefront, Storefront|Shoes, Storefront|Shoes|Boots",specification,brand,Jimmy Choo,specification,fasteningType,Zip fastening,specification,name,Meena Suede Shearling Boots,specification,sizeGuideActivated,true,,,,,,,,,,,,,,,,,,,,,,,,,,,
harrods,2025-11-05,https://www.harrods.com/api/rpc/getProductsByReferenceKeys?000000000007795774,https://www.harrods.com/en-gb/p/jimmy-choo-meena-suede-shearling-boots-000000000007795774,000000000007795774,Meena Suede Shearling Boots,Jimmy Choo,1095.0,Y,,,,TOFFEE/TOFFEE,39 IT,,,Storefront,Shoes,Boots,,,,,https://hrd-live.cdn.scayle.cloud/images/7cd8d2802bc6dd11b005f6dfdd61bc8a.jpg,https://hrd-live.cdn.scayle.cloud/images/a6b92127bfd27ad21ff770495065628d.jpg,https://hrd-live.cdn.scayle.cloud/images/4ee0f7edfb9d8ae16f14458a30bb048f.jpg,https://hrd-live.cdn.scayle.cloud/images/b17eea5d9297046c0597994a93a60f93.jpg,https://hrd-live.cdn.scayle.cloud/images/e0bccda5ca7dddc573bc9d61722bad8b.jpg,"No matter the season, you can rely on Jimmy Choo to keep your footwear collection well-fitted, an assurance expressed with the Meena boots. Crafted from velvety suede, the crisscross straps of this pair are trimmed with shearling for a touch of added softness, while the treaded soles ensure that these boots are indeed made for walking. <br><br><i>Due to the delicate nature of Jimmy Choo soles, shoes should be tried on a clean surface away from any moisture (e.g. a carpeted surface). All Jimmy Choo items must be returned in an unmarked, unused condition, including all original packaging, dust bag(s) and authenticity cards.</i>","Soft as it may be, this pair offers bold wearability. ",,,,,,,,£1095.0,1095.0,specification,harrodsColour,Beige,specification,vendorColour,TOFFEE/TOFFEE,specification,heelType,Block heel,specification,sizeGuideType,Shoes,specification,gender,Female,specification,sAPBrand,JIMMY CHOO,specification,category,"Storefront, Storefront|Shoes, Storefront|Shoes|Boots",specification,brand,Jimmy Choo,specification,fasteningType,Zip fastening,specification,name,Meena Suede Shearling Boots,specification,sizeGuideActivated,true,,,,,,,,,,,,,,,,,,,,,,,,,,,
harrods,2025-11-05,https://www.harrods.com/api/rpc/getProductsByReferenceKeys?000000000007795774,https://www.harrods.com/en-gb/p/jimmy-choo-meena-suede-shearling-boots-000000000007795774,000000000007795774,Meena Suede Shearling Boots,Jimmy Choo,1095.0,Y,,,,TOFFEE/TOFFEE,38.5 IT,,,Storefront,Shoes,Boots,,,,,https://hrd-live.cdn.scayle.cloud/images/7cd8d2802bc6dd11b005f6dfdd61bc8a.jpg,https://hrd-live.cdn.scayle.cloud/images/a6b92127bfd27ad21ff770495065628d.jpg,https://hrd-live.cdn.scayle.cloud/images/4ee0f7edfb9d8ae16f14458a30bb048f.jpg,https://hrd-live.cdn.scayle.cloud/images/b17eea5d9297046c0597994a93a60f93.jpg,https://hrd-live.cdn.scayle.cloud/images/e0bccda5ca7dddc573bc9d61722bad8b.jpg,"No matter the season, you can rely on Jimmy Choo to keep your footwear collection well-fitted, an assurance expressed with the Meena boots. Crafted from velvety suede, the crisscross straps of this pair are trimmed with shearling for a touch of added softness, while the treaded soles ensure that these boots are indeed made for walking. <br><br><i>Due to the delicate nature of Jimmy Choo soles, shoes should be tried on a clean surface away from any moisture (e.g. a carpeted surface). All Jimmy Choo items must be returned in an unmarked, unused condition, including all original packaging, dust bag(s) and authenticity cards.</i>","Soft as it may be, this pair offers bold wearability. ",,,,,,,,£1095.0,1095.0,specification,harrodsColour,Beige,specification,vendorColour,TOFFEE/TOFFEE,specification,heelType,Block heel,specification,sizeGuideType,Shoes,specification,gender,Female,specification,sAPBrand,JIMMY CHOO,specification,category,"Storefront, Storefront|Shoes, Storefront|Shoes|Boots",specification,brand,Jimmy Choo,specification,fasteningType,Zip fastening,specification,name,Meena Suede Shearling Boots,specification,sizeGuideActivated,true,,,,,,,,,,,,,,,,,,,,,,,,,,,
harrods,2025-11-05,https://www.harrods.com/api/rpc/getProductsByReferenceKeys?000000000007795774,https://www.harrods.com/en-gb/p/jimmy-choo-meena-suede-shearling-boots-000000000007795774,000000000007795774,Meena Suede Shearling Boots,Jimmy Choo,1095.0,Y,,,,TOFFEE/TOFFEE,38 IT,,,Storefront,Shoes,Boots,,,,,https://hrd-live.cdn.scayle.cloud/images/7cd8d2802bc6dd11b005f6dfdd61bc8a.jpg,https://hrd-live.cdn.scayle.cloud/images/a6b92127bfd27ad21ff770495065628d.jpg,https://hrd-live.cdn.scayle.cloud/images/4ee0f7edfb9d8ae16f14458a30bb048f.jpg,https://hrd-live.cdn.scayle.cloud/images/b17eea5d9297046c0597994a93a60f93.jpg,https://hrd-live.cdn.scayle.cloud/images/e0bccda5ca7dddc573bc9d61722bad8b.jpg,"No matter the season, you can rely on Jimmy Choo to keep your footwear collection well-fitted, an assurance expressed with the Meena boots. Crafted from velvety suede, the crisscross straps of this pair are trimmed with shearling for a touch of added softness, while the treaded soles ensure that these boots are indeed made for walking. <br><br><i>Due to the delicate nature of Jimmy Choo soles, shoes should be tried on a clean surface away from any moisture (e.g. a carpeted surface). All Jimmy Choo items must be returned in an unmarked, unused condition, including all original packaging, dust bag(s) and authenticity cards.</i>","Soft as it may be, this pair offers bold wearability. ",,,,,,,,£1095.0,1095.0,specification,harrodsColour,Beige,specification,vendorColour,TOFFEE/TOFFEE,specification,heelType,Block heel,specification,sizeGuideType,Shoes,specification,gender,Female,specification,sAPBrand,JIMMY CHOO,specification,category,"Storefront, Storefront|Shoes, Storefront|Shoes|Boots",specification,brand,Jimmy Choo,specification,fasteningType,Zip fastening,specification,name,Meena Suede Shearling Boots,specification,sizeGuideActivated,true,,,,,,,,,,,,,,,,,,,,,,,,,,,
harrods,2025-11-05,https://www.harrods.com/api/rpc/getProductsByReferenceKeys?000000000007795774,https://www.harrods.com/en-gb/p/jimmy-choo-meena-suede-shearling-boots-000000000007795774,000000000007795774,Meena Suede Shearling Boots,Jimmy Choo,1095.0,Y,,,,TOFFEE/TOFFEE,37.5 IT,,,Storefront,Shoes,Boots,,,,,https://hrd-live.cdn.scayle.cloud/images/7cd8d2802bc6dd11b005f6dfdd61bc8a.jpg,https://hrd-live.cdn.scayle.cloud/images/a6b92127bfd27ad21ff770495065628d.jpg,https://hrd-live.cdn.scayle.cloud/images/4ee0f7edfb9d8ae16f14458a30bb048f.jpg,https://hrd-live.cdn.scayle.cloud/images/b17eea5d9297046c0597994a93a60f93.jpg,https://hrd-live.cdn.scayle.cloud/images/e0bccda5ca7dddc573bc9d61722bad8b.jpg,"No matter the season, you can rely on Jimmy Choo to keep your footwear collection well-fitted, an assurance expressed with the Meena boots. Crafted from velvety suede, the crisscross straps of this pair are trimmed with shearling for a touch of added softness, while the treaded soles ensure that these boots are indeed made for walking. <br><br><i>Due to the delicate nature of Jimmy Choo soles, shoes should be tried on a clean surface away from any moisture (e.g. a carpeted surface). All Jimmy Choo items must be returned in an unmarked, unused condition, including all original packaging, dust bag(s) and authenticity cards.</i>","Soft as it may be, this pair offers bold wearability. ",,,,,,,,£1095.0,1095.0,specification,harrodsColour,Beige,specification,vendorColour,TOFFEE/TOFFEE,specification,heelType,Block heel,specification,sizeGuideType,Shoes,specification,gender,Female,specification,sAPBrand,JIMMY CHOO,specification,category,"Storefront, Storefront|Shoes, Storefront|Shoes|Boots",specification,brand,Jimmy Choo,specification,fasteningType,Zip fastening,specification,name,Meena Suede Shearling Boots,specification,sizeGuideActivated,true,,,,,,,,,,,,,,,,,,,,,,,,,,,
harrods,2025-11-05,https://www.harrods.com/api/rpc/getProductsByReferenceKeys?000000000007795774,https://www.harrods.com/en-gb/p/jimmy-choo-meena-suede-shearling-boots-000000000007795774,000000000007795774,Meena Suede Shearling Boots,Jimmy Choo,1095.0,Y,,,,TOFFEE/TOFFEE,37 IT,,,Storefront,Shoes,Boots,,,,,https://hrd-live.cdn.scayle.cloud/images/7cd8d2802bc6dd11b005f6dfdd61bc8a.jpg,https://hrd-live.cdn.scayle.cloud/images/a6b92127bfd27ad21ff770495065628d.jpg,https://hrd-live.cdn.scayle.cloud/images/4ee0f7edfb9d8ae16f14458a30bb048f.jpg,https://hrd-live.cdn.scayle.cloud/images/b17eea5d9297046c0597994a93a60f93.jpg,https://hrd-live.cdn.scayle.cloud/images/e0bccda5ca7dddc573bc9d61722bad8b.jpg,"No matter the season, you can rely on Jimmy Choo to keep your footwear collection well-fitted, an assurance expressed with the Meena boots. Crafted from velvety suede, the crisscross straps of this pair are trimmed with shearling for a touch of added softness, while the treaded soles ensure that these boots are indeed made for walking. <br><br><i>Due to the delicate nature of Jimmy Choo soles, shoes should be tried on a clean surface away from any moisture (e.g. a carpeted surface). All Jimmy Choo items must be returned in an unmarked, unused condition, including all original packaging, dust bag(s) and authenticity cards.</i>","Soft as it may be, this pair offers bold wearability. ",,,,,,,,£1095.0,1095.0,specification,harrodsColour,Beige,specification,vendorColour,TOFFEE/TOFFEE,specification,heelType,Block heel,specification,sizeGuideType,Shoes,specification,gender,Female,specification,sAPBrand,JIMMY CHOO,specification,category,"Storefront, Storefront|Shoes, Storefront|Shoes|Boots",specification,brand,Jimmy Choo,specification,fasteningType,Zip fastening,specification,name,Meena Suede Shearling Boots,specification,sizeGuideActivated,true,,,,,,,,,,,,,,,,,,,,,,,,,,,
harrods,2025-11-05,https://www.harrods.com/api/rpc/getProductsByReferenceKeys?000000000007795774,https://www.harrods.com/en-gb/p/jimmy-choo-meena-suede-shearling-boots-000000000007795774,000000000007795774,Meena Suede Shearling Boots,Jimmy Choo,1095.0,Y,,,,TOFFEE/TOFFEE,36.5 IT,,,Storefront,Shoes,Boots,,,,,https://hrd-live.cdn.scayle.cloud/images/7cd8d2802bc6dd11b005f6dfdd61bc8a.jpg,https://hrd-live.cdn.scayle.cloud/images/a6b92127bfd27ad21ff770495065628d.jpg,https://hrd-live.cdn.scayle.cloud/images/4ee0f7edfb9d8ae16f14458a30bb048f.jpg,https://hrd-live.cdn.scayle.cloud/images/b17eea5d9297046c0597994a93a60f93.jpg,https://hrd-live.cdn.scayle.cloud/images/e0bccda5ca7dddc573bc9d61722bad8b.jpg,"No matter the season, you can rely on Jimmy Choo to keep your footwear collection well-fitted, an assurance expressed with the Meena boots. Crafted from velvety suede, the crisscross straps of this pair are trimmed with shearling for a touch of added softness, while the treaded soles ensure that these boots are indeed made for walking. <br><br><i>Due to the delicate nature of Jimmy Choo soles, shoes should be tried on a clean surface away from any moisture (e.g. a carpeted surface). All Jimmy Choo items must be returned in an unmarked, unused condition, including all original packaging, dust bag(s) and authenticity cards.</i>","Soft as it may be, this pair offers bold wearability. ",,,,,,,,£1095.0,1095.0,specification,harrodsColour,Beige,specification,vendorColour,TOFFEE/TOFFEE,specification,heelType,Block heel,specification,sizeGuideType,Shoes,specification,gender,Female,specification,sAPBrand,JIMMY CHOO,specification,category,"Storefront, Storefront|Shoes, Storefront|Shoes|Boots",specification,brand,Jimmy Choo,specification,fasteningType,Zip fastening,specification,name,Meena Suede Shearling Boots,specification,sizeGuideActivated,true,,,,,,,,,,,,,,,,,,,,,,,,,,,
harrods,2025-11-05,https://www.harrods.com/api/rpc/getProductsByReferenceKeys?000000000007795774,https://www.harrods.com/en-gb/p/jimmy-choo-meena-suede-shearling-boots-000000000007795774,000000000007795774,Meena Suede Shearling Boots,Jimmy Choo,1095.0,Y,,,,TOFFEE/TOFFEE,36 IT,,,Storefront,Shoes,Boots,,,,,https://hrd-live.cdn.scayle.cloud/images/7cd8d2802bc6dd11b005f6dfdd61bc8a.jpg,https://hrd-live.cdn.scayle.cloud/images/a6b92127bfd27ad21ff770495065628d.jpg,https://hrd-live.cdn.scayle.cloud/images/4ee0f7edfb9d8ae16f14458a30bb048f.jpg,https://hrd-live.cdn.scayle.cloud/images/b17eea5d9297046c0597994a93a60f93.jpg,https://hrd-live.cdn.scayle.cloud/images/e0bccda5ca7dddc573bc9d61722bad8b.jpg,"No matter the season, you can rely on Jimmy Choo to keep your footwear collection well-fitted, an assurance expressed with the Meena boots. Crafted from velvety suede, the crisscross straps of this pair are trimmed with shearling for a touch of added softness, while the treaded soles ensure that these boots are indeed made for walking. <br><br><i>Due to the delicate nature of Jimmy Choo soles, shoes should be tried on a clean surface away from any moisture (e.g. a carpeted surface). All Jimmy Choo items must be returned in an unmarked, unused condition, including all original packaging, dust bag(s) and authenticity cards.</i>","Soft as it may be, this pair offers bold wearability. ",,,,,,,,£1095.0,1095.0,specification,harrodsColour,Beige,specification,vendorColour,TOFFEE/TOFFEE,specification,heelType,Block heel,specification,sizeGuideType,Shoes,specification,gender,Female,specification,sAPBrand,JIMMY CHOO,specification,category,"Storefront, Storefront|Shoes, Storefront|Shoes|Boots",specification,brand,Jimmy Choo,specification,fasteningType,Zip fastening,specification,name,Meena Suede Shearling Boots,specification,sizeGuideActivated,true,,,,,,,,,,,,,,,,,,,,,,,,,,,
harrods,2025-11-05,https://www.harrods.com/api/rpc/getProductsByReferenceKeys?000000000007573842,https://www.harrods.com/en-gb/p/waterford-set-of-2-crystal-copper-coast-red-wine-glasses-000000000007573842,000000000007573842,Set of 2 Crystal Copper Coast Red Wine Glasses,Waterford,335.0,Y,,,,CLEAR,OS,,,Storefront,Home,Tableware,,,,,https://hrd-live.cdn.scayle.cloud/images/4ac925f829399a2f151d7f210cd152ee.jpg,https://hrd-live.cdn.scayle.cloud/images/aac29c5bc3bf244e5b4d90f53ede048b.jpg,https://hrd-live.cdn.scayle.cloud/images/ee4d805c5b8bc39d3e3bdd59232936d4.jpg,https://hrd-live.cdn.scayle.cloud/images/c88f14414998a33fa6cb8b5daa5119de.jpg,,"Handcrafted in Ireland from sparkling crystal, the refracting caro cuts of Waterford's Copper Coast collection garner inspiration from the powerful waves of the Irish coastline. The ornate band of diamond-shaped motifs seen on these fine wine glasses are the perfect complement to your favourite bottle of red, delighting the eyes as well as the palate with each and every sip.",Pour your finest wine into the finest glasses.,,,,,,,,£335.0,335.0,specification,sAPBrand,WATERFORD,specification,microwaveSafe,Not suitable for microwave use,specification,dishwasherSafe,Not suitable for dishwasher use,specification,vendorColour,CLEAR,specification,name,Set of 2 Crystal Copper Coast Red Wine Glasses,specification,brand,Waterford,specification,harrodsColour,Clear,specification,gender,Unisex,specification,category,"Storefront, Storefront|Home, Storefront|Home|Tableware",,,,,,,,,,,,,,,,,,,,,,,,,,,,,,,,,
harrods,2025-11-05,https://www.harrods.com/api/rpc/getProductsByReferenceKeys?000000000007829987,https://www.harrods.com/en-gb/p/prada-small-leather-tote-bag-000000000007829987,000000000007829987,Small Leather Tote Bag,Prada,2450.0,Y,,,,F03SF,OS,,,Storefront,Bags,Tote Bags,,,,,https://hrd-live.cdn.scayle.cloud/images/749c2bdc1bf46df98b26b61c457a779f.jpg,https://hrd-live.cdn.scayle.cloud/images/d1f4b076b47b04be89b694041f709893.jpg,https://hrd-live.cdn.scayle.cloud/images/03c32510c3267004a912ccfa1a113d29.jpg,https://hrd-live.cdn.scayle.cloud/images/48c81f324680bf38da421ac0062f31b1.jpg,https://hrd-live.cdn.scayle.cloud/images/71457c04659de3d3a11bd8317386baed.jpg,"First seen in Prada’s Spring/Summer 2025 show – held at the Fondazione Prada building – this tote bag is a prime example of the House’s futuristic approach to accessories. Geometric lines form the trapezoidal shape of the design, with a soft, supple leather composition bringing a juxtaposing touch to its sharp look.",A design that graced the halls of Fondazione Prada.,,,,,,,,£2450.0,2450.0,specification,fasteningType,Clasp fastening,specification,hardwareDetail,Antiqued hardware,specification,name,Small Leather Tote Bag,specification,sAPBrand,PRADA,specification,strapDetail,Twin top handles,specification,brand,Prada,specification,gender,Female,specification,category,"Storefront, Storefront|Bags, Storefront|Bags|Tote Bags",specification,vendorColour,F03SF,specification,sizeGuideBrand,Prada,specification,harrodsColour,Grey,,,,,,,,,,,,,,,,,,,,,,,,,,,
harrods,2025-11-05,https://www.harrods.com/api/rpc/getProductsByReferenceKeys?000000000007775237,https://www.harrods.com/en-gb/p/cartier-panthere-graphique-de-cartier-card-holder-000000000007775237,000000000007775237,Panthère Graphique de Cartier Card Holder,Cartier,310.0,Y,,,,BEIGE,OS,,,Storefront,Accessories,Wallets & Cardholders,,,,,https://hrd-live.cdn.scayle.cloud/images/721aac945e2422cd8778765b71572dc0.jpg,https://hrd-live.cdn.scayle.cloud/images/cb1a545d50743e738d78b80164e88b16.jpg,https://hrd-live.cdn.scayle.cloud/images/e4f8d5553b60a0ea9db609f373d7fbfe.jpg,https://hrd-live.cdn.scayle.cloud/images/3123e071ac7652dabde1c8b9bff81806.jpg,https://hrd-live.cdn.scayle.cloud/images/36d14452da4136b36100e88054e8781a.jpg,"The panther – or Panthère – has been a signature motif of Cartier for over a century, taking on many different visual forms across the Maison's jewellery, watches and accessories. On this grained leather card holder, it presents itself as a gold-tone plaque, bringing with it a sense of contemporary elegance.",The Panthère continues to move with the times.,,,,,,,,£310.0,310.0,specification,name,Panthère Graphique de Cartier Card Holder,specification,groupingType,C,specification,category,"Storefront, Storefront|Accessories, Storefront|Accessories|Wallets & Cardholders",specification,gender,Unisex,specification,sAPBrand,CARTIER,specification,brand,Cartier,specification,hardwareDetail,Gold-tone hardware,specification,vendorColour,BEIGE,specification,harrodsColour,Beige,,,,,,,,,,,,,,,,,,,,,,,,,,,,,,,,,
harrods,2025-11-05,https://www.harrods.com/api/rpc/getProductsByReferenceKeys?000000000007799741,https://www.harrods.com/en-gb/p/borntostandout-dirty-heaven-eau-de-parfum-100ml-000000000007799741,000000000007799741,Dirty Heaven Eau de Parfum (100ml),BORNTOSTANDOUT,250.0,Y,,,,NO COLOUR,OS,,,Storefront,Beauty,Fragrance,,,,,https://hrd-live.cdn.scayle.cloud/images/80ac327514dc4ccb574e4b16f67ab768.jpg,https://hrd-live.cdn.scayle.cloud/images/119e4a69c14d682e76507e5eeaacf927.jpg,,,,"Leading you away from the norms, Born To Stand Out takes you on a unique journey with every scent. Lifting you to higher heights, the Dirty Heaven eau de parfum invites you to a paradise where the ethereal notes of luminous florals and sweetness are underpinned with shadows of musky defiance.",Experience Heaven as you've never imagined it.,,,,,,,,£250.0,250.0,specification,harrodsColour,No Colour,specification,vendorColour,NO COLOUR,specification,brand,BORNTOSTANDOUT,specification,fragranceType,Eau de parfum,specification,name,Dirty Heaven Eau de Parfum (100ml),specification,nonReturnable,true,specification,gender,Unisex,specification,sAPBrand,BORN TO STAND OUT,specification,category,"Storefront, Storefront|Beauty, Storefront|Beauty|Fragrance",,,,,,,,,,,,,,,,,,,,,,,,,,,,,,,,,
harrods,2025-11-05,https://www.harrods.com/api/rpc/getProductsByReferenceKeys?000000000007627661,https://www.harrods.com/en-gb/p/tom-ford-neroli-portofino-parfum-50ml-000000000007627661,000000000007627661,Neroli Portofino Parfum (50ml),TOM FORD,330.0,Y,,,,NO COLOUR,OS,,,Storefront,Beauty,Beauty & Grooming,,,,,https://hrd-live.cdn.scayle.cloud/images/3eb267e19a428eefaf73e2e83b69f5f7.jpg,https://hrd-live.cdn.scayle.cloud/images/62ef78d6bba66bfe74b8092070fc2004.jpg,https://hrd-live.cdn.scayle.cloud/images/c1debbba06c9cb9fd6e251e53efd61c6.jpg,https://hrd-live.cdn.scayle.cloud/images/d67776de7750381662ea19faffa604f2.jpg,https://hrd-live.cdn.scayle.cloud/images/ce61cde36883b4bacdaf62e4c890a3b9.jpg,"Inspired by the dramatic landscape and jet-set sophistication of the Italian Riviera town, the Neroli Portofino collection from TOM FORD is a contemporary reinvention of a classic Eau de Cologne. Blended with aromatic Tunisian neroli, Italian bergamot and zesty Sicilian lemon, this intoxicating and seductive scent is a romantic summertime staple.",A citrus-aromatic fragrance part of the label’s Private Collection that focus on the extract of one single note.,,,,,,,,£330.0,330.0,specification,name,Neroli Portofino Parfum (50ml),specification,brand,TOM FORD,specification,sizeGuideBrand,Tom Ford,specification,vendorColour,NO COLOUR,specification,harrodsColour,No Colour,specification,gender,Unisex,specification,fragranceType,Pure perfume,specification,nonReturnable,true,specification,sAPBrand,TOM FORD,specification,category,"Storefront, Storefront|Beauty, Storefront|Beauty|Beauty & Grooming",,,,,,,,,,,,,,,,,,,,,,,,,,,,,,
harrods,2025-11-05,https://www.harrods.com/api/rpc/getProductsByReferenceKeys?000000000007266584,https://www.harrods.com/en-gb/p/santoni-leather-carlos-loafers-000000000007266584,000000000007266584,Leather Carlos Loafers,Santoni,760.0,Y,,,,BROWN,6,,,Storefront,Shoes,Loafers & Moccasins,,,,,https://hrd-live.cdn.scayle.cloud/images/aa616b9388781107bb7658ff35a1e9c9.jpg,https://hrd-live.cdn.scayle.cloud/images/77afde59b91ba871c5218473334c6172.jpg,https://hrd-live.cdn.scayle.cloud/images/f05d673ebf0ffb741bc47ba93096e098.jpg,https://hrd-live.cdn.scayle.cloud/images/b435736fbfc3a4e283646495d562ba00.jpg,https://hrd-live.cdn.scayle.cloud/images/c2b9a3eece002599ba0a9a72f88769c2.jpg,"Blending Italian elegance with artisanal craftsmanship is Santoni, with the brand's signature Carlos loafers the ideal way to finish off your sharply tailored wardrobe. Crafted in Italy from the finest leather, the pair boasts a streamlined profile that lends itself seamlessly to an array of styling options.",Santoni has been crafting exemplary shoes since 1975.,,,,,,,,£760.0,760.0,specification,category,"Storefront, Storefront|Shoes, Storefront|Shoes|Loafers & Moccasins",specification,harrodsColour,Brown,specification,sizeGuideType,Shoes,specification,vendorColour,BROWN,specification,brand,Santoni,specification,gender,Male,specification,sizeGuideActivated,true,specification,name,Leather Carlos Loafers,specification,sAPBrand,SANTONI,,,,,,,,,,,,,,,,,,,,,,,,,,,,,,,,,
harrods,2025-11-05,https://www.harrods.com/api/rpc/getProductsByReferenceKeys?000000000007266584,https://www.harrods.com/en-gb/p/santoni-leather-carlos-loafers-000000000007266584,000000000007266584,Leather Carlos Loafers,Santoni,760.0,Y,,,,BROWN,8,,,Storefront,Shoes,Loafers & Moccasins,,,,,https://hrd-live.cdn.scayle.cloud/images/aa616b9388781107bb7658ff35a1e9c9.jpg,https://hrd-live.cdn.scayle.cloud/images/77afde59b91ba871c5218473334c6172.jpg,https://hrd-live.cdn.scayle.cloud/images/f05d673ebf0ffb741bc47ba93096e098.jpg,https://hrd-live.cdn.scayle.cloud/images/b435736fbfc3a4e283646495d562ba00.jpg,https://hrd-live.cdn.scayle.cloud/images/c2b9a3eece002599ba0a9a72f88769c2.jpg,"Blending Italian elegance with artisanal craftsmanship is Santoni, with the brand's signature Carlos loafers the ideal way to finish off your sharply tailored wardrobe. Crafted in Italy from the finest leather, the pair boasts a streamlined profile that lends itself seamlessly to an array of styling options.",Santoni has been crafting exemplary shoes since 1975.,,,,,,,,£760.0,760.0,specification,category,"Storefront, Storefront|Shoes, Storefront|Shoes|Loafers & Moccasins",specification,harrodsColour,Brown,specification,sizeGuideType,Shoes,specification,vendorColour,BROWN,specification,brand,Santoni,specification,gender,Male,specification,sizeGuideActivated,true,specification,name,Leather Carlos Loafers,specification,sAPBrand,SANTONI,,,,,,,,,,,,,,,,,,,,,,,,,,,,,,,,,
harrods,2025-11-05,https://www.harrods.com/api/rpc/getProductsByReferenceKeys?000000000007266584,https://www.harrods.com/en-gb/p/santoni-leather-carlos-loafers-000000000007266584,000000000007266584,Leather Carlos Loafers,Santoni,760.0,Y,,,,BROWN,9.5,,,Storefront,Shoes,Loafers & Moccasins,,,,,https://hrd-live.cdn.scayle.cloud/images/aa616b9388781107bb7658ff35a1e9c9.jpg,https://hrd-live.cdn.scayle.cloud/images/77afde59b91ba871c5218473334c6172.jpg,https://hrd-live.cdn.scayle.cloud/images/f05d673ebf0ffb741bc47ba93096e098.jpg,https://hrd-live.cdn.scayle.cloud/images/b435736fbfc3a4e283646495d562ba00.jpg,https://hrd-live.cdn.scayle.cloud/images/c2b9a3eece002599ba0a9a72f88769c2.jpg,"Blending Italian elegance with artisanal craftsmanship is Santoni, with the brand's signature Carlos loafers the ideal way to finish off your sharply tailored wardrobe. Crafted in Italy from the finest leather, the pair boasts a streamlined profile that lends itself seamlessly to an array of styling options.",Santoni has been crafting exemplary shoes since 1975.,,,,,,,,£760.0,760.0,specification,category,"Storefront, Storefront|Shoes, Storefront|Shoes|Loafers & Moccasins",specification,harrodsColour,Brown,specification,sizeGuideType,Shoes,specification,vendorColour,BROWN,specification,brand,Santoni,specification,gender,Male,specification,sizeGuideActivated,true,specification,name,Leather Carlos Loafers,specification,sAPBrand,SANTONI,,,,,,,,,,,,,,,,,,,,,,,,,,,,,,,,,
harrods,2025-11-05,https://www.harrods.com/api/rpc/getProductsByReferenceKeys?000000000007266584,https://www.harrods.com/en-gb/p/santoni-leather-carlos-loafers-000000000007266584,000000000007266584,Leather Carlos Loafers,Santoni,760.0,Y,,,,BROWN,10,,,Storefront,Shoes,Loafers & Moccasins,,,,,https://hrd-live.cdn.scayle.cloud/images/aa616b9388781107bb7658ff35a1e9c9.jpg,https://hrd-live.cdn.scayle.cloud/images/77afde59b91ba871c5218473334c6172.jpg,https://hrd-live.cdn.scayle.cloud/images/f05d673ebf0ffb741bc47ba93096e098.jpg,https://hrd-live.cdn.scayle.cloud/images/b435736fbfc3a4e283646495d562ba00.jpg,https://hrd-live.cdn.scayle.cloud/images/c2b9a3eece002599ba0a9a72f88769c2.jpg,"Blending Italian elegance with artisanal craftsmanship is Santoni, with the brand's signature Carlos loafers the ideal way to finish off your sharply tailored wardrobe. Crafted in Italy from the finest leather, the pair boasts a streamlined profile that lends itself seamlessly to an array of styling options.",Santoni has been crafting exemplary shoes since 1975.,,,,,,,,£760.0,760.0,specification,category,"Storefront, Storefront|Shoes, Storefront|Shoes|Loafers & Moccasins",specification,harrodsColour,Brown,specification,sizeGuideType,Shoes,specification,vendorColour,BROWN,specification,brand,Santoni,specification,gender,Male,specification,sizeGuideActivated,true,specification,name,Leather Carlos Loafers,specification,sAPBrand,SANTONI,,,,,,,,,,,,,,,,,,,,,,,,,,,,,,,,,
harrods,2025-11-05,https://www.harrods.com/api/rpc/getProductsByReferenceKeys?000000000007266584,https://www.harrods.com/en-gb/p/santoni-leather-carlos-loafers-000000000007266584,000000000007266584,Leather Carlos Loafers,Santoni,760.0,Y,,,,BROWN,10.5,,,Storefront,Shoes,Loafers & Moccasins,,,,,https://hrd-live.cdn.scayle.cloud/images/aa616b9388781107bb7658ff35a1e9c9.jpg,https://hrd-live.cdn.scayle.cloud/images/77afde59b91ba871c5218473334c6172.jpg,https://hrd-live.cdn.scayle.cloud/images/f05d673ebf0ffb741bc47ba93096e098.jpg,https://hrd-live.cdn.scayle.cloud/images/b435736fbfc3a4e283646495d562ba00.jpg,https://hrd-live.cdn.scayle.cloud/images/c2b9a3eece002599ba0a9a72f88769c2.jpg,"Blending Italian elegance with artisanal craftsmanship is Santoni, with the brand's signature Carlos loafers the ideal way to finish off your sharply tailored wardrobe. Crafted in Italy from the finest leather, the pair boasts a streamlined profile that lends itself seamlessly to an array of styling options.",Santoni has been crafting exemplary shoes since 1975.,,,,,,,,£760.0,760.0,specification,category,"Storefront, Storefront|Shoes, Storefront|Shoes|Loafers & Moccasins",specification,harrodsColour,Brown,specification,sizeGuideType,Shoes,specification,vendorColour,BROWN,specification,brand,Santoni,specification,gender,Male,specification,sizeGuideActivated,true,specification,name,Leather Carlos Loafers,specification,sAPBrand,SANTONI,,,,,,,,,,,,,,,,,,,,,,,,,,,,,,,,,
harrods,2025-11-05,https://www.harrods.com/api/rpc/getProductsByReferenceKeys?000000000007266584,https://www.harrods.com/en-gb/p/santoni-leather-carlos-loafers-000000000007266584,000000000007266584,Leather Carlos Loafers,Santoni,760.0,Y,,,,BROWN,11,,,Storefront,Shoes,Loafers & Moccasins,,,,,https://hrd-live.cdn.scayle.cloud/images/aa616b9388781107bb7658ff35a1e9c9.jpg,https://hrd-live.cdn.scayle.cloud/images/77afde59b91ba871c5218473334c6172.jpg,https://hrd-live.cdn.scayle.cloud/images/f05d673ebf0ffb741bc47ba93096e098.jpg,https://hrd-live.cdn.scayle.cloud/images/b435736fbfc3a4e283646495d562ba00.jpg,https://hrd-live.cdn.scayle.cloud/images/c2b9a3eece002599ba0a9a72f88769c2.jpg,"Blending Italian elegance with artisanal craftsmanship is Santoni, with the brand's signature Carlos loafers the ideal way to finish off your sharply tailored wardrobe. Crafted in Italy from the finest leather, the pair boasts a streamlined profile that lends itself seamlessly to an array of styling options.",Santoni has been crafting exemplary shoes since 1975.,,,,,,,,£760.0,760.0,specification,category,"Storefront, Storefront|Shoes, Storefront|Shoes|Loafers & Moccasins",specification,harrodsColour,Brown,specification,sizeGuideType,Shoes,specification,vendorColour,BROWN,specification,brand,Santoni,specification,gender,Male,specification,sizeGuideActivated,true,specification,name,Leather Carlos Loafers,specification,sAPBrand,SANTONI,,,,,,,,,,,,,,,,,,,,,,,,,,,,,,,,,
harrods,2025-11-05,https://www.harrods.com/api/rpc/getProductsByReferenceKeys?000000000007824911,https://www.harrods.com/en-gb/p/haikure-june-dive-denim-jacket-000000000007824911,000000000007824911,June Dive Denim Jacket,Haikure,490.0,Y,,,,C0105 DIVE BLUE WASH,XXS/XS,,,Storefront,Clothing,Denim,,,,,https://hrd-live.cdn.scayle.cloud/images/8a68271ce0550beafafa10e6fdd0f1bd.jpg,https://hrd-live.cdn.scayle.cloud/images/acd976c487c1e4a1871bb401152d3163.jpg,https://hrd-live.cdn.scayle.cloud/images/db86b9091e556fa6dc8220e9373039a0.jpg,https://hrd-live.cdn.scayle.cloud/images/158a92781820711f883e2b974a1efd2b.jpg,https://hrd-live.cdn.scayle.cloud/images/b8a0b7df0b95dfcb24839fb0038e49a7.jpg,"HAIKURE is known for combining its Italian craftsmanship with a contemporary, minimalist approach to reinvent staple silhouettes. The June Dive jacket, for example, takes the classic denim style and updates it with a relaxed fit, front darts and a fleece lining that promises to keep you warm during the transitional months.",Adjust the back straps to emphasise the cinched waistline.,,,,,,,,£490.0,490.0,specification,careInstructions,"Do not tumble dry, Machine wash",specification,gender,Female,specification,harrodsColour,Blue,specification,sAPBrand,HAIKURE,specification,sleeveType,Long sleeves,specification,category,"Storefront, Storefront|Clothing, Storefront|Clothing|Denim",specification,fitType,Relaxed fit,specification,vendorColour,C0105 DIVE BLUE WASH,specification,name,June Dive Denim Jacket,specification,modelSize,"Model is 178cm, a UK 8 and wears a S, M",specification,sizeGuideType,Clothing > Denim,specification,fasteningType,Zip fastening,specification,collarType,Spread collar,specification,brand,Haikure,specification,sizeGuideActivated,true,,,,,,,,,,,,,,,
harrods,2025-11-05,https://www.harrods.com/api/rpc/getProductsByReferenceKeys?000000000007824911,https://www.harrods.com/en-gb/p/haikure-june-dive-denim-jacket-000000000007824911,000000000007824911,June Dive Denim Jacket,Haikure,490.0,Y,,,,C0105 DIVE BLUE WASH,S/M,,,Storefront,Clothing,Denim,,,,,https://hrd-live.cdn.scayle.cloud/images/8a68271ce0550beafafa10e6fdd0f1bd.jpg,https://hrd-live.cdn.scayle.cloud/images/acd976c487c1e4a1871bb401152d3163.jpg,https://hrd-live.cdn.scayle.cloud/images/db86b9091e556fa6dc8220e9373039a0.jpg,https://hrd-live.cdn.scayle.cloud/images/158a92781820711f883e2b974a1efd2b.jpg,https://hrd-live.cdn.scayle.cloud/images/b8a0b7df0b95dfcb24839fb0038e49a7.jpg,"HAIKURE is known for combining its Italian craftsmanship with a contemporary, minimalist approach to reinvent staple silhouettes. The June Dive jacket, for example, takes the classic denim style and updates it with a relaxed fit, front darts and a fleece lining that promises to keep you warm during the transitional months.",Adjust the back straps to emphasise the cinched waistline.,,,,,,,,£490.0,490.0,specification,careInstructions,"Do not tumble dry, Machine wash",specification,gender,Female,specification,harrodsColour,Blue,specification,sAPBrand,HAIKURE,specification,sleeveType,Long sleeves,specification,category,"Storefront, Storefront|Clothing, Storefront|Clothing|Denim",specification,fitType,Relaxed fit,specification,vendorColour,C0105 DIVE BLUE WASH,specification,name,June Dive Denim Jacket,specification,modelSize,"Model is 178cm, a UK 8 and wears a S, M",specification,sizeGuideType,Clothing > Denim,specification,fasteningType,Zip fastening,specification,collarType,Spread collar,specification,brand,Haikure,specification,sizeGuideActivated,true,,,,,,,,,,,,,,,
harrods,2025-11-05,https://www.harrods.com/api/rpc/getProductsByReferenceKeys?000000000007824911,https://www.harrods.com/en-gb/p/haikure-june-dive-denim-jacket-000000000007824911,000000000007824911,June Dive Denim Jacket,Haikure,490.0,Y,,,,C0105 DIVE BLUE WASH,L/XL,,,Storefront,Clothing,Denim,,,,,https://hrd-live.cdn.scayle.cloud/images/8a68271ce0550beafafa10e6fdd0f1bd.jpg,https://hrd-live.cdn.scayle.cloud/images/acd976c487c1e4a1871bb401152d3163.jpg,https://hrd-live.cdn.scayle.cloud/images/db86b9091e556fa6dc8220e9373039a0.jpg,https://hrd-live.cdn.scayle.cloud/images/158a92781820711f883e2b974a1efd2b.jpg,https://hrd-live.cdn.scayle.cloud/images/b8a0b7df0b95dfcb24839fb0038e49a7.jpg,"HAIKURE is known for combining its Italian craftsmanship with a contemporary, minimalist approach to reinvent staple silhouettes. The June Dive jacket, for example, takes the classic denim style and updates it with a relaxed fit, front darts and a fleece lining that promises to keep you warm during the transitional months.",Adjust the back straps to emphasise the cinched waistline.,,,,,,,,£490.0,490.0,specification,careInstructions,"Do not tumble dry, Machine wash",specification,gender,Female,specification,harrodsColour,Blue,specification,sAPBrand,HAIKURE,specification,sleeveType,Long sleeves,specification,category,"Storefront, Storefront|Clothing, Storefront|Clothing|Denim",specification,fitType,Relaxed fit,specification,vendorColour,C0105 DIVE BLUE WASH,specification,name,June Dive Denim Jacket,specification,modelSize,"Model is 178cm, a UK 8 and wears a S, M",specification,sizeGuideType,Clothing > Denim,specification,fasteningType,Zip fastening,specification,collarType,Spread collar,specification,brand,Haikure,specification,sizeGuideActivated,true,,,,,,,,,,,,,,,
harrods,2025-11-05,https://www.harrods.com/api/rpc/getProductsByReferenceKeys?000000000007807407,https://www.harrods.com/en-gb/p/anine-bing-satin-stripe-coco-shirt-000000000007807407,000000000007807407,Satin Stripe Coco Shirt,ANINE BING,270.0,Y,,,,PRINT,L,,,Storefront,Clothing,Tops,,,,,https://hrd-live.cdn.scayle.cloud/images/be715120cfeba6b5da51fa86a154bd9d.jpg,https://hrd-live.cdn.scayle.cloud/images/45ddfadb567371e243f9c6c37d309cd8.jpg,https://hrd-live.cdn.scayle.cloud/images/af41bc0c644f036951ed0fd0e1025a59.jpg,https://hrd-live.cdn.scayle.cloud/images/b966323cb233144f64834e02bf32ddc4.jpg,https://hrd-live.cdn.scayle.cloud/images/ed0a4f22b9bc820734fafb44e89a337d.jpg,"ANINE BING proves stripes are here to stay with the Coco shirt. Crafted from lustrous satin, its vertical design evokes contemporary Mediterranean textiles, creating eye-catching focal points throughout. For an even bolder ensemble, pair it with the matching Elain trousers.",Classic stripes offer a subtle twist on perspective.,,,,,,,,£270.0,270.0,specification,careInstructions,Dry clean,specification,modelSize,"Model is 178cm, a UK 8 and wears a size S",specification,gender,Female,specification,vendorColour,PRINT,specification,name,Satin Stripe Coco Shirt,specification,brand,ANINE BING,specification,harrodsColour,Multi,specification,sleeveType,Short sleeves,specification,sAPBrand,ANINE BING,specification,sizeGuideActivated,true,specification,sizeGuideType,Clothing,specification,necklineType,Collar,specification,pattern,Striped design,specification,fasteningType,Button fastening,specification,category,"Storefront, Storefront|Clothing, Storefront|Clothing|Tops",,,,,,,,,,,,,,,
harrods,2025-11-05,https://www.harrods.com/api/rpc/getProductsByReferenceKeys?000000000007257925,https://www.harrods.com/en-gb/p/guerlain-parure-gold-skin-matte-foundation-000000000007257925,000000000007257925,Parure Gold Skin Matte Foundation,Guerlain,73.0,Y,,,,1N,OS,,,Storefront,Beauty,Beauty & Grooming,,,,,https://hrd-live.cdn.scayle.cloud/images/7e8351fd6e3dcad61dedfe4bbbab3343.jpg,https://hrd-live.cdn.scayle.cloud/images/6a620853c9bb0f95d3c8e584721c8649.jpg,https://hrd-live.cdn.scayle.cloud/images/612c13363703b560feba489b880bf030.jpg,https://hrd-live.cdn.scayle.cloud/images/a10d124517d34170cd6c912f1417d950.jpg,https://hrd-live.cdn.scayle.cloud/images/519b120b2d5a4e1898ce99cfd5490f79.jpg,"There’s only one way to describe Guerlain’s Parure Gold Skin foundation, and that’s a matte made in cosmetic heaven. Combining a touch of 24-karat gold with peony extract, this lightweight formula provides an unmatched youthful glow with each application.",Forget lightning in a bottle – how about a hint of 24-karat gold?,,,,,,,,£73.0,73.0,specification,category,"Storefront, Storefront|Beauty, Storefront|Beauty|Beauty & Grooming",specification,finishType,Matte finish,specification,gender,Female,specification,sAPBrand,GUERLAIN,specification,harrodsColour,Nude,specification,nonReturnable,true,specification,coverage,Full coverage,specification,name,Parure Gold Skin Matte Foundation,specification,vendorColour,1N,specification,brand,Guerlain,,,,,,,,,,,,,,,,,,,,,,,,,,,,,,
harrods,2025-11-05,https://www.harrods.com/api/rpc/getProductsByReferenceKeys?000000000007687028,https://www.harrods.com/en-gb/p/chloe-oversized-round-sunglasses-000000000007687028,000000000007687028,Oversized Round Sunglasses,Chloé,270.0,Y,,,,4402D1,OS,,,Storefront,Accessories,Sunglasses,,,,,https://hrd-live.cdn.scayle.cloud/images/521dca434c44edb5cfd75e7b6bbe96d5.jpg,https://hrd-live.cdn.scayle.cloud/images/54c34e3ea48149e2c78f5badf94bae3c.jpg,https://hrd-live.cdn.scayle.cloud/images/f3dcc68fb1243c94482328d87ab90d75.jpg,https://hrd-live.cdn.scayle.cloud/images/d0397b8918bad18e128538e0b98846b8.jpg,https://hrd-live.cdn.scayle.cloud/images/2359a45d83a64616188dbea2a9db374a.jpg,"Chloé sunglasses offer a fusion of Parisian elegance and modern design, while channelling the brand’s famed bohemian spirit. This pair, crafted from acetate and with meticulous attention to detail, exudes easy sophistication.",Timeless elegance meets modern appeal.,,,,,,,,£270.0,270.0,specification,brand,Chloé,specification,name,Oversized Round Sunglasses,specification,vendorColour,4402D1,specification,harrodsColour,Brown,specification,category,"Storefront, Storefront|Accessories, Storefront|Accessories|Sunglasses",specification,eyewearLensTint,Graduated tinted lenses,specification,uvProtection,100% UV protection,specification,gender,Female,specification,sAPBrand,CHLOE,,,,,,,,,,,,,,,,,,,,,,,,,,,,,,,,,
harrods,2025-11-05,https://www.harrods.com/api/rpc/getProductsByReferenceKeys?000000000007670739,https://www.harrods.com/en-gb/p/messika-yellow-gold-and-diamond-move-link-necklace-000000000007670739,000000000007670739,Yellow Gold and Diamond Move Link Necklace,Messika,15400.0,Y,,,,YELLOW GOLD,OS,,,Storefront,Jewellery & Watches,Necklaces,,,,,https://hrd-live.cdn.scayle.cloud/images/1e7ca72b8481c17b08d0b1738b20870c.jpg,https://hrd-live.cdn.scayle.cloud/images/e1a5f9022d2fa7b572b6e0d6e8af49c5.jpg,,,,"Messika’s Move Link collection is designed to make a statement. Genderless, assertive and voluminous, the pieces within balance the boldness of chain links with the elegance of shimmering gemstones. Take this necklace, for example; crafted from 18-karat gold, it’s embellished with diamonds within and upon its polished links.",Messika reinterprets the chain link necklace.,,,,,,,,£15400.0,15400.0,specification,name,Yellow Gold and Diamond Move Link Necklace,specification,vendorColour,YELLOW GOLD,specification,sAPBrand,MESSIKA,specification,brand,Messika,specification,hallmarking,TRUE,specification,harrodsColour,Gold,specification,category,"Storefront, Storefront|Jewellery & Watches, Storefront|Jewellery & Watches|Necklaces",specification,gender,Unisex,,,,,,,,,,,,,,,,,,,,,,,,,,,,,,,,,,,,
harrods,2025-11-05,https://www.harrods.com/api/rpc/getProductsByReferenceKeys?000000000007765185,https://www.harrods.com/en-gb/p/bugatti-set-of-4-en-cruz-pakka-serrated-steak-knives-000000000007765185,000000000007765185,Set of 4 En Cruz Pakka Serrated Steak Knives,Bugatti,109.0,Y,,,,STEEL,OS,,,Storefront,Home,Tableware,,,,,https://hrd-live.cdn.scayle.cloud/images/0b7bacd43ba7b74458cb0219caa77b95.jpg,https://hrd-live.cdn.scayle.cloud/images/70a3cd90820035d26ee3d4fb79ec537a.jpg,https://hrd-live.cdn.scayle.cloud/images/68adeb288c62feda78319594a1124f3d.jpg,,,"Premium quality meets considered, classic design with the En Cruz Pakka collection by Bugatti. Presented as a set of a four in a Bugatti box, this set of four steak knives combines handles in pakka wood – a durable, moisture and heat-resistant engineered wood and plastic composite, perfect for knives – with a serrated blade.",The finest tool with which to enjoy your steak.,,,,,,,,£109.0,109.0,specification,gender,Unisex,specification,inStoreOnly,true,specification,dishwasherSafe,Dishwasher safe,specification,sAPBrand,BUGATTI,specification,category,"Storefront, Storefront|Home, Storefront|Home|Tableware",specification,groupingType,C,specification,brand,Bugatti,specification,name,Set of 4 En Cruz Pakka Serrated Steak Knives,specification,microwaveSafe,Not suitable for microwave use,specification,vendorColour,STEEL,specification,harrodsColour,Metallic,,,,,,,,,,,,,,,,,,,,,,,,,,,
harrods,2025-11-05,https://www.harrods.com/api/rpc/getProductsByReferenceKeys?000000000007281721,https://www.harrods.com/en-gb/p/bernardaud-aux-oiseaux-bread-and-butter-plate-16cm-000000000007281721,000000000007281721,Aux Oiseaux Bread and Butter Plate (16cm),Bernardaud,100.0,Y,,,,MULTICOLORE,OS,,,Storefront,Home,Tableware,,,,,https://hrd-live.cdn.scayle.cloud/images/eb9cc35adb3515d3db65187aea6ecff6.jpg,https://hrd-live.cdn.scayle.cloud/images/55763a54d1c781dafbeeb84697932558.jpg,,,,"Family-run Bernardaud has been crafting exceptional decorative pieces within the French porcelain region of Limoges since 1863. Flourishing within its artisanal domain, Bernardaud now presents this handcrafted Aux Oiseaux bread and butter plate with a beautifully ornate butterfly and bird illustration adorning the glazed exterior.",Entertain your next guests with the perfect bread and butter plate from Bernardaud.,,,,,,,,£100.0,100.0,specification,harrodsColour,Multi,specification,gender,No Gender,specification,sAPBrand,BERNARDAUD,specification,name,Aux Oiseaux Bread and Butter Plate (16cm),specification,brand,Bernardaud,specification,category,"Storefront, Storefront|Home, Storefront|Home|Tableware",specification,microwaveSafe,Not suitable for microwave use,specification,dishwasherSafe,Dishwasher safe,specification,vendorColour,MULTICOLORE,,,,,,,,,,,,,,,,,,,,,,,,,,,,,,,,,
harrods,2025-11-05,https://www.harrods.com/api/rpc/getProductsByReferenceKeys?000000000007830309,https://www.harrods.com/en-gb/p/miki-house-colour-block-bunny-sweater-2-7-years-000000000007830309,000000000007830309,Colour-Block Bunny Sweater (2-7 Years),Miki House,260.0,Y,,,,8,2 yrs,,,Storefront,Kids Clothing,Tops,,,,,https://hrd-live.cdn.scayle.cloud/images/57509405fb70ef930b780564353a6621.jpg,https://hrd-live.cdn.scayle.cloud/images/4abf6fa769cc6abc3c4d3f7cd885e45b.jpg,https://hrd-live.cdn.scayle.cloud/images/b4d3fc96c81c30f105b41cbf6455634e.jpg,https://hrd-live.cdn.scayle.cloud/images/c8efd748a9d7290162f6e3ea754373e7.jpg,,"Miki House channels all the playfulness of childhood with this charming sweater. Set in a bright colour-block palette, this piece is knitted with a chunky ribbed construction.  Adorned with a smiling bunny motif, it exemplifies the brand’s commitment to the joys of growing up.",Step into the vibrant world of Miki House. ,,,,,,,,£260.0,260.0,specification,vendorColour,8,specification,harrodsColour,Pink,specification,sleeveType,Long sleeves,specification,necklineType,Crew neck,specification,sizeGuideActivated,true,specification,careInstructions,Machine wash,specification,category,"Storefront, Storefront|Kids Clothing, Storefront|Kids Clothing|Tops",specification,fasteningType,Button fastening,specification,name,Colour-Block Bunny Sweater (2-7 Years),specification,brand,Miki House,specification,sizeGuideType,Kids Clothing,specification,gender,Female,specification,sAPBrand,MIKI HOUSE,,,,,,,,,,,,,,,,,,,,,
harrods,2025-11-05,https://www.harrods.com/api/rpc/getProductsByReferenceKeys?000000000007830309,https://www.harrods.com/en-gb/p/miki-house-colour-block-bunny-sweater-2-7-years-000000000007830309,000000000007830309,Colour-Block Bunny Sweater (2-7 Years),Miki House,260.0,Y,,,,8,3 yrs,,,Storefront,Kids Clothing,Tops,,,,,https://hrd-live.cdn.scayle.cloud/images/57509405fb70ef930b780564353a6621.jpg,https://hrd-live.cdn.scayle.cloud/images/4abf6fa769cc6abc3c4d3f7cd885e45b.jpg,https://hrd-live.cdn.scayle.cloud/images/b4d3fc96c81c30f105b41cbf6455634e.jpg,https://hrd-live.cdn.scayle.cloud/images/c8efd748a9d7290162f6e3ea754373e7.jpg,,"Miki House channels all the playfulness of childhood with this charming sweater. Set in a bright colour-block palette, this piece is knitted with a chunky ribbed construction.  Adorned with a smiling bunny motif, it exemplifies the brand’s commitment to the joys of growing up.",Step into the vibrant world of Miki House. ,,,,,,,,£260.0,260.0,specification,vendorColour,8,specification,harrodsColour,Pink,specification,sleeveType,Long sleeves,specification,necklineType,Crew neck,specification,sizeGuideActivated,true,specification,careInstructions,Machine wash,specification,category,"Storefront, Storefront|Kids Clothing, Storefront|Kids Clothing|Tops",specification,fasteningType,Button fastening,specification,name,Colour-Block Bunny Sweater (2-7 Years),specification,brand,Miki House,specification,sizeGuideType,Kids Clothing,specification,gender,Female,specification,sAPBrand,MIKI HOUSE,,,,,,,,,,,,,,,,,,,,,
harrods,2025-11-05,https://www.harrods.com/api/rpc/getProductsByReferenceKeys?000000000007830309,https://www.harrods.com/en-gb/p/miki-house-colour-block-bunny-sweater-2-7-years-000000000007830309,000000000007830309,Colour-Block Bunny Sweater (2-7 Years),Miki House,260.0,Y,,,,8,4 yrs,,,Storefront,Kids Clothing,Tops,,,,,https://hrd-live.cdn.scayle.cloud/images/57509405fb70ef930b780564353a6621.jpg,https://hrd-live.cdn.scayle.cloud/images/4abf6fa769cc6abc3c4d3f7cd885e45b.jpg,https://hrd-live.cdn.scayle.cloud/images/b4d3fc96c81c30f105b41cbf6455634e.jpg,https://hrd-live.cdn.scayle.cloud/images/c8efd748a9d7290162f6e3ea754373e7.jpg,,"Miki House channels all the playfulness of childhood with this charming sweater. Set in a bright colour-block palette, this piece is knitted with a chunky ribbed construction.  Adorned with a smiling bunny motif, it exemplifies the brand’s commitment to the joys of growing up.",Step into the vibrant world of Miki House. ,,,,,,,,£260.0,260.0,specification,vendorColour,8,specification,harrodsColour,Pink,specification,sleeveType,Long sleeves,specification,necklineType,Crew neck,specification,sizeGuideActivated,true,specification,careInstructions,Machine wash,specification,category,"Storefront, Storefront|Kids Clothing, Storefront|Kids Clothing|Tops",specification,fasteningType,Button fastening,specification,name,Colour-Block Bunny Sweater (2-7 Years),specification,brand,Miki House,specification,sizeGuideType,Kids Clothing,specification,gender,Female,specification,sAPBrand,MIKI HOUSE,,,,,,,,,,,,,,,,,,,,,
harrods,2025-11-05,https://www.harrods.com/api/rpc/getProductsByReferenceKeys?000000000007830309,https://www.harrods.com/en-gb/p/miki-house-colour-block-bunny-sweater-2-7-years-000000000007830309,000000000007830309,Colour-Block Bunny Sweater (2-7 Years),Miki House,260.0,Y,,,,8,5 yrs,,,Storefront,Kids Clothing,Tops,,,,,https://hrd-live.cdn.scayle.cloud/images/57509405fb70ef930b780564353a6621.jpg,https://hrd-live.cdn.scayle.cloud/images/4abf6fa769cc6abc3c4d3f7cd885e45b.jpg,https://hrd-live.cdn.scayle.cloud/images/b4d3fc96c81c30f105b41cbf6455634e.jpg,https://hrd-live.cdn.scayle.cloud/images/c8efd748a9d7290162f6e3ea754373e7.jpg,,"Miki House channels all the playfulness of childhood with this charming sweater. Set in a bright colour-block palette, this piece is knitted with a chunky ribbed construction.  Adorned with a smiling bunny motif, it exemplifies the brand’s commitment to the joys of growing up.",Step into the vibrant world of Miki House. ,,,,,,,,£260.0,260.0,specification,vendorColour,8,specification,harrodsColour,Pink,specification,sleeveType,Long sleeves,specification,necklineType,Crew neck,specification,sizeGuideActivated,true,specification,careInstructions,Machine wash,specification,category,"Storefront, Storefront|Kids Clothing, Storefront|Kids Clothing|Tops",specification,fasteningType,Button fastening,specification,name,Colour-Block Bunny Sweater (2-7 Years),specification,brand,Miki House,specification,sizeGuideType,Kids Clothing,specification,gender,Female,specification,sAPBrand,MIKI HOUSE,,,,,,,,,,,,,,,,,,,,,
harrods,2025-11-05,https://www.harrods.com/api/rpc/getProductsByReferenceKeys?000000000007830309,https://www.harrods.com/en-gb/p/miki-house-colour-block-bunny-sweater-2-7-years-000000000007830309,000000000007830309,Colour-Block Bunny Sweater (2-7 Years),Miki House,260.0,Y,,,,8,7 yrs,,,Storefront,Kids Clothing,Tops,,,,,https://hrd-live.cdn.scayle.cloud/images/57509405fb70ef930b780564353a6621.jpg,https://hrd-live.cdn.scayle.cloud/images/4abf6fa769cc6abc3c4d3f7cd885e45b.jpg,https://hrd-live.cdn.scayle.cloud/images/b4d3fc96c81c30f105b41cbf6455634e.jpg,https://hrd-live.cdn.scayle.cloud/images/c8efd748a9d7290162f6e3ea754373e7.jpg,,"Miki House channels all the playfulness of childhood with this charming sweater. Set in a bright colour-block palette, this piece is knitted with a chunky ribbed construction.  Adorned with a smiling bunny motif, it exemplifies the brand’s commitment to the joys of growing up.",Step into the vibrant world of Miki House. ,,,,,,,,£260.0,260.0,specification,vendorColour,8,specification,harrodsColour,Pink,specification,sleeveType,Long sleeves,specification,necklineType,Crew neck,specification,sizeGuideActivated,true,specification,careInstructions,Machine wash,specification,category,"Storefront, Storefront|Kids Clothing, Storefront|Kids Clothing|Tops",specification,fasteningType,Button fastening,specification,name,Colour-Block Bunny Sweater (2-7 Years),specification,brand,Miki House,specification,sizeGuideType,Kids Clothing,specification,gender,Female,specification,sAPBrand,MIKI HOUSE,,,,,,,,,,,,,,,,,,,,,
harrods,2025-11-05,https://www.harrods.com/api/rpc/getProductsByReferenceKeys?000000000007693790,https://www.harrods.com/en-gb/p/valentino-garavani-mini-leather-vlogo-signature-bucket-bag-000000000007693790,000000000007693790,Mini Leather VLogo Signature Bucket Bag,Valentino Garavani,880.0,Y,,,,WTW,OS,,,Storefront,Bags,Mini Bags,,,,,https://hrd-live.cdn.scayle.cloud/images/ddeaa338e5bcd7072ec0f1e41cdfef59.jpg,https://hrd-live.cdn.scayle.cloud/images/e10e4c9eb803d97bfebee8aaa534d265.jpg,https://hrd-live.cdn.scayle.cloud/images/a08e741c8d90e81d9d76747dc8cffd49.jpg,https://hrd-live.cdn.scayle.cloud/images/6acd2817a5f16a2458eaafa7c91fb50b.jpg,https://hrd-live.cdn.scayle.cloud/images/860a49df536316f338b3dfd660ae1be5.jpg,"A miniature bucket bag in a pastel colourway, just in time for spring/summer. This Valentino Garavani piece is perfect for warm-weather adventures, flinging it over your shoulder for a cross-body look, leaving your hands free for the day. With just the right amount of flair to wear with summer dresses or a crisp jeans and T-shirt ensemble, this offering is a must-have.",A mini bag with not so mini style credentials.,,,,,,,,£880.0,880.0,specification,sizeGuideBrand,Valentino Garavani,specification,sAPBrand,VALENTINO GARAVANI,specification,gender,Female,specification,category,"Storefront, Storefront|Bags, Storefront|Bags|Mini Bags",specification,brand,Valentino Garavani,specification,name,Mini Leather VLogo Signature Bucket Bag,specification,hardwareDetail,Gold-tone hardware,specification,harrodsColour,Grey,specification,strapDetail,Adjustable strap,specification,fasteningType,Drawstring fastening,specification,vendorColour,WTW,,,,,,,,,,,,,,,,,,,,,,,,,,,
harrods,2025-11-05,https://www.harrods.com/api/rpc/getProductsByReferenceKeys?000000000007776924,https://www.harrods.com/en-gb/p/mcqueen-leather-tassel-charm-000000000007776924,000000000007776924,Leather Tassel Charm,McQueen,350.0,Y,,,,4900,OS,,,Storefront,Accessories,Keyrings & Chains,,,,,https://hrd-live.cdn.scayle.cloud/images/f04b929749f8a97f9185b10284aa2e41.jpg,https://hrd-live.cdn.scayle.cloud/images/dccabdd31e51e10416735bb065689884.jpg,https://hrd-live.cdn.scayle.cloud/images/24a19a784a22606aa6f2c673f2c377b7.jpg,https://hrd-live.cdn.scayle.cloud/images/b8448d5ad5e873c00997ddeea867db32.jpg,,"Tactile and made from premium nappa lambskin, this tassel charm from McQueen will elevate anything it’s clipped on to. 	Note how the silver-tone brass is embossed with the brand’s moniker, a subtle but proud display of this accessory’s British heritage. ",Bring a touch of McQueen elegance with every trip you take.,,,,,,,,£350.0,350.0,specification,gender,Female,specification,vendorColour,4900,specification,fasteningType,Clip fastening,specification,category,"Storefront, Storefront|Accessories, Storefront|Accessories|Keyrings & Chains",specification,harrodsColour,Blue,specification,brand,McQueen,specification,name,Leather Tassel Charm,specification,hardwareDetail,Silver-tone hardware,specification,sAPBrand,ALEXANDER MCQUEEN,,,,,,,,,,,,,,,,,,,,,,,,,,,,,,,,,
harrods,2025-11-05,https://www.harrods.com/api/rpc/getProductsByReferenceKeys?000000000006633604,https://www.harrods.com/en-gb/p/suqqu-nude-wear-liquid-foundation-000000000006633604,000000000006633604,Nude Wear Liquid Foundation,Suqqu,48.0,Y,,,,025,OS,,,Storefront,Beauty,Makeup,,,,,https://hrd-live.cdn.scayle.cloud/images/afb695376a885336def318534af6e3e9.jpg,https://hrd-live.cdn.scayle.cloud/images/5280053a1190e96ef0d42cf632e72257.jpg,https://hrd-live.cdn.scayle.cloud/images/4b94364ccdfc338563047238a72e266d.jpg,,,"Creating the illusion of bare skin with a luminous natural finish, SUQQU's Nude Wear liquid foundation features a fluid application for a breathtakingly lightweight feel. Including high-reflection oils technology for enhanced radiance and glow, this foundation also cares for skin with a selection of premium ingredients that promote anti-aging while moisturising, resulting in a beautifully smooth finish that lasts all day.","Including high-reflect oil technology, this foundation will give you an enhanced glow.",,,,,,,,£48.0,48.0,specification,gender,Female,specification,sAPBrand,SUQQU,specification,harrodsColour,Neutral,specification,nonReturnable,true,specification,finishType,Luminous finish,specification,category,"Storefront, Storefront|Beauty, Storefront|Beauty|Makeup",specification,brand,Suqqu,specification,vendorColour,025,specification,name,Nude Wear Liquid Foundation,specification,groupingType,C,,,,,,,,,,,,,,,,,,,,,,,,,,,,,,
harrods,2025-11-05,https://www.harrods.com/api/rpc/getProductsByReferenceKeys?000000000007850647,https://www.harrods.com/en-gb/p/estee-lauder-skincare-superstars-beauty-of-the-night-gift-set-000000000007850647,000000000007850647,Skincare Superstars Beauty of the Night Gift Set,Estée Lauder,50.0,Y,100.0,Y,50% OFF,NO COLOUR,OS,,,Storefront,Beauty,Skincare,,,,,https://hrd-live.cdn.scayle.cloud/images/947a35102cbec9c0aeffe440c778efc8.jpg,https://hrd-live.cdn.scayle.cloud/images/a4f66c4ca305086c8e4d171302c9d84a.jpg,https://hrd-live.cdn.scayle.cloud/images/5740f23a40f08b8f8e881c6333dcec12.jpg,,,"Estée Lauder presents the Skincare Superstars Beauty of the Night set to invigorate your complexion through this year's festive season and beyond. The selection features six of the brand’s most iconic formulas that work to deeply hydrate, revitalise and restore the complexion while boosting radiance. Designed to be used both day and night, it is destined to elevate your skincare routine.",A glowing complexion is just six steps away thanks to Estée Lauder.,,,,,,Y,,£50.0,50.0,specification,category,"Storefront, Storefront|Beauty, Storefront|Beauty|Skincare",specification,skinType,Suitable for all skin types,specification,harrodsColour,No Colour,specification,name,Skincare Superstars Beauty of the Night Gift Set,specification,gender,Female,specification,sAPBrand,ESTEE LAUDER,specification,contentTags,"Brand Of The Month, Christmas Edition",specification,brand,Estée Lauder,specification,vendorColour,NO COLOUR,specification,nonReturnable,true,,,,,,,,,,,,,,,,,,,,,,,,,,,,,,
harrods,2025-11-05,https://www.harrods.com/api/rpc/getProductsByReferenceKeys?000000000007813909,https://www.harrods.com/en-gb/p/tartine-et-chocolat-cotton-embroidered-polo-shirt-3-months-4-years-000000000007813909,000000000007813909,Cotton Embroidered Polo Shirt (3 Months-4 Years),Tartine et Chocolat,74.95,Y,,,,13NACRE,4 yrs,,,Storefront,Baby Clothing,Tops,,,,,https://hrd-live.cdn.scayle.cloud/images/cbce4a7acc1446a9b6a286215a2ad91d.jpg,https://hrd-live.cdn.scayle.cloud/images/7f2ce17f4e4e492a5af54552e3703665.jpg,https://hrd-live.cdn.scayle.cloud/images/5fbf1c681193b7e7eea0a638ec5cbd4e.jpg,,,"Tartine et Chocolat proudly translates classic French elegance for the youngest connoisseurs of fashion. This polo shirt echoes that design sensibility through its clean navy and white scheme, finished with the label’s mascot on the chest – Léon the hedgehog.",The soft cotton piqué most certainly won’t prick.,,,,,,,,£74.95,74.95,specification,name,Cotton Embroidered Polo Shirt (3 Months-4 Years),specification,category,"Storefront, Storefront|Baby Clothing, Storefront|Baby Clothing|Tops",specification,harrodsColour,Ivory,specification,sizeGuideType,Baby Clothing,specification,gender,Male,specification,necklineType,Collar,specification,sleeveType,Long sleeves,specification,sAPBrand,TARTINE ET CHOCOLAT,specification,sizeGuideActivated,true,specification,fasteningType,Button fastening,specification,brand,Tartine et Chocolat,specification,vendorColour,13NACRE,specification,careInstructions,Machine wash,,,,,,,,,,,,,,,,,,,,,
harrods,2025-11-05,https://www.harrods.com/api/rpc/getProductsByReferenceKeys?000000000007813909,https://www.harrods.com/en-gb/p/tartine-et-chocolat-cotton-embroidered-polo-shirt-3-months-4-years-000000000007813909,000000000007813909,Cotton Embroidered Polo Shirt (3 Months-4 Years),Tartine et Chocolat,69.95,Y,,,,13NACRE,3 yrs,,,Storefront,Baby Clothing,Tops,,,,,https://hrd-live.cdn.scayle.cloud/images/cbce4a7acc1446a9b6a286215a2ad91d.jpg,https://hrd-live.cdn.scayle.cloud/images/7f2ce17f4e4e492a5af54552e3703665.jpg,https://hrd-live.cdn.scayle.cloud/images/5fbf1c681193b7e7eea0a638ec5cbd4e.jpg,,,"Tartine et Chocolat proudly translates classic French elegance for the youngest connoisseurs of fashion. This polo shirt echoes that design sensibility through its clean navy and white scheme, finished with the label’s mascot on the chest – Léon the hedgehog.",The soft cotton piqué most certainly won’t prick.,,,,,,,,£69.95,69.95,specification,name,Cotton Embroidered Polo Shirt (3 Months-4 Years),specification,category,"Storefront, Storefront|Baby Clothing, Storefront|Baby Clothing|Tops",specification,harrodsColour,Ivory,specification,sizeGuideType,Baby Clothing,specification,gender,Male,specification,necklineType,Collar,specification,sleeveType,Long sleeves,specification,sAPBrand,TARTINE ET CHOCOLAT,specification,sizeGuideActivated,true,specification,fasteningType,Button fastening,specification,brand,Tartine et Chocolat,specification,vendorColour,13NACRE,specification,careInstructions,Machine wash,,,,,,,,,,,,,,,,,,,,,
harrods,2025-11-05,https://www.harrods.com/api/rpc/getProductsByReferenceKeys?000000000007813909,https://www.harrods.com/en-gb/p/tartine-et-chocolat-cotton-embroidered-polo-shirt-3-months-4-years-000000000007813909,000000000007813909,Cotton Embroidered Polo Shirt (3 Months-4 Years),Tartine et Chocolat,69.95,Y,,,,13NACRE,2 yrs,,,Storefront,Baby Clothing,Tops,,,,,https://hrd-live.cdn.scayle.cloud/images/cbce4a7acc1446a9b6a286215a2ad91d.jpg,https://hrd-live.cdn.scayle.cloud/images/7f2ce17f4e4e492a5af54552e3703665.jpg,https://hrd-live.cdn.scayle.cloud/images/5fbf1c681193b7e7eea0a638ec5cbd4e.jpg,,,"Tartine et Chocolat proudly translates classic French elegance for the youngest connoisseurs of fashion. This polo shirt echoes that design sensibility through its clean navy and white scheme, finished with the label’s mascot on the chest – Léon the hedgehog.",The soft cotton piqué most certainly won’t prick.,,,,,,,,£69.95,69.95,specification,name,Cotton Embroidered Polo Shirt (3 Months-4 Years),specification,category,"Storefront, Storefront|Baby Clothing, Storefront|Baby Clothing|Tops",specification,harrodsColour,Ivory,specification,sizeGuideType,Baby Clothing,specification,gender,Male,specification,necklineType,Collar,specification,sleeveType,Long sleeves,specification,sAPBrand,TARTINE ET CHOCOLAT,specification,sizeGuideActivated,true,specification,fasteningType,Button fastening,specification,brand,Tartine et Chocolat,specification,vendorColour,13NACRE,specification,careInstructions,Machine wash,,,,,,,,,,,,,,,,,,,,,
harrods,2025-11-05,https://www.harrods.com/api/rpc/getProductsByReferenceKeys?000000000007813909,https://www.harrods.com/en-gb/p/tartine-et-chocolat-cotton-embroidered-polo-shirt-3-months-4-years-000000000007813909,000000000007813909,Cotton Embroidered Polo Shirt (3 Months-4 Years),Tartine et Chocolat,69.95,Y,,,,13NACRE,18 mth,,,Storefront,Baby Clothing,Tops,,,,,https://hrd-live.cdn.scayle.cloud/images/cbce4a7acc1446a9b6a286215a2ad91d.jpg,https://hrd-live.cdn.scayle.cloud/images/7f2ce17f4e4e492a5af54552e3703665.jpg,https://hrd-live.cdn.scayle.cloud/images/5fbf1c681193b7e7eea0a638ec5cbd4e.jpg,,,"Tartine et Chocolat proudly translates classic French elegance for the youngest connoisseurs of fashion. This polo shirt echoes that design sensibility through its clean navy and white scheme, finished with the label’s mascot on the chest – Léon the hedgehog.",The soft cotton piqué most certainly won’t prick.,,,,,,,,£69.95,69.95,specification,name,Cotton Embroidered Polo Shirt (3 Months-4 Years),specification,category,"Storefront, Storefront|Baby Clothing, Storefront|Baby Clothing|Tops",specification,harrodsColour,Ivory,specification,sizeGuideType,Baby Clothing,specification,gender,Male,specification,necklineType,Collar,specification,sleeveType,Long sleeves,specification,sAPBrand,TARTINE ET CHOCOLAT,specification,sizeGuideActivated,true,specification,fasteningType,Button fastening,specification,brand,Tartine et Chocolat,specification,vendorColour,13NACRE,specification,careInstructions,Machine wash,,,,,,,,,,,,,,,,,,,,,
harrods,2025-11-05,https://www.harrods.com/api/rpc/getProductsByReferenceKeys?000000000007813909,https://www.harrods.com/en-gb/p/tartine-et-chocolat-cotton-embroidered-polo-shirt-3-months-4-years-000000000007813909,000000000007813909,Cotton Embroidered Polo Shirt (3 Months-4 Years),Tartine et Chocolat,64.95,Y,,,,13NACRE,1 yrs,,,Storefront,Baby Clothing,Tops,,,,,https://hrd-live.cdn.scayle.cloud/images/cbce4a7acc1446a9b6a286215a2ad91d.jpg,https://hrd-live.cdn.scayle.cloud/images/7f2ce17f4e4e492a5af54552e3703665.jpg,https://hrd-live.cdn.scayle.cloud/images/5fbf1c681193b7e7eea0a638ec5cbd4e.jpg,,,"Tartine et Chocolat proudly translates classic French elegance for the youngest connoisseurs of fashion. This polo shirt echoes that design sensibility through its clean navy and white scheme, finished with the label’s mascot on the chest – Léon the hedgehog.",The soft cotton piqué most certainly won’t prick.,,,,,,,,£64.95,64.95,specification,name,Cotton Embroidered Polo Shirt (3 Months-4 Years),specification,category,"Storefront, Storefront|Baby Clothing, Storefront|Baby Clothing|Tops",specification,harrodsColour,Ivory,specification,sizeGuideType,Baby Clothing,specification,gender,Male,specification,necklineType,Collar,specification,sleeveType,Long sleeves,specification,sAPBrand,TARTINE ET CHOCOLAT,specification,sizeGuideActivated,true,specification,fasteningType,Button fastening,specification,brand,Tartine et Chocolat,specification,vendorColour,13NACRE,specification,careInstructions,Machine wash,,,,,,,,,,,,,,,,,,,,,
harrods,2025-11-05,https://www.harrods.com/api/rpc/getProductsByReferenceKeys?000000000007813909,https://www.harrods.com/en-gb/p/tartine-et-chocolat-cotton-embroidered-polo-shirt-3-months-4-years-000000000007813909,000000000007813909,Cotton Embroidered Polo Shirt (3 Months-4 Years),Tartine et Chocolat,64.95,Y,,,,13NACRE,9 mth,,,Storefront,Baby Clothing,Tops,,,,,https://hrd-live.cdn.scayle.cloud/images/cbce4a7acc1446a9b6a286215a2ad91d.jpg,https://hrd-live.cdn.scayle.cloud/images/7f2ce17f4e4e492a5af54552e3703665.jpg,https://hrd-live.cdn.scayle.cloud/images/5fbf1c681193b7e7eea0a638ec5cbd4e.jpg,,,"Tartine et Chocolat proudly translates classic French elegance for the youngest connoisseurs of fashion. This polo shirt echoes that design sensibility through its clean navy and white scheme, finished with the label’s mascot on the chest – Léon the hedgehog.",The soft cotton piqué most certainly won’t prick.,,,,,,,,£64.95,64.95,specification,name,Cotton Embroidered Polo Shirt (3 Months-4 Years),specification,category,"Storefront, Storefront|Baby Clothing, Storefront|Baby Clothing|Tops",specification,harrodsColour,Ivory,specification,sizeGuideType,Baby Clothing,specification,gender,Male,specification,necklineType,Collar,specification,sleeveType,Long sleeves,specification,sAPBrand,TARTINE ET CHOCOLAT,specification,sizeGuideActivated,true,specification,fasteningType,Button fastening,specification,brand,Tartine et Chocolat,specification,vendorColour,13NACRE,specification,careInstructions,Machine wash,,,,,,,,,,,,,,,,,,,,,
harrods,2025-11-05,https://www.harrods.com/api/rpc/getProductsByReferenceKeys?000000000007813909,https://www.harrods.com/en-gb/p/tartine-et-chocolat-cotton-embroidered-polo-shirt-3-months-4-years-000000000007813909,000000000007813909,Cotton Embroidered Polo Shirt (3 Months-4 Years),Tartine et Chocolat,64.95,Y,,,,13NACRE,6 mth,,,Storefront,Baby Clothing,Tops,,,,,https://hrd-live.cdn.scayle.cloud/images/cbce4a7acc1446a9b6a286215a2ad91d.jpg,https://hrd-live.cdn.scayle.cloud/images/7f2ce17f4e4e492a5af54552e3703665.jpg,https://hrd-live.cdn.scayle.cloud/images/5fbf1c681193b7e7eea0a638ec5cbd4e.jpg,,,"Tartine et Chocolat proudly translates classic French elegance for the youngest connoisseurs of fashion. This polo shirt echoes that design sensibility through its clean navy and white scheme, finished with the label’s mascot on the chest – Léon the hedgehog.",The soft cotton piqué most certainly won’t prick.,,,,,,,,£64.95,64.95,specification,name,Cotton Embroidered Polo Shirt (3 Months-4 Years),specification,category,"Storefront, Storefront|Baby Clothing, Storefront|Baby Clothing|Tops",specification,harrodsColour,Ivory,specification,sizeGuideType,Baby Clothing,specification,gender,Male,specification,necklineType,Collar,specification,sleeveType,Long sleeves,specification,sAPBrand,TARTINE ET CHOCOLAT,specification,sizeGuideActivated,true,specification,fasteningType,Button fastening,specification,brand,Tartine et Chocolat,specification,vendorColour,13NACRE,specification,careInstructions,Machine wash,,,,,,,,,,,,,,,,,,,,,
harrods,2025-11-05,https://www.harrods.com/api/rpc/getProductsByReferenceKeys?000000000007813909,https://www.harrods.com/en-gb/p/tartine-et-chocolat-cotton-embroidered-polo-shirt-3-months-4-years-000000000007813909,000000000007813909,Cotton Embroidered Polo Shirt (3 Months-4 Years),Tartine et Chocolat,64.95,Y,,,,13NACRE,3 mth,,,Storefront,Baby Clothing,Tops,,,,,https://hrd-live.cdn.scayle.cloud/images/cbce4a7acc1446a9b6a286215a2ad91d.jpg,https://hrd-live.cdn.scayle.cloud/images/7f2ce17f4e4e492a5af54552e3703665.jpg,https://hrd-live.cdn.scayle.cloud/images/5fbf1c681193b7e7eea0a638ec5cbd4e.jpg,,,"Tartine et Chocolat proudly translates classic French elegance for the youngest connoisseurs of fashion. This polo shirt echoes that design sensibility through its clean navy and white scheme, finished with the label’s mascot on the chest – Léon the hedgehog.",The soft cotton piqué most certainly won’t prick.,,,,,,,,£64.95,64.95,specification,name,Cotton Embroidered Polo Shirt (3 Months-4 Years),specification,category,"Storefront, Storefront|Baby Clothing, Storefront|Baby Clothing|Tops",specification,harrodsColour,Ivory,specification,sizeGuideType,Baby Clothing,specification,gender,Male,specification,necklineType,Collar,specification,sleeveType,Long sleeves,specification,sAPBrand,TARTINE ET CHOCOLAT,specification,sizeGuideActivated,true,specification,fasteningType,Button fastening,specification,brand,Tartine et Chocolat,specification,vendorColour,13NACRE,specification,careInstructions,Machine wash,,,,,,,,,,,,,,,,,,,,,
harrods,2025-11-05,https://www.harrods.com/api/rpc/getProductsByReferenceKeys?000000000007725314,https://www.harrods.com/en-gb/p/boss-cotton-short-sleeve-ever-x-polo-shirt-000000000007725314,000000000007725314,Cotton Short-Sleeve Ever-X Polo Shirt,BOSS,129.0,Y,,,,026DARK GREY,XL,,,Storefront,Clothing,Polo Shirts,,,,,https://hrd-live.cdn.scayle.cloud/images/c991900e7ccdad015f095807ef6ab8d4.jpg,https://hrd-live.cdn.scayle.cloud/images/033db09a23f5ad289016c9960a648189.jpg,https://hrd-live.cdn.scayle.cloud/images/b2069b14d594775c701013d64cae5578.jpg,https://hrd-live.cdn.scayle.cloud/images/91115b8da7f63149aff6a8fae58a7e76.jpg,https://hrd-live.cdn.scayle.cloud/images/de9256996834a861ff185cb26f3dd3e8.jpg,"For a refined take on sportswear, consider BOSS: its extensive heritage in tailoring delivers ergonomic, slimmed-down fits equally fit for the office and the golf course. The Ever-X polo shirt, for example, features a pure cotton composition with knitted details at the hems, sleeves and shoulders, allowing for easy movement as you go about your day.",The BOSS name continues to symbolise impeccable quality and sharp style.,,,,,,,,£129.0,129.0,specification,sAPBrand,BOSS GREEN,specification,name,Cotton Short-Sleeve Ever-X Polo Shirt,specification,sleeveType,Short sleeves,specification,groupingType,C,specification,category,"Storefront, Storefront|Clothing, Storefront|Clothing|Polo Shirts",specification,collarType,Spread collar,specification,fitType,Regular fit,specification,harrodsColour,Grey,specification,brand,BOSS,specification,modelSize,Model is 188cm and wears a size M,specification,vendorColour,026DARK GREY,specification,sizeGuideType,Clothing,specification,careInstructions,"Do not tumble dry, Machine wash",specification,gender,Male,specification,fasteningType,Zip fastening,specification,sizeGuideActivated,true,,,,,,,,,,,,
harrods,2025-11-05,https://www.harrods.com/api/rpc/getProductsByReferenceKeys?000000000007725314,https://www.harrods.com/en-gb/p/boss-cotton-short-sleeve-ever-x-polo-shirt-000000000007725314,000000000007725314,Cotton Short-Sleeve Ever-X Polo Shirt,BOSS,129.0,Y,,,,026DARK GREY,L,,,Storefront,Clothing,Polo Shirts,,,,,https://hrd-live.cdn.scayle.cloud/images/c991900e7ccdad015f095807ef6ab8d4.jpg,https://hrd-live.cdn.scayle.cloud/images/033db09a23f5ad289016c9960a648189.jpg,https://hrd-live.cdn.scayle.cloud/images/b2069b14d594775c701013d64cae5578.jpg,https://hrd-live.cdn.scayle.cloud/images/91115b8da7f63149aff6a8fae58a7e76.jpg,https://hrd-live.cdn.scayle.cloud/images/de9256996834a861ff185cb26f3dd3e8.jpg,"For a refined take on sportswear, consider BOSS: its extensive heritage in tailoring delivers ergonomic, slimmed-down fits equally fit for the office and the golf course. The Ever-X polo shirt, for example, features a pure cotton composition with knitted details at the hems, sleeves and shoulders, allowing for easy movement as you go about your day.",The BOSS name continues to symbolise impeccable quality and sharp style.,,,,,,,,£129.0,129.0,specification,sAPBrand,BOSS GREEN,specification,name,Cotton Short-Sleeve Ever-X Polo Shirt,specification,sleeveType,Short sleeves,specification,groupingType,C,specification,category,"Storefront, Storefront|Clothing, Storefront|Clothing|Polo Shirts",specification,collarType,Spread collar,specification,fitType,Regular fit,specification,harrodsColour,Grey,specification,brand,BOSS,specification,modelSize,Model is 188cm and wears a size M,specification,vendorColour,026DARK GREY,specification,sizeGuideType,Clothing,specification,careInstructions,"Do not tumble dry, Machine wash",specification,gender,Male,specification,fasteningType,Zip fastening,specification,sizeGuideActivated,true,,,,,,,,,,,,
harrods,2025-11-05,https://www.harrods.com/api/rpc/getProductsByReferenceKeys?000000000007725314,https://www.harrods.com/en-gb/p/boss-cotton-short-sleeve-ever-x-polo-shirt-000000000007725314,000000000007725314,Cotton Short-Sleeve Ever-X Polo Shirt,BOSS,129.0,Y,,,,026DARK GREY,M,,,Storefront,Clothing,Polo Shirts,,,,,https://hrd-live.cdn.scayle.cloud/images/c991900e7ccdad015f095807ef6ab8d4.jpg,https://hrd-live.cdn.scayle.cloud/images/033db09a23f5ad289016c9960a648189.jpg,https://hrd-live.cdn.scayle.cloud/images/b2069b14d594775c701013d64cae5578.jpg,https://hrd-live.cdn.scayle.cloud/images/91115b8da7f63149aff6a8fae58a7e76.jpg,https://hrd-live.cdn.scayle.cloud/images/de9256996834a861ff185cb26f3dd3e8.jpg,"For a refined take on sportswear, consider BOSS: its extensive heritage in tailoring delivers ergonomic, slimmed-down fits equally fit for the office and the golf course. The Ever-X polo shirt, for example, features a pure cotton composition with knitted details at the hems, sleeves and shoulders, allowing for easy movement as you go about your day.",The BOSS name continues to symbolise impeccable quality and sharp style.,,,,,,,,£129.0,129.0,specification,sAPBrand,BOSS GREEN,specification,name,Cotton Short-Sleeve Ever-X Polo Shirt,specification,sleeveType,Short sleeves,specification,groupingType,C,specification,category,"Storefront, Storefront|Clothing, Storefront|Clothing|Polo Shirts",specification,collarType,Spread collar,specification,fitType,Regular fit,specification,harrodsColour,Grey,specification,brand,BOSS,specification,modelSize,Model is 188cm and wears a size M,specification,vendorColour,026DARK GREY,specification,sizeGuideType,Clothing,specification,careInstructions,"Do not tumble dry, Machine wash",specification,gender,Male,specification,fasteningType,Zip fastening,specification,sizeGuideActivated,true,,,,,,,,,,,,
harrods,2025-11-05,https://www.harrods.com/api/rpc/getProductsByReferenceKeys?000000000007725314,https://www.harrods.com/en-gb/p/boss-cotton-short-sleeve-ever-x-polo-shirt-000000000007725314,000000000007725314,Cotton Short-Sleeve Ever-X Polo Shirt,BOSS,129.0,Y,,,,026DARK GREY,S,,,Storefront,Clothing,Polo Shirts,,,,,https://hrd-live.cdn.scayle.cloud/images/c991900e7ccdad015f095807ef6ab8d4.jpg,https://hrd-live.cdn.scayle.cloud/images/033db09a23f5ad289016c9960a648189.jpg,https://hrd-live.cdn.scayle.cloud/images/b2069b14d594775c701013d64cae5578.jpg,https://hrd-live.cdn.scayle.cloud/images/91115b8da7f63149aff6a8fae58a7e76.jpg,https://hrd-live.cdn.scayle.cloud/images/de9256996834a861ff185cb26f3dd3e8.jpg,"For a refined take on sportswear, consider BOSS: its extensive heritage in tailoring delivers ergonomic, slimmed-down fits equally fit for the office and the golf course. The Ever-X polo shirt, for example, features a pure cotton composition with knitted details at the hems, sleeves and shoulders, allowing for easy movement as you go about your day.",The BOSS name continues to symbolise impeccable quality and sharp style.,,,,,,,,£129.0,129.0,specification,sAPBrand,BOSS GREEN,specification,name,Cotton Short-Sleeve Ever-X Polo Shirt,specification,sleeveType,Short sleeves,specification,groupingType,C,specification,category,"Storefront, Storefront|Clothing, Storefront|Clothing|Polo Shirts",specification,collarType,Spread collar,specification,fitType,Regular fit,specification,harrodsColour,Grey,specification,brand,BOSS,specification,modelSize,Model is 188cm and wears a size M,specification,vendorColour,026DARK GREY,specification,sizeGuideType,Clothing,specification,careInstructions,"Do not tumble dry, Machine wash",specification,gender,Male,specification,fasteningType,Zip fastening,specification,sizeGuideActivated,true,,,,,,,,,,,,
harrods,2025-11-05,https://www.harrods.com/api/rpc/getProductsByReferenceKeys?000000000007506640,https://www.harrods.com/en-gb/p/alexandre-turpault-linen-embroidered-tablecloth-170cm-x-250cm-000000000007506640,000000000007506640,Linen Embroidered Tablecloth (170cm x 250cm),Alexandre Turpault,472.0,Y,,,,SIUGE SR,OS,,,Storefront,Home,Tableware,,,,,https://hrd-live.cdn.scayle.cloud/images/1a242aab261245bb61ebd9f1a8226d74.jpg,https://hrd-live.cdn.scayle.cloud/images/a70c76cff4dc5337b4c7382726c17479.jpg,https://hrd-live.cdn.scayle.cloud/images/d76b82b60ca7d7d358d519a79c699a03.jpg,https://hrd-live.cdn.scayle.cloud/images/82c21cff48ba26a437f197e1243e2f85.jpg,https://hrd-live.cdn.scayle.cloud/images/3f4bbb96a631fc0ec41f7ee554031bf9.jpg,"Few things are more synonymous with French style than hand-stitched embroidery, which provides ample explanation for the finish of this linen tablecloth from Alexandre Turpault. Embellished with winding vines and inlaid with golden thread for an opulent finish, this unique dining adornment will bring instant elevation to every occasion.",The label has produced handstitched tablecloths for 170 years.,,,,,,,,£472.0,472.0,specification,vendorColour,SIUGE SR,specification,name,Linen Embroidered Tablecloth (170cm x 250cm),specification,gender,No Gender,specification,category,"Storefront, Storefront|Home, Storefront|Home|Tableware",specification,careInstructions,"Do not tumble dry, Machine wash",specification,harrodsColour,Silver,specification,sAPBrand,ALEXANDRE TURPAULT,specification,brand,Alexandre Turpault,,,,,,,,,,,,,,,,,,,,,,,,,,,,,,,,,,,,
harrods,2025-11-05,https://www.harrods.com/api/rpc/getProductsByReferenceKeys?000000000007739496,https://www.harrods.com/en-gb/p/harrods-bone-china-toile-platter-36cm-000000000007739496,000000000007739496,Bone China Toile Platter (36cm),Harrods,70.0,Y,,,,PINK,OS,,,Storefront,Home,Tableware,,,,,https://hrd-live.cdn.scayle.cloud/images/22ae0e64dde89486204d0e56645db96d.jpg,https://hrd-live.cdn.scayle.cloud/images/92fd19349f226659ca6e914ade1fb2b7.jpg,https://hrd-live.cdn.scayle.cloud/images/2e5db51b27562100e1fd9ceeb4ae8fa4.jpg,https://hrd-live.cdn.scayle.cloud/images/fbd312ae7fea45fb69279a24783bb2b7.jpg,,"Elevate every dining experience with this platter from Harrods. Crafted from the finest bone china, it’s decorated with all manner of flora and fauna – a pattern inspired by a pastoral print that originated in 18th-century France – which dances beautifully across the surface. It’s a delicate and elegant design that sets the perfect tone for every indulgent feast. ",Bring a touch of nature and serenity to your tableware with this collection. ,,,,,,,,£70.0,70.0,specification,harrodsColour,Pink,specification,groupingType,C,specification,gender,Unisex,specification,vendorColour,PINK,specification,category,"Storefront, Storefront|Home, Storefront|Home|Tableware",specification,careInstructions,Hand wash,specification,dishwasherSafe,Not suitable for dishwasher use,specification,name,Bone China Toile Platter (36cm),specification,brand,Harrods,specification,sAPBrand,HARRODS,specification,microwaveSafe,Not suitable for microwave use,,,,,,,,,,,,,,,,,,,,,,,,,,,
harrods,2025-11-05,https://www.harrods.com/api/rpc/getProductsByReferenceKeys?000000000007807243,https://www.harrods.com/en-gb/p/maison-margiela-replica-sneakers-000000000007807243,000000000007807243,Replica Sneakers,Maison Margiela,620.0,Y,,,,BEIGE COMB,41 IT,,,Storefront,Shoes,Trainers,,,,,https://hrd-live.cdn.scayle.cloud/images/6ef2fd37007d65f35cc3ebfaaf131874.jpg,https://hrd-live.cdn.scayle.cloud/images/3fd9822c28b413a6859658740078f12d.jpg,https://hrd-live.cdn.scayle.cloud/images/f6cd82cecfbf83ef7cbb6c794eb18287.jpg,https://hrd-live.cdn.scayle.cloud/images/950bd8ea5763ea745cb9b82e3102e992.jpg,https://hrd-live.cdn.scayle.cloud/images/dc799adc602335643775884d74b9a22d.jpg,"Maison Margiela’s Replica sneakers are evocatively named, but you may be wondering what exactly they’re a replica of. They’re an interpretation of the German Army Trainer; known as GAT for short, the style is a staple of the sneaker sphere, notable for its gum rubber sole. Martin Margiela came across a pair in the ‘90s and was instantly taken with their authenticity, and, just like that, a new icon was born.",A timeless silhouette packed with history and defined by premium craftsmanship.,,,,,,,,£620.0,620.0,specification,brand,Maison Margiela,specification,sAPBrand,MAISON MARGIELA,specification,gender,Female,specification,sizeGuideType,Shoes,specification,sizeGuideActivated,true,specification,category,"Storefront, Storefront|Shoes, Storefront|Shoes|Trainers",specification,name,Replica Sneakers,specification,vendorColour,BEIGE COMB,specification,harrodsColour,Beige,specification,fasteningType,Lace-up fastening,,,,,,,,,,,,,,,,,,,,,,,,,,,,,,
harrods,2025-11-05,https://www.harrods.com/api/rpc/getProductsByReferenceKeys?000000000007807243,https://www.harrods.com/en-gb/p/maison-margiela-replica-sneakers-000000000007807243,000000000007807243,Replica Sneakers,Maison Margiela,620.0,Y,,,,BEIGE COMB,40 IT,,,Storefront,Shoes,Trainers,,,,,https://hrd-live.cdn.scayle.cloud/images/6ef2fd37007d65f35cc3ebfaaf131874.jpg,https://hrd-live.cdn.scayle.cloud/images/3fd9822c28b413a6859658740078f12d.jpg,https://hrd-live.cdn.scayle.cloud/images/f6cd82cecfbf83ef7cbb6c794eb18287.jpg,https://hrd-live.cdn.scayle.cloud/images/950bd8ea5763ea745cb9b82e3102e992.jpg,https://hrd-live.cdn.scayle.cloud/images/dc799adc602335643775884d74b9a22d.jpg,"Maison Margiela’s Replica sneakers are evocatively named, but you may be wondering what exactly they’re a replica of. They’re an interpretation of the German Army Trainer; known as GAT for short, the style is a staple of the sneaker sphere, notable for its gum rubber sole. Martin Margiela came across a pair in the ‘90s and was instantly taken with their authenticity, and, just like that, a new icon was born.",A timeless silhouette packed with history and defined by premium craftsmanship.,,,,,,,,£620.0,620.0,specification,brand,Maison Margiela,specification,sAPBrand,MAISON MARGIELA,specification,gender,Female,specification,sizeGuideType,Shoes,specification,sizeGuideActivated,true,specification,category,"Storefront, Storefront|Shoes, Storefront|Shoes|Trainers",specification,name,Replica Sneakers,specification,vendorColour,BEIGE COMB,specification,harrodsColour,Beige,specification,fasteningType,Lace-up fastening,,,,,,,,,,,,,,,,,,,,,,,,,,,,,,
harrods,2025-11-05,https://www.harrods.com/api/rpc/getProductsByReferenceKeys?000000000007807243,https://www.harrods.com/en-gb/p/maison-margiela-replica-sneakers-000000000007807243,000000000007807243,Replica Sneakers,Maison Margiela,620.0,Y,,,,BEIGE COMB,39.5 IT,,,Storefront,Shoes,Trainers,,,,,https://hrd-live.cdn.scayle.cloud/images/6ef2fd37007d65f35cc3ebfaaf131874.jpg,https://hrd-live.cdn.scayle.cloud/images/3fd9822c28b413a6859658740078f12d.jpg,https://hrd-live.cdn.scayle.cloud/images/f6cd82cecfbf83ef7cbb6c794eb18287.jpg,https://hrd-live.cdn.scayle.cloud/images/950bd8ea5763ea745cb9b82e3102e992.jpg,https://hrd-live.cdn.scayle.cloud/images/dc799adc602335643775884d74b9a22d.jpg,"Maison Margiela’s Replica sneakers are evocatively named, but you may be wondering what exactly they’re a replica of. They’re an interpretation of the German Army Trainer; known as GAT for short, the style is a staple of the sneaker sphere, notable for its gum rubber sole. Martin Margiela came across a pair in the ‘90s and was instantly taken with their authenticity, and, just like that, a new icon was born.",A timeless silhouette packed with history and defined by premium craftsmanship.,,,,,,,,£620.0,620.0,specification,brand,Maison Margiela,specification,sAPBrand,MAISON MARGIELA,specification,gender,Female,specification,sizeGuideType,Shoes,specification,sizeGuideActivated,true,specification,category,"Storefront, Storefront|Shoes, Storefront|Shoes|Trainers",specification,name,Replica Sneakers,specification,vendorColour,BEIGE COMB,specification,harrodsColour,Beige,specification,fasteningType,Lace-up fastening,,,,,,,,,,,,,,,,,,,,,,,,,,,,,,
harrods,2025-11-05,https://www.harrods.com/api/rpc/getProductsByReferenceKeys?000000000007807243,https://www.harrods.com/en-gb/p/maison-margiela-replica-sneakers-000000000007807243,000000000007807243,Replica Sneakers,Maison Margiela,620.0,Y,,,,BEIGE COMB,39 IT,,,Storefront,Shoes,Trainers,,,,,https://hrd-live.cdn.scayle.cloud/images/6ef2fd37007d65f35cc3ebfaaf131874.jpg,https://hrd-live.cdn.scayle.cloud/images/3fd9822c28b413a6859658740078f12d.jpg,https://hrd-live.cdn.scayle.cloud/images/f6cd82cecfbf83ef7cbb6c794eb18287.jpg,https://hrd-live.cdn.scayle.cloud/images/950bd8ea5763ea745cb9b82e3102e992.jpg,https://hrd-live.cdn.scayle.cloud/images/dc799adc602335643775884d74b9a22d.jpg,"Maison Margiela’s Replica sneakers are evocatively named, but you may be wondering what exactly they’re a replica of. They’re an interpretation of the German Army Trainer; known as GAT for short, the style is a staple of the sneaker sphere, notable for its gum rubber sole. Martin Margiela came across a pair in the ‘90s and was instantly taken with their authenticity, and, just like that, a new icon was born.",A timeless silhouette packed with history and defined by premium craftsmanship.,,,,,,,,£620.0,620.0,specification,brand,Maison Margiela,specification,sAPBrand,MAISON MARGIELA,specification,gender,Female,specification,sizeGuideType,Shoes,specification,sizeGuideActivated,true,specification,category,"Storefront, Storefront|Shoes, Storefront|Shoes|Trainers",specification,name,Replica Sneakers,specification,vendorColour,BEIGE COMB,specification,harrodsColour,Beige,specification,fasteningType,Lace-up fastening,,,,,,,,,,,,,,,,,,,,,,,,,,,,,,
harrods,2025-11-05,https://www.harrods.com/api/rpc/getProductsByReferenceKeys?000000000007807243,https://www.harrods.com/en-gb/p/maison-margiela-replica-sneakers-000000000007807243,000000000007807243,Replica Sneakers,Maison Margiela,620.0,Y,,,,BEIGE COMB,38.5 IT,,,Storefront,Shoes,Trainers,,,,,https://hrd-live.cdn.scayle.cloud/images/6ef2fd37007d65f35cc3ebfaaf131874.jpg,https://hrd-live.cdn.scayle.cloud/images/3fd9822c28b413a6859658740078f12d.jpg,https://hrd-live.cdn.scayle.cloud/images/f6cd82cecfbf83ef7cbb6c794eb18287.jpg,https://hrd-live.cdn.scayle.cloud/images/950bd8ea5763ea745cb9b82e3102e992.jpg,https://hrd-live.cdn.scayle.cloud/images/dc799adc602335643775884d74b9a22d.jpg,"Maison Margiela’s Replica sneakers are evocatively named, but you may be wondering what exactly they’re a replica of. They’re an interpretation of the German Army Trainer; known as GAT for short, the style is a staple of the sneaker sphere, notable for its gum rubber sole. Martin Margiela came across a pair in the ‘90s and was instantly taken with their authenticity, and, just like that, a new icon was born.",A timeless silhouette packed with history and defined by premium craftsmanship.,,,,,,,,£620.0,620.0,specification,brand,Maison Margiela,specification,sAPBrand,MAISON MARGIELA,specification,gender,Female,specification,sizeGuideType,Shoes,specification,sizeGuideActivated,true,specification,category,"Storefront, Storefront|Shoes, Storefront|Shoes|Trainers",specification,name,Replica Sneakers,specification,vendorColour,BEIGE COMB,specification,harrodsColour,Beige,specification,fasteningType,Lace-up fastening,,,,,,,,,,,,,,,,,,,,,,,,,,,,,,
harrods,2025-11-05,https://www.harrods.com/api/rpc/getProductsByReferenceKeys?000000000007807243,https://www.harrods.com/en-gb/p/maison-margiela-replica-sneakers-000000000007807243,000000000007807243,Replica Sneakers,Maison Margiela,620.0,Y,,,,BEIGE COMB,38 IT,,,Storefront,Shoes,Trainers,,,,,https://hrd-live.cdn.scayle.cloud/images/6ef2fd37007d65f35cc3ebfaaf131874.jpg,https://hrd-live.cdn.scayle.cloud/images/3fd9822c28b413a6859658740078f12d.jpg,https://hrd-live.cdn.scayle.cloud/images/f6cd82cecfbf83ef7cbb6c794eb18287.jpg,https://hrd-live.cdn.scayle.cloud/images/950bd8ea5763ea745cb9b82e3102e992.jpg,https://hrd-live.cdn.scayle.cloud/images/dc799adc602335643775884d74b9a22d.jpg,"Maison Margiela’s Replica sneakers are evocatively named, but you may be wondering what exactly they’re a replica of. They’re an interpretation of the German Army Trainer; known as GAT for short, the style is a staple of the sneaker sphere, notable for its gum rubber sole. Martin Margiela came across a pair in the ‘90s and was instantly taken with their authenticity, and, just like that, a new icon was born.",A timeless silhouette packed with history and defined by premium craftsmanship.,,,,,,,,£620.0,620.0,specification,brand,Maison Margiela,specification,sAPBrand,MAISON MARGIELA,specification,gender,Female,specification,sizeGuideType,Shoes,specification,sizeGuideActivated,true,specification,category,"Storefront, Storefront|Shoes, Storefront|Shoes|Trainers",specification,name,Replica Sneakers,specification,vendorColour,BEIGE COMB,specification,harrodsColour,Beige,specification,fasteningType,Lace-up fastening,,,,,,,,,,,,,,,,,,,,,,,,,,,,,,
harrods,2025-11-05,https://www.harrods.com/api/rpc/getProductsByReferenceKeys?000000000007807243,https://www.harrods.com/en-gb/p/maison-margiela-replica-sneakers-000000000007807243,000000000007807243,Replica Sneakers,Maison Margiela,620.0,Y,,,,BEIGE COMB,37 IT,,,Storefront,Shoes,Trainers,,,,,https://hrd-live.cdn.scayle.cloud/images/6ef2fd37007d65f35cc3ebfaaf131874.jpg,https://hrd-live.cdn.scayle.cloud/images/3fd9822c28b413a6859658740078f12d.jpg,https://hrd-live.cdn.scayle.cloud/images/f6cd82cecfbf83ef7cbb6c794eb18287.jpg,https://hrd-live.cdn.scayle.cloud/images/950bd8ea5763ea745cb9b82e3102e992.jpg,https://hrd-live.cdn.scayle.cloud/images/dc799adc602335643775884d74b9a22d.jpg,"Maison Margiela’s Replica sneakers are evocatively named, but you may be wondering what exactly they’re a replica of. They’re an interpretation of the German Army Trainer; known as GAT for short, the style is a staple of the sneaker sphere, notable for its gum rubber sole. Martin Margiela came across a pair in the ‘90s and was instantly taken with their authenticity, and, just like that, a new icon was born.",A timeless silhouette packed with history and defined by premium craftsmanship.,,,,,,,,£620.0,620.0,specification,brand,Maison Margiela,specification,sAPBrand,MAISON MARGIELA,specification,gender,Female,specification,sizeGuideType,Shoes,specification,sizeGuideActivated,true,specification,category,"Storefront, Storefront|Shoes, Storefront|Shoes|Trainers",specification,name,Replica Sneakers,specification,vendorColour,BEIGE COMB,specification,harrodsColour,Beige,specification,fasteningType,Lace-up fastening,,,,,,,,,,,,,,,,,,,,,,,,,,,,,,
harrods,2025-11-05,https://www.harrods.com/api/rpc/getProductsByReferenceKeys?000000000007807243,https://www.harrods.com/en-gb/p/maison-margiela-replica-sneakers-000000000007807243,000000000007807243,Replica Sneakers,Maison Margiela,620.0,Y,,,,BEIGE COMB,36 IT,,,Storefront,Shoes,Trainers,,,,,https://hrd-live.cdn.scayle.cloud/images/6ef2fd37007d65f35cc3ebfaaf131874.jpg,https://hrd-live.cdn.scayle.cloud/images/3fd9822c28b413a6859658740078f12d.jpg,https://hrd-live.cdn.scayle.cloud/images/f6cd82cecfbf83ef7cbb6c794eb18287.jpg,https://hrd-live.cdn.scayle.cloud/images/950bd8ea5763ea745cb9b82e3102e992.jpg,https://hrd-live.cdn.scayle.cloud/images/dc799adc602335643775884d74b9a22d.jpg,"Maison Margiela’s Replica sneakers are evocatively named, but you may be wondering what exactly they’re a replica of. They’re an interpretation of the German Army Trainer; known as GAT for short, the style is a staple of the sneaker sphere, notable for its gum rubber sole. Martin Margiela came across a pair in the ‘90s and was instantly taken with their authenticity, and, just like that, a new icon was born.",A timeless silhouette packed with history and defined by premium craftsmanship.,,,,,,,,£620.0,620.0,specification,brand,Maison Margiela,specification,sAPBrand,MAISON MARGIELA,specification,gender,Female,specification,sizeGuideType,Shoes,specification,sizeGuideActivated,true,specification,category,"Storefront, Storefront|Shoes, Storefront|Shoes|Trainers",specification,name,Replica Sneakers,specification,vendorColour,BEIGE COMB,specification,harrodsColour,Beige,specification,fasteningType,Lace-up fastening,,,,,,,,,,,,,,,,,,,,,,,,,,,,,,
harrods,2025-11-05,https://www.harrods.com/api/rpc/getProductsByReferenceKeys?000000000007820895,https://www.harrods.com/en-gb/p/mm-silk-helga-trousers-000000000007820895,000000000007820895,Silk Helga Trousers,MM,295.0,Y,,,,CHINA BLUE,6 US,,,Storefront,Clothing,Trousers,,,,,https://hrd-live.cdn.scayle.cloud/images/90aac9fd9e2a7f47a8e109c3f64e63b2.jpg,https://hrd-live.cdn.scayle.cloud/images/2c7c09ca6be62851324638f41a37d840.jpg,https://hrd-live.cdn.scayle.cloud/images/590a8b9823f6e73a035902a518ba8d3e.jpg,https://hrd-live.cdn.scayle.cloud/images/5176cc5800fdb72dcdaa86bc6e23aa92.jpg,https://hrd-live.cdn.scayle.cloud/images/6edf6774ff1d0783bd0e2e09ffff995c.jpg,"MM showcases its Italian eye in a multitude of ways, and here, the Helga trousers do so through pure craftsmanship. Constructed from pure silk, they feature a blurred floral print and a wide-leg cut that ensures a fluid, streamlined silhouette.",Pair with the matching shirt for the full summertime look.,,,,,,,,£295.0,295.0,specification,careInstructions,Dry clean,specification,gender,Female,specification,pattern,Floral print,specification,sizeGuideActivated,true,specification,name,Silk Helga Trousers,specification,harrodsColour,Blue,specification,sAPBrand,MM,specification,brand,MM,specification,modelSize,"Model is 178cm, a UK 8 and wears a size UK 8",specification,rise,High rise,specification,category,"Storefront, Storefront|Clothing, Storefront|Clothing|Trousers",specification,fitType,Wide-leg,specification,sizeGuideType,Clothing,specification,vendorColour,CHINA BLUE,,,,,,,,,,,,,,,,,,
harrods,2025-11-05,https://www.harrods.com/api/rpc/getProductsByReferenceKeys?000000000007820895,https://www.harrods.com/en-gb/p/mm-silk-helga-trousers-000000000007820895,000000000007820895,Silk Helga Trousers,MM,295.0,Y,,,,CHINA BLUE,8 US,,,Storefront,Clothing,Trousers,,,,,https://hrd-live.cdn.scayle.cloud/images/90aac9fd9e2a7f47a8e109c3f64e63b2.jpg,https://hrd-live.cdn.scayle.cloud/images/2c7c09ca6be62851324638f41a37d840.jpg,https://hrd-live.cdn.scayle.cloud/images/590a8b9823f6e73a035902a518ba8d3e.jpg,https://hrd-live.cdn.scayle.cloud/images/5176cc5800fdb72dcdaa86bc6e23aa92.jpg,https://hrd-live.cdn.scayle.cloud/images/6edf6774ff1d0783bd0e2e09ffff995c.jpg,"MM showcases its Italian eye in a multitude of ways, and here, the Helga trousers do so through pure craftsmanship. Constructed from pure silk, they feature a blurred floral print and a wide-leg cut that ensures a fluid, streamlined silhouette.",Pair with the matching shirt for the full summertime look.,,,,,,,,£295.0,295.0,specification,careInstructions,Dry clean,specification,gender,Female,specification,pattern,Floral print,specification,sizeGuideActivated,true,specification,name,Silk Helga Trousers,specification,harrodsColour,Blue,specification,sAPBrand,MM,specification,brand,MM,specification,modelSize,"Model is 178cm, a UK 8 and wears a size UK 8",specification,rise,High rise,specification,category,"Storefront, Storefront|Clothing, Storefront|Clothing|Trousers",specification,fitType,Wide-leg,specification,sizeGuideType,Clothing,specification,vendorColour,CHINA BLUE,,,,,,,,,,,,,,,,,,
harrods,2025-11-05,https://www.harrods.com/api/rpc/getProductsByReferenceKeys?000000000007820895,https://www.harrods.com/en-gb/p/mm-silk-helga-trousers-000000000007820895,000000000007820895,Silk Helga Trousers,MM,295.0,Y,,,,CHINA BLUE,10 US,,,Storefront,Clothing,Trousers,,,,,https://hrd-live.cdn.scayle.cloud/images/90aac9fd9e2a7f47a8e109c3f64e63b2.jpg,https://hrd-live.cdn.scayle.cloud/images/2c7c09ca6be62851324638f41a37d840.jpg,https://hrd-live.cdn.scayle.cloud/images/590a8b9823f6e73a035902a518ba8d3e.jpg,https://hrd-live.cdn.scayle.cloud/images/5176cc5800fdb72dcdaa86bc6e23aa92.jpg,https://hrd-live.cdn.scayle.cloud/images/6edf6774ff1d0783bd0e2e09ffff995c.jpg,"MM showcases its Italian eye in a multitude of ways, and here, the Helga trousers do so through pure craftsmanship. Constructed from pure silk, they feature a blurred floral print and a wide-leg cut that ensures a fluid, streamlined silhouette.",Pair with the matching shirt for the full summertime look.,,,,,,,,£295.0,295.0,specification,careInstructions,Dry clean,specification,gender,Female,specification,pattern,Floral print,specification,sizeGuideActivated,true,specification,name,Silk Helga Trousers,specification,harrodsColour,Blue,specification,sAPBrand,MM,specification,brand,MM,specification,modelSize,"Model is 178cm, a UK 8 and wears a size UK 8",specification,rise,High rise,specification,category,"Storefront, Storefront|Clothing, Storefront|Clothing|Trousers",specification,fitType,Wide-leg,specification,sizeGuideType,Clothing,specification,vendorColour,CHINA BLUE,,,,,,,,,,,,,,,,,,
harrods,2025-11-05,https://www.harrods.com/api/rpc/getProductsByReferenceKeys?000000000007820895,https://www.harrods.com/en-gb/p/mm-silk-helga-trousers-000000000007820895,000000000007820895,Silk Helga Trousers,MM,295.0,Y,,,,CHINA BLUE,12 US,,,Storefront,Clothing,Trousers,,,,,https://hrd-live.cdn.scayle.cloud/images/90aac9fd9e2a7f47a8e109c3f64e63b2.jpg,https://hrd-live.cdn.scayle.cloud/images/2c7c09ca6be62851324638f41a37d840.jpg,https://hrd-live.cdn.scayle.cloud/images/590a8b9823f6e73a035902a518ba8d3e.jpg,https://hrd-live.cdn.scayle.cloud/images/5176cc5800fdb72dcdaa86bc6e23aa92.jpg,https://hrd-live.cdn.scayle.cloud/images/6edf6774ff1d0783bd0e2e09ffff995c.jpg,"MM showcases its Italian eye in a multitude of ways, and here, the Helga trousers do so through pure craftsmanship. Constructed from pure silk, they feature a blurred floral print and a wide-leg cut that ensures a fluid, streamlined silhouette.",Pair with the matching shirt for the full summertime look.,,,,,,,,£295.0,295.0,specification,careInstructions,Dry clean,specification,gender,Female,specification,pattern,Floral print,specification,sizeGuideActivated,true,specification,name,Silk Helga Trousers,specification,harrodsColour,Blue,specification,sAPBrand,MM,specification,brand,MM,specification,modelSize,"Model is 178cm, a UK 8 and wears a size UK 8",specification,rise,High rise,specification,category,"Storefront, Storefront|Clothing, Storefront|Clothing|Trousers",specification,fitType,Wide-leg,specification,sizeGuideType,Clothing,specification,vendorColour,CHINA BLUE,,,,,,,,,,,,,,,,,,
harrods,2025-11-05,https://www.harrods.com/api/rpc/getProductsByReferenceKeys?000000000007678532,https://www.harrods.com/en-gb/p/bvlgari-omnia-crystalline-eau-de-parfum-000000000007678532,000000000007678532,Omnia Crystalline Eau de Parfum,Bvlgari,140.0,Y,,,,NO COLOUR,OS,,,Storefront,Beauty,Fragrance,,,,,https://hrd-live.cdn.scayle.cloud/images/a290d9ed12fefdb8c97f642bbd485de3.jpg,https://hrd-live.cdn.scayle.cloud/images/96087caff1ef70ea93a521e05ee9e38e.jpg,https://hrd-live.cdn.scayle.cloud/images/caa5aa96f1a41246bdd84dd22ba04836.jpg,https://hrd-live.cdn.scayle.cloud/images/b9acae850cb80dd72434e1c548dab7b7.jpg,https://hrd-live.cdn.scayle.cloud/images/939cdcc1b2ca6d106438af8268f5affc.jpg,"Inspired by the radiant clarity and purity of crystal, Bvlgari Omnia Crystalline is a luminous eau de parfum that captures the essence of the House's most iconic feminine fragrance, mingling notes of lotus flowers and jasmine with the fruity freshness of nashi and creamy balsa wood. Each perfume is presented a bottle comprised of two intertwined rings, exalting the beauty in the label's master perfumer Alberto Morillas' original vision for infinity.",An alluring blend of fresh florals and heady wood.,,,,,,,,£140.0,140.0,specification,fragranceType,Eau de parfum,specification,gender,Female,specification,brand,Bvlgari,specification,harrodsColour,No Colour,specification,vendorColour,NO COLOUR,specification,volumeDescription,100 ML,specification,sAPBrand,BVLGARI,specification,category,"Storefront, Storefront|Beauty, Storefront|Beauty|Fragrance",specification,nonReturnable,true,specification,name,Omnia Crystalline Eau de Parfum,specification,groupingType,V,,,,,,,,,,,,,,,,,,,,,,,,,,,
harrods,2025-11-05,https://www.harrods.com/api/rpc/getProductsByReferenceKeys?000000000007647302,https://www.harrods.com/en-gb/p/daniel-hanson-silk-floral-kimono-000000000007647302,000000000007647302,Silk Floral Kimono,Daniel Hanson,2450.0,Y,,,,AMETHYST & IVORY,S/M,,,Storefront,Clothing,Nightwear,,,,,https://hrd-live.cdn.scayle.cloud/images/7d62a914782d5b63119deddc1f1f4579.jpg,https://hrd-live.cdn.scayle.cloud/images/33e3ca459026bc08829fc71934c64e22.jpg,https://hrd-live.cdn.scayle.cloud/images/99c982c00afb69163598efc38daf6ba4.jpg,https://hrd-live.cdn.scayle.cloud/images/08a6a64e2fbfc921bb2727fe9e488327.jpg,https://hrd-live.cdn.scayle.cloud/images/8200f8cf24db74f2a83bdac4e3cc5d7a.jpg,"A brand hailing from London’s famous Savile Row, Daniel Hanson prides itself on crafting the best in loungewear and dressing gowns. A prime example of the label’s timeless aesthetic, this kimono is designed with an elegant array of floral blooms – the pure silk composition lending each jacquard petal a delicate sheen.",Cinch the waist with the tie print sash.,,,,,,,,£2450.0,2450.0,specification,harrodsColour,Multi,specification,sizeGuideType,Clothing,specification,pattern,Jacquard design,specification,category,"Storefront, Storefront|Clothing, Storefront|Clothing|Nightwear",specification,vendorColour,AMETHYST & IVORY,specification,fasteningType,Tie fastening,specification,modelSize,"Model is 178cm, a UK 8 and wears a size S",specification,necklineType,V-neck,specification,name,Silk Floral Kimono,specification,sleeveType,Long sleeves,specification,sAPBrand,DANIEL HANSON,specification,careInstructions,Dry clean,specification,sizeGuideActivated,true,specification,gender,Female,specification,brand,Daniel Hanson,specification,nonReturnable,true,,,,,,,,,,,,
harrods,2025-11-05,https://www.harrods.com/api/rpc/getProductsByReferenceKeys?000000000007647302,https://www.harrods.com/en-gb/p/daniel-hanson-silk-floral-kimono-000000000007647302,000000000007647302,Silk Floral Kimono,Daniel Hanson,2450.0,Y,,,,AMETHYST & IVORY,M/L,,,Storefront,Clothing,Nightwear,,,,,https://hrd-live.cdn.scayle.cloud/images/7d62a914782d5b63119deddc1f1f4579.jpg,https://hrd-live.cdn.scayle.cloud/images/33e3ca459026bc08829fc71934c64e22.jpg,https://hrd-live.cdn.scayle.cloud/images/99c982c00afb69163598efc38daf6ba4.jpg,https://hrd-live.cdn.scayle.cloud/images/08a6a64e2fbfc921bb2727fe9e488327.jpg,https://hrd-live.cdn.scayle.cloud/images/8200f8cf24db74f2a83bdac4e3cc5d7a.jpg,"A brand hailing from London’s famous Savile Row, Daniel Hanson prides itself on crafting the best in loungewear and dressing gowns. A prime example of the label’s timeless aesthetic, this kimono is designed with an elegant array of floral blooms – the pure silk composition lending each jacquard petal a delicate sheen.",Cinch the waist with the tie print sash.,,,,,,,,£2450.0,2450.0,specification,harrodsColour,Multi,specification,sizeGuideType,Clothing,specification,pattern,Jacquard design,specification,category,"Storefront, Storefront|Clothing, Storefront|Clothing|Nightwear",specification,vendorColour,AMETHYST & IVORY,specification,fasteningType,Tie fastening,specification,modelSize,"Model is 178cm, a UK 8 and wears a size S",specification,necklineType,V-neck,specification,name,Silk Floral Kimono,specification,sleeveType,Long sleeves,specification,sAPBrand,DANIEL HANSON,specification,careInstructions,Dry clean,specification,sizeGuideActivated,true,specification,gender,Female,specification,brand,Daniel Hanson,specification,nonReturnable,true,,,,,,,,,,,,
harrods,2025-11-05,https://www.harrods.com/api/rpc/getProductsByReferenceKeys?000000000006931598,https://www.harrods.com/en-gb/p/barbour-waxed-beacon-jacket-000000000006931598,000000000006931598,Waxed Beacon Jacket,Barbour,399.0,Y,,,,OLIVE,S,,,Storefront,Clothing,Jackets,,,,,https://hrd-live.cdn.scayle.cloud/images/68fc9f10af89118ca9d72c1ad65afe7c.jpg,https://hrd-live.cdn.scayle.cloud/images/597dffb5927a9fe38c7fd05113f5f525.jpg,https://hrd-live.cdn.scayle.cloud/images/59e588f3155a181efb444d8cbd14b178.jpg,https://hrd-live.cdn.scayle.cloud/images/2cc6d5f212ce566d78bc92d3171663b7.jpg,https://hrd-live.cdn.scayle.cloud/images/0f363ff13187084f1a49f1501aa74a48.jpg,"With its slim silhouette and notched lapels, Barbour’s Beacon jacket takes inspiration from blazer designs to emulate their sleek profiles and sophisticated aesthetics, while utility remains as much a focus as ever. The waxed cotton makes it an ideal choice for overcast days and light weather, while the collar can be upturned and fastened with a throat patch for maximum protection.",Barbour’s roots in the British countryside are clear to see in this practical design. ,,,,,,,,£399.0,399.0,specification,vendorColour,OLIVE,specification,sizeGuideType,Clothing,specification,harrodsColour,Green,specification,sleeveType,Long sleeves,specification,careInstructions,Spot clean,specification,sizeGuideActivated,true,specification,collarType,Notched lapels,specification,category,"Storefront, Storefront|Clothing, Storefront|Clothing|Jackets",specification,brand,Barbour,specification,modelSize,Model is 188cm and wears a size M,specification,gender,Male,specification,name,Waxed Beacon Jacket,specification,fitType,Slim fit,specification,sAPBrand,BARBOUR,specification,fasteningType,Button fastening,,,,,,,,,,,,,,,
harrods,2025-11-05,https://www.harrods.com/api/rpc/getProductsByReferenceKeys?000000000006931598,https://www.harrods.com/en-gb/p/barbour-waxed-beacon-jacket-000000000006931598,000000000006931598,Waxed Beacon Jacket,Barbour,399.0,Y,,,,OLIVE,M,,,Storefront,Clothing,Jackets,,,,,https://hrd-live.cdn.scayle.cloud/images/68fc9f10af89118ca9d72c1ad65afe7c.jpg,https://hrd-live.cdn.scayle.cloud/images/597dffb5927a9fe38c7fd05113f5f525.jpg,https://hrd-live.cdn.scayle.cloud/images/59e588f3155a181efb444d8cbd14b178.jpg,https://hrd-live.cdn.scayle.cloud/images/2cc6d5f212ce566d78bc92d3171663b7.jpg,https://hrd-live.cdn.scayle.cloud/images/0f363ff13187084f1a49f1501aa74a48.jpg,"With its slim silhouette and notched lapels, Barbour’s Beacon jacket takes inspiration from blazer designs to emulate their sleek profiles and sophisticated aesthetics, while utility remains as much a focus as ever. The waxed cotton makes it an ideal choice for overcast days and light weather, while the collar can be upturned and fastened with a throat patch for maximum protection.",Barbour’s roots in the British countryside are clear to see in this practical design. ,,,,,,,,£399.0,399.0,specification,vendorColour,OLIVE,specification,sizeGuideType,Clothing,specification,harrodsColour,Green,specification,sleeveType,Long sleeves,specification,careInstructions,Spot clean,specification,sizeGuideActivated,true,specification,collarType,Notched lapels,specification,category,"Storefront, Storefront|Clothing, Storefront|Clothing|Jackets",specification,brand,Barbour,specification,modelSize,Model is 188cm and wears a size M,specification,gender,Male,specification,name,Waxed Beacon Jacket,specification,fitType,Slim fit,specification,sAPBrand,BARBOUR,specification,fasteningType,Button fastening,,,,,,,,,,,,,,,
harrods,2025-11-05,https://www.harrods.com/api/rpc/getProductsByReferenceKeys?000000000006931598,https://www.harrods.com/en-gb/p/barbour-waxed-beacon-jacket-000000000006931598,000000000006931598,Waxed Beacon Jacket,Barbour,399.0,Y,,,,OLIVE,L,,,Storefront,Clothing,Jackets,,,,,https://hrd-live.cdn.scayle.cloud/images/68fc9f10af89118ca9d72c1ad65afe7c.jpg,https://hrd-live.cdn.scayle.cloud/images/597dffb5927a9fe38c7fd05113f5f525.jpg,https://hrd-live.cdn.scayle.cloud/images/59e588f3155a181efb444d8cbd14b178.jpg,https://hrd-live.cdn.scayle.cloud/images/2cc6d5f212ce566d78bc92d3171663b7.jpg,https://hrd-live.cdn.scayle.cloud/images/0f363ff13187084f1a49f1501aa74a48.jpg,"With its slim silhouette and notched lapels, Barbour’s Beacon jacket takes inspiration from blazer designs to emulate their sleek profiles and sophisticated aesthetics, while utility remains as much a focus as ever. The waxed cotton makes it an ideal choice for overcast days and light weather, while the collar can be upturned and fastened with a throat patch for maximum protection.",Barbour’s roots in the British countryside are clear to see in this practical design. ,,,,,,,,£399.0,399.0,specification,vendorColour,OLIVE,specification,sizeGuideType,Clothing,specification,harrodsColour,Green,specification,sleeveType,Long sleeves,specification,careInstructions,Spot clean,specification,sizeGuideActivated,true,specification,collarType,Notched lapels,specification,category,"Storefront, Storefront|Clothing, Storefront|Clothing|Jackets",specification,brand,Barbour,specification,modelSize,Model is 188cm and wears a size M,specification,gender,Male,specification,name,Waxed Beacon Jacket,specification,fitType,Slim fit,specification,sAPBrand,BARBOUR,specification,fasteningType,Button fastening,,,,,,,,,,,,,,,
harrods,2025-11-05,https://www.harrods.com/api/rpc/getProductsByReferenceKeys?000000000006931598,https://www.harrods.com/en-gb/p/barbour-waxed-beacon-jacket-000000000006931598,000000000006931598,Waxed Beacon Jacket,Barbour,399.0,Y,,,,OLIVE,XL,,,Storefront,Clothing,Jackets,,,,,https://hrd-live.cdn.scayle.cloud/images/68fc9f10af89118ca9d72c1ad65afe7c.jpg,https://hrd-live.cdn.scayle.cloud/images/597dffb5927a9fe38c7fd05113f5f525.jpg,https://hrd-live.cdn.scayle.cloud/images/59e588f3155a181efb444d8cbd14b178.jpg,https://hrd-live.cdn.scayle.cloud/images/2cc6d5f212ce566d78bc92d3171663b7.jpg,https://hrd-live.cdn.scayle.cloud/images/0f363ff13187084f1a49f1501aa74a48.jpg,"With its slim silhouette and notched lapels, Barbour’s Beacon jacket takes inspiration from blazer designs to emulate their sleek profiles and sophisticated aesthetics, while utility remains as much a focus as ever. The waxed cotton makes it an ideal choice for overcast days and light weather, while the collar can be upturned and fastened with a throat patch for maximum protection.",Barbour’s roots in the British countryside are clear to see in this practical design. ,,,,,,,,£399.0,399.0,specification,vendorColour,OLIVE,specification,sizeGuideType,Clothing,specification,harrodsColour,Green,specification,sleeveType,Long sleeves,specification,careInstructions,Spot clean,specification,sizeGuideActivated,true,specification,collarType,Notched lapels,specification,category,"Storefront, Storefront|Clothing, Storefront|Clothing|Jackets",specification,brand,Barbour,specification,modelSize,Model is 188cm and wears a size M,specification,gender,Male,specification,name,Waxed Beacon Jacket,specification,fitType,Slim fit,specification,sAPBrand,BARBOUR,specification,fasteningType,Button fastening,,,,,,,,,,,,,,,
harrods,2025-11-05,https://www.harrods.com/api/rpc/getProductsByReferenceKeys?000000000007354427,https://www.harrods.com/en-gb/p/jimmy-choo-heloise-120-leather-sandals-000000000007354427,000000000007354427,Heloise 120 Leather Sandals,Jimmy Choo,795.0,Y,,,,LATTE,36 IT,,,Storefront,Shoes,Sandals,,,,,https://hrd-live.cdn.scayle.cloud/images/1054265ab823c6e3cd9c0b218a6be94c.jpg,https://hrd-live.cdn.scayle.cloud/images/303818a169d33407cd216ffededf7e19.jpg,https://hrd-live.cdn.scayle.cloud/images/41fe7ae989634c3b0a259004e4acb231.jpg,https://hrd-live.cdn.scayle.cloud/images/6c251a4818c130e0ee406c0d8a10b347.jpg,https://hrd-live.cdn.scayle.cloud/images/4aa927688813492697ccac152f35e7b7.jpg,"The perfect heel will have its wearer feeling elated, and though it wouldn't be advised to jump for joy in six-inch heels, the Heloise sandals from Jimmy Choo will provide enough excitement to last the full social season. Whether paired with an elegant dress or incorporated into a more casual look, their sophisticated design will bring elevation any which way.  *Due to the delicate nature of Jimmy Choo soles, shoes should be tried on a clean surface away from any moisture (e.g. a carpeted surface). All Jimmy Choo items must be returned in an unmarked, unused condition, including all original packaging, dust bag(s) and authenticity cards.*",26 years of design have led to a pinnacle moment: the Heloise sandals.,,,,,,,,£795.0,795.0,specification,heelType,Block heel,specification,harrodsColour,White,specification,vendorColour,LATTE,specification,gender,Female,specification,name,Heloise 120 Leather Sandals,specification,sAPBrand,JIMMY CHOO,specification,category,"Storefront, Storefront|Shoes, Storefront|Shoes|Sandals",specification,sizeGuideActivated,true,specification,fasteningType,Buckle fastening,specification,brand,Jimmy Choo,specification,sizeGuideType,Shoes,,,,,,,,,,,,,,,,,,,,,,,,,,,
harrods,2025-11-05,https://www.harrods.com/api/rpc/getProductsByReferenceKeys?000000000007354427,https://www.harrods.com/en-gb/p/jimmy-choo-heloise-120-leather-sandals-000000000007354427,000000000007354427,Heloise 120 Leather Sandals,Jimmy Choo,795.0,Y,,,,LATTE,37 IT,,,Storefront,Shoes,Sandals,,,,,https://hrd-live.cdn.scayle.cloud/images/1054265ab823c6e3cd9c0b218a6be94c.jpg,https://hrd-live.cdn.scayle.cloud/images/303818a169d33407cd216ffededf7e19.jpg,https://hrd-live.cdn.scayle.cloud/images/41fe7ae989634c3b0a259004e4acb231.jpg,https://hrd-live.cdn.scayle.cloud/images/6c251a4818c130e0ee406c0d8a10b347.jpg,https://hrd-live.cdn.scayle.cloud/images/4aa927688813492697ccac152f35e7b7.jpg,"The perfect heel will have its wearer feeling elated, and though it wouldn't be advised to jump for joy in six-inch heels, the Heloise sandals from Jimmy Choo will provide enough excitement to last the full social season. Whether paired with an elegant dress or incorporated into a more casual look, their sophisticated design will bring elevation any which way.  *Due to the delicate nature of Jimmy Choo soles, shoes should be tried on a clean surface away from any moisture (e.g. a carpeted surface). All Jimmy Choo items must be returned in an unmarked, unused condition, including all original packaging, dust bag(s) and authenticity cards.*",26 years of design have led to a pinnacle moment: the Heloise sandals.,,,,,,,,£795.0,795.0,specification,heelType,Block heel,specification,harrodsColour,White,specification,vendorColour,LATTE,specification,gender,Female,specification,name,Heloise 120 Leather Sandals,specification,sAPBrand,JIMMY CHOO,specification,category,"Storefront, Storefront|Shoes, Storefront|Shoes|Sandals",specification,sizeGuideActivated,true,specification,fasteningType,Buckle fastening,specification,brand,Jimmy Choo,specification,sizeGuideType,Shoes,,,,,,,,,,,,,,,,,,,,,,,,,,,
harrods,2025-11-05,https://www.harrods.com/api/rpc/getProductsByReferenceKeys?000000000007354427,https://www.harrods.com/en-gb/p/jimmy-choo-heloise-120-leather-sandals-000000000007354427,000000000007354427,Heloise 120 Leather Sandals,Jimmy Choo,795.0,Y,,,,LATTE,37.5 IT,,,Storefront,Shoes,Sandals,,,,,https://hrd-live.cdn.scayle.cloud/images/1054265ab823c6e3cd9c0b218a6be94c.jpg,https://hrd-live.cdn.scayle.cloud/images/303818a169d33407cd216ffededf7e19.jpg,https://hrd-live.cdn.scayle.cloud/images/41fe7ae989634c3b0a259004e4acb231.jpg,https://hrd-live.cdn.scayle.cloud/images/6c251a4818c130e0ee406c0d8a10b347.jpg,https://hrd-live.cdn.scayle.cloud/images/4aa927688813492697ccac152f35e7b7.jpg,"The perfect heel will have its wearer feeling elated, and though it wouldn't be advised to jump for joy in six-inch heels, the Heloise sandals from Jimmy Choo will provide enough excitement to last the full social season. Whether paired with an elegant dress or incorporated into a more casual look, their sophisticated design will bring elevation any which way.  *Due to the delicate nature of Jimmy Choo soles, shoes should be tried on a clean surface away from any moisture (e.g. a carpeted surface). All Jimmy Choo items must be returned in an unmarked, unused condition, including all original packaging, dust bag(s) and authenticity cards.*",26 years of design have led to a pinnacle moment: the Heloise sandals.,,,,,,,,£795.0,795.0,specification,heelType,Block heel,specification,harrodsColour,White,specification,vendorColour,LATTE,specification,gender,Female,specification,name,Heloise 120 Leather Sandals,specification,sAPBrand,JIMMY CHOO,specification,category,"Storefront, Storefront|Shoes, Storefront|Shoes|Sandals",specification,sizeGuideActivated,true,specification,fasteningType,Buckle fastening,specification,brand,Jimmy Choo,specification,sizeGuideType,Shoes,,,,,,,,,,,,,,,,,,,,,,,,,,,
harrods,2025-11-05,https://www.harrods.com/api/rpc/getProductsByReferenceKeys?000000000007354427,https://www.harrods.com/en-gb/p/jimmy-choo-heloise-120-leather-sandals-000000000007354427,000000000007354427,Heloise 120 Leather Sandals,Jimmy Choo,795.0,Y,,,,LATTE,38.5 IT,,,Storefront,Shoes,Sandals,,,,,https://hrd-live.cdn.scayle.cloud/images/1054265ab823c6e3cd9c0b218a6be94c.jpg,https://hrd-live.cdn.scayle.cloud/images/303818a169d33407cd216ffededf7e19.jpg,https://hrd-live.cdn.scayle.cloud/images/41fe7ae989634c3b0a259004e4acb231.jpg,https://hrd-live.cdn.scayle.cloud/images/6c251a4818c130e0ee406c0d8a10b347.jpg,https://hrd-live.cdn.scayle.cloud/images/4aa927688813492697ccac152f35e7b7.jpg,"The perfect heel will have its wearer feeling elated, and though it wouldn't be advised to jump for joy in six-inch heels, the Heloise sandals from Jimmy Choo will provide enough excitement to last the full social season. Whether paired with an elegant dress or incorporated into a more casual look, their sophisticated design will bring elevation any which way.  *Due to the delicate nature of Jimmy Choo soles, shoes should be tried on a clean surface away from any moisture (e.g. a carpeted surface). All Jimmy Choo items must be returned in an unmarked, unused condition, including all original packaging, dust bag(s) and authenticity cards.*",26 years of design have led to a pinnacle moment: the Heloise sandals.,,,,,,,,£795.0,795.0,specification,heelType,Block heel,specification,harrodsColour,White,specification,vendorColour,LATTE,specification,gender,Female,specification,name,Heloise 120 Leather Sandals,specification,sAPBrand,JIMMY CHOO,specification,category,"Storefront, Storefront|Shoes, Storefront|Shoes|Sandals",specification,sizeGuideActivated,true,specification,fasteningType,Buckle fastening,specification,brand,Jimmy Choo,specification,sizeGuideType,Shoes,,,,,,,,,,,,,,,,,,,,,,,,,,,
harrods,2025-11-05,https://www.harrods.com/api/rpc/getProductsByReferenceKeys?000000000007354427,https://www.harrods.com/en-gb/p/jimmy-choo-heloise-120-leather-sandals-000000000007354427,000000000007354427,Heloise 120 Leather Sandals,Jimmy Choo,795.0,Y,,,,LATTE,39 IT,,,Storefront,Shoes,Sandals,,,,,https://hrd-live.cdn.scayle.cloud/images/1054265ab823c6e3cd9c0b218a6be94c.jpg,https://hrd-live.cdn.scayle.cloud/images/303818a169d33407cd216ffededf7e19.jpg,https://hrd-live.cdn.scayle.cloud/images/41fe7ae989634c3b0a259004e4acb231.jpg,https://hrd-live.cdn.scayle.cloud/images/6c251a4818c130e0ee406c0d8a10b347.jpg,https://hrd-live.cdn.scayle.cloud/images/4aa927688813492697ccac152f35e7b7.jpg,"The perfect heel will have its wearer feeling elated, and though it wouldn't be advised to jump for joy in six-inch heels, the Heloise sandals from Jimmy Choo will provide enough excitement to last the full social season. Whether paired with an elegant dress or incorporated into a more casual look, their sophisticated design will bring elevation any which way.  *Due to the delicate nature of Jimmy Choo soles, shoes should be tried on a clean surface away from any moisture (e.g. a carpeted surface). All Jimmy Choo items must be returned in an unmarked, unused condition, including all original packaging, dust bag(s) and authenticity cards.*",26 years of design have led to a pinnacle moment: the Heloise sandals.,,,,,,,,£795.0,795.0,specification,heelType,Block heel,specification,harrodsColour,White,specification,vendorColour,LATTE,specification,gender,Female,specification,name,Heloise 120 Leather Sandals,specification,sAPBrand,JIMMY CHOO,specification,category,"Storefront, Storefront|Shoes, Storefront|Shoes|Sandals",specification,sizeGuideActivated,true,specification,fasteningType,Buckle fastening,specification,brand,Jimmy Choo,specification,sizeGuideType,Shoes,,,,,,,,,,,,,,,,,,,,,,,,,,,
harrods,2025-11-05,https://www.harrods.com/api/rpc/getProductsByReferenceKeys?000000000007354427,https://www.harrods.com/en-gb/p/jimmy-choo-heloise-120-leather-sandals-000000000007354427,000000000007354427,Heloise 120 Leather Sandals,Jimmy Choo,795.0,Y,,,,LATTE,39.5 IT,,,Storefront,Shoes,Sandals,,,,,https://hrd-live.cdn.scayle.cloud/images/1054265ab823c6e3cd9c0b218a6be94c.jpg,https://hrd-live.cdn.scayle.cloud/images/303818a169d33407cd216ffededf7e19.jpg,https://hrd-live.cdn.scayle.cloud/images/41fe7ae989634c3b0a259004e4acb231.jpg,https://hrd-live.cdn.scayle.cloud/images/6c251a4818c130e0ee406c0d8a10b347.jpg,https://hrd-live.cdn.scayle.cloud/images/4aa927688813492697ccac152f35e7b7.jpg,"The perfect heel will have its wearer feeling elated, and though it wouldn't be advised to jump for joy in six-inch heels, the Heloise sandals from Jimmy Choo will provide enough excitement to last the full social season. Whether paired with an elegant dress or incorporated into a more casual look, their sophisticated design will bring elevation any which way.  *Due to the delicate nature of Jimmy Choo soles, shoes should be tried on a clean surface away from any moisture (e.g. a carpeted surface). All Jimmy Choo items must be returned in an unmarked, unused condition, including all original packaging, dust bag(s) and authenticity cards.*",26 years of design have led to a pinnacle moment: the Heloise sandals.,,,,,,,,£795.0,795.0,specification,heelType,Block heel,specification,harrodsColour,White,specification,vendorColour,LATTE,specification,gender,Female,specification,name,Heloise 120 Leather Sandals,specification,sAPBrand,JIMMY CHOO,specification,category,"Storefront, Storefront|Shoes, Storefront|Shoes|Sandals",specification,sizeGuideActivated,true,specification,fasteningType,Buckle fastening,specification,brand,Jimmy Choo,specification,sizeGuideType,Shoes,,,,,,,,,,,,,,,,,,,,,,,,,,,
harrods,2025-11-05,https://www.harrods.com/api/rpc/getProductsByReferenceKeys?000000000007354427,https://www.harrods.com/en-gb/p/jimmy-choo-heloise-120-leather-sandals-000000000007354427,000000000007354427,Heloise 120 Leather Sandals,Jimmy Choo,795.0,Y,,,,LATTE,40 IT,,,Storefront,Shoes,Sandals,,,,,https://hrd-live.cdn.scayle.cloud/images/1054265ab823c6e3cd9c0b218a6be94c.jpg,https://hrd-live.cdn.scayle.cloud/images/303818a169d33407cd216ffededf7e19.jpg,https://hrd-live.cdn.scayle.cloud/images/41fe7ae989634c3b0a259004e4acb231.jpg,https://hrd-live.cdn.scayle.cloud/images/6c251a4818c130e0ee406c0d8a10b347.jpg,https://hrd-live.cdn.scayle.cloud/images/4aa927688813492697ccac152f35e7b7.jpg,"The perfect heel will have its wearer feeling elated, and though it wouldn't be advised to jump for joy in six-inch heels, the Heloise sandals from Jimmy Choo will provide enough excitement to last the full social season. Whether paired with an elegant dress or incorporated into a more casual look, their sophisticated design will bring elevation any which way.  *Due to the delicate nature of Jimmy Choo soles, shoes should be tried on a clean surface away from any moisture (e.g. a carpeted surface). All Jimmy Choo items must be returned in an unmarked, unused condition, including all original packaging, dust bag(s) and authenticity cards.*",26 years of design have led to a pinnacle moment: the Heloise sandals.,,,,,,,,£795.0,795.0,specification,heelType,Block heel,specification,harrodsColour,White,specification,vendorColour,LATTE,specification,gender,Female,specification,name,Heloise 120 Leather Sandals,specification,sAPBrand,JIMMY CHOO,specification,category,"Storefront, Storefront|Shoes, Storefront|Shoes|Sandals",specification,sizeGuideActivated,true,specification,fasteningType,Buckle fastening,specification,brand,Jimmy Choo,specification,sizeGuideType,Shoes,,,,,,,,,,,,,,,,,,,,,,,,,,,
harrods,2025-11-05,https://www.harrods.com/api/rpc/getProductsByReferenceKeys?000000000007354427,https://www.harrods.com/en-gb/p/jimmy-choo-heloise-120-leather-sandals-000000000007354427,000000000007354427,Heloise 120 Leather Sandals,Jimmy Choo,795.0,Y,,,,LATTE,42 IT,,,Storefront,Shoes,Sandals,,,,,https://hrd-live.cdn.scayle.cloud/images/1054265ab823c6e3cd9c0b218a6be94c.jpg,https://hrd-live.cdn.scayle.cloud/images/303818a169d33407cd216ffededf7e19.jpg,https://hrd-live.cdn.scayle.cloud/images/41fe7ae989634c3b0a259004e4acb231.jpg,https://hrd-live.cdn.scayle.cloud/images/6c251a4818c130e0ee406c0d8a10b347.jpg,https://hrd-live.cdn.scayle.cloud/images/4aa927688813492697ccac152f35e7b7.jpg,"The perfect heel will have its wearer feeling elated, and though it wouldn't be advised to jump for joy in six-inch heels, the Heloise sandals from Jimmy Choo will provide enough excitement to last the full social season. Whether paired with an elegant dress or incorporated into a more casual look, their sophisticated design will bring elevation any which way.  *Due to the delicate nature of Jimmy Choo soles, shoes should be tried on a clean surface away from any moisture (e.g. a carpeted surface). All Jimmy Choo items must be returned in an unmarked, unused condition, including all original packaging, dust bag(s) and authenticity cards.*",26 years of design have led to a pinnacle moment: the Heloise sandals.,,,,,,,,£795.0,795.0,specification,heelType,Block heel,specification,harrodsColour,White,specification,vendorColour,LATTE,specification,gender,Female,specification,name,Heloise 120 Leather Sandals,specification,sAPBrand,JIMMY CHOO,specification,category,"Storefront, Storefront|Shoes, Storefront|Shoes|Sandals",specification,sizeGuideActivated,true,specification,fasteningType,Buckle fastening,specification,brand,Jimmy Choo,specification,sizeGuideType,Shoes,,,,,,,,,,,,,,,,,,,,,,,,,,,
