source,date,apiURL,url,sku,name,brand,price,previousPrice,onSale,saleText,colour,size,UPC,EAN,cat,subcat1,subcat2,subcat3,subcat4,subcat5,warranty,image1,image2,image3,image4,image5,desc,shortDesc,reviewCount,reviewRating,videoURL,isSellingFast,isRestockingSoon,isPromotion,isOutletPrice,lowestPriceText,lowestPriceValue,attributeType1,attributeTitle1,attributeValue1,attributeType2,attributeTitle2,attributeValue2,attributeType3,attributeTitle3,attributeValue3,attributeType4,attributeTitle4,attributeValue4,attributeType5,attributeTitle5,attributeValue5,attributeType6,attributeTitle6,attributeValue6,attributeType7,attributeTitle7,attributeValue7,attributeType8,attributeTitle8,attributeValue8,attributeType9,attributeTitle9,attributeValue9,attributeType10,attributeTitle10,attributeValue10,attributeType11,attributeTitle11,attributeValue11,attributeType12,attributeTitle12,attributeValue12,attributeType13,attributeTitle13,attributeValue13,attributeType14,attributeTitle14,attributeValue14,attributeType15,attributeTitle15,attributeValue15,attributeType16,attributeTitle16,attributeValue16,attributeType17,attributeTitle17,attributeValue17,attributeType18,attributeTitle18,attributeValue18,attributeType19,attributeTitle19,attributeValue19,attributeType20,attributeTitle20,attributeValue20
JohnLewis,2025-09-16,https://api.johnlewis.com/catalogue/graphql?112030246,https://www.johnlewis.com/john-lewis-draper-ii-leather-armchair-light-leg/matt-black/p112030246,111904809,"John Lewis Draper II Leather Armchair, Light Leg, Matt Black",John Lewis,1649.00,,,,Matt Black,,,5063036950119,Homepage,Furniture & Lights,Sofas & Armchairs,Armchairs,,,25 year guarantee included,https://media.johnlewiscontent.com/i/JohnLewis/111904809,https://media.johnlewiscontent.com/i/JohnLewis/111904809alt1,https://media.johnlewiscontent.com/i/JohnLewis/111904809alt2,https://media.johnlewiscontent.com/i/JohnLewis/111904809alt3,https://media.johnlewiscontent.com/i/JohnLewis/111904809alt4,"Stylish and functional, the Draper II range is thoughtfully designed with tailored arms and slender legs. The modern proportions of the button detail seat and back cushions offer a deep and supportive sit whilst the sprung seat offers a luxurious, bounce-like feel. Design Details: Scandinavian influenced design with hand crafted pull details in the seat and back cushions A lightweight timeless style set on tall solid wood or metal feet Developed using a foam construction Metal Zig Zag springs provide unparalleled performance and comfort Foam Core with Dacron wrap and soft fibre filled back cushion Designer’s Notes The Draper II is the epitome of Scandinavian styling. This soft hand-crafted design has been the cornerstone of our collection for a number of years as it has a timeless appeal. Comfort rating Offering a supportive but forgiving sit, this range has a soft comfort rating. Designed to offer a degree of flexibility but still give a soft and comfortable experience, this range is perfect for those looking for that sink in feeling with an added degree of support. As leather is a natural product, there are natural characteristics on each leather hide used to make our sofas. These could be things like brand marks, insect bites or wrinkles. A large sofa could be made with as many as four hides so there may also be some slight colour variation, however we have strict guidelines to make sure any noticeable marks aren't in a prominent place. These distinctive qualities also mean that no two pieces of leather furniture will be exactly the same. Owing to variations in computer screen resolution and settings, the fabric you receive may look slightly different to how it appears here. Prior to purchasing, we strongly recommend that you order a free sample online. Try before you buy We're confident in our furniture's quality, but it's always a good idea to check that it's a good personal fit for you. We can't display all of our pieces in all of our stores – they just won't fit – but call us on 03452 661805 and we can help you find a nearby location to see, sit or even lie on it before ordering. Working in partnership with Clearabee If you need help disposing of your old sofa when ordering a new one we have teamed up with Clearabee to offer a convenient and cost effective solution, diverting 100% of products from landfill*. Find out more by visiting our Clearabee partner page below. *Products will be exited via energy from waste exit routes and diverted from landfill in compliance with regulations.",,,,,,,,,"£1,649.00",1649.00,specification,Guarantee,25 year guarantee included,specification,Height of seat,43.00cm,specification,Movement Type,Fixed,specification,Access dimensions,131.00cm,specification,Country of Origin,United Kingdom,specification,Safety features,Fire Retardant,specification,Castor Height,15.00cm,specification,Number of Legs,4,specification,Filling Composition,Origin Foam/Fibre & Fibre Backs,specification,Cover Type,Fixed,specification,Frame Construction,"Glued, Screwed, Stapled",specification,Assembly type,Partial Assembly Required,specification,Scatter cushions included?,0,specification,Brand,John Lewis,specification,Removable legs,Yes,specification,Removable Cover,No,specification,Seating width,64.00cm,specification,Suspension,Serpentine Springs,specification,Castor or Foot Type,Wooden Leg,specification,Care instructions,Sewn in Care/Batch Label
JohnLewis,2025-09-16,https://api.johnlewis.com/catalogue/graphql?112030246,https://www.johnlewis.com/john-lewis-draper-ii-leather-armchair-light-leg/matt-chestnut/p112030246,111904812,"John Lewis Draper II Leather Armchair, Light Leg, Matt Chestnut",John Lewis,1649.00,,,,Matt Chestnut,,,5063036948499,Homepage,Furniture & Lights,Sofas & Armchairs,Armchairs,,,25 year guarantee included,https://media.johnlewiscontent.com/i/JohnLewis/111904812,https://media.johnlewiscontent.com/i/JohnLewis/111904812alt1,https://media.johnlewiscontent.com/i/JohnLewis/111904812alt2,https://media.johnlewiscontent.com/i/JohnLewis/111904812alt3,https://media.johnlewiscontent.com/i/JohnLewis/111904812alt4,"Stylish and functional, the Draper II range is thoughtfully designed with tailored arms and slender legs. The modern proportions of the button detail seat and back cushions offer a deep and supportive sit whilst the sprung seat offers a luxurious, bounce-like feel. Design Details: Scandinavian influenced design with hand crafted pull details in the seat and back cushions A lightweight timeless style set on tall solid wood or metal feet Developed using a foam construction Metal Zig Zag springs provide unparalleled performance and comfort Foam Core with Dacron wrap and soft fibre filled back cushion Designer’s Notes The Draper II is the epitome of Scandinavian styling. This soft hand-crafted design has been the cornerstone of our collection for a number of years as it has a timeless appeal. Comfort rating Offering a supportive but forgiving sit, this range has a soft comfort rating. Designed to offer a degree of flexibility but still give a soft and comfortable experience, this range is perfect for those looking for that sink in feeling with an added degree of support. As leather is a natural product, there are natural characteristics on each leather hide used to make our sofas. These could be things like brand marks, insect bites or wrinkles. A large sofa could be made with as many as four hides so there may also be some slight colour variation, however we have strict guidelines to make sure any noticeable marks aren't in a prominent place. These distinctive qualities also mean that no two pieces of leather furniture will be exactly the same. Owing to variations in computer screen resolution and settings, the fabric you receive may look slightly different to how it appears here. Prior to purchasing, we strongly recommend that you order a free sample online. Try before you buy We're confident in our furniture's quality, but it's always a good idea to check that it's a good personal fit for you. We can't display all of our pieces in all of our stores – they just won't fit – but call us on 03452 661805 and we can help you find a nearby location to see, sit or even lie on it before ordering. Working in partnership with Clearabee If you need help disposing of your old sofa when ordering a new one we have teamed up with Clearabee to offer a convenient and cost effective solution, diverting 100% of products from landfill*. Find out more by visiting our Clearabee partner page below. *Products will be exited via energy from waste exit routes and diverted from landfill in compliance with regulations.",,,,,,,,,"£1,649.00",1649.00,specification,Guarantee,25 year guarantee included,specification,Height of seat,43.00cm,specification,Movement Type,Fixed,specification,Access dimensions,131.00cm,specification,Country of Origin,United Kingdom,specification,Safety features,Fire Retardant,specification,Castor Height,15.00cm,specification,Number of Legs,4,specification,Filling Composition,Origin Foam/Fibre & Fibre Backs,specification,Cover Type,Fixed,specification,Frame Construction,"Glued, Screwed, Stapled",specification,Assembly type,Partial Assembly Required,specification,Scatter cushions included?,0,specification,Brand,John Lewis,specification,Removable legs,Yes,specification,Removable Cover,No,specification,Seating width,64.00cm,specification,Suspension,Serpentine Springs,specification,Castor or Foot Type,Wooden Leg,specification,Care instructions,Sewn in Care/Batch Label
JohnLewis,2025-09-16,https://api.johnlewis.com/catalogue/graphql?112030246,https://www.johnlewis.com/john-lewis-draper-ii-leather-armchair-light-leg/matt-chocolate/p112030246,111904820,"John Lewis Draper II Leather Armchair, Light Leg, Matt Chocolate",John Lewis,1649.00,,,,Matt Chocolate,,,5063036950829,Homepage,Furniture & Lights,Sofas & Armchairs,Armchairs,,,25 year guarantee included,https://media.johnlewiscontent.com/i/JohnLewis/111904820,https://media.johnlewiscontent.com/i/JohnLewis/111904820alt1,https://media.johnlewiscontent.com/i/JohnLewis/111904820alt2,https://media.johnlewiscontent.com/i/JohnLewis/111904820alt3,https://media.johnlewiscontent.com/i/JohnLewis/111904820alt4,"Stylish and functional, the Draper II range is thoughtfully designed with tailored arms and slender legs. The modern proportions of the button detail seat and back cushions offer a deep and supportive sit whilst the sprung seat offers a luxurious, bounce-like feel. Design Details: Scandinavian influenced design with hand crafted pull details in the seat and back cushions A lightweight timeless style set on tall solid wood or metal feet Developed using a foam construction Metal Zig Zag springs provide unparalleled performance and comfort Foam Core with Dacron wrap and soft fibre filled back cushion Designer’s Notes The Draper II is the epitome of Scandinavian styling. This soft hand-crafted design has been the cornerstone of our collection for a number of years as it has a timeless appeal. Comfort rating Offering a supportive but forgiving sit, this range has a soft comfort rating. Designed to offer a degree of flexibility but still give a soft and comfortable experience, this range is perfect for those looking for that sink in feeling with an added degree of support. As leather is a natural product, there are natural characteristics on each leather hide used to make our sofas. These could be things like brand marks, insect bites or wrinkles. A large sofa could be made with as many as four hides so there may also be some slight colour variation, however we have strict guidelines to make sure any noticeable marks aren't in a prominent place. These distinctive qualities also mean that no two pieces of leather furniture will be exactly the same. Owing to variations in computer screen resolution and settings, the fabric you receive may look slightly different to how it appears here. Prior to purchasing, we strongly recommend that you order a free sample online. Try before you buy We're confident in our furniture's quality, but it's always a good idea to check that it's a good personal fit for you. We can't display all of our pieces in all of our stores – they just won't fit – but call us on 03452 661805 and we can help you find a nearby location to see, sit or even lie on it before ordering. Working in partnership with Clearabee If you need help disposing of your old sofa when ordering a new one we have teamed up with Clearabee to offer a convenient and cost effective solution, diverting 100% of products from landfill*. Find out more by visiting our Clearabee partner page below. *Products will be exited via energy from waste exit routes and diverted from landfill in compliance with regulations.",,,,,,,,,"£1,649.00",1649.00,specification,Guarantee,25 year guarantee included,specification,Height of seat,43.00cm,specification,Movement Type,Fixed,specification,Access dimensions,131.00cm,specification,Country of Origin,United Kingdom,specification,Safety features,Fire Retardant,specification,Castor Height,15.00cm,specification,Number of Legs,4,specification,Filling Composition,Origin Foam/Fibre & Fibre Backs,specification,Cover Type,Fixed,specification,Frame Construction,"Glued, Screwed, Stapled",specification,Assembly type,Partial Assembly Required,specification,Scatter cushions included?,0,specification,Brand,John Lewis,specification,Removable legs,Yes,specification,Removable Cover,No,specification,Seating width,64.00cm,specification,Suspension,Serpentine Springs,specification,Castor or Foot Type,Wooden Leg,specification,Care instructions,Sewn in Care/Batch Label
JohnLewis,2025-09-16,https://api.johnlewis.com/catalogue/graphql?112030246,https://www.johnlewis.com/john-lewis-draper-ii-leather-armchair-light-leg/matt-navy/p112030246,111904824,"John Lewis Draper II Leather Armchair, Light Leg, Matt Navy",John Lewis,1649.00,,,,Matt Navy,,,5063036949304,Homepage,Furniture & Lights,Sofas & Armchairs,Armchairs,,,25 year guarantee included,https://media.johnlewiscontent.com/i/JohnLewis/111904824,https://media.johnlewiscontent.com/i/JohnLewis/111904824alt1,https://media.johnlewiscontent.com/i/JohnLewis/111904824alt2,https://media.johnlewiscontent.com/i/JohnLewis/111904824alt3,https://media.johnlewiscontent.com/i/JohnLewis/111904824alt4,"Stylish and functional, the Draper II range is thoughtfully designed with tailored arms and slender legs. The modern proportions of the button detail seat and back cushions offer a deep and supportive sit whilst the sprung seat offers a luxurious, bounce-like feel. Design Details: Scandinavian influenced design with hand crafted pull details in the seat and back cushions A lightweight timeless style set on tall solid wood or metal feet Developed using a foam construction Metal Zig Zag springs provide unparalleled performance and comfort Foam Core with Dacron wrap and soft fibre filled back cushion Designer’s Notes The Draper II is the epitome of Scandinavian styling. This soft hand-crafted design has been the cornerstone of our collection for a number of years as it has a timeless appeal. Comfort rating Offering a supportive but forgiving sit, this range has a soft comfort rating. Designed to offer a degree of flexibility but still give a soft and comfortable experience, this range is perfect for those looking for that sink in feeling with an added degree of support. As leather is a natural product, there are natural characteristics on each leather hide used to make our sofas. These could be things like brand marks, insect bites or wrinkles. A large sofa could be made with as many as four hides so there may also be some slight colour variation, however we have strict guidelines to make sure any noticeable marks aren't in a prominent place. These distinctive qualities also mean that no two pieces of leather furniture will be exactly the same. Owing to variations in computer screen resolution and settings, the fabric you receive may look slightly different to how it appears here. Prior to purchasing, we strongly recommend that you order a free sample online. Try before you buy We're confident in our furniture's quality, but it's always a good idea to check that it's a good personal fit for you. We can't display all of our pieces in all of our stores – they just won't fit – but call us on 03452 661805 and we can help you find a nearby location to see, sit or even lie on it before ordering. Working in partnership with Clearabee If you need help disposing of your old sofa when ordering a new one we have teamed up with Clearabee to offer a convenient and cost effective solution, diverting 100% of products from landfill*. Find out more by visiting our Clearabee partner page below. *Products will be exited via energy from waste exit routes and diverted from landfill in compliance with regulations.",,,,,,,,,"£1,649.00",1649.00,specification,Guarantee,25 year guarantee included,specification,Height of seat,43.00cm,specification,Movement Type,Fixed,specification,Access dimensions,131.00cm,specification,Country of Origin,United Kingdom,specification,Safety features,Fire Retardant,specification,Castor Height,15.00cm,specification,Number of Legs,4,specification,Filling Composition,Origin Foam/Fibre & Fibre Backs,specification,Cover Type,Fixed,specification,Frame Construction,"Glued, Screwed, Stapled",specification,Assembly type,Partial Assembly Required,specification,Scatter cushions included?,0,specification,Brand,John Lewis,specification,Removable legs,Yes,specification,Removable Cover,No,specification,Seating width,64.00cm,specification,Suspension,Serpentine Springs,specification,Castor or Foot Type,Wooden Leg,specification,Care instructions,Sewn in Care/Batch Label
JohnLewis,2025-09-16,https://api.johnlewis.com/catalogue/graphql?112030246,https://www.johnlewis.com/john-lewis-draper-ii-leather-armchair-light-leg/matt-pearl/p112030246,111904827,"John Lewis Draper II Leather Armchair, Light Leg, Matt Pearl",John Lewis,1649.00,,,,Matt Pearl,,,5063036950515,Homepage,Furniture & Lights,Sofas & Armchairs,Armchairs,,,25 year guarantee included,https://media.johnlewiscontent.com/i/JohnLewis/111904827,https://media.johnlewiscontent.com/i/JohnLewis/111904827alt1,https://media.johnlewiscontent.com/i/JohnLewis/111904827alt2,https://media.johnlewiscontent.com/i/JohnLewis/111904827alt3,https://media.johnlewiscontent.com/i/JohnLewis/111904827alt4,"Stylish and functional, the Draper II range is thoughtfully designed with tailored arms and slender legs. The modern proportions of the button detail seat and back cushions offer a deep and supportive sit whilst the sprung seat offers a luxurious, bounce-like feel. Design Details: Scandinavian influenced design with hand crafted pull details in the seat and back cushions A lightweight timeless style set on tall solid wood or metal feet Developed using a foam construction Metal Zig Zag springs provide unparalleled performance and comfort Foam Core with Dacron wrap and soft fibre filled back cushion Designer’s Notes The Draper II is the epitome of Scandinavian styling. This soft hand-crafted design has been the cornerstone of our collection for a number of years as it has a timeless appeal. Comfort rating Offering a supportive but forgiving sit, this range has a soft comfort rating. Designed to offer a degree of flexibility but still give a soft and comfortable experience, this range is perfect for those looking for that sink in feeling with an added degree of support. As leather is a natural product, there are natural characteristics on each leather hide used to make our sofas. These could be things like brand marks, insect bites or wrinkles. A large sofa could be made with as many as four hides so there may also be some slight colour variation, however we have strict guidelines to make sure any noticeable marks aren't in a prominent place. These distinctive qualities also mean that no two pieces of leather furniture will be exactly the same. Owing to variations in computer screen resolution and settings, the fabric you receive may look slightly different to how it appears here. Prior to purchasing, we strongly recommend that you order a free sample online. Try before you buy We're confident in our furniture's quality, but it's always a good idea to check that it's a good personal fit for you. We can't display all of our pieces in all of our stores – they just won't fit – but call us on 03452 661805 and we can help you find a nearby location to see, sit or even lie on it before ordering. Working in partnership with Clearabee If you need help disposing of your old sofa when ordering a new one we have teamed up with Clearabee to offer a convenient and cost effective solution, diverting 100% of products from landfill*. Find out more by visiting our Clearabee partner page below. *Products will be exited via energy from waste exit routes and diverted from landfill in compliance with regulations.",,,,,,,,,"£1,649.00",1649.00,specification,Guarantee,25 year guarantee included,specification,Height of seat,43.00cm,specification,Movement Type,Fixed,specification,Access dimensions,131.00cm,specification,Country of Origin,United Kingdom,specification,Safety features,Fire Retardant,specification,Castor Height,15.00cm,specification,Number of Legs,4,specification,Filling Composition,Origin Foam/Fibre & Fibre Backs,specification,Cover Type,Fixed,specification,Frame Construction,"Glued, Screwed, Stapled",specification,Assembly type,Partial Assembly Required,specification,Scatter cushions included?,0,specification,Brand,John Lewis,specification,Removable legs,Yes,specification,Removable Cover,No,specification,Seating width,64.00cm,specification,Suspension,Serpentine Springs,specification,Castor or Foot Type,Wooden Leg,specification,Care instructions,Sewn in Care/Batch Label
JohnLewis,2025-09-16,https://api.johnlewis.com/catalogue/graphql?112030246,https://www.johnlewis.com/john-lewis-draper-ii-leather-armchair-light-leg/matt-tan/p112030246,111904830,"John Lewis Draper II Leather Armchair, Light Leg, Matt Tan",John Lewis,1649.00,,,,Matt Tan,,,5063036948840,Homepage,Furniture & Lights,Sofas & Armchairs,Armchairs,,,25 year guarantee included,https://media.johnlewiscontent.com/i/JohnLewis/111904830,https://media.johnlewiscontent.com/i/JohnLewis/111904830alt1,https://media.johnlewiscontent.com/i/JohnLewis/111904830alt2,https://media.johnlewiscontent.com/i/JohnLewis/111904830alt3,https://media.johnlewiscontent.com/i/JohnLewis/111904830alt4,"Stylish and functional, the Draper II range is thoughtfully designed with tailored arms and slender legs. The modern proportions of the button detail seat and back cushions offer a deep and supportive sit whilst the sprung seat offers a luxurious, bounce-like feel. Design Details: Scandinavian influenced design with hand crafted pull details in the seat and back cushions A lightweight timeless style set on tall solid wood or metal feet Developed using a foam construction Metal Zig Zag springs provide unparalleled performance and comfort Foam Core with Dacron wrap and soft fibre filled back cushion Designer’s Notes The Draper II is the epitome of Scandinavian styling. This soft hand-crafted design has been the cornerstone of our collection for a number of years as it has a timeless appeal. Comfort rating Offering a supportive but forgiving sit, this range has a soft comfort rating. Designed to offer a degree of flexibility but still give a soft and comfortable experience, this range is perfect for those looking for that sink in feeling with an added degree of support. As leather is a natural product, there are natural characteristics on each leather hide used to make our sofas. These could be things like brand marks, insect bites or wrinkles. A large sofa could be made with as many as four hides so there may also be some slight colour variation, however we have strict guidelines to make sure any noticeable marks aren't in a prominent place. These distinctive qualities also mean that no two pieces of leather furniture will be exactly the same. Owing to variations in computer screen resolution and settings, the fabric you receive may look slightly different to how it appears here. Prior to purchasing, we strongly recommend that you order a free sample online. Try before you buy We're confident in our furniture's quality, but it's always a good idea to check that it's a good personal fit for you. We can't display all of our pieces in all of our stores – they just won't fit – but call us on 03452 661805 and we can help you find a nearby location to see, sit or even lie on it before ordering. Working in partnership with Clearabee If you need help disposing of your old sofa when ordering a new one we have teamed up with Clearabee to offer a convenient and cost effective solution, diverting 100% of products from landfill*. Find out more by visiting our Clearabee partner page below. *Products will be exited via energy from waste exit routes and diverted from landfill in compliance with regulations.",,,,,,,,,"£1,649.00",1649.00,specification,Guarantee,25 year guarantee included,specification,Height of seat,43.00cm,specification,Movement Type,Fixed,specification,Access dimensions,131.00cm,specification,Country of Origin,United Kingdom,specification,Safety features,Fire Retardant,specification,Castor Height,15.00cm,specification,Number of Legs,4,specification,Filling Composition,Origin Foam/Fibre & Fibre Backs,specification,Cover Type,Fixed,specification,Frame Construction,"Glued, Screwed, Stapled",specification,Assembly type,Partial Assembly Required,specification,Scatter cushions included?,0,specification,Brand,John Lewis,specification,Removable legs,Yes,specification,Removable Cover,No,specification,Seating width,64.00cm,specification,Suspension,Serpentine Springs,specification,Castor or Foot Type,Wooden Leg,specification,Care instructions,Sewn in Care/Batch Label
JohnLewis,2025-09-16,https://api.johnlewis.com/catalogue/graphql?112030246,https://www.johnlewis.com/john-lewis-draper-ii-leather-armchair-light-leg/demetra-green/p112030246,111904800,"John Lewis Draper II Leather Armchair, Light Leg, Demetra Green",John Lewis,1749.00,,,,Demetra Green,,,5063036949106,Homepage,Furniture & Lights,Sofas & Armchairs,Armchairs,,,25 year guarantee included,https://media.johnlewiscontent.com/i/JohnLewis/111904800,https://media.johnlewiscontent.com/i/JohnLewis/111904800alt1,https://media.johnlewiscontent.com/i/JohnLewis/111904800alt2,https://media.johnlewiscontent.com/i/JohnLewis/111904800alt3,https://media.johnlewiscontent.com/i/JohnLewis/111904800alt4,"Stylish and functional, the Draper II range is thoughtfully designed with tailored arms and slender legs. The modern proportions of the button detail seat and back cushions offer a deep and supportive sit whilst the sprung seat offers a luxurious, bounce-like feel. Design Details: Scandinavian influenced design with hand crafted pull details in the seat and back cushions A lightweight timeless style set on tall solid wood or metal feet Developed using a foam construction Metal Zig Zag springs provide unparalleled performance and comfort Foam Core with Dacron wrap and soft fibre filled back cushion Designer’s Notes The Draper II is the epitome of Scandinavian styling. This soft hand-crafted design has been the cornerstone of our collection for a number of years as it has a timeless appeal. Comfort rating Offering a supportive but forgiving sit, this range has a soft comfort rating. Designed to offer a degree of flexibility but still give a soft and comfortable experience, this range is perfect for those looking for that sink in feeling with an added degree of support. As leather is a natural product, there are natural characteristics on each leather hide used to make our sofas. These could be things like brand marks, insect bites or wrinkles. A large sofa could be made with as many as four hides so there may also be some slight colour variation, however we have strict guidelines to make sure any noticeable marks aren't in a prominent place. These distinctive qualities also mean that no two pieces of leather furniture will be exactly the same. Owing to variations in computer screen resolution and settings, the fabric you receive may look slightly different to how it appears here. Prior to purchasing, we strongly recommend that you order a free sample online. Try before you buy We're confident in our furniture's quality, but it's always a good idea to check that it's a good personal fit for you. We can't display all of our pieces in all of our stores – they just won't fit – but call us on 03452 661805 and we can help you find a nearby location to see, sit or even lie on it before ordering. Working in partnership with Clearabee If you need help disposing of your old sofa when ordering a new one we have teamed up with Clearabee to offer a convenient and cost effective solution, diverting 100% of products from landfill*. Find out more by visiting our Clearabee partner page below. *Products will be exited via energy from waste exit routes and diverted from landfill in compliance with regulations.",,,,,,,,,"£1,749.00",1749.00,specification,Guarantee,25 year guarantee included,specification,Height of seat,43.00cm,specification,Movement Type,Fixed,specification,Access dimensions,131.00cm,specification,Country of Origin,United Kingdom,specification,Safety features,Fire Retardant,specification,Castor Height,15.00cm,specification,Number of Legs,4,specification,Filling Composition,Origin Foam/Fibre & Fibre Backs,specification,Cover Type,Fixed,specification,Frame Construction,"Glued, Screwed, Stapled",specification,Assembly type,Partial Assembly Required,specification,Scatter cushions included?,0,specification,Brand,John Lewis,specification,Removable legs,Yes,specification,Removable Cover,No,specification,Seating width,64.00cm,specification,Suspension,Serpentine Springs,specification,Castor or Foot Type,Wooden Leg,specification,Care instructions,Sewn in Care/Batch Label
JohnLewis,2025-09-16,https://api.johnlewis.com/catalogue/graphql?112030246,https://www.johnlewis.com/john-lewis-draper-ii-leather-armchair-light-leg/demetra-grey/p112030246,111904803,"John Lewis Draper II Leather Armchair, Light Leg, Demetra Grey",John Lewis,1749.00,,,,Demetra Grey,,,5063036950430,Homepage,Furniture & Lights,Sofas & Armchairs,Armchairs,,,25 year guarantee included,https://media.johnlewiscontent.com/i/JohnLewis/111904803,https://media.johnlewiscontent.com/i/JohnLewis/111904803alt1,https://media.johnlewiscontent.com/i/JohnLewis/111904803alt2,https://media.johnlewiscontent.com/i/JohnLewis/111904803alt3,https://media.johnlewiscontent.com/i/JohnLewis/111904803alt4,"Stylish and functional, the Draper II range is thoughtfully designed with tailored arms and slender legs. The modern proportions of the button detail seat and back cushions offer a deep and supportive sit whilst the sprung seat offers a luxurious, bounce-like feel. Design Details: Scandinavian influenced design with hand crafted pull details in the seat and back cushions A lightweight timeless style set on tall solid wood or metal feet Developed using a foam construction Metal Zig Zag springs provide unparalleled performance and comfort Foam Core with Dacron wrap and soft fibre filled back cushion Designer’s Notes The Draper II is the epitome of Scandinavian styling. This soft hand-crafted design has been the cornerstone of our collection for a number of years as it has a timeless appeal. Comfort rating Offering a supportive but forgiving sit, this range has a soft comfort rating. Designed to offer a degree of flexibility but still give a soft and comfortable experience, this range is perfect for those looking for that sink in feeling with an added degree of support. As leather is a natural product, there are natural characteristics on each leather hide used to make our sofas. These could be things like brand marks, insect bites or wrinkles. A large sofa could be made with as many as four hides so there may also be some slight colour variation, however we have strict guidelines to make sure any noticeable marks aren't in a prominent place. These distinctive qualities also mean that no two pieces of leather furniture will be exactly the same. Owing to variations in computer screen resolution and settings, the fabric you receive may look slightly different to how it appears here. Prior to purchasing, we strongly recommend that you order a free sample online. Try before you buy We're confident in our furniture's quality, but it's always a good idea to check that it's a good personal fit for you. We can't display all of our pieces in all of our stores – they just won't fit – but call us on 03452 661805 and we can help you find a nearby location to see, sit or even lie on it before ordering. Working in partnership with Clearabee If you need help disposing of your old sofa when ordering a new one we have teamed up with Clearabee to offer a convenient and cost effective solution, diverting 100% of products from landfill*. Find out more by visiting our Clearabee partner page below. *Products will be exited via energy from waste exit routes and diverted from landfill in compliance with regulations.",,,,,,,,,"£1,749.00",1749.00,specification,Guarantee,25 year guarantee included,specification,Height of seat,43.00cm,specification,Movement Type,Fixed,specification,Access dimensions,131.00cm,specification,Country of Origin,United Kingdom,specification,Safety features,Fire Retardant,specification,Castor Height,15.00cm,specification,Number of Legs,4,specification,Filling Composition,Origin Foam/Fibre & Fibre Backs,specification,Cover Type,Fixed,specification,Frame Construction,"Glued, Screwed, Stapled",specification,Assembly type,Partial Assembly Required,specification,Scatter cushions included?,0,specification,Brand,John Lewis,specification,Removable legs,Yes,specification,Removable Cover,No,specification,Seating width,64.00cm,specification,Suspension,Serpentine Springs,specification,Castor or Foot Type,Wooden Leg,specification,Care instructions,Sewn in Care/Batch Label
JohnLewis,2025-09-16,https://api.johnlewis.com/catalogue/graphql?112030246,https://www.johnlewis.com/john-lewis-draper-ii-leather-armchair-light-leg/demetra-light-tan/p112030246,111904806,"John Lewis Draper II Leather Armchair, Light Leg, Demetra Light Tan",John Lewis,1749.00,,,,Demetra Light Tan,,,5063036948789,Homepage,Furniture & Lights,Sofas & Armchairs,Armchairs,,,25 year guarantee included,https://media.johnlewiscontent.com/i/JohnLewis/111904806,https://media.johnlewiscontent.com/i/JohnLewis/111904806alt1,https://media.johnlewiscontent.com/i/JohnLewis/111904806alt2,https://media.johnlewiscontent.com/i/JohnLewis/111904806alt3,https://media.johnlewiscontent.com/i/JohnLewis/111904806alt4,"Stylish and functional, the Draper II range is thoughtfully designed with tailored arms and slender legs. The modern proportions of the button detail seat and back cushions offer a deep and supportive sit whilst the sprung seat offers a luxurious, bounce-like feel. Design Details: Scandinavian influenced design with hand crafted pull details in the seat and back cushions A lightweight timeless style set on tall solid wood or metal feet Developed using a foam construction Metal Zig Zag springs provide unparalleled performance and comfort Foam Core with Dacron wrap and soft fibre filled back cushion Designer’s Notes The Draper II is the epitome of Scandinavian styling. This soft hand-crafted design has been the cornerstone of our collection for a number of years as it has a timeless appeal. Comfort rating Offering a supportive but forgiving sit, this range has a soft comfort rating. Designed to offer a degree of flexibility but still give a soft and comfortable experience, this range is perfect for those looking for that sink in feeling with an added degree of support. As leather is a natural product, there are natural characteristics on each leather hide used to make our sofas. These could be things like brand marks, insect bites or wrinkles. A large sofa could be made with as many as four hides so there may also be some slight colour variation, however we have strict guidelines to make sure any noticeable marks aren't in a prominent place. These distinctive qualities also mean that no two pieces of leather furniture will be exactly the same. Owing to variations in computer screen resolution and settings, the fabric you receive may look slightly different to how it appears here. Prior to purchasing, we strongly recommend that you order a free sample online. Try before you buy We're confident in our furniture's quality, but it's always a good idea to check that it's a good personal fit for you. We can't display all of our pieces in all of our stores – they just won't fit – but call us on 03452 661805 and we can help you find a nearby location to see, sit or even lie on it before ordering. Working in partnership with Clearabee If you need help disposing of your old sofa when ordering a new one we have teamed up with Clearabee to offer a convenient and cost effective solution, diverting 100% of products from landfill*. Find out more by visiting our Clearabee partner page below. *Products will be exited via energy from waste exit routes and diverted from landfill in compliance with regulations.",,,,,,,,,"£1,749.00",1749.00,specification,Guarantee,25 year guarantee included,specification,Height of seat,43.00cm,specification,Movement Type,Fixed,specification,Access dimensions,131.00cm,specification,Country of Origin,United Kingdom,specification,Safety features,Fire Retardant,specification,Castor Height,15.00cm,specification,Number of Legs,4,specification,Filling Composition,Origin Foam/Fibre & Fibre Backs,specification,Cover Type,Fixed,specification,Frame Construction,"Glued, Screwed, Stapled",specification,Assembly type,Partial Assembly Required,specification,Scatter cushions included?,0,specification,Brand,John Lewis,specification,Removable legs,Yes,specification,Removable Cover,No,specification,Seating width,64.00cm,specification,Suspension,Serpentine Springs,specification,Castor or Foot Type,Wooden Leg,specification,Care instructions,Sewn in Care/Batch Label
JohnLewis,2025-09-16,https://api.johnlewis.com/catalogue/graphql?112030246,https://www.johnlewis.com/john-lewis-draper-ii-leather-armchair-light-leg/premium-caramel/p112030246,111904833,"John Lewis Draper II Leather Armchair, Light Leg, Premium Caramel",John Lewis,2049.00,,,,Premium Caramel,,,5063036950188,Homepage,Furniture & Lights,Sofas & Armchairs,Armchairs,,,25 year guarantee included,https://media.johnlewiscontent.com/i/JohnLewis/111904833,https://media.johnlewiscontent.com/i/JohnLewis/111904833alt1,https://media.johnlewiscontent.com/i/JohnLewis/111904833alt2,https://media.johnlewiscontent.com/i/JohnLewis/111904833alt3,https://media.johnlewiscontent.com/i/JohnLewis/111904833alt4,"Stylish and functional, the Draper II range is thoughtfully designed with tailored arms and slender legs. The modern proportions of the button detail seat and back cushions offer a deep and supportive sit whilst the sprung seat offers a luxurious, bounce-like feel. Design Details: Scandinavian influenced design with hand crafted pull details in the seat and back cushions A lightweight timeless style set on tall solid wood or metal feet Developed using a foam construction Metal Zig Zag springs provide unparalleled performance and comfort Foam Core with Dacron wrap and soft fibre filled back cushion Designer’s Notes The Draper II is the epitome of Scandinavian styling. This soft hand-crafted design has been the cornerstone of our collection for a number of years as it has a timeless appeal. Comfort rating Offering a supportive but forgiving sit, this range has a soft comfort rating. Designed to offer a degree of flexibility but still give a soft and comfortable experience, this range is perfect for those looking for that sink in feeling with an added degree of support. As leather is a natural product, there are natural characteristics on each leather hide used to make our sofas. These could be things like brand marks, insect bites or wrinkles. A large sofa could be made with as many as four hides so there may also be some slight colour variation, however we have strict guidelines to make sure any noticeable marks aren't in a prominent place. These distinctive qualities also mean that no two pieces of leather furniture will be exactly the same. Owing to variations in computer screen resolution and settings, the fabric you receive may look slightly different to how it appears here. Prior to purchasing, we strongly recommend that you order a free sample online. Try before you buy We're confident in our furniture's quality, but it's always a good idea to check that it's a good personal fit for you. We can't display all of our pieces in all of our stores – they just won't fit – but call us on 03452 661805 and we can help you find a nearby location to see, sit or even lie on it before ordering. Working in partnership with Clearabee If you need help disposing of your old sofa when ordering a new one we have teamed up with Clearabee to offer a convenient and cost effective solution, diverting 100% of products from landfill*. Find out more by visiting our Clearabee partner page below. *Products will be exited via energy from waste exit routes and diverted from landfill in compliance with regulations.",,,,,,,,,"£2,049.00",2049.00,specification,Guarantee,25 year guarantee included,specification,Height of seat,43.00cm,specification,Movement Type,Fixed,specification,Access dimensions,131.00cm,specification,Country of Origin,United Kingdom,specification,Safety features,Fire Retardant,specification,Castor Height,15.00cm,specification,Number of Legs,4,specification,Filling Composition,Origin Foam/Fibre & Fibre Backs,specification,Cover Type,Fixed,specification,Frame Construction,"Glued, Screwed, Stapled",specification,Assembly type,Partial Assembly Required,specification,Scatter cushions included?,0,specification,Brand,John Lewis,specification,Removable legs,Yes,specification,Removable Cover,No,specification,Seating width,64.00cm,specification,Suspension,Serpentine Springs,specification,Castor or Foot Type,Wooden Leg,specification,Care instructions,Sewn in Care/Batch Label
JohnLewis,2025-09-16,https://api.johnlewis.com/catalogue/graphql?112030246,https://www.johnlewis.com/john-lewis-draper-ii-leather-armchair-light-leg/premium-cocoa/p112030246,111904838,"John Lewis Draper II Leather Armchair, Light Leg, Premium Cocoa",John Lewis,2049.00,,,,Premium Cocoa,,,5063036948925,Homepage,Furniture & Lights,Sofas & Armchairs,Armchairs,,,25 year guarantee included,https://media.johnlewiscontent.com/i/JohnLewis/111904838,https://media.johnlewiscontent.com/i/JohnLewis/111904838alt1,https://media.johnlewiscontent.com/i/JohnLewis/111904838alt2,https://media.johnlewiscontent.com/i/JohnLewis/111904838alt3,https://media.johnlewiscontent.com/i/JohnLewis/111904838alt4,"Stylish and functional, the Draper II range is thoughtfully designed with tailored arms and slender legs. The modern proportions of the button detail seat and back cushions offer a deep and supportive sit whilst the sprung seat offers a luxurious, bounce-like feel. Design Details: Scandinavian influenced design with hand crafted pull details in the seat and back cushions A lightweight timeless style set on tall solid wood or metal feet Developed using a foam construction Metal Zig Zag springs provide unparalleled performance and comfort Foam Core with Dacron wrap and soft fibre filled back cushion Designer’s Notes The Draper II is the epitome of Scandinavian styling. This soft hand-crafted design has been the cornerstone of our collection for a number of years as it has a timeless appeal. Comfort rating Offering a supportive but forgiving sit, this range has a soft comfort rating. Designed to offer a degree of flexibility but still give a soft and comfortable experience, this range is perfect for those looking for that sink in feeling with an added degree of support. As leather is a natural product, there are natural characteristics on each leather hide used to make our sofas. These could be things like brand marks, insect bites or wrinkles. A large sofa could be made with as many as four hides so there may also be some slight colour variation, however we have strict guidelines to make sure any noticeable marks aren't in a prominent place. These distinctive qualities also mean that no two pieces of leather furniture will be exactly the same. Owing to variations in computer screen resolution and settings, the fabric you receive may look slightly different to how it appears here. Prior to purchasing, we strongly recommend that you order a free sample online. Try before you buy We're confident in our furniture's quality, but it's always a good idea to check that it's a good personal fit for you. We can't display all of our pieces in all of our stores – they just won't fit – but call us on 03452 661805 and we can help you find a nearby location to see, sit or even lie on it before ordering. Working in partnership with Clearabee If you need help disposing of your old sofa when ordering a new one we have teamed up with Clearabee to offer a convenient and cost effective solution, diverting 100% of products from landfill*. Find out more by visiting our Clearabee partner page below. *Products will be exited via energy from waste exit routes and diverted from landfill in compliance with regulations.",,,,,,,,,"£2,049.00",2049.00,specification,Guarantee,25 year guarantee included,specification,Height of seat,43.00cm,specification,Movement Type,Fixed,specification,Access dimensions,131.00cm,specification,Country of Origin,United Kingdom,specification,Safety features,Fire Retardant,specification,Castor Height,15.00cm,specification,Number of Legs,4,specification,Filling Composition,Origin Foam/Fibre & Fibre Backs,specification,Cover Type,Fixed,specification,Frame Construction,"Glued, Screwed, Stapled",specification,Assembly type,Partial Assembly Required,specification,Scatter cushions included?,0,specification,Brand,John Lewis,specification,Removable legs,Yes,specification,Removable Cover,No,specification,Seating width,64.00cm,specification,Suspension,Serpentine Springs,specification,Castor or Foot Type,Wooden Leg,specification,Care instructions,Sewn in Care/Batch Label
JohnLewis,2025-09-16,https://api.johnlewis.com/catalogue/graphql?112030246,https://www.johnlewis.com/john-lewis-draper-ii-leather-armchair-light-leg/vintage-jeans/p112030246,111904847,"John Lewis Draper II Leather Armchair, Light Leg, Vintage Jeans",John Lewis,1749.00,,,,Vintage Jeans,,,5063036948536,Homepage,Furniture & Lights,Sofas & Armchairs,Armchairs,,,25 year guarantee included,https://media.johnlewiscontent.com/i/JohnLewis/111904847,https://media.johnlewiscontent.com/i/JohnLewis/111904847alt1,https://media.johnlewiscontent.com/i/JohnLewis/111904847alt2,https://media.johnlewiscontent.com/i/JohnLewis/111904847alt3,https://media.johnlewiscontent.com/i/JohnLewis/111904847alt4,"Stylish and functional, the Draper II range is thoughtfully designed with tailored arms and slender legs. The modern proportions of the button detail seat and back cushions offer a deep and supportive sit whilst the sprung seat offers a luxurious, bounce-like feel. Design Details: Scandinavian influenced design with hand crafted pull details in the seat and back cushions A lightweight timeless style set on tall solid wood or metal feet Developed using a foam construction Metal Zig Zag springs provide unparalleled performance and comfort Foam Core with Dacron wrap and soft fibre filled back cushion Designer’s Notes The Draper II is the epitome of Scandinavian styling. This soft hand-crafted design has been the cornerstone of our collection for a number of years as it has a timeless appeal. Comfort rating Offering a supportive but forgiving sit, this range has a soft comfort rating. Designed to offer a degree of flexibility but still give a soft and comfortable experience, this range is perfect for those looking for that sink in feeling with an added degree of support. As leather is a natural product, there are natural characteristics on each leather hide used to make our sofas. These could be things like brand marks, insect bites or wrinkles. A large sofa could be made with as many as four hides so there may also be some slight colour variation, however we have strict guidelines to make sure any noticeable marks aren't in a prominent place. These distinctive qualities also mean that no two pieces of leather furniture will be exactly the same. Owing to variations in computer screen resolution and settings, the fabric you receive may look slightly different to how it appears here. Prior to purchasing, we strongly recommend that you order a free sample online. Try before you buy We're confident in our furniture's quality, but it's always a good idea to check that it's a good personal fit for you. We can't display all of our pieces in all of our stores – they just won't fit – but call us on 03452 661805 and we can help you find a nearby location to see, sit or even lie on it before ordering. Working in partnership with Clearabee If you need help disposing of your old sofa when ordering a new one we have teamed up with Clearabee to offer a convenient and cost effective solution, diverting 100% of products from landfill*. Find out more by visiting our Clearabee partner page below. *Products will be exited via energy from waste exit routes and diverted from landfill in compliance with regulations.",,,,,,,,,"£1,749.00",1749.00,specification,Guarantee,25 year guarantee included,specification,Height of seat,43.00cm,specification,Movement Type,Fixed,specification,Access dimensions,131.00cm,specification,Country of Origin,United Kingdom,specification,Safety features,Fire Retardant,specification,Castor Height,15.00cm,specification,Number of Legs,4,specification,Filling Composition,Origin Foam/Fibre & Fibre Backs,specification,Cover Type,Fixed,specification,Frame Construction,"Glued, Screwed, Stapled",specification,Assembly type,Partial Assembly Required,specification,Scatter cushions included?,0,specification,Brand,John Lewis,specification,Removable legs,Yes,specification,Removable Cover,No,specification,Seating width,64.00cm,specification,Suspension,Serpentine Springs,specification,Castor or Foot Type,Wooden Leg,specification,Care instructions,Sewn in Care/Batch Label
JohnLewis,2025-09-16,https://api.johnlewis.com/catalogue/graphql?112030246,https://www.johnlewis.com/john-lewis-draper-ii-leather-armchair-light-leg/vintage-shadow/p112030246,111904854,"John Lewis Draper II Leather Armchair, Light Leg, Vintage Shadow",John Lewis,1749.00,,,,Vintage Shadow,,,5063036950614,Homepage,Furniture & Lights,Sofas & Armchairs,Armchairs,,,25 year guarantee included,https://media.johnlewiscontent.com/i/JohnLewis/111904854,https://media.johnlewiscontent.com/i/JohnLewis/111904854alt1,https://media.johnlewiscontent.com/i/JohnLewis/111904854alt2,https://media.johnlewiscontent.com/i/JohnLewis/111904854alt3,https://media.johnlewiscontent.com/i/JohnLewis/111904854alt4,"Stylish and functional, the Draper II range is thoughtfully designed with tailored arms and slender legs. The modern proportions of the button detail seat and back cushions offer a deep and supportive sit whilst the sprung seat offers a luxurious, bounce-like feel. Design Details: Scandinavian influenced design with hand crafted pull details in the seat and back cushions A lightweight timeless style set on tall solid wood or metal feet Developed using a foam construction Metal Zig Zag springs provide unparalleled performance and comfort Foam Core with Dacron wrap and soft fibre filled back cushion Designer’s Notes The Draper II is the epitome of Scandinavian styling. This soft hand-crafted design has been the cornerstone of our collection for a number of years as it has a timeless appeal. Comfort rating Offering a supportive but forgiving sit, this range has a soft comfort rating. Designed to offer a degree of flexibility but still give a soft and comfortable experience, this range is perfect for those looking for that sink in feeling with an added degree of support. As leather is a natural product, there are natural characteristics on each leather hide used to make our sofas. These could be things like brand marks, insect bites or wrinkles. A large sofa could be made with as many as four hides so there may also be some slight colour variation, however we have strict guidelines to make sure any noticeable marks aren't in a prominent place. These distinctive qualities also mean that no two pieces of leather furniture will be exactly the same. Owing to variations in computer screen resolution and settings, the fabric you receive may look slightly different to how it appears here. Prior to purchasing, we strongly recommend that you order a free sample online. Try before you buy We're confident in our furniture's quality, but it's always a good idea to check that it's a good personal fit for you. We can't display all of our pieces in all of our stores – they just won't fit – but call us on 03452 661805 and we can help you find a nearby location to see, sit or even lie on it before ordering. Working in partnership with Clearabee If you need help disposing of your old sofa when ordering a new one we have teamed up with Clearabee to offer a convenient and cost effective solution, diverting 100% of products from landfill*. Find out more by visiting our Clearabee partner page below. *Products will be exited via energy from waste exit routes and diverted from landfill in compliance with regulations.",,,,,,,,,"£1,749.00",1749.00,specification,Guarantee,25 year guarantee included,specification,Height of seat,43.00cm,specification,Movement Type,Fixed,specification,Access dimensions,131.00cm,specification,Country of Origin,United Kingdom,specification,Safety features,Fire Retardant,specification,Castor Height,15.00cm,specification,Number of Legs,4,specification,Filling Composition,Origin Foam/Fibre & Fibre Backs,specification,Cover Type,Fixed,specification,Frame Construction,"Glued, Screwed, Stapled",specification,Assembly type,Partial Assembly Required,specification,Scatter cushions included?,0,specification,Brand,John Lewis,specification,Removable legs,Yes,specification,Removable Cover,No,specification,Seating width,64.00cm,specification,Suspension,Serpentine Springs,specification,Castor or Foot Type,Wooden Leg,specification,Care instructions,Sewn in Care/Batch Label
JohnLewis,2025-09-16,https://api.johnlewis.com/catalogue/graphql?112030246,https://www.johnlewis.com/john-lewis-draper-ii-leather-armchair-light-leg/vintage-toffee/p112030246,111904857,"John Lewis Draper II Leather Armchair, Light Leg, Vintage Toffee",John Lewis,1749.00,,,,Vintage Toffee,,,5063036949038,Homepage,Furniture & Lights,Sofas & Armchairs,Armchairs,,,25 year guarantee included,https://media.johnlewiscontent.com/i/JohnLewis/111904857,https://media.johnlewiscontent.com/i/JohnLewis/111904857alt1,https://media.johnlewiscontent.com/i/JohnLewis/111904857alt2,https://media.johnlewiscontent.com/i/JohnLewis/111904857alt3,https://media.johnlewiscontent.com/i/JohnLewis/111904857alt4,"Stylish and functional, the Draper II range is thoughtfully designed with tailored arms and slender legs. The modern proportions of the button detail seat and back cushions offer a deep and supportive sit whilst the sprung seat offers a luxurious, bounce-like feel. Design Details: Scandinavian influenced design with hand crafted pull details in the seat and back cushions A lightweight timeless style set on tall solid wood or metal feet Developed using a foam construction Metal Zig Zag springs provide unparalleled performance and comfort Foam Core with Dacron wrap and soft fibre filled back cushion Designer’s Notes The Draper II is the epitome of Scandinavian styling. This soft hand-crafted design has been the cornerstone of our collection for a number of years as it has a timeless appeal. Comfort rating Offering a supportive but forgiving sit, this range has a soft comfort rating. Designed to offer a degree of flexibility but still give a soft and comfortable experience, this range is perfect for those looking for that sink in feeling with an added degree of support. As leather is a natural product, there are natural characteristics on each leather hide used to make our sofas. These could be things like brand marks, insect bites or wrinkles. A large sofa could be made with as many as four hides so there may also be some slight colour variation, however we have strict guidelines to make sure any noticeable marks aren't in a prominent place. These distinctive qualities also mean that no two pieces of leather furniture will be exactly the same. Owing to variations in computer screen resolution and settings, the fabric you receive may look slightly different to how it appears here. Prior to purchasing, we strongly recommend that you order a free sample online. Try before you buy We're confident in our furniture's quality, but it's always a good idea to check that it's a good personal fit for you. We can't display all of our pieces in all of our stores – they just won't fit – but call us on 03452 661805 and we can help you find a nearby location to see, sit or even lie on it before ordering. Working in partnership with Clearabee If you need help disposing of your old sofa when ordering a new one we have teamed up with Clearabee to offer a convenient and cost effective solution, diverting 100% of products from landfill*. Find out more by visiting our Clearabee partner page below. *Products will be exited via energy from waste exit routes and diverted from landfill in compliance with regulations.",,,,,,,,,"£1,749.00",1749.00,specification,Guarantee,25 year guarantee included,specification,Height of seat,43.00cm,specification,Movement Type,Fixed,specification,Access dimensions,131.00cm,specification,Country of Origin,United Kingdom,specification,Safety features,Fire Retardant,specification,Castor Height,15.00cm,specification,Number of Legs,4,specification,Filling Composition,Origin Foam/Fibre & Fibre Backs,specification,Cover Type,Fixed,specification,Frame Construction,"Glued, Screwed, Stapled",specification,Assembly type,Partial Assembly Required,specification,Scatter cushions included?,0,specification,Brand,John Lewis,specification,Removable legs,Yes,specification,Removable Cover,No,specification,Seating width,64.00cm,specification,Suspension,Serpentine Springs,specification,Castor or Foot Type,Wooden Leg,specification,Care instructions,Sewn in Care/Batch Label
JohnLewis,2025-09-16,https://api.johnlewis.com/catalogue/graphql?113784894,https://www.johnlewis.com/mini-boden-kids-corduroy-wave-pencil-dress-sapphire-blue/p113784894?size=2-3-years,113784300,"Mini Boden Kids' Corduroy Wave Pencil Dress, Sapphire Blue, 2-3 years",Mini Boden,45.00,,,,Sapphire Blue,2-3 years,,5063582157451,Homepage,Baby & Child,Girls' Clothes (2+ yrs),Girls' Dresses,,,,https://media.johnlewiscontent.com/i/JohnLewis/010105735,https://media.johnlewiscontent.com/i/JohnLewis/010105735alt1,,,,Bright colourful waves meet maximum twirl power with this dizzyingly cute corduroy dress from Mini Boden. Designed in a sleeveless style with a round neck.,,,,,,,,,£45.00,45.00,specification,Garment Length,Midi,specification,Brand,Mini Boden,specification,Country of Origin,India,specification,Drying Instructions,Tumble dry at low temperature,specification,Sleeve Type,Sleeveless,specification,Dress Shape,Fit and Flare,specification,Pattern Details,"Colour Block, Embellishment",,,,,,,,,,,,,,,,,,,,,,,,,,,,,,,,,,,,,,,
JohnLewis,2025-09-16,https://api.johnlewis.com/catalogue/graphql?113784894,https://www.johnlewis.com/mini-boden-kids-corduroy-wave-pencil-dress-sapphire-blue/p113784894?size=3-4-years,113784301,"Mini Boden Kids' Corduroy Wave Pencil Dress, Sapphire Blue, 3-4 years",Mini Boden,45.00,,,,Sapphire Blue,3-4 years,,5063582975239,Homepage,Baby & Child,Girls' Clothes (2+ yrs),Girls' Dresses,,,,https://media.johnlewiscontent.com/i/JohnLewis/010105735,https://media.johnlewiscontent.com/i/JohnLewis/010105735alt1,,,,Bright colourful waves meet maximum twirl power with this dizzyingly cute corduroy dress from Mini Boden. Designed in a sleeveless style with a round neck.,,,,,,,,,£45.00,45.00,specification,Garment Length,Midi,specification,Brand,Mini Boden,specification,Country of Origin,India,specification,Drying Instructions,Tumble dry at low temperature,specification,Sleeve Type,Sleeveless,specification,Dress Shape,Fit and Flare,specification,Pattern Details,"Colour Block, Embellishment",,,,,,,,,,,,,,,,,,,,,,,,,,,,,,,,,,,,,,,
JohnLewis,2025-09-16,https://api.johnlewis.com/catalogue/graphql?113784894,https://www.johnlewis.com/mini-boden-kids-corduroy-wave-pencil-dress-sapphire-blue/p113784894?size=4-5-years,113784302,"Mini Boden Kids' Corduroy Wave Pencil Dress, Sapphire Blue, 4-5 years",Mini Boden,45.00,,,,Sapphire Blue,4-5 years,,5063582255324,Homepage,Baby & Child,Girls' Clothes (2+ yrs),Girls' Dresses,,,,https://media.johnlewiscontent.com/i/JohnLewis/010105735,https://media.johnlewiscontent.com/i/JohnLewis/010105735alt1,,,,Bright colourful waves meet maximum twirl power with this dizzyingly cute corduroy dress from Mini Boden. Designed in a sleeveless style with a round neck.,,,,,,,,,£45.00,45.00,specification,Garment Length,Midi,specification,Brand,Mini Boden,specification,Country of Origin,India,specification,Drying Instructions,Tumble dry at low temperature,specification,Sleeve Type,Sleeveless,specification,Dress Shape,Fit and Flare,specification,Pattern Details,"Colour Block, Embellishment",,,,,,,,,,,,,,,,,,,,,,,,,,,,,,,,,,,,,,,
JohnLewis,2025-09-16,https://api.johnlewis.com/catalogue/graphql?113784894,https://www.johnlewis.com/mini-boden-kids-corduroy-wave-pencil-dress-sapphire-blue/p113784894?size=5-6-years,113784303,"Mini Boden Kids' Corduroy Wave Pencil Dress, Sapphire Blue, 5-6 years",Mini Boden,49.00,,,,Sapphire Blue,5-6 years,,5063582801811,Homepage,Baby & Child,Girls' Clothes (2+ yrs),Girls' Dresses,,,,https://media.johnlewiscontent.com/i/JohnLewis/010105735,https://media.johnlewiscontent.com/i/JohnLewis/010105735alt1,,,,Bright colourful waves meet maximum twirl power with this dizzyingly cute corduroy dress from Mini Boden. Designed in a sleeveless style with a round neck.,,,,,,,,,£49.00,49.00,specification,Garment Length,Midi,specification,Brand,Mini Boden,specification,Country of Origin,India,specification,Drying Instructions,Tumble dry at low temperature,specification,Sleeve Type,Sleeveless,specification,Dress Shape,Fit and Flare,specification,Pattern Details,"Colour Block, Embellishment",,,,,,,,,,,,,,,,,,,,,,,,,,,,,,,,,,,,,,,
JohnLewis,2025-09-16,https://api.johnlewis.com/catalogue/graphql?113784894,https://www.johnlewis.com/mini-boden-kids-corduroy-wave-pencil-dress-sapphire-blue/p113784894?size=6-7-years,113784304,"Mini Boden Kids' Corduroy Wave Pencil Dress, Sapphire Blue, 6-7 years",Mini Boden,49.00,,,,Sapphire Blue,6-7 years,,5063582154993,Homepage,Baby & Child,Girls' Clothes (2+ yrs),Girls' Dresses,,,,https://media.johnlewiscontent.com/i/JohnLewis/010105735,https://media.johnlewiscontent.com/i/JohnLewis/010105735alt1,,,,Bright colourful waves meet maximum twirl power with this dizzyingly cute corduroy dress from Mini Boden. Designed in a sleeveless style with a round neck.,,,,,,,,,£49.00,49.00,specification,Garment Length,Midi,specification,Brand,Mini Boden,specification,Country of Origin,India,specification,Drying Instructions,Tumble dry at low temperature,specification,Sleeve Type,Sleeveless,specification,Dress Shape,Fit and Flare,specification,Pattern Details,"Colour Block, Embellishment",,,,,,,,,,,,,,,,,,,,,,,,,,,,,,,,,,,,,,,
JohnLewis,2025-09-16,https://api.johnlewis.com/catalogue/graphql?113784894,https://www.johnlewis.com/mini-boden-kids-corduroy-wave-pencil-dress-sapphire-blue/p113784894?size=7-8-years,113784305,"Mini Boden Kids' Corduroy Wave Pencil Dress, Sapphire Blue, 7-8 years",Mini Boden,49.00,,,,Sapphire Blue,7-8 years,,5063582241181,Homepage,Baby & Child,Girls' Clothes (2+ yrs),Girls' Dresses,,,,https://media.johnlewiscontent.com/i/JohnLewis/010105735,https://media.johnlewiscontent.com/i/JohnLewis/010105735alt1,,,,Bright colourful waves meet maximum twirl power with this dizzyingly cute corduroy dress from Mini Boden. Designed in a sleeveless style with a round neck.,,,,,,,,,£49.00,49.00,specification,Garment Length,Midi,specification,Brand,Mini Boden,specification,Country of Origin,India,specification,Drying Instructions,Tumble dry at low temperature,specification,Sleeve Type,Sleeveless,specification,Dress Shape,Fit and Flare,specification,Pattern Details,"Colour Block, Embellishment",,,,,,,,,,,,,,,,,,,,,,,,,,,,,,,,,,,,,,,
JohnLewis,2025-09-16,https://api.johnlewis.com/catalogue/graphql?113808609,https://www.johnlewis.com/lindex-kids-cotton-dinosaur-long-sleeve-top-pack-of-2-dark-grey/p113808609?size=18-24-months,113766924,"Lindex Kids' Cotton Dinosaur Long Sleeve Top, Pack of 2, Dark Grey, 18-24 months",Lindex,19.99,,,,Dark Grey,18-24 months,,7314782052076,Homepage,Baby & Child,Boys' Clothes (2+ yrs),Boys' Shirts & Tops,,,,https://media.johnlewiscontent.com/i/JohnLewis/010092886,https://media.johnlewiscontent.com/i/JohnLewis/010092886alt1,https://media.johnlewiscontent.com/i/JohnLewis/010092886alt2,,,"A duo-pack of versatile, comfy tops in soft cotton, perfect for everyday casual wear and great for layering.",,,,,,,,,£19.99,19.99,specification,Neckline,Crew Neck,specification,Brand,Lindex,specification,Number in Pack,2,specification,Country of Origin,Bangladesh,specification,Drying Instructions,Do not tumble dry,specification,Sleeve Type,Long Sleeve,specification,Single or Multipack,Multipack,specification,Pattern Details,Children's,,,,,,,,,,,,,,,,,,,,,,,,,,,,,,,,,,,,
JohnLewis,2025-09-16,https://api.johnlewis.com/catalogue/graphql?113808609,https://www.johnlewis.com/lindex-kids-cotton-dinosaur-long-sleeve-top-pack-of-2-dark-grey/p113808609?size=2-3-years,113766927,"Lindex Kids' Cotton Dinosaur Long Sleeve Top, Pack of 2, Dark Grey, 2-3 years",Lindex,19.99,,,,Dark Grey,2-3 years,,7314782052083,Homepage,Baby & Child,Boys' Clothes (2+ yrs),Boys' Shirts & Tops,,,,https://media.johnlewiscontent.com/i/JohnLewis/010092886,https://media.johnlewiscontent.com/i/JohnLewis/010092886alt1,https://media.johnlewiscontent.com/i/JohnLewis/010092886alt2,,,"A duo-pack of versatile, comfy tops in soft cotton, perfect for everyday casual wear and great for layering.",,,,,,,,,£19.99,19.99,specification,Neckline,Crew Neck,specification,Brand,Lindex,specification,Number in Pack,2,specification,Country of Origin,Bangladesh,specification,Drying Instructions,Do not tumble dry,specification,Sleeve Type,Long Sleeve,specification,Single or Multipack,Multipack,specification,Pattern Details,Children's,,,,,,,,,,,,,,,,,,,,,,,,,,,,,,,,,,,,
JohnLewis,2025-09-16,https://api.johnlewis.com/catalogue/graphql?113808609,https://www.johnlewis.com/lindex-kids-cotton-dinosaur-long-sleeve-top-pack-of-2-dark-grey/p113808609?size=3-4-years,113766923,"Lindex Kids' Cotton Dinosaur Long Sleeve Top, Pack of 2, Dark Grey, 3-4 years",Lindex,19.99,,,,Dark Grey,3-4 years,,7314782052090,Homepage,Baby & Child,Boys' Clothes (2+ yrs),Boys' Shirts & Tops,,,,https://media.johnlewiscontent.com/i/JohnLewis/010092886,https://media.johnlewiscontent.com/i/JohnLewis/010092886alt1,https://media.johnlewiscontent.com/i/JohnLewis/010092886alt2,,,"A duo-pack of versatile, comfy tops in soft cotton, perfect for everyday casual wear and great for layering.",,,,,,,,,£19.99,19.99,specification,Neckline,Crew Neck,specification,Brand,Lindex,specification,Number in Pack,2,specification,Country of Origin,Bangladesh,specification,Drying Instructions,Do not tumble dry,specification,Sleeve Type,Long Sleeve,specification,Single or Multipack,Multipack,specification,Pattern Details,Children's,,,,,,,,,,,,,,,,,,,,,,,,,,,,,,,,,,,,
JohnLewis,2025-09-16,https://api.johnlewis.com/catalogue/graphql?113808609,https://www.johnlewis.com/lindex-kids-cotton-dinosaur-long-sleeve-top-pack-of-2-dark-grey/p113808609?size=4-5-years,113766928,"Lindex Kids' Cotton Dinosaur Long Sleeve Top, Pack of 2, Dark Grey, 4-5 years",Lindex,19.99,,,,Dark Grey,4-5 years,,7314782052106,Homepage,Baby & Child,Boys' Clothes (2+ yrs),Boys' Shirts & Tops,,,,https://media.johnlewiscontent.com/i/JohnLewis/010092886,https://media.johnlewiscontent.com/i/JohnLewis/010092886alt1,https://media.johnlewiscontent.com/i/JohnLewis/010092886alt2,,,"A duo-pack of versatile, comfy tops in soft cotton, perfect for everyday casual wear and great for layering.",,,,,,,,,£19.99,19.99,specification,Neckline,Crew Neck,specification,Brand,Lindex,specification,Number in Pack,2,specification,Country of Origin,Bangladesh,specification,Drying Instructions,Do not tumble dry,specification,Sleeve Type,Long Sleeve,specification,Single or Multipack,Multipack,specification,Pattern Details,Children's,,,,,,,,,,,,,,,,,,,,,,,,,,,,,,,,,,,,
JohnLewis,2025-09-16,https://api.johnlewis.com/catalogue/graphql?113808609,https://www.johnlewis.com/lindex-kids-cotton-dinosaur-long-sleeve-top-pack-of-2-dark-grey/p113808609?size=5-6-years,113766929,"Lindex Kids' Cotton Dinosaur Long Sleeve Top, Pack of 2, Dark Grey, 5-6 years",Lindex,19.99,,,,Dark Grey,5-6 years,,7314782052113,Homepage,Baby & Child,Boys' Clothes (2+ yrs),Boys' Shirts & Tops,,,,https://media.johnlewiscontent.com/i/JohnLewis/010092886,https://media.johnlewiscontent.com/i/JohnLewis/010092886alt1,https://media.johnlewiscontent.com/i/JohnLewis/010092886alt2,,,"A duo-pack of versatile, comfy tops in soft cotton, perfect for everyday casual wear and great for layering.",,,,,,,,,£19.99,19.99,specification,Neckline,Crew Neck,specification,Brand,Lindex,specification,Number in Pack,2,specification,Country of Origin,Bangladesh,specification,Drying Instructions,Do not tumble dry,specification,Sleeve Type,Long Sleeve,specification,Single or Multipack,Multipack,specification,Pattern Details,Children's,,,,,,,,,,,,,,,,,,,,,,,,,,,,,,,,,,,,
JohnLewis,2025-09-16,https://api.johnlewis.com/catalogue/graphql?113808609,https://www.johnlewis.com/lindex-kids-cotton-dinosaur-long-sleeve-top-pack-of-2-dark-grey/p113808609?size=6-7-years,113766926,"Lindex Kids' Cotton Dinosaur Long Sleeve Top, Pack of 2, Dark Grey, 6-7 years",Lindex,19.99,,,,Dark Grey,6-7 years,,7314782052120,Homepage,Baby & Child,Boys' Clothes (2+ yrs),Boys' Shirts & Tops,,,,https://media.johnlewiscontent.com/i/JohnLewis/010092886,https://media.johnlewiscontent.com/i/JohnLewis/010092886alt1,https://media.johnlewiscontent.com/i/JohnLewis/010092886alt2,,,"A duo-pack of versatile, comfy tops in soft cotton, perfect for everyday casual wear and great for layering.",,,,,,,,,£19.99,19.99,specification,Neckline,Crew Neck,specification,Brand,Lindex,specification,Number in Pack,2,specification,Country of Origin,Bangladesh,specification,Drying Instructions,Do not tumble dry,specification,Sleeve Type,Long Sleeve,specification,Single or Multipack,Multipack,specification,Pattern Details,Children's,,,,,,,,,,,,,,,,,,,,,,,,,,,,,,,,,,,,
JohnLewis,2025-09-16,https://api.johnlewis.com/catalogue/graphql?113808609,https://www.johnlewis.com/lindex-kids-cotton-dinosaur-long-sleeve-top-pack-of-2-dark-grey/p113808609?size=7-8-years,113766930,"Lindex Kids' Cotton Dinosaur Long Sleeve Top, Pack of 2, Dark Grey, 7-8 years",Lindex,19.99,,,,Dark Grey,7-8 years,,7314782052137,Homepage,Baby & Child,Boys' Clothes (2+ yrs),Boys' Shirts & Tops,,,,https://media.johnlewiscontent.com/i/JohnLewis/010092886,https://media.johnlewiscontent.com/i/JohnLewis/010092886alt1,https://media.johnlewiscontent.com/i/JohnLewis/010092886alt2,,,"A duo-pack of versatile, comfy tops in soft cotton, perfect for everyday casual wear and great for layering.",,,,,,,,,£19.99,19.99,specification,Neckline,Crew Neck,specification,Brand,Lindex,specification,Number in Pack,2,specification,Country of Origin,Bangladesh,specification,Drying Instructions,Do not tumble dry,specification,Sleeve Type,Long Sleeve,specification,Single or Multipack,Multipack,specification,Pattern Details,Children's,,,,,,,,,,,,,,,,,,,,,,,,,,,,,,,,,,,,
JohnLewis,2025-09-16,https://api.johnlewis.com/catalogue/graphql?112057666,https://www.johnlewis.com/trotters-baby-archie-guardsman-dungarees-pale-blue/p112057666?size=1-3-months,112055883,"Trotters Baby Archie Guardsman Dungarees, Pale Blue, 1-3 months",Trotters,37.50,50.00,Y,Reduced To Clear,Pale Blue,1-3 months,,5056753600597,Homepage,Baby & Child,Baby & Toddlerwear (0-3 yrs),Baby & Toddler Dungarees,,,,https://media.johnlewiscontent.com/i/JohnLewis/008561112,https://media.johnlewiscontent.com/i/JohnLewis/008561112alt2,https://media.johnlewiscontent.com/i/JohnLewis/008561112alt3,https://media.johnlewiscontent.com/i/JohnLewis/008561112alt10,,"This one-piece is made from a soft cotton mix with handy popper fastenings at the legs for easy dressing and changing. Fully lined in pure cotton, it's decorated with classic guardsman embroidery detailing and features pearlised button fastenings.",,,,,,,Y,,£37.50,37.50,specification,Brand,Trotters,specification,Country of Origin,Portugal,specification,Drying Instructions,Do not tumble dry,specification,Pattern Details,Herringbone,,,,,,,,,,,,,,,,,,,,,,,,,,,,,,,,,,,,,,,,,,,,,,,,
JohnLewis,2025-09-16,https://api.johnlewis.com/catalogue/graphql?112057666,https://www.johnlewis.com/trotters-baby-archie-guardsman-dungarees-pale-blue/p112057666?size=3-6-months,112055884,"Trotters Baby Archie Guardsman Dungarees, Pale Blue, 3-6 months",Trotters,37.50,50.00,Y,Reduced To Clear,Pale Blue,3-6 months,,5056753600610,Homepage,Baby & Child,Baby & Toddlerwear (0-3 yrs),Baby & Toddler Dungarees,,,,https://media.johnlewiscontent.com/i/JohnLewis/008561112,https://media.johnlewiscontent.com/i/JohnLewis/008561112alt2,https://media.johnlewiscontent.com/i/JohnLewis/008561112alt3,https://media.johnlewiscontent.com/i/JohnLewis/008561112alt10,,"This one-piece is made from a soft cotton mix with handy popper fastenings at the legs for easy dressing and changing. Fully lined in pure cotton, it's decorated with classic guardsman embroidery detailing and features pearlised button fastenings.",,,,,,,Y,,£37.50,37.50,specification,Brand,Trotters,specification,Country of Origin,Portugal,specification,Drying Instructions,Do not tumble dry,specification,Pattern Details,Herringbone,,,,,,,,,,,,,,,,,,,,,,,,,,,,,,,,,,,,,,,,,,,,,,,,
JohnLewis,2025-09-16,https://api.johnlewis.com/catalogue/graphql?112057666,https://www.johnlewis.com/trotters-baby-archie-guardsman-dungarees-pale-blue/p112057666?size=6-12-months,112055885,"Trotters Baby Archie Guardsman Dungarees, Pale Blue, 6-12 months",Trotters,37.50,50.00,Y,Reduced To Clear,Pale Blue,6-12 months,,5056753600603,Homepage,Baby & Child,Baby & Toddlerwear (0-3 yrs),Baby & Toddler Dungarees,,,,https://media.johnlewiscontent.com/i/JohnLewis/008561112,https://media.johnlewiscontent.com/i/JohnLewis/008561112alt2,https://media.johnlewiscontent.com/i/JohnLewis/008561112alt3,https://media.johnlewiscontent.com/i/JohnLewis/008561112alt10,,"This one-piece is made from a soft cotton mix with handy popper fastenings at the legs for easy dressing and changing. Fully lined in pure cotton, it's decorated with classic guardsman embroidery detailing and features pearlised button fastenings.",,,,,,,Y,,£37.50,37.50,specification,Brand,Trotters,specification,Country of Origin,Portugal,specification,Drying Instructions,Do not tumble dry,specification,Pattern Details,Herringbone,,,,,,,,,,,,,,,,,,,,,,,,,,,,,,,,,,,,,,,,,,,,,,,,
JohnLewis,2025-09-16,https://api.johnlewis.com/catalogue/graphql?112057666,https://www.johnlewis.com/trotters-baby-archie-guardsman-dungarees-pale-blue/p112057666?size=12-18-months,112055886,"Trotters Baby Archie Guardsman Dungarees, Pale Blue, 12-18 months",Trotters,37.50,50.00,Y,Reduced To Clear,Pale Blue,12-18 months,,5056753600665,Homepage,Baby & Child,Baby & Toddlerwear (0-3 yrs),Baby & Toddler Dungarees,,,,https://media.johnlewiscontent.com/i/JohnLewis/008561112,https://media.johnlewiscontent.com/i/JohnLewis/008561112alt2,https://media.johnlewiscontent.com/i/JohnLewis/008561112alt3,https://media.johnlewiscontent.com/i/JohnLewis/008561112alt10,,"This one-piece is made from a soft cotton mix with handy popper fastenings at the legs for easy dressing and changing. Fully lined in pure cotton, it's decorated with classic guardsman embroidery detailing and features pearlised button fastenings.",,,,,,,Y,,£37.50,37.50,specification,Brand,Trotters,specification,Country of Origin,Portugal,specification,Drying Instructions,Do not tumble dry,specification,Pattern Details,Herringbone,,,,,,,,,,,,,,,,,,,,,,,,,,,,,,,,,,,,,,,,,,,,,,,,
JohnLewis,2025-09-16,https://api.johnlewis.com/catalogue/graphql?112057666,https://www.johnlewis.com/trotters-baby-archie-guardsman-dungarees-pale-blue/p112057666?size=18-24-months,112055887,"Trotters Baby Archie Guardsman Dungarees, Pale Blue, 18-24 months",Trotters,37.50,50.00,Y,Reduced To Clear,Pale Blue,18-24 months,,5056753600658,Homepage,Baby & Child,Baby & Toddlerwear (0-3 yrs),Baby & Toddler Dungarees,,,,https://media.johnlewiscontent.com/i/JohnLewis/008561112,https://media.johnlewiscontent.com/i/JohnLewis/008561112alt2,https://media.johnlewiscontent.com/i/JohnLewis/008561112alt3,https://media.johnlewiscontent.com/i/JohnLewis/008561112alt10,,"This one-piece is made from a soft cotton mix with handy popper fastenings at the legs for easy dressing and changing. Fully lined in pure cotton, it's decorated with classic guardsman embroidery detailing and features pearlised button fastenings.",,,,,,,Y,,£37.50,37.50,specification,Brand,Trotters,specification,Country of Origin,Portugal,specification,Drying Instructions,Do not tumble dry,specification,Pattern Details,Herringbone,,,,,,,,,,,,,,,,,,,,,,,,,,,,,,,,,,,,,,,,,,,,,,,,
JohnLewis,2025-09-16,https://api.johnlewis.com/catalogue/graphql?112057666,https://www.johnlewis.com/trotters-baby-archie-guardsman-dungarees-pale-blue/p112057666?size=2-years,112055888,"Trotters Baby Archie Guardsman Dungarees, Pale Blue, 2 years",Trotters,37.50,50.00,Y,Reduced To Clear,Pale Blue,2 years,,5056753600634,Homepage,Baby & Child,Baby & Toddlerwear (0-3 yrs),Baby & Toddler Dungarees,,,,https://media.johnlewiscontent.com/i/JohnLewis/008561112,https://media.johnlewiscontent.com/i/JohnLewis/008561112alt2,https://media.johnlewiscontent.com/i/JohnLewis/008561112alt3,https://media.johnlewiscontent.com/i/JohnLewis/008561112alt10,,"This one-piece is made from a soft cotton mix with handy popper fastenings at the legs for easy dressing and changing. Fully lined in pure cotton, it's decorated with classic guardsman embroidery detailing and features pearlised button fastenings.",,,,,,,Y,,£37.50,37.50,specification,Brand,Trotters,specification,Country of Origin,Portugal,specification,Drying Instructions,Do not tumble dry,specification,Pattern Details,Herringbone,,,,,,,,,,,,,,,,,,,,,,,,,,,,,,,,,,,,,,,,,,,,,,,,
JohnLewis,2025-09-16,https://api.johnlewis.com/catalogue/graphql?112057666,https://www.johnlewis.com/trotters-baby-archie-guardsman-dungarees-pale-blue/p112057666?size=2-3-years,112055889,"Trotters Baby Archie Guardsman Dungarees, Pale Blue, 2-3 years",Trotters,37.50,50.00,Y,Reduced To Clear,Pale Blue,2-3 years,,5056753600641,Homepage,Baby & Child,Baby & Toddlerwear (0-3 yrs),Baby & Toddler Dungarees,,,,https://media.johnlewiscontent.com/i/JohnLewis/008561112,https://media.johnlewiscontent.com/i/JohnLewis/008561112alt2,https://media.johnlewiscontent.com/i/JohnLewis/008561112alt3,https://media.johnlewiscontent.com/i/JohnLewis/008561112alt10,,"This one-piece is made from a soft cotton mix with handy popper fastenings at the legs for easy dressing and changing. Fully lined in pure cotton, it's decorated with classic guardsman embroidery detailing and features pearlised button fastenings.",,,,,,,Y,,£37.50,37.50,specification,Brand,Trotters,specification,Country of Origin,Portugal,specification,Drying Instructions,Do not tumble dry,specification,Pattern Details,Herringbone,,,,,,,,,,,,,,,,,,,,,,,,,,,,,,,,,,,,,,,,,,,,,,,,
JohnLewis,2025-09-16,https://api.johnlewis.com/catalogue/graphql?112057666,https://www.johnlewis.com/trotters-baby-archie-guardsman-dungarees-pale-blue/p112057666?size=3-4-years,112055890,"Trotters Baby Archie Guardsman Dungarees, Pale Blue, 3-4 years",Trotters,37.50,50.00,Y,Reduced To Clear,Pale Blue,3-4 years,,5056753600627,Homepage,Baby & Child,Baby & Toddlerwear (0-3 yrs),Baby & Toddler Dungarees,,,,https://media.johnlewiscontent.com/i/JohnLewis/008561112,https://media.johnlewiscontent.com/i/JohnLewis/008561112alt2,https://media.johnlewiscontent.com/i/JohnLewis/008561112alt3,https://media.johnlewiscontent.com/i/JohnLewis/008561112alt10,,"This one-piece is made from a soft cotton mix with handy popper fastenings at the legs for easy dressing and changing. Fully lined in pure cotton, it's decorated with classic guardsman embroidery detailing and features pearlised button fastenings.",,,,,,,Y,,£37.50,37.50,specification,Brand,Trotters,specification,Country of Origin,Portugal,specification,Drying Instructions,Do not tumble dry,specification,Pattern Details,Herringbone,,,,,,,,,,,,,,,,,,,,,,,,,,,,,,,,,,,,,,,,,,,,,,,,
JohnLewis,2025-09-16,https://api.johnlewis.com/catalogue/graphql?112935102,https://www.johnlewis.com/john-lewis-multi-layered-earrings-silver/p112935102,112934916,"John Lewis Multi Layered Earrings, Silver",John Lewis,10.00,20.00,Y,Reduced To Clear,Silver,,,27572245,Homepage,Women,Women's Jewellery,Women's Earrings,,,,https://media.johnlewiscontent.com/i/JohnLewis/112934916,https://media.johnlewiscontent.com/i/JohnLewis/112934916alt3,https://media.johnlewiscontent.com/i/JohnLewis/112934916alt2,https://media.johnlewiscontent.com/i/JohnLewis/112934916alt1,,These twisted effect multi layered earrings are a classic update for your earring collection.,,,,,,,Y,,£10.00,10.00,specification,Can be personalised?,Cannot be Personalised,specification,Earring Type,"Hoop, Post",specification,Brand,John Lewis,specification,Country of Origin,China,,,,,,,,,,,,,,,,,,,,,,,,,,,,,,,,,,,,,,,,,,,,,,,,
JohnLewis,2025-09-16,https://api.johnlewis.com/catalogue/graphql?113258883,https://www.johnlewis.com/lyle-scott-slub-cotton-regular-fit-short-sleeve-t-shirt-smoke-green/smoke-green/p113258883?size=xs,113258369,"Lyle & Scott Slub Cotton Regular Fit Short Sleeve T-Shirt, Smoke Green, XS",Lyle & Scott,40.00,,,,Smoke Green,XS,,5059775837972,Homepage,Men,Men's T-Shirts,,,,,https://media.johnlewiscontent.com/i/JohnLewis/009645274,https://media.johnlewiscontent.com/i/JohnLewis/009645274alt1,https://media.johnlewiscontent.com/i/JohnLewis/009645274alt2,https://media.johnlewiscontent.com/i/JohnLewis/009645274alt3,https://media.johnlewiscontent.com/i/JohnLewis/009645274alt4,"Bolster your staples with this cotton crew neck t-shirt by Lyle & Scott. A versatile piece that will never go out of style, pair it how you want.",,,,,,,,,£40.00,40.00,specification,Neckline,Crew Neck,specification,Brand,Lyle & Scott,specification,Country of Origin,Turkey,specification,Fit or Cut,Regular,specification,Care instructions,"30 DEGREES MACHINE WASH,DO NOT BLEACH,DO NOT DRY CLEAN,DO NOT IRON MOTIF,DO NOT TUMBLE DRY,IRON ON REVERSE,LINE DRY IN SHADE,MACHINE WASH COLD - 30 DEGREES,MEDIUM IRON,WASH INSIDE OUT WITH SIMILAR COLOURS,WASH WITH COLOUR CARE DETERGENT",specification,Sleeve Type,Short Sleeve,specification,Pattern Details,Plain,,,,,,,,,,,,,,,,,,,,,,,,,,,,,,,,,,,,,,,
JohnLewis,2025-09-16,https://api.johnlewis.com/catalogue/graphql?113258883,https://www.johnlewis.com/lyle-scott-slub-cotton-regular-fit-short-sleeve-t-shirt-smoke-green/smoke-green/p113258883?size=s,113258370,"Lyle & Scott Slub Cotton Regular Fit Short Sleeve T-Shirt, Smoke Green, S",Lyle & Scott,40.00,,,,Smoke Green,S,,5059775837989,Homepage,Men,Men's T-Shirts,,,,,https://media.johnlewiscontent.com/i/JohnLewis/009645274,https://media.johnlewiscontent.com/i/JohnLewis/009645274alt1,https://media.johnlewiscontent.com/i/JohnLewis/009645274alt2,https://media.johnlewiscontent.com/i/JohnLewis/009645274alt3,https://media.johnlewiscontent.com/i/JohnLewis/009645274alt4,"Bolster your staples with this cotton crew neck t-shirt by Lyle & Scott. A versatile piece that will never go out of style, pair it how you want.",,,,,,,,,£40.00,40.00,specification,Neckline,Crew Neck,specification,Brand,Lyle & Scott,specification,Country of Origin,Turkey,specification,Fit or Cut,Regular,specification,Care instructions,"30 DEGREES MACHINE WASH,DO NOT BLEACH,DO NOT DRY CLEAN,DO NOT IRON MOTIF,DO NOT TUMBLE DRY,IRON ON REVERSE,LINE DRY IN SHADE,MACHINE WASH COLD - 30 DEGREES,MEDIUM IRON,WASH INSIDE OUT WITH SIMILAR COLOURS,WASH WITH COLOUR CARE DETERGENT",specification,Sleeve Type,Short Sleeve,specification,Pattern Details,Plain,,,,,,,,,,,,,,,,,,,,,,,,,,,,,,,,,,,,,,,
JohnLewis,2025-09-16,https://api.johnlewis.com/catalogue/graphql?113258883,https://www.johnlewis.com/lyle-scott-slub-cotton-regular-fit-short-sleeve-t-shirt-smoke-green/smoke-green/p113258883?size=m,113258371,"Lyle & Scott Slub Cotton Regular Fit Short Sleeve T-Shirt, Smoke Green, M",Lyle & Scott,40.00,,,,Smoke Green,M,,5059775837996,Homepage,Men,Men's T-Shirts,,,,,https://media.johnlewiscontent.com/i/JohnLewis/009645274,https://media.johnlewiscontent.com/i/JohnLewis/009645274alt1,https://media.johnlewiscontent.com/i/JohnLewis/009645274alt2,https://media.johnlewiscontent.com/i/JohnLewis/009645274alt3,https://media.johnlewiscontent.com/i/JohnLewis/009645274alt4,"Bolster your staples with this cotton crew neck t-shirt by Lyle & Scott. A versatile piece that will never go out of style, pair it how you want.",,,,,,,,,£40.00,40.00,specification,Neckline,Crew Neck,specification,Brand,Lyle & Scott,specification,Country of Origin,Turkey,specification,Fit or Cut,Regular,specification,Care instructions,"30 DEGREES MACHINE WASH,DO NOT BLEACH,DO NOT DRY CLEAN,DO NOT IRON MOTIF,DO NOT TUMBLE DRY,IRON ON REVERSE,LINE DRY IN SHADE,MACHINE WASH COLD - 30 DEGREES,MEDIUM IRON,WASH INSIDE OUT WITH SIMILAR COLOURS,WASH WITH COLOUR CARE DETERGENT",specification,Sleeve Type,Short Sleeve,specification,Pattern Details,Plain,,,,,,,,,,,,,,,,,,,,,,,,,,,,,,,,,,,,,,,
JohnLewis,2025-09-16,https://api.johnlewis.com/catalogue/graphql?113258883,https://www.johnlewis.com/lyle-scott-slub-cotton-regular-fit-short-sleeve-t-shirt-smoke-green/smoke-green/p113258883?size=l,113258372,"Lyle & Scott Slub Cotton Regular Fit Short Sleeve T-Shirt, Smoke Green, L",Lyle & Scott,40.00,,,,Smoke Green,L,,5059775838009,Homepage,Men,Men's T-Shirts,,,,,https://media.johnlewiscontent.com/i/JohnLewis/009645274,https://media.johnlewiscontent.com/i/JohnLewis/009645274alt1,https://media.johnlewiscontent.com/i/JohnLewis/009645274alt2,https://media.johnlewiscontent.com/i/JohnLewis/009645274alt3,https://media.johnlewiscontent.com/i/JohnLewis/009645274alt4,"Bolster your staples with this cotton crew neck t-shirt by Lyle & Scott. A versatile piece that will never go out of style, pair it how you want.",,,,,,,,,£40.00,40.00,specification,Neckline,Crew Neck,specification,Brand,Lyle & Scott,specification,Country of Origin,Turkey,specification,Fit or Cut,Regular,specification,Care instructions,"30 DEGREES MACHINE WASH,DO NOT BLEACH,DO NOT DRY CLEAN,DO NOT IRON MOTIF,DO NOT TUMBLE DRY,IRON ON REVERSE,LINE DRY IN SHADE,MACHINE WASH COLD - 30 DEGREES,MEDIUM IRON,WASH INSIDE OUT WITH SIMILAR COLOURS,WASH WITH COLOUR CARE DETERGENT",specification,Sleeve Type,Short Sleeve,specification,Pattern Details,Plain,,,,,,,,,,,,,,,,,,,,,,,,,,,,,,,,,,,,,,,
JohnLewis,2025-09-16,https://api.johnlewis.com/catalogue/graphql?113258883,https://www.johnlewis.com/lyle-scott-slub-cotton-regular-fit-short-sleeve-t-shirt-smoke-green/smoke-green/p113258883?size=xl,113258373,"Lyle & Scott Slub Cotton Regular Fit Short Sleeve T-Shirt, Smoke Green, XL",Lyle & Scott,40.00,,,,Smoke Green,XL,,5059775838016,Homepage,Men,Men's T-Shirts,,,,,https://media.johnlewiscontent.com/i/JohnLewis/009645274,https://media.johnlewiscontent.com/i/JohnLewis/009645274alt1,https://media.johnlewiscontent.com/i/JohnLewis/009645274alt2,https://media.johnlewiscontent.com/i/JohnLewis/009645274alt3,https://media.johnlewiscontent.com/i/JohnLewis/009645274alt4,"Bolster your staples with this cotton crew neck t-shirt by Lyle & Scott. A versatile piece that will never go out of style, pair it how you want.",,,,,,,,,£40.00,40.00,specification,Neckline,Crew Neck,specification,Brand,Lyle & Scott,specification,Country of Origin,Turkey,specification,Fit or Cut,Regular,specification,Care instructions,"30 DEGREES MACHINE WASH,DO NOT BLEACH,DO NOT DRY CLEAN,DO NOT IRON MOTIF,DO NOT TUMBLE DRY,IRON ON REVERSE,LINE DRY IN SHADE,MACHINE WASH COLD - 30 DEGREES,MEDIUM IRON,WASH INSIDE OUT WITH SIMILAR COLOURS,WASH WITH COLOUR CARE DETERGENT",specification,Sleeve Type,Short Sleeve,specification,Pattern Details,Plain,,,,,,,,,,,,,,,,,,,,,,,,,,,,,,,,,,,,,,,
JohnLewis,2025-09-16,https://api.johnlewis.com/catalogue/graphql?113258883,https://www.johnlewis.com/lyle-scott-slub-cotton-regular-fit-short-sleeve-t-shirt-smoke-green/smoke-green/p113258883?size=xxl,113258374,"Lyle & Scott Slub Cotton Regular Fit Short Sleeve T-Shirt, Smoke Green, XXL",Lyle & Scott,40.00,,,,Smoke Green,XXL,,5059775838023,Homepage,Men,Men's T-Shirts,,,,,https://media.johnlewiscontent.com/i/JohnLewis/009645274,https://media.johnlewiscontent.com/i/JohnLewis/009645274alt1,https://media.johnlewiscontent.com/i/JohnLewis/009645274alt2,https://media.johnlewiscontent.com/i/JohnLewis/009645274alt3,https://media.johnlewiscontent.com/i/JohnLewis/009645274alt4,"Bolster your staples with this cotton crew neck t-shirt by Lyle & Scott. A versatile piece that will never go out of style, pair it how you want.",,,,,,,,,£40.00,40.00,specification,Neckline,Crew Neck,specification,Brand,Lyle & Scott,specification,Country of Origin,Turkey,specification,Fit or Cut,Regular,specification,Care instructions,"30 DEGREES MACHINE WASH,DO NOT BLEACH,DO NOT DRY CLEAN,DO NOT IRON MOTIF,DO NOT TUMBLE DRY,IRON ON REVERSE,LINE DRY IN SHADE,MACHINE WASH COLD - 30 DEGREES,MEDIUM IRON,WASH INSIDE OUT WITH SIMILAR COLOURS,WASH WITH COLOUR CARE DETERGENT",specification,Sleeve Type,Short Sleeve,specification,Pattern Details,Plain,,,,,,,,,,,,,,,,,,,,,,,,,,,,,,,,,,,,,,,
JohnLewis,2025-09-16,https://api.johnlewis.com/catalogue/graphql?113258883,https://www.johnlewis.com/lyle-scott-slub-cotton-regular-fit-short-sleeve-t-shirt-smoke-green/ash-red/p113258883?size=xs,113258360,"Lyle & Scott Slub Cotton Regular Fit Short Sleeve T-Shirt, Ash Red, XS",Lyle & Scott,40.00,,,,Ash Red,XS,,5059775837859,Homepage,Men,Men's T-Shirts,,,,,https://media.johnlewiscontent.com/i/JohnLewis/009645257,https://media.johnlewiscontent.com/i/JohnLewis/009645257alt1,https://media.johnlewiscontent.com/i/JohnLewis/009645257alt2,https://media.johnlewiscontent.com/i/JohnLewis/009645257alt3,https://media.johnlewiscontent.com/i/JohnLewis/009645257alt4,"Bolster your staples with this cotton crew neck t-shirt by Lyle & Scott. A versatile piece that will never go out of style, pair it how you want.",,,,,,,,,£40.00,40.00,specification,Neckline,Crew Neck,specification,Brand,Lyle & Scott,specification,Country of Origin,Turkey,specification,Fit or Cut,Regular,specification,Care instructions,"30 DEGREES MACHINE WASH,DO NOT BLEACH,DO NOT DRY CLEAN,DO NOT IRON MOTIF,DO NOT TUMBLE DRY,IRON ON REVERSE,LINE DRY IN SHADE,MACHINE WASH COLD - 30 DEGREES,MEDIUM IRON,WASH INSIDE OUT WITH SIMILAR COLOURS,WASH WITH COLOUR CARE DETERGENT",specification,Sleeve Type,Short Sleeve,specification,Pattern Details,Plain,,,,,,,,,,,,,,,,,,,,,,,,,,,,,,,,,,,,,,,
JohnLewis,2025-09-16,https://api.johnlewis.com/catalogue/graphql?113258883,https://www.johnlewis.com/lyle-scott-slub-cotton-regular-fit-short-sleeve-t-shirt-smoke-green/ash-red/p113258883?size=s,113258361,"Lyle & Scott Slub Cotton Regular Fit Short Sleeve T-Shirt, Ash Red, S",Lyle & Scott,40.00,,,,Ash Red,S,,5059775837866,Homepage,Men,Men's T-Shirts,,,,,https://media.johnlewiscontent.com/i/JohnLewis/009645257,https://media.johnlewiscontent.com/i/JohnLewis/009645257alt1,https://media.johnlewiscontent.com/i/JohnLewis/009645257alt2,https://media.johnlewiscontent.com/i/JohnLewis/009645257alt3,https://media.johnlewiscontent.com/i/JohnLewis/009645257alt4,"Bolster your staples with this cotton crew neck t-shirt by Lyle & Scott. A versatile piece that will never go out of style, pair it how you want.",,,,,,,,,£40.00,40.00,specification,Neckline,Crew Neck,specification,Brand,Lyle & Scott,specification,Country of Origin,Turkey,specification,Fit or Cut,Regular,specification,Care instructions,"30 DEGREES MACHINE WASH,DO NOT BLEACH,DO NOT DRY CLEAN,DO NOT IRON MOTIF,DO NOT TUMBLE DRY,IRON ON REVERSE,LINE DRY IN SHADE,MACHINE WASH COLD - 30 DEGREES,MEDIUM IRON,WASH INSIDE OUT WITH SIMILAR COLOURS,WASH WITH COLOUR CARE DETERGENT",specification,Sleeve Type,Short Sleeve,specification,Pattern Details,Plain,,,,,,,,,,,,,,,,,,,,,,,,,,,,,,,,,,,,,,,
JohnLewis,2025-09-16,https://api.johnlewis.com/catalogue/graphql?113258883,https://www.johnlewis.com/lyle-scott-slub-cotton-regular-fit-short-sleeve-t-shirt-smoke-green/ash-red/p113258883?size=m,113258362,"Lyle & Scott Slub Cotton Regular Fit Short Sleeve T-Shirt, Ash Red, M",Lyle & Scott,40.00,,,,Ash Red,M,,5059775837873,Homepage,Men,Men's T-Shirts,,,,,https://media.johnlewiscontent.com/i/JohnLewis/009645257,https://media.johnlewiscontent.com/i/JohnLewis/009645257alt1,https://media.johnlewiscontent.com/i/JohnLewis/009645257alt2,https://media.johnlewiscontent.com/i/JohnLewis/009645257alt3,https://media.johnlewiscontent.com/i/JohnLewis/009645257alt4,"Bolster your staples with this cotton crew neck t-shirt by Lyle & Scott. A versatile piece that will never go out of style, pair it how you want.",,,,,,,,,£40.00,40.00,specification,Neckline,Crew Neck,specification,Brand,Lyle & Scott,specification,Country of Origin,Turkey,specification,Fit or Cut,Regular,specification,Care instructions,"30 DEGREES MACHINE WASH,DO NOT BLEACH,DO NOT DRY CLEAN,DO NOT IRON MOTIF,DO NOT TUMBLE DRY,IRON ON REVERSE,LINE DRY IN SHADE,MACHINE WASH COLD - 30 DEGREES,MEDIUM IRON,WASH INSIDE OUT WITH SIMILAR COLOURS,WASH WITH COLOUR CARE DETERGENT",specification,Sleeve Type,Short Sleeve,specification,Pattern Details,Plain,,,,,,,,,,,,,,,,,,,,,,,,,,,,,,,,,,,,,,,
JohnLewis,2025-09-16,https://api.johnlewis.com/catalogue/graphql?113258883,https://www.johnlewis.com/lyle-scott-slub-cotton-regular-fit-short-sleeve-t-shirt-smoke-green/ash-red/p113258883?size=l,113258363,"Lyle & Scott Slub Cotton Regular Fit Short Sleeve T-Shirt, Ash Red, L",Lyle & Scott,40.00,,,,Ash Red,L,,5059775837880,Homepage,Men,Men's T-Shirts,,,,,https://media.johnlewiscontent.com/i/JohnLewis/009645257,https://media.johnlewiscontent.com/i/JohnLewis/009645257alt1,https://media.johnlewiscontent.com/i/JohnLewis/009645257alt2,https://media.johnlewiscontent.com/i/JohnLewis/009645257alt3,https://media.johnlewiscontent.com/i/JohnLewis/009645257alt4,"Bolster your staples with this cotton crew neck t-shirt by Lyle & Scott. A versatile piece that will never go out of style, pair it how you want.",,,,,,,,,£40.00,40.00,specification,Neckline,Crew Neck,specification,Brand,Lyle & Scott,specification,Country of Origin,Turkey,specification,Fit or Cut,Regular,specification,Care instructions,"30 DEGREES MACHINE WASH,DO NOT BLEACH,DO NOT DRY CLEAN,DO NOT IRON MOTIF,DO NOT TUMBLE DRY,IRON ON REVERSE,LINE DRY IN SHADE,MACHINE WASH COLD - 30 DEGREES,MEDIUM IRON,WASH INSIDE OUT WITH SIMILAR COLOURS,WASH WITH COLOUR CARE DETERGENT",specification,Sleeve Type,Short Sleeve,specification,Pattern Details,Plain,,,,,,,,,,,,,,,,,,,,,,,,,,,,,,,,,,,,,,,
JohnLewis,2025-09-16,https://api.johnlewis.com/catalogue/graphql?113258883,https://www.johnlewis.com/lyle-scott-slub-cotton-regular-fit-short-sleeve-t-shirt-smoke-green/ash-red/p113258883?size=xl,113258364,"Lyle & Scott Slub Cotton Regular Fit Short Sleeve T-Shirt, Ash Red, XL",Lyle & Scott,40.00,,,,Ash Red,XL,,5059775837897,Homepage,Men,Men's T-Shirts,,,,,https://media.johnlewiscontent.com/i/JohnLewis/009645257,https://media.johnlewiscontent.com/i/JohnLewis/009645257alt1,https://media.johnlewiscontent.com/i/JohnLewis/009645257alt2,https://media.johnlewiscontent.com/i/JohnLewis/009645257alt3,https://media.johnlewiscontent.com/i/JohnLewis/009645257alt4,"Bolster your staples with this cotton crew neck t-shirt by Lyle & Scott. A versatile piece that will never go out of style, pair it how you want.",,,,,,,,,£40.00,40.00,specification,Neckline,Crew Neck,specification,Brand,Lyle & Scott,specification,Country of Origin,Turkey,specification,Fit or Cut,Regular,specification,Care instructions,"30 DEGREES MACHINE WASH,DO NOT BLEACH,DO NOT DRY CLEAN,DO NOT IRON MOTIF,DO NOT TUMBLE DRY,IRON ON REVERSE,LINE DRY IN SHADE,MACHINE WASH COLD - 30 DEGREES,MEDIUM IRON,WASH INSIDE OUT WITH SIMILAR COLOURS,WASH WITH COLOUR CARE DETERGENT",specification,Sleeve Type,Short Sleeve,specification,Pattern Details,Plain,,,,,,,,,,,,,,,,,,,,,,,,,,,,,,,,,,,,,,,
JohnLewis,2025-09-16,https://api.johnlewis.com/catalogue/graphql?113258883,https://www.johnlewis.com/lyle-scott-slub-cotton-regular-fit-short-sleeve-t-shirt-smoke-green/ash-red/p113258883?size=xxl,113258365,"Lyle & Scott Slub Cotton Regular Fit Short Sleeve T-Shirt, Ash Red, XXL",Lyle & Scott,40.00,,,,Ash Red,XXL,,5059775837903,Homepage,Men,Men's T-Shirts,,,,,https://media.johnlewiscontent.com/i/JohnLewis/009645257,https://media.johnlewiscontent.com/i/JohnLewis/009645257alt1,https://media.johnlewiscontent.com/i/JohnLewis/009645257alt2,https://media.johnlewiscontent.com/i/JohnLewis/009645257alt3,https://media.johnlewiscontent.com/i/JohnLewis/009645257alt4,"Bolster your staples with this cotton crew neck t-shirt by Lyle & Scott. A versatile piece that will never go out of style, pair it how you want.",,,,,,,,,£40.00,40.00,specification,Neckline,Crew Neck,specification,Brand,Lyle & Scott,specification,Country of Origin,Turkey,specification,Fit or Cut,Regular,specification,Care instructions,"30 DEGREES MACHINE WASH,DO NOT BLEACH,DO NOT DRY CLEAN,DO NOT IRON MOTIF,DO NOT TUMBLE DRY,IRON ON REVERSE,LINE DRY IN SHADE,MACHINE WASH COLD - 30 DEGREES,MEDIUM IRON,WASH INSIDE OUT WITH SIMILAR COLOURS,WASH WITH COLOUR CARE DETERGENT",specification,Sleeve Type,Short Sleeve,specification,Pattern Details,Plain,,,,,,,,,,,,,,,,,,,,,,,,,,,,,,,,,,,,,,,
JohnLewis,2025-09-16,https://api.johnlewis.com/catalogue/graphql?111804402,https://www.johnlewis.com/casual-friday-ry-slim-fit-ultraflex-jeans-black/p111804402?size=28r,111803801,"Casual Friday Ry Slim Fit Ultraflex Jeans, Black, 28R",Casual Friday,75.00,,,,Black,28R,,5714348909431,Homepage,Men,Men's Jeans,,,,,https://media.johnlewiscontent.com/i/JohnLewis/008348426,https://media.johnlewiscontent.com/i/JohnLewis/008348426alt1,https://media.johnlewiscontent.com/i/JohnLewis/008348426alt2,https://media.johnlewiscontent.com/i/JohnLewis/008348426alt3,https://media.johnlewiscontent.com/i/JohnLewis/008348426alt4,"Staying true to their traditional slim cut, these jeans have been designed by Casual Friday | Primed for off-duty style, pull on with a simple white tee and your favourite kicks for meeting up with friends. Less Laundering It’s best to wash denim as little as possible in order to prevent shrinking and fading. Delay washing your new jeans as long as you can, instead hanging them out on the washing line to air. When they are ready for a freshening up, turn jeans inside-out and wash separately in cold water and line dry, if possible.",,,,,,,,,£75.00,75.00,specification,Trouser Type,Denim,specification,Brand,Casual Friday,specification,Rise,Low,specification,Country of Origin,Turkey,specification,Drying Instructions,Do not tumble dry,specification,Fit or Cut,Slim,,,,,,,,,,,,,,,,,,,,,,,,,,,,,,,,,,,,,,,,,,
JohnLewis,2025-09-16,https://api.johnlewis.com/catalogue/graphql?111804402,https://www.johnlewis.com/casual-friday-ry-slim-fit-ultraflex-jeans-black/p111804402?size=30r,111803802,"Casual Friday Ry Slim Fit Ultraflex Jeans, Black, 30R",Casual Friday,75.00,,,,Black,30R,,5714348909455,Homepage,Men,Men's Jeans,,,,,https://media.johnlewiscontent.com/i/JohnLewis/008348426,https://media.johnlewiscontent.com/i/JohnLewis/008348426alt1,https://media.johnlewiscontent.com/i/JohnLewis/008348426alt2,https://media.johnlewiscontent.com/i/JohnLewis/008348426alt3,https://media.johnlewiscontent.com/i/JohnLewis/008348426alt4,"Staying true to their traditional slim cut, these jeans have been designed by Casual Friday | Primed for off-duty style, pull on with a simple white tee and your favourite kicks for meeting up with friends. Less Laundering It’s best to wash denim as little as possible in order to prevent shrinking and fading. Delay washing your new jeans as long as you can, instead hanging them out on the washing line to air. When they are ready for a freshening up, turn jeans inside-out and wash separately in cold water and line dry, if possible.",,,,,,,,,£75.00,75.00,specification,Trouser Type,Denim,specification,Brand,Casual Friday,specification,Rise,Low,specification,Country of Origin,Turkey,specification,Drying Instructions,Do not tumble dry,specification,Fit or Cut,Slim,,,,,,,,,,,,,,,,,,,,,,,,,,,,,,,,,,,,,,,,,,
JohnLewis,2025-09-16,https://api.johnlewis.com/catalogue/graphql?111804402,https://www.johnlewis.com/casual-friday-ry-slim-fit-ultraflex-jeans-black/p111804402?size=31r,111803803,"Casual Friday Ry Slim Fit Ultraflex Jeans, Black, 31R",Casual Friday,75.00,,,,Black,31R,,5714348909462,Homepage,Men,Men's Jeans,,,,,https://media.johnlewiscontent.com/i/JohnLewis/008348426,https://media.johnlewiscontent.com/i/JohnLewis/008348426alt1,https://media.johnlewiscontent.com/i/JohnLewis/008348426alt2,https://media.johnlewiscontent.com/i/JohnLewis/008348426alt3,https://media.johnlewiscontent.com/i/JohnLewis/008348426alt4,"Staying true to their traditional slim cut, these jeans have been designed by Casual Friday | Primed for off-duty style, pull on with a simple white tee and your favourite kicks for meeting up with friends. Less Laundering It’s best to wash denim as little as possible in order to prevent shrinking and fading. Delay washing your new jeans as long as you can, instead hanging them out on the washing line to air. When they are ready for a freshening up, turn jeans inside-out and wash separately in cold water and line dry, if possible.",,,,,,,,,£75.00,75.00,specification,Trouser Type,Denim,specification,Brand,Casual Friday,specification,Rise,Low,specification,Country of Origin,Turkey,specification,Drying Instructions,Do not tumble dry,specification,Fit or Cut,Slim,,,,,,,,,,,,,,,,,,,,,,,,,,,,,,,,,,,,,,,,,,
JohnLewis,2025-09-16,https://api.johnlewis.com/catalogue/graphql?111804402,https://www.johnlewis.com/casual-friday-ry-slim-fit-ultraflex-jeans-black/p111804402?size=32r,111803804,"Casual Friday Ry Slim Fit Ultraflex Jeans, Black, 32R",Casual Friday,75.00,,,,Black,32R,,5714348909479,Homepage,Men,Men's Jeans,,,,,https://media.johnlewiscontent.com/i/JohnLewis/008348426,https://media.johnlewiscontent.com/i/JohnLewis/008348426alt1,https://media.johnlewiscontent.com/i/JohnLewis/008348426alt2,https://media.johnlewiscontent.com/i/JohnLewis/008348426alt3,https://media.johnlewiscontent.com/i/JohnLewis/008348426alt4,"Staying true to their traditional slim cut, these jeans have been designed by Casual Friday | Primed for off-duty style, pull on with a simple white tee and your favourite kicks for meeting up with friends. Less Laundering It’s best to wash denim as little as possible in order to prevent shrinking and fading. Delay washing your new jeans as long as you can, instead hanging them out on the washing line to air. When they are ready for a freshening up, turn jeans inside-out and wash separately in cold water and line dry, if possible.",,,,,,,,,£75.00,75.00,specification,Trouser Type,Denim,specification,Brand,Casual Friday,specification,Rise,Low,specification,Country of Origin,Turkey,specification,Drying Instructions,Do not tumble dry,specification,Fit or Cut,Slim,,,,,,,,,,,,,,,,,,,,,,,,,,,,,,,,,,,,,,,,,,
JohnLewis,2025-09-16,https://api.johnlewis.com/catalogue/graphql?111804402,https://www.johnlewis.com/casual-friday-ry-slim-fit-ultraflex-jeans-black/p111804402?size=33r,111803805,"Casual Friday Ry Slim Fit Ultraflex Jeans, Black, 33R",Casual Friday,75.00,,,,Black,33R,,5714348909486,Homepage,Men,Men's Jeans,,,,,https://media.johnlewiscontent.com/i/JohnLewis/008348426,https://media.johnlewiscontent.com/i/JohnLewis/008348426alt1,https://media.johnlewiscontent.com/i/JohnLewis/008348426alt2,https://media.johnlewiscontent.com/i/JohnLewis/008348426alt3,https://media.johnlewiscontent.com/i/JohnLewis/008348426alt4,"Staying true to their traditional slim cut, these jeans have been designed by Casual Friday | Primed for off-duty style, pull on with a simple white tee and your favourite kicks for meeting up with friends. Less Laundering It’s best to wash denim as little as possible in order to prevent shrinking and fading. Delay washing your new jeans as long as you can, instead hanging them out on the washing line to air. When they are ready for a freshening up, turn jeans inside-out and wash separately in cold water and line dry, if possible.",,,,,,,,,£75.00,75.00,specification,Trouser Type,Denim,specification,Brand,Casual Friday,specification,Rise,Low,specification,Country of Origin,Turkey,specification,Drying Instructions,Do not tumble dry,specification,Fit or Cut,Slim,,,,,,,,,,,,,,,,,,,,,,,,,,,,,,,,,,,,,,,,,,
JohnLewis,2025-09-16,https://api.johnlewis.com/catalogue/graphql?111804402,https://www.johnlewis.com/casual-friday-ry-slim-fit-ultraflex-jeans-black/p111804402?size=34r,111803806,"Casual Friday Ry Slim Fit Ultraflex Jeans, Black, 34R",Casual Friday,75.00,,,,Black,34R,,5714348909493,Homepage,Men,Men's Jeans,,,,,https://media.johnlewiscontent.com/i/JohnLewis/008348426,https://media.johnlewiscontent.com/i/JohnLewis/008348426alt1,https://media.johnlewiscontent.com/i/JohnLewis/008348426alt2,https://media.johnlewiscontent.com/i/JohnLewis/008348426alt3,https://media.johnlewiscontent.com/i/JohnLewis/008348426alt4,"Staying true to their traditional slim cut, these jeans have been designed by Casual Friday | Primed for off-duty style, pull on with a simple white tee and your favourite kicks for meeting up with friends. Less Laundering It’s best to wash denim as little as possible in order to prevent shrinking and fading. Delay washing your new jeans as long as you can, instead hanging them out on the washing line to air. When they are ready for a freshening up, turn jeans inside-out and wash separately in cold water and line dry, if possible.",,,,,,,,,£75.00,75.00,specification,Trouser Type,Denim,specification,Brand,Casual Friday,specification,Rise,Low,specification,Country of Origin,Turkey,specification,Drying Instructions,Do not tumble dry,specification,Fit or Cut,Slim,,,,,,,,,,,,,,,,,,,,,,,,,,,,,,,,,,,,,,,,,,
JohnLewis,2025-09-16,https://api.johnlewis.com/catalogue/graphql?111804402,https://www.johnlewis.com/casual-friday-ry-slim-fit-ultraflex-jeans-black/p111804402?size=36r,111803807,"Casual Friday Ry Slim Fit Ultraflex Jeans, Black, 36R",Casual Friday,75.00,,,,Black,36R,,5714348909509,Homepage,Men,Men's Jeans,,,,,https://media.johnlewiscontent.com/i/JohnLewis/008348426,https://media.johnlewiscontent.com/i/JohnLewis/008348426alt1,https://media.johnlewiscontent.com/i/JohnLewis/008348426alt2,https://media.johnlewiscontent.com/i/JohnLewis/008348426alt3,https://media.johnlewiscontent.com/i/JohnLewis/008348426alt4,"Staying true to their traditional slim cut, these jeans have been designed by Casual Friday | Primed for off-duty style, pull on with a simple white tee and your favourite kicks for meeting up with friends. Less Laundering It’s best to wash denim as little as possible in order to prevent shrinking and fading. Delay washing your new jeans as long as you can, instead hanging them out on the washing line to air. When they are ready for a freshening up, turn jeans inside-out and wash separately in cold water and line dry, if possible.",,,,,,,,,£75.00,75.00,specification,Trouser Type,Denim,specification,Brand,Casual Friday,specification,Rise,Low,specification,Country of Origin,Turkey,specification,Drying Instructions,Do not tumble dry,specification,Fit or Cut,Slim,,,,,,,,,,,,,,,,,,,,,,,,,,,,,,,,,,,,,,,,,,
JohnLewis,2025-09-16,https://api.johnlewis.com/catalogue/graphql?3573367,https://www.johnlewis.com/lego-architecture-21042-statue-of-liberty/p3573367,237318245,LEGO Architecture 21042 Statue of Liberty,LEGO,72.00,,,,,,,5702016111859,Homepage,Baby & Child,Construction Toys,,,,,https://media.johnlewiscontent.com/i/JohnLewis/237318245,https://media.johnlewiscontent.com/i/JohnLewis/237318245alt1,https://media.johnlewiscontent.com/i/JohnLewis/237318245alt2,https://media.johnlewiscontent.com/i/JohnLewis/237318245alt3,https://media.johnlewiscontent.com/i/JohnLewis/237318245alt4,"This toy is ideal for those aged 16 years old and above Features an intricately detailed pedestal with shield & brick detailing, columned balconies, and a Lady Liberty statue with a flowing robe, 7-ray crown, iconic tablet and golden torch. The included booklet contains information about the design, architecture and history of the building A gift from France, the Statue of Liberty has become a symbol of American freedom. This neoclassical statue was the first sight to generations of immigrants to the United States who came in search of a better life. ""Give me your tired, your poor, your huddled masses yearning to breathe free"" is inscribed on a plaque at the bottom of the statue."" This impressive LEGO interpretation faithfully reproduces the monument's harmonious blend of sculpture and architecture with its intricately detailed shield-lined pedestal, brick detailing and columned balconies. Finished with an authentic sand-green and beige colour scheme, and a decorative nameplate, this model delivers a highly satisfying building experience to all with an interest in architecture, travel, history and design, and makes a truly symbolic centrepiece for the home or office. Create your very own Statue of Liberty with this LEGO Architecture interpretation of the real-world architectural landmark, the Statue of Liberty.",,133,4.6,https://media.johnlewiscontent.com/v/JohnLewis/237318245vid1/mp4_1080p,,,,,£72.00,72.00,specification,Warning!,Warning! Not suitable for children under 5 years,specification,Number of pieces,1685,specification,Brand,LEGO,specification,Range,LEGO Architecture,specification,Country of Origin,Denmark,specification,Made in the UK,No,specification,Number of Models That Can Be Made,1,,,,,,,,,,,,,,,,,,,,,,,,,,,,,,,,,,,,,,,
JohnLewis,2025-09-16,https://api.johnlewis.com/catalogue/graphql?112133361,https://www.johnlewis.com/antler-discovery-backpack-28l/black/p112133361,112133343,"Antler Discovery Backpack, 28L, Black",Antler,140.00,,,,Black,,,5057866022016,Homepage,Sport & Leisure,Backpacks,,,,,https://media.johnlewiscontent.com/i/JohnLewis/112133343,https://media.johnlewiscontent.com/i/JohnLewis/112133343alt1,https://media.johnlewiscontent.com/i/JohnLewis/112133343alt2,https://media.johnlewiscontent.com/i/JohnLewis/112133343alt3,https://media.johnlewiscontent.com/i/JohnLewis/112133343alt4,"Make a seamless transition from weekdays to weekends with the Discovery Backpack. Offering a generous 28L packing capacity for work, play and every journey in between, the streamlined back-sleeve slots over your suitcase handle for hands-free carrying. Crafted from fully recycled polyester, this lightweight and durable travel companion features twisted ripstop reinforcement, ensuring it withstands the rigours of daily travel and water-resistant protection for peace of mind in wet weather. Made using recycled materials, helping us to reduce our impact on the planet.",,178,4.8,https://media.johnlewiscontent.com/v/JohnLewis/112133342vid1/mp4_1080p,,,,,£140.00,140.00,specification,Brand,Antler,specification,Fabric Features,Water Resistant,specification,Compartments,1 x Main Compartment1 x Rear Laptop Compartment,specification,Country of Origin,China,specification,Fastening,Zip,specification,Drying Instructions,Please see care label,specification,Type & Number of Pockets,2 x Front Pockets 1 x Water Bottle Side Pocket,specification,Care instructions,Wipe Clean,specification,Handbag Type,Backpack,specification,Manufacturer's Warranty,10 years,specification,Pattern Details,Plain,,,,,,,,,,,,,,,,,,,,,,,,,,,
JohnLewis,2025-09-16,https://api.johnlewis.com/catalogue/graphql?112133361,https://www.johnlewis.com/antler-discovery-backpack-28l/mist/p112133361,113402302,"Antler Discovery Backpack, 28L, Mist",Antler,140.00,,,,Mist,,,5057866026687,Homepage,Sport & Leisure,Backpacks,,,,,https://media.johnlewiscontent.com/i/JohnLewis/113402302,https://media.johnlewiscontent.com/i/JohnLewis/113402302alt1,https://media.johnlewiscontent.com/i/JohnLewis/113402302alt2,https://media.johnlewiscontent.com/i/JohnLewis/113402302alt3,https://media.johnlewiscontent.com/i/JohnLewis/113402302alt4,"Make a seamless transition from weekdays to weekends with the Discovery Backpack. Offering a generous 28L packing capacity for work, play and every journey in between, the streamlined back-sleeve slots over your suitcase handle for hands-free carrying. Crafted from fully recycled polyester, this lightweight and durable travel companion features twisted ripstop reinforcement, ensuring it withstands the rigours of daily travel and water-resistant protection for peace of mind in wet weather. Made using recycled materials, helping us to reduce our impact on the planet.",,178,4.8,https://media.johnlewiscontent.com/v/JohnLewis/112133342vid1/mp4_1080p,,,,,£140.00,140.00,specification,Brand,Antler,specification,Fabric Features,Water Resistant,specification,Compartments,1 x Main Compartment1 x Rear Laptop Compartment,specification,Country of Origin,China,specification,Fastening,Zip,specification,Drying Instructions,Please see care label,specification,Type & Number of Pockets,2 x Front Pockets 1 x Water Bottle Side Pocket,specification,Care instructions,Wipe Clean,specification,Handbag Type,Backpack,specification,Manufacturer's Warranty,10 years,specification,Pattern Details,Plain,,,,,,,,,,,,,,,,,,,,,,,,,,,
JohnLewis,2025-09-16,https://api.johnlewis.com/catalogue/graphql?112133361,https://www.johnlewis.com/antler-discovery-backpack-28l/black-carbon/p112133361,113567312,"Antler Discovery Backpack, 28L, Black Carbon",Antler,140.00,,,,Black Carbon,,,5057866026717,Homepage,Sport & Leisure,Backpacks,,,,,https://media.johnlewiscontent.com/i/JohnLewis/113567312,https://media.johnlewiscontent.com/i/JohnLewis/113567312alt1,https://media.johnlewiscontent.com/i/JohnLewis/113567312alt2,https://media.johnlewiscontent.com/i/JohnLewis/113567312alt3,https://media.johnlewiscontent.com/i/JohnLewis/113567312alt4,"Make a seamless transition from weekdays to weekends with the Discovery Backpack. Offering a generous 28L packing capacity for work, play and every journey in between, the streamlined back-sleeve slots over your suitcase handle for hands-free carrying. Crafted from fully recycled polyester, this lightweight and durable travel companion features twisted ripstop reinforcement, ensuring it withstands the rigours of daily travel and water-resistant protection for peace of mind in wet weather. Made using recycled materials, helping us to reduce our impact on the planet.",,178,4.8,https://media.johnlewiscontent.com/v/JohnLewis/112133342vid1/mp4_1080p,,,,,£140.00,140.00,specification,Brand,Antler,specification,Fabric Features,Water Resistant,specification,Compartments,1 x Main Compartment1 x Rear Laptop Compartment,specification,Country of Origin,China,specification,Fastening,Zip,specification,Drying Instructions,Please see care label,specification,Type & Number of Pockets,2 x Front Pockets 1 x Water Bottle Side Pocket,specification,Care instructions,Wipe Clean,specification,Handbag Type,Backpack,specification,Manufacturer's Warranty,10 years,specification,Pattern Details,Plain,,,,,,,,,,,,,,,,,,,,,,,,,,,
JohnLewis,2025-09-16,https://api.johnlewis.com/catalogue/graphql?114069073,https://www.johnlewis.com/monica-vinader-kate-young-bangle-gold-l/p114069073,114069023,"Monica Vinader Kate Young Bangle, Gold, L",Monica Vinader,278.00,,,,Gold,,,5056599146006,Homepage,Women,Women's Jewellery,Women's Bracelets,,,,https://media.johnlewiscontent.com/i/JohnLewis/114069023,https://media.johnlewiscontent.com/i/JohnLewis/114069023alt1,https://media.johnlewiscontent.com/i/JohnLewis/114069023alt2,https://media.johnlewiscontent.com/i/JohnLewis/114069023alt3,,"The bangle that goes with everything. Designed in collaboration with celebrity stylist Kate Young, this subtle piece is crafted in 100% recycled 18ct gold vermeil.",,,,,,,,,£278.00,278.00,specification,Brand,Monica Vinader,specification,Country of Origin,India,specification,Fastening,Clasp,specification,Bracelet type,Bangle,,,,,,,,,,,,,,,,,,,,,,,,,,,,,,,,,,,,,,,,,,,,,,,,
JohnLewis,2025-09-16,https://api.johnlewis.com/catalogue/graphql?4281358,https://www.johnlewis.com/john-lewis-wooden-topple-blocks-game/p4281358,238054654,John Lewis Wooden Topple Blocks Game,John Lewis,12.50,,,,,,,5057618313768,Homepage,Baby & Child,Wooden Toys,,,,,https://media.johnlewiscontent.com/i/JohnLewis/238054654,https://media.johnlewiscontent.com/i/JohnLewis/238054654alt1,,,,"Supports the development of their communication and social skills Teaches the values of concentration and attention Helps develop fine motor skills and hand-to-eye coordination Deceptively simple; you're just moving blocks around, right? But do you have the nerve to pick a block without tumbling the tower down... The rules are simple, take turns to remove the wooden tiles and add to the top of the tower. If you trigger it to collapse, you lose. This classic, tense test of dexterity takes skill to play, and players are rewarded with a raucous climax!",,32,4.9,,,,,,£12.50,12.50,specification,Number of players,2+,specification,Warning!,Warning! Choking hazard - small parts. Not suitable for children under 3 years old,specification,Country of Origin,China,specification,Brand,John Lewis,specification,Made in the UK,No,,,,,,,,,,,,,,,,,,,,,,,,,,,,,,,,,,,,,,,,,,,,,
JohnLewis,2025-09-16,https://api.johnlewis.com/catalogue/graphql?114073047,https://www.johnlewis.com/boden-joy-panelled-denim-midi-skirt-indigo/p114073047?size=8,114072193,"Boden Joy Panelled Denim Midi Skirt, Indigo, 8",Boden,119.00,,,,Indigo,8,,5063582006230,Homepage,Women,Women's Skirts,,,,,https://media.johnlewiscontent.com/i/JohnLewis/010313250,https://media.johnlewiscontent.com/i/JohnLewis/010313250alt1,https://media.johnlewiscontent.com/i/JohnLewis/010313250alt2,https://media.johnlewiscontent.com/i/JohnLewis/010313250alt3,https://media.johnlewiscontent.com/i/JohnLewis/010313250alt4,"A midi-length skirt from Boden. Balanced by an A-line, it comes in pure cotton denim for cool comfort. Fastens smoothly with a zip.",,2,4.0,,,,,,£119.00,119.00,specification,Country of Origin,Turkey,specification,Dress Shape,A Line,specification,Garment Length,Midi,specification,Brand,Boden,specification,Fastening,Zip,specification,Drying Instructions,Do not tumble dry,specification,Pattern Details,Plain,,,,,,,,,,,,,,,,,,,,,,,,,,,,,,,,,,,,,,,
JohnLewis,2025-09-16,https://api.johnlewis.com/catalogue/graphql?114073047,https://www.johnlewis.com/boden-joy-panelled-denim-midi-skirt-indigo/p114073047?size=10,114072194,"Boden Joy Panelled Denim Midi Skirt, Indigo, 10",Boden,119.00,,,,Indigo,10,,5063582955842,Homepage,Women,Women's Skirts,,,,,https://media.johnlewiscontent.com/i/JohnLewis/010313250,https://media.johnlewiscontent.com/i/JohnLewis/010313250alt1,https://media.johnlewiscontent.com/i/JohnLewis/010313250alt2,https://media.johnlewiscontent.com/i/JohnLewis/010313250alt3,https://media.johnlewiscontent.com/i/JohnLewis/010313250alt4,"A midi-length skirt from Boden. Balanced by an A-line, it comes in pure cotton denim for cool comfort. Fastens smoothly with a zip.",,2,4.0,,,,,,£119.00,119.00,specification,Country of Origin,Turkey,specification,Dress Shape,A Line,specification,Garment Length,Midi,specification,Brand,Boden,specification,Fastening,Zip,specification,Drying Instructions,Do not tumble dry,specification,Pattern Details,Plain,,,,,,,,,,,,,,,,,,,,,,,,,,,,,,,,,,,,,,,
JohnLewis,2025-09-16,https://api.johnlewis.com/catalogue/graphql?114073047,https://www.johnlewis.com/boden-joy-panelled-denim-midi-skirt-indigo/p114073047?size=12,114072195,"Boden Joy Panelled Denim Midi Skirt, Indigo, 12",Boden,119.00,,,,Indigo,12,,5063582624076,Homepage,Women,Women's Skirts,,,,,https://media.johnlewiscontent.com/i/JohnLewis/010313250,https://media.johnlewiscontent.com/i/JohnLewis/010313250alt1,https://media.johnlewiscontent.com/i/JohnLewis/010313250alt2,https://media.johnlewiscontent.com/i/JohnLewis/010313250alt3,https://media.johnlewiscontent.com/i/JohnLewis/010313250alt4,"A midi-length skirt from Boden. Balanced by an A-line, it comes in pure cotton denim for cool comfort. Fastens smoothly with a zip.",,2,4.0,,,,,,£119.00,119.00,specification,Country of Origin,Turkey,specification,Dress Shape,A Line,specification,Garment Length,Midi,specification,Brand,Boden,specification,Fastening,Zip,specification,Drying Instructions,Do not tumble dry,specification,Pattern Details,Plain,,,,,,,,,,,,,,,,,,,,,,,,,,,,,,,,,,,,,,,
JohnLewis,2025-09-16,https://api.johnlewis.com/catalogue/graphql?114073047,https://www.johnlewis.com/boden-joy-panelled-denim-midi-skirt-indigo/p114073047?size=14,114072196,"Boden Joy Panelled Denim Midi Skirt, Indigo, 14",Boden,119.00,,,,Indigo,14,,5063582901207,Homepage,Women,Women's Skirts,,,,,https://media.johnlewiscontent.com/i/JohnLewis/010313250,https://media.johnlewiscontent.com/i/JohnLewis/010313250alt1,https://media.johnlewiscontent.com/i/JohnLewis/010313250alt2,https://media.johnlewiscontent.com/i/JohnLewis/010313250alt3,https://media.johnlewiscontent.com/i/JohnLewis/010313250alt4,"A midi-length skirt from Boden. Balanced by an A-line, it comes in pure cotton denim for cool comfort. Fastens smoothly with a zip.",,2,4.0,,,,,,£119.00,119.00,specification,Country of Origin,Turkey,specification,Dress Shape,A Line,specification,Garment Length,Midi,specification,Brand,Boden,specification,Fastening,Zip,specification,Drying Instructions,Do not tumble dry,specification,Pattern Details,Plain,,,,,,,,,,,,,,,,,,,,,,,,,,,,,,,,,,,,,,,
JohnLewis,2025-09-16,https://api.johnlewis.com/catalogue/graphql?114073047,https://www.johnlewis.com/boden-joy-panelled-denim-midi-skirt-indigo/p114073047?size=16,114072197,"Boden Joy Panelled Denim Midi Skirt, Indigo, 16",Boden,119.00,,,,Indigo,16,,5063582558494,Homepage,Women,Women's Skirts,,,,,https://media.johnlewiscontent.com/i/JohnLewis/010313250,https://media.johnlewiscontent.com/i/JohnLewis/010313250alt1,https://media.johnlewiscontent.com/i/JohnLewis/010313250alt2,https://media.johnlewiscontent.com/i/JohnLewis/010313250alt3,https://media.johnlewiscontent.com/i/JohnLewis/010313250alt4,"A midi-length skirt from Boden. Balanced by an A-line, it comes in pure cotton denim for cool comfort. Fastens smoothly with a zip.",,2,4.0,,,,,,£119.00,119.00,specification,Country of Origin,Turkey,specification,Dress Shape,A Line,specification,Garment Length,Midi,specification,Brand,Boden,specification,Fastening,Zip,specification,Drying Instructions,Do not tumble dry,specification,Pattern Details,Plain,,,,,,,,,,,,,,,,,,,,,,,,,,,,,,,,,,,,,,,
JohnLewis,2025-09-16,https://api.johnlewis.com/catalogue/graphql?114073047,https://www.johnlewis.com/boden-joy-panelled-denim-midi-skirt-indigo/p114073047?size=18,114072198,"Boden Joy Panelled Denim Midi Skirt, Indigo, 18",Boden,119.00,,,,Indigo,18,,5063582515138,Homepage,Women,Women's Skirts,,,,,https://media.johnlewiscontent.com/i/JohnLewis/010313250,https://media.johnlewiscontent.com/i/JohnLewis/010313250alt1,https://media.johnlewiscontent.com/i/JohnLewis/010313250alt2,https://media.johnlewiscontent.com/i/JohnLewis/010313250alt3,https://media.johnlewiscontent.com/i/JohnLewis/010313250alt4,"A midi-length skirt from Boden. Balanced by an A-line, it comes in pure cotton denim for cool comfort. Fastens smoothly with a zip.",,2,4.0,,,,,,£119.00,119.00,specification,Country of Origin,Turkey,specification,Dress Shape,A Line,specification,Garment Length,Midi,specification,Brand,Boden,specification,Fastening,Zip,specification,Drying Instructions,Do not tumble dry,specification,Pattern Details,Plain,,,,,,,,,,,,,,,,,,,,,,,,,,,,,,,,,,,,,,,
JohnLewis,2025-09-16,https://api.johnlewis.com/catalogue/graphql?113424160,https://www.johnlewis.com/mango-ice-leather-gladiator-sandals-medium-brown/p113424160?size=4,113423906,"Mango Ice Leather Gladiator Sandals, Medium Brown, 4",Mango,45.99,59.99,Y,Reduced To Clear,Medium Brown,4,,8447274589619,Homepage,Women,Women's Sandals,,,,,https://media.johnlewiscontent.com/i/JohnLewis/009841239,https://media.johnlewiscontent.com/i/JohnLewis/009841239alt1,https://media.johnlewiscontent.com/i/JohnLewis/009841239alt2,https://media.johnlewiscontent.com/i/JohnLewis/009841239alt3,https://media.johnlewiscontent.com/i/JohnLewis/009841239alt4,"Mango's gladiator sandals reimagine everyday style with smart details. Crafted in leather, these flats fuse modern ease with thoughtful design. Adjustable straps offer comfort and flexibility for all-day wear, making a lasting impression on your terms.",,,,,,,Y,,£45.99,45.99,specification,Heel Height,Flat,specification,Brand,Mango,specification,Occasion Type,Smart,specification,Shoe Or Boot Style,Gladiator Sandals,specification,Main Shoe Material,Leather,specification,Exact Heel Height,0.00cm,specification,Strap Type,Adjustable,specification,Country of Origin,India,specification,Fastening,Buckle,specification,Heel Type,Flat,specification,Toe Detail,"Round, Open Toe",specification,Pattern Details,Plain,,,,,,,,,,,,,,,,,,,,,,,,
JohnLewis,2025-09-16,https://api.johnlewis.com/catalogue/graphql?113424160,https://www.johnlewis.com/mango-ice-leather-gladiator-sandals-medium-brown/p113424160?size=7,113423909,"Mango Ice Leather Gladiator Sandals, Medium Brown, 7",Mango,45.99,59.99,Y,Reduced To Clear,Medium Brown,7,,8447274589671,Homepage,Women,Women's Sandals,,,,,https://media.johnlewiscontent.com/i/JohnLewis/009841239,https://media.johnlewiscontent.com/i/JohnLewis/009841239alt1,https://media.johnlewiscontent.com/i/JohnLewis/009841239alt2,https://media.johnlewiscontent.com/i/JohnLewis/009841239alt3,https://media.johnlewiscontent.com/i/JohnLewis/009841239alt4,"Mango's gladiator sandals reimagine everyday style with smart details. Crafted in leather, these flats fuse modern ease with thoughtful design. Adjustable straps offer comfort and flexibility for all-day wear, making a lasting impression on your terms.",,,,,,,Y,,£45.99,45.99,specification,Heel Height,Flat,specification,Brand,Mango,specification,Occasion Type,Smart,specification,Shoe Or Boot Style,Gladiator Sandals,specification,Main Shoe Material,Leather,specification,Exact Heel Height,0.00cm,specification,Strap Type,Adjustable,specification,Country of Origin,India,specification,Fastening,Buckle,specification,Heel Type,Flat,specification,Toe Detail,"Round, Open Toe",specification,Pattern Details,Plain,,,,,,,,,,,,,,,,,,,,,,,,
JohnLewis,2025-09-16,https://api.johnlewis.com/catalogue/graphql?113424160,https://www.johnlewis.com/mango-ice-leather-gladiator-sandals-medium-brown/p113424160?size=8,113423910,"Mango Ice Leather Gladiator Sandals, Medium Brown, 8",Mango,45.99,59.99,Y,Reduced To Clear,Medium Brown,8,,8447274589695,Homepage,Women,Women's Sandals,,,,,https://media.johnlewiscontent.com/i/JohnLewis/009841239,https://media.johnlewiscontent.com/i/JohnLewis/009841239alt1,https://media.johnlewiscontent.com/i/JohnLewis/009841239alt2,https://media.johnlewiscontent.com/i/JohnLewis/009841239alt3,https://media.johnlewiscontent.com/i/JohnLewis/009841239alt4,"Mango's gladiator sandals reimagine everyday style with smart details. Crafted in leather, these flats fuse modern ease with thoughtful design. Adjustable straps offer comfort and flexibility for all-day wear, making a lasting impression on your terms.",,,,,,,Y,,£45.99,45.99,specification,Heel Height,Flat,specification,Brand,Mango,specification,Occasion Type,Smart,specification,Shoe Or Boot Style,Gladiator Sandals,specification,Main Shoe Material,Leather,specification,Exact Heel Height,0.00cm,specification,Strap Type,Adjustable,specification,Country of Origin,India,specification,Fastening,Buckle,specification,Heel Type,Flat,specification,Toe Detail,"Round, Open Toe",specification,Pattern Details,Plain,,,,,,,,,,,,,,,,,,,,,,,,
JohnLewis,2025-09-16,https://api.johnlewis.com/catalogue/graphql?113759071,https://www.johnlewis.com/boss-kids-cotton-colour-block-polo-shirt-black/p113759071?size=4-years,113758446,"BOSS Kids' Cotton Colour Block Polo Shirt, Black, 4 years",HUGO BOSS,80.00,,,,Black,4 years,,3617165551307,Homepage,Baby & Child,Boys' Clothes (2+ yrs),Boys' Shirts & Tops,,,,https://media.johnlewiscontent.com/i/JohnLewis/010086756,https://media.johnlewiscontent.com/i/JohnLewis/010086756alt1,,,,"The BOSS polo shirt offers effortless comfort and smart style for everyday adventures. Soft, stretchy cotton blend ensures lasting ease, while the distinctive colour-block and logo details add a punch of personality to any outfit.",,,,,,,,,£80.00,80.00,specification,Sub-Brand,BOSS,specification,Neckline,Collar,specification,Collar Type,Classic,specification,Brand,HUGO BOSS,specification,Country of Origin,Bangladesh,specification,Drying Instructions,Do not tumble dry,specification,Care instructions,Machine Wash Cold - Do Not Bleach - Do Not Tumble Dry - Cool Iron - Do Not Dryclean,specification,Sleeve Type,Short Sleeve,specification,Pattern Details,"Colour Block, Logo",,,,,,,,,,,,,,,,,,,,,,,,,,,,,,,,,
JohnLewis,2025-09-16,https://api.johnlewis.com/catalogue/graphql?113759071,https://www.johnlewis.com/boss-kids-cotton-colour-block-polo-shirt-black/p113759071?size=5-years,113758447,"BOSS Kids' Cotton Colour Block Polo Shirt, Black, 5 years",HUGO BOSS,80.00,,,,Black,5 years,,3617165550850,Homepage,Baby & Child,Boys' Clothes (2+ yrs),Boys' Shirts & Tops,,,,https://media.johnlewiscontent.com/i/JohnLewis/010086756,https://media.johnlewiscontent.com/i/JohnLewis/010086756alt1,,,,"The BOSS polo shirt offers effortless comfort and smart style for everyday adventures. Soft, stretchy cotton blend ensures lasting ease, while the distinctive colour-block and logo details add a punch of personality to any outfit.",,,,,,,,,£80.00,80.00,specification,Sub-Brand,BOSS,specification,Neckline,Collar,specification,Collar Type,Classic,specification,Brand,HUGO BOSS,specification,Country of Origin,Bangladesh,specification,Drying Instructions,Do not tumble dry,specification,Care instructions,Machine Wash Cold - Do Not Bleach - Do Not Tumble Dry - Cool Iron - Do Not Dryclean,specification,Sleeve Type,Short Sleeve,specification,Pattern Details,"Colour Block, Logo",,,,,,,,,,,,,,,,,,,,,,,,,,,,,,,,,
JohnLewis,2025-09-16,https://api.johnlewis.com/catalogue/graphql?113759071,https://www.johnlewis.com/boss-kids-cotton-colour-block-polo-shirt-black/p113759071?size=6-years,113758448,"BOSS Kids' Cotton Colour Block Polo Shirt, Black, 6 years",HUGO BOSS,85.00,,,,Black,6 years,,3617165551499,Homepage,Baby & Child,Boys' Clothes (2+ yrs),Boys' Shirts & Tops,,,,https://media.johnlewiscontent.com/i/JohnLewis/010086756,https://media.johnlewiscontent.com/i/JohnLewis/010086756alt1,,,,"The BOSS polo shirt offers effortless comfort and smart style for everyday adventures. Soft, stretchy cotton blend ensures lasting ease, while the distinctive colour-block and logo details add a punch of personality to any outfit.",,,,,,,,,£85.00,85.00,specification,Sub-Brand,BOSS,specification,Neckline,Collar,specification,Collar Type,Classic,specification,Brand,HUGO BOSS,specification,Country of Origin,Bangladesh,specification,Drying Instructions,Do not tumble dry,specification,Care instructions,Machine Wash Cold - Do Not Bleach - Do Not Tumble Dry - Cool Iron - Do Not Dryclean,specification,Sleeve Type,Short Sleeve,specification,Pattern Details,"Colour Block, Logo",,,,,,,,,,,,,,,,,,,,,,,,,,,,,,,,,
JohnLewis,2025-09-16,https://api.johnlewis.com/catalogue/graphql?113759071,https://www.johnlewis.com/boss-kids-cotton-colour-block-polo-shirt-black/p113759071?size=8-years,113758449,"BOSS Kids' Cotton Colour Block Polo Shirt, Black, 8 years",HUGO BOSS,85.00,,,,Black,8 years,,3617165551185,Homepage,Baby & Child,Boys' Clothes (2+ yrs),Boys' Shirts & Tops,,,,https://media.johnlewiscontent.com/i/JohnLewis/010086756,https://media.johnlewiscontent.com/i/JohnLewis/010086756alt1,,,,"The BOSS polo shirt offers effortless comfort and smart style for everyday adventures. Soft, stretchy cotton blend ensures lasting ease, while the distinctive colour-block and logo details add a punch of personality to any outfit.",,,,,,,,,£85.00,85.00,specification,Sub-Brand,BOSS,specification,Neckline,Collar,specification,Collar Type,Classic,specification,Brand,HUGO BOSS,specification,Country of Origin,Bangladesh,specification,Drying Instructions,Do not tumble dry,specification,Care instructions,Machine Wash Cold - Do Not Bleach - Do Not Tumble Dry - Cool Iron - Do Not Dryclean,specification,Sleeve Type,Short Sleeve,specification,Pattern Details,"Colour Block, Logo",,,,,,,,,,,,,,,,,,,,,,,,,,,,,,,,,
JohnLewis,2025-09-16,https://api.johnlewis.com/catalogue/graphql?113759071,https://www.johnlewis.com/boss-kids-cotton-colour-block-polo-shirt-black/p113759071?size=10-years,113758450,"BOSS Kids' Cotton Colour Block Polo Shirt, Black, 10 years",HUGO BOSS,85.00,,,,Black,10 years,,3617165551314,Homepage,Baby & Child,Boys' Clothes (2+ yrs),Boys' Shirts & Tops,,,,https://media.johnlewiscontent.com/i/JohnLewis/010086756,https://media.johnlewiscontent.com/i/JohnLewis/010086756alt1,,,,"The BOSS polo shirt offers effortless comfort and smart style for everyday adventures. Soft, stretchy cotton blend ensures lasting ease, while the distinctive colour-block and logo details add a punch of personality to any outfit.",,,,,,,,,£85.00,85.00,specification,Sub-Brand,BOSS,specification,Neckline,Collar,specification,Collar Type,Classic,specification,Brand,HUGO BOSS,specification,Country of Origin,Bangladesh,specification,Drying Instructions,Do not tumble dry,specification,Care instructions,Machine Wash Cold - Do Not Bleach - Do Not Tumble Dry - Cool Iron - Do Not Dryclean,specification,Sleeve Type,Short Sleeve,specification,Pattern Details,"Colour Block, Logo",,,,,,,,,,,,,,,,,,,,,,,,,,,,,,,,,
JohnLewis,2025-09-16,https://api.johnlewis.com/catalogue/graphql?113759071,https://www.johnlewis.com/boss-kids-cotton-colour-block-polo-shirt-black/p113759071?size=12-years,113758451,"BOSS Kids' Cotton Colour Block Polo Shirt, Black, 12 years",HUGO BOSS,85.00,,,,Black,12 years,,3617165550867,Homepage,Baby & Child,Boys' Clothes (2+ yrs),Boys' Shirts & Tops,,,,https://media.johnlewiscontent.com/i/JohnLewis/010086756,https://media.johnlewiscontent.com/i/JohnLewis/010086756alt1,,,,"The BOSS polo shirt offers effortless comfort and smart style for everyday adventures. Soft, stretchy cotton blend ensures lasting ease, while the distinctive colour-block and logo details add a punch of personality to any outfit.",,,,,,,,,£85.00,85.00,specification,Sub-Brand,BOSS,specification,Neckline,Collar,specification,Collar Type,Classic,specification,Brand,HUGO BOSS,specification,Country of Origin,Bangladesh,specification,Drying Instructions,Do not tumble dry,specification,Care instructions,Machine Wash Cold - Do Not Bleach - Do Not Tumble Dry - Cool Iron - Do Not Dryclean,specification,Sleeve Type,Short Sleeve,specification,Pattern Details,"Colour Block, Logo",,,,,,,,,,,,,,,,,,,,,,,,,,,,,,,,,
JohnLewis,2025-09-16,https://api.johnlewis.com/catalogue/graphql?113759071,https://www.johnlewis.com/boss-kids-cotton-colour-block-polo-shirt-black/p113759071?size=14-years,113758452,"BOSS Kids' Cotton Colour Block Polo Shirt, Black, 14 years",HUGO BOSS,99.00,,,,Black,14 years,,3617165550973,Homepage,Baby & Child,Boys' Clothes (2+ yrs),Boys' Shirts & Tops,,,,https://media.johnlewiscontent.com/i/JohnLewis/010086756,https://media.johnlewiscontent.com/i/JohnLewis/010086756alt1,,,,"The BOSS polo shirt offers effortless comfort and smart style for everyday adventures. Soft, stretchy cotton blend ensures lasting ease, while the distinctive colour-block and logo details add a punch of personality to any outfit.",,,,,,,,,£99.00,99.00,specification,Sub-Brand,BOSS,specification,Neckline,Collar,specification,Collar Type,Classic,specification,Brand,HUGO BOSS,specification,Country of Origin,Bangladesh,specification,Drying Instructions,Do not tumble dry,specification,Care instructions,Machine Wash Cold - Do Not Bleach - Do Not Tumble Dry - Cool Iron - Do Not Dryclean,specification,Sleeve Type,Short Sleeve,specification,Pattern Details,"Colour Block, Logo",,,,,,,,,,,,,,,,,,,,,,,,,,,,,,,,,
JohnLewis,2025-09-16,https://api.johnlewis.com/catalogue/graphql?113759071,https://www.johnlewis.com/boss-kids-cotton-colour-block-polo-shirt-black/p113759071?size=16-years,113758453,"BOSS Kids' Cotton Colour Block Polo Shirt, Black, 16 years",HUGO BOSS,99.00,,,,Black,16 years,,3617165551505,Homepage,Baby & Child,Boys' Clothes (2+ yrs),Boys' Shirts & Tops,,,,https://media.johnlewiscontent.com/i/JohnLewis/010086756,https://media.johnlewiscontent.com/i/JohnLewis/010086756alt1,,,,"The BOSS polo shirt offers effortless comfort and smart style for everyday adventures. Soft, stretchy cotton blend ensures lasting ease, while the distinctive colour-block and logo details add a punch of personality to any outfit.",,,,,,,,,£99.00,99.00,specification,Sub-Brand,BOSS,specification,Neckline,Collar,specification,Collar Type,Classic,specification,Brand,HUGO BOSS,specification,Country of Origin,Bangladesh,specification,Drying Instructions,Do not tumble dry,specification,Care instructions,Machine Wash Cold - Do Not Bleach - Do Not Tumble Dry - Cool Iron - Do Not Dryclean,specification,Sleeve Type,Short Sleeve,specification,Pattern Details,"Colour Block, Logo",,,,,,,,,,,,,,,,,,,,,,,,,,,,,,,,,
JohnLewis,2025-09-16,https://api.johnlewis.com/catalogue/graphql?114316496,https://www.johnlewis.com/converse-chuck-taylor-all-star-high-top-trainers/p114316496?size=7,113963255,"Converse Chuck Taylor All Star High Top Trainers, Monochrome Black, 7",Converse,65.00,,,,Monochrome Black,7,886952779771,,Homepage,Men,Men's Trainers ,,,,,https://media.johnlewiscontent.com/i/JohnLewis/010398952,https://media.johnlewiscontent.com/i/JohnLewis/010398952alt1,https://media.johnlewiscontent.com/i/JohnLewis/010398952alt2,https://media.johnlewiscontent.com/i/JohnLewis/010398952alt3,,"When all else fails, you can always come back to this casual classic. Converse's Chuck Taylor All Star high-top trainer has a durable upper, as well as OrthoLite cushioning to provide long-lasting comfort. The ankle patch and All Star license plate also serve as welcome finishing touches.",,,,,,,,,£65.00,65.00,specification,Sport & Fitness Activity,Leisure,specification,Brand,Converse,specification,Occasion Type,Casual,specification,Main Shoe Material,Textile,specification,Shoe Or Boot Style,Fashion Trainers,specification,Country of Origin,Vietnam,specification,Fastening,Lace-Up,specification,Toe Detail,Round,,,,,,,,,,,,,,,,,,,,,,,,,,,,,,,,,,,,
JohnLewis,2025-09-16,https://api.johnlewis.com/catalogue/graphql?114316496,https://www.johnlewis.com/converse-chuck-taylor-all-star-high-top-trainers/p114316496?size=8,113963256,"Converse Chuck Taylor All Star High Top Trainers, Monochrome Black, 8",Converse,65.00,,,,Monochrome Black,8,886952779795,,Homepage,Men,Men's Trainers ,,,,,https://media.johnlewiscontent.com/i/JohnLewis/010398952,https://media.johnlewiscontent.com/i/JohnLewis/010398952alt1,https://media.johnlewiscontent.com/i/JohnLewis/010398952alt2,https://media.johnlewiscontent.com/i/JohnLewis/010398952alt3,,"When all else fails, you can always come back to this casual classic. Converse's Chuck Taylor All Star high-top trainer has a durable upper, as well as OrthoLite cushioning to provide long-lasting comfort. The ankle patch and All Star license plate also serve as welcome finishing touches.",,,,,,,,,£65.00,65.00,specification,Sport & Fitness Activity,Leisure,specification,Brand,Converse,specification,Occasion Type,Casual,specification,Main Shoe Material,Textile,specification,Shoe Or Boot Style,Fashion Trainers,specification,Country of Origin,Vietnam,specification,Fastening,Lace-Up,specification,Toe Detail,Round,,,,,,,,,,,,,,,,,,,,,,,,,,,,,,,,,,,,
JohnLewis,2025-09-16,https://api.johnlewis.com/catalogue/graphql?114316496,https://www.johnlewis.com/converse-chuck-taylor-all-star-high-top-trainers/p114316496?size=9,113963257,"Converse Chuck Taylor All Star High Top Trainers, Monochrome Black, 9",Converse,65.00,,,,Monochrome Black,9,886952779818,,Homepage,Men,Men's Trainers ,,,,,https://media.johnlewiscontent.com/i/JohnLewis/010398952,https://media.johnlewiscontent.com/i/JohnLewis/010398952alt1,https://media.johnlewiscontent.com/i/JohnLewis/010398952alt2,https://media.johnlewiscontent.com/i/JohnLewis/010398952alt3,,"When all else fails, you can always come back to this casual classic. Converse's Chuck Taylor All Star high-top trainer has a durable upper, as well as OrthoLite cushioning to provide long-lasting comfort. The ankle patch and All Star license plate also serve as welcome finishing touches.",,,,,,,,,£65.00,65.00,specification,Sport & Fitness Activity,Leisure,specification,Brand,Converse,specification,Occasion Type,Casual,specification,Main Shoe Material,Textile,specification,Shoe Or Boot Style,Fashion Trainers,specification,Country of Origin,Vietnam,specification,Fastening,Lace-Up,specification,Toe Detail,Round,,,,,,,,,,,,,,,,,,,,,,,,,,,,,,,,,,,,
JohnLewis,2025-09-16,https://api.johnlewis.com/catalogue/graphql?114316496,https://www.johnlewis.com/converse-chuck-taylor-all-star-high-top-trainers/p114316496?size=10,113963258,"Converse Chuck Taylor All Star High Top Trainers, Monochrome Black, 10",Converse,65.00,,,,Monochrome Black,10,886952779832,,Homepage,Men,Men's Trainers ,,,,,https://media.johnlewiscontent.com/i/JohnLewis/010398952,https://media.johnlewiscontent.com/i/JohnLewis/010398952alt1,https://media.johnlewiscontent.com/i/JohnLewis/010398952alt2,https://media.johnlewiscontent.com/i/JohnLewis/010398952alt3,,"When all else fails, you can always come back to this casual classic. Converse's Chuck Taylor All Star high-top trainer has a durable upper, as well as OrthoLite cushioning to provide long-lasting comfort. The ankle patch and All Star license plate also serve as welcome finishing touches.",,,,,,,,,£65.00,65.00,specification,Sport & Fitness Activity,Leisure,specification,Brand,Converse,specification,Occasion Type,Casual,specification,Main Shoe Material,Textile,specification,Shoe Or Boot Style,Fashion Trainers,specification,Country of Origin,Vietnam,specification,Fastening,Lace-Up,specification,Toe Detail,Round,,,,,,,,,,,,,,,,,,,,,,,,,,,,,,,,,,,,
JohnLewis,2025-09-16,https://api.johnlewis.com/catalogue/graphql?114316496,https://www.johnlewis.com/converse-chuck-taylor-all-star-high-top-trainers/p114316496?size=11,113963259,"Converse Chuck Taylor All Star High Top Trainers, Monochrome Black, 11",Converse,65.00,,,,Monochrome Black,11,886952779856,,Homepage,Men,Men's Trainers ,,,,,https://media.johnlewiscontent.com/i/JohnLewis/010398952,https://media.johnlewiscontent.com/i/JohnLewis/010398952alt1,https://media.johnlewiscontent.com/i/JohnLewis/010398952alt2,https://media.johnlewiscontent.com/i/JohnLewis/010398952alt3,,"When all else fails, you can always come back to this casual classic. Converse's Chuck Taylor All Star high-top trainer has a durable upper, as well as OrthoLite cushioning to provide long-lasting comfort. The ankle patch and All Star license plate also serve as welcome finishing touches.",,,,,,,,,£65.00,65.00,specification,Sport & Fitness Activity,Leisure,specification,Brand,Converse,specification,Occasion Type,Casual,specification,Main Shoe Material,Textile,specification,Shoe Or Boot Style,Fashion Trainers,specification,Country of Origin,Vietnam,specification,Fastening,Lace-Up,specification,Toe Detail,Round,,,,,,,,,,,,,,,,,,,,,,,,,,,,,,,,,,,,
JohnLewis,2025-09-16,https://api.johnlewis.com/catalogue/graphql?114316496,https://www.johnlewis.com/converse-chuck-taylor-all-star-high-top-trainers/p114316496?size=12,113963260,"Converse Chuck Taylor All Star High Top Trainers, Monochrome Black, 12",Converse,65.00,,,,Monochrome Black,12,886952782931,,Homepage,Men,Men's Trainers ,,,,,https://media.johnlewiscontent.com/i/JohnLewis/010398952,https://media.johnlewiscontent.com/i/JohnLewis/010398952alt1,https://media.johnlewiscontent.com/i/JohnLewis/010398952alt2,https://media.johnlewiscontent.com/i/JohnLewis/010398952alt3,,"When all else fails, you can always come back to this casual classic. Converse's Chuck Taylor All Star high-top trainer has a durable upper, as well as OrthoLite cushioning to provide long-lasting comfort. The ankle patch and All Star license plate also serve as welcome finishing touches.",,,,,,,,,£65.00,65.00,specification,Sport & Fitness Activity,Leisure,specification,Brand,Converse,specification,Occasion Type,Casual,specification,Main Shoe Material,Textile,specification,Shoe Or Boot Style,Fashion Trainers,specification,Country of Origin,Vietnam,specification,Fastening,Lace-Up,specification,Toe Detail,Round,,,,,,,,,,,,,,,,,,,,,,,,,,,,,,,,,,,,
JohnLewis,2025-09-16,https://api.johnlewis.com/catalogue/graphql?114116558,https://www.johnlewis.com/cape-cove-barrel-leg-corduroy-trousers-green/p114116558?size=xs,113875138,"Cape Cove Barrel Leg Corduroy Trousers, Green, XS",Cape Cove,109.00,,,,Green,XS,,5056759313743,Homepage,Women,Women's Trousers & Leggings,,,,,https://media.johnlewiscontent.com/i/JohnLewis/010239720,https://media.johnlewiscontent.com/i/JohnLewis/010239720alt1,https://media.johnlewiscontent.com/i/JohnLewis/010239720alt2,https://media.johnlewiscontent.com/i/JohnLewis/010239720alt3,https://media.johnlewiscontent.com/i/JohnLewis/010239720alt4,"This trouser is made of soft cord crafted in Portugal, with a subtle barrel leg shape and elastic waist. To achieve a neater fit, we suggest sizing down from your usual style, as the sizing is relaxed.",,,,,,,,,£109.00,109.00,specification,Fabric Type,Corduroy,specification,Trouser Type,Corduroy,specification,Rise,Mid,specification,Country of Origin,Portugal,specification,Waistband Type,Stretch Waistband,specification,Garment Length,Regular,specification,Brand,Cape Cove,specification,Occasion Type,Casual,specification,Fastening,Elastic,specification,Fit or Cut,Loose,specification,Drying Instructions,Do not tumble dry,specification,Pattern Details,Textured,,,,,,,,,,,,,,,,,,,,,,,,
JohnLewis,2025-09-16,https://api.johnlewis.com/catalogue/graphql?114116558,https://www.johnlewis.com/cape-cove-barrel-leg-corduroy-trousers-green/p114116558?size=s,113875139,"Cape Cove Barrel Leg Corduroy Trousers, Green, S",Cape Cove,109.00,,,,Green,S,,5056759313750,Homepage,Women,Women's Trousers & Leggings,,,,,https://media.johnlewiscontent.com/i/JohnLewis/010239720,https://media.johnlewiscontent.com/i/JohnLewis/010239720alt1,https://media.johnlewiscontent.com/i/JohnLewis/010239720alt2,https://media.johnlewiscontent.com/i/JohnLewis/010239720alt3,https://media.johnlewiscontent.com/i/JohnLewis/010239720alt4,"This trouser is made of soft cord crafted in Portugal, with a subtle barrel leg shape and elastic waist. To achieve a neater fit, we suggest sizing down from your usual style, as the sizing is relaxed.",,,,,,,,,£109.00,109.00,specification,Fabric Type,Corduroy,specification,Trouser Type,Corduroy,specification,Rise,Mid,specification,Country of Origin,Portugal,specification,Waistband Type,Stretch Waistband,specification,Garment Length,Regular,specification,Brand,Cape Cove,specification,Occasion Type,Casual,specification,Fastening,Elastic,specification,Fit or Cut,Loose,specification,Drying Instructions,Do not tumble dry,specification,Pattern Details,Textured,,,,,,,,,,,,,,,,,,,,,,,,
JohnLewis,2025-09-16,https://api.johnlewis.com/catalogue/graphql?114116558,https://www.johnlewis.com/cape-cove-barrel-leg-corduroy-trousers-green/p114116558?size=m,113875140,"Cape Cove Barrel Leg Corduroy Trousers, Green, M",Cape Cove,109.00,,,,Green,M,,5056759313767,Homepage,Women,Women's Trousers & Leggings,,,,,https://media.johnlewiscontent.com/i/JohnLewis/010239720,https://media.johnlewiscontent.com/i/JohnLewis/010239720alt1,https://media.johnlewiscontent.com/i/JohnLewis/010239720alt2,https://media.johnlewiscontent.com/i/JohnLewis/010239720alt3,https://media.johnlewiscontent.com/i/JohnLewis/010239720alt4,"This trouser is made of soft cord crafted in Portugal, with a subtle barrel leg shape and elastic waist. To achieve a neater fit, we suggest sizing down from your usual style, as the sizing is relaxed.",,,,,,,,,£109.00,109.00,specification,Fabric Type,Corduroy,specification,Trouser Type,Corduroy,specification,Rise,Mid,specification,Country of Origin,Portugal,specification,Waistband Type,Stretch Waistband,specification,Garment Length,Regular,specification,Brand,Cape Cove,specification,Occasion Type,Casual,specification,Fastening,Elastic,specification,Fit or Cut,Loose,specification,Drying Instructions,Do not tumble dry,specification,Pattern Details,Textured,,,,,,,,,,,,,,,,,,,,,,,,
JohnLewis,2025-09-16,https://api.johnlewis.com/catalogue/graphql?114116558,https://www.johnlewis.com/cape-cove-barrel-leg-corduroy-trousers-green/p114116558?size=l,113875141,"Cape Cove Barrel Leg Corduroy Trousers, Green, L",Cape Cove,109.00,,,,Green,L,,5056759313774,Homepage,Women,Women's Trousers & Leggings,,,,,https://media.johnlewiscontent.com/i/JohnLewis/010239720,https://media.johnlewiscontent.com/i/JohnLewis/010239720alt1,https://media.johnlewiscontent.com/i/JohnLewis/010239720alt2,https://media.johnlewiscontent.com/i/JohnLewis/010239720alt3,https://media.johnlewiscontent.com/i/JohnLewis/010239720alt4,"This trouser is made of soft cord crafted in Portugal, with a subtle barrel leg shape and elastic waist. To achieve a neater fit, we suggest sizing down from your usual style, as the sizing is relaxed.",,,,,,,,,£109.00,109.00,specification,Fabric Type,Corduroy,specification,Trouser Type,Corduroy,specification,Rise,Mid,specification,Country of Origin,Portugal,specification,Waistband Type,Stretch Waistband,specification,Garment Length,Regular,specification,Brand,Cape Cove,specification,Occasion Type,Casual,specification,Fastening,Elastic,specification,Fit or Cut,Loose,specification,Drying Instructions,Do not tumble dry,specification,Pattern Details,Textured,,,,,,,,,,,,,,,,,,,,,,,,
JohnLewis,2025-09-16,https://api.johnlewis.com/catalogue/graphql?114116558,https://www.johnlewis.com/cape-cove-barrel-leg-corduroy-trousers-green/p114116558?size=xl,113875142,"Cape Cove Barrel Leg Corduroy Trousers, Green, XL",Cape Cove,109.00,,,,Green,XL,,5056759313781,Homepage,Women,Women's Trousers & Leggings,,,,,https://media.johnlewiscontent.com/i/JohnLewis/010239720,https://media.johnlewiscontent.com/i/JohnLewis/010239720alt1,https://media.johnlewiscontent.com/i/JohnLewis/010239720alt2,https://media.johnlewiscontent.com/i/JohnLewis/010239720alt3,https://media.johnlewiscontent.com/i/JohnLewis/010239720alt4,"This trouser is made of soft cord crafted in Portugal, with a subtle barrel leg shape and elastic waist. To achieve a neater fit, we suggest sizing down from your usual style, as the sizing is relaxed.",,,,,,,,,£109.00,109.00,specification,Fabric Type,Corduroy,specification,Trouser Type,Corduroy,specification,Rise,Mid,specification,Country of Origin,Portugal,specification,Waistband Type,Stretch Waistband,specification,Garment Length,Regular,specification,Brand,Cape Cove,specification,Occasion Type,Casual,specification,Fastening,Elastic,specification,Fit or Cut,Loose,specification,Drying Instructions,Do not tumble dry,specification,Pattern Details,Textured,,,,,,,,,,,,,,,,,,,,,,,,
JohnLewis,2025-09-16,https://api.johnlewis.com/catalogue/graphql?5860071,https://www.johnlewis.com/chelsea-peers-zebra-print-recycled-pyjama-set/p5860071?size=xs,240592159,"Chelsea Peers Zebra Print Recycled Pyjama Set, Navy/Multi, 8",Chelsea Peers,32.00,,,"Matching items across Men's, Women's and Kids",Navy/Multi,XS,,5056376878953,Homepage,Women,Women's Nightwear,,,,,https://media.johnlewiscontent.com/i/JohnLewis/005836414,https://media.johnlewiscontent.com/i/JohnLewis/005836414alt1,https://media.johnlewiscontent.com/i/JohnLewis/005836414alt2,https://media.johnlewiscontent.com/i/JohnLewis/005836414alt3,https://media.johnlewiscontent.com/i/JohnLewis/005836414alt4,"Add some animal appeal to your night-time edit with a zebra pattern from Chelsea Peers. Made from soft recycled jersey fabric, this pyjama set is just the thing for a cosy night's sleep.",,32,4.8,,,,,,£32.00,32.00,specification,Garment Length,Long,specification,Neckline,Round Neck,specification,Brand,Chelsea Peers,specification,Pyjama Type,Pyjama Sets,specification,Country of Origin,Bangladesh,specification,Drying Instructions,Do not tumble dry,specification,Care instructions,Do Not Mix Colours; Do Not Bleach,specification,Sleeve Type,Long Sleeve,specification,Pattern Details,Animal,,,,,,,,,,,,,,,,,,,,,,,,,,,,,,,,,
JohnLewis,2025-09-16,https://api.johnlewis.com/catalogue/graphql?5860071,https://www.johnlewis.com/chelsea-peers-zebra-print-recycled-pyjama-set/p5860071?size=s,240592167,"Chelsea Peers Zebra Print Recycled Pyjama Set, Navy/Multi, 10",Chelsea Peers,32.00,,,"Matching items across Men's, Women's and Kids",Navy/Multi,S,,5056376878960,Homepage,Women,Women's Nightwear,,,,,https://media.johnlewiscontent.com/i/JohnLewis/005836414,https://media.johnlewiscontent.com/i/JohnLewis/005836414alt1,https://media.johnlewiscontent.com/i/JohnLewis/005836414alt2,https://media.johnlewiscontent.com/i/JohnLewis/005836414alt3,https://media.johnlewiscontent.com/i/JohnLewis/005836414alt4,"Add some animal appeal to your night-time edit with a zebra pattern from Chelsea Peers. Made from soft recycled jersey fabric, this pyjama set is just the thing for a cosy night's sleep.",,32,4.8,,,,,,£32.00,32.00,specification,Garment Length,Long,specification,Neckline,Round Neck,specification,Brand,Chelsea Peers,specification,Pyjama Type,Pyjama Sets,specification,Country of Origin,Bangladesh,specification,Drying Instructions,Do not tumble dry,specification,Care instructions,Do Not Mix Colours; Do Not Bleach,specification,Sleeve Type,Long Sleeve,specification,Pattern Details,Animal,,,,,,,,,,,,,,,,,,,,,,,,,,,,,,,,,
JohnLewis,2025-09-16,https://api.johnlewis.com/catalogue/graphql?5860071,https://www.johnlewis.com/chelsea-peers-zebra-print-recycled-pyjama-set/p5860071?size=l,240592178,"Chelsea Peers Zebra Print Recycled Pyjama Set, Navy/Multi, 14",Chelsea Peers,32.00,,,"Matching items across Men's, Women's and Kids",Navy/Multi,L,,5056376878984,Homepage,Women,Women's Nightwear,,,,,https://media.johnlewiscontent.com/i/JohnLewis/005836414,https://media.johnlewiscontent.com/i/JohnLewis/005836414alt1,https://media.johnlewiscontent.com/i/JohnLewis/005836414alt2,https://media.johnlewiscontent.com/i/JohnLewis/005836414alt3,https://media.johnlewiscontent.com/i/JohnLewis/005836414alt4,"Add some animal appeal to your night-time edit with a zebra pattern from Chelsea Peers. Made from soft recycled jersey fabric, this pyjama set is just the thing for a cosy night's sleep.",,32,4.8,,,,,,£32.00,32.00,specification,Garment Length,Long,specification,Neckline,Round Neck,specification,Brand,Chelsea Peers,specification,Pyjama Type,Pyjama Sets,specification,Country of Origin,Bangladesh,specification,Drying Instructions,Do not tumble dry,specification,Care instructions,Do Not Mix Colours; Do Not Bleach,specification,Sleeve Type,Long Sleeve,specification,Pattern Details,Animal,,,,,,,,,,,,,,,,,,,,,,,,,,,,,,,,,
JohnLewis,2025-09-16,https://api.johnlewis.com/catalogue/graphql?6361096,https://www.johnlewis.com/bedfolk-100-linen-standard-fitted-sheets/rust/p6361096?size=single,110547275,"Bedfolk Linen Single Standard Fitted Sheet, Rust",Bedfolk,90.00,,,,Rust,Single,,5060914873614,Homepage,Home & Garden,Bedding,Bed Sheets & Valances,,,,https://media.johnlewiscontent.com/i/JohnLewis/006598742,https://media.johnlewiscontent.com/i/JohnLewis/006598742alt1,https://media.johnlewiscontent.com/i/JohnLewis/006598742alt2,,,"Bedfolk's linen sheets are the kind of soft you look forward to coming home to all day. Woven from the highest quality Belgian and French flax, it feels like someone whipped up the clouds and spun them into bedding. But don't let its meringue-peaked softness fool you - these sheets are long-lasting and durable and get even softer as you sleep in them. At Bedfolk, we’re on a mission to help people wind down well. We’re taking a stand against the culture of busyness and championing rest with our curated collection of the highest quality and most comfortable wind-down essentials. Think super-soft bedding, ridiculously comfy robes, and the most luxurious towels imaginable. All crafted ethically and sustainably by the best mills and makers in the world. Sheeting sizes To fit mattress size (cm) Single, L190 x W90cm Double, L190 x W135cm King, L200 x W150cm Super king, L200 x W180cm",,5,4.8,,,,,,£90.00,90.00,specification,Fits mattress depth,Up to 31cm,specification,Brand,Bedfolk,specification,Country of Origin,Portugal,specification,Drying Instructions,Tumble dry at low temperature,specification,Care instructions,Machine wash on a normal cycle (we'd recommend 40 degrees). Linen is at its cloud-like best after a gentle tumble.,,,,,,,,,,,,,,,,,,,,,,,,,,,,,,,,,,,,,,,,,,,,,
JohnLewis,2025-09-16,https://api.johnlewis.com/catalogue/graphql?6361096,https://www.johnlewis.com/bedfolk-100-linen-standard-fitted-sheets/rust/p6361096?size=double,110547259,"Bedfolk Linen Double Standard Fitted Sheet, Rust",Bedfolk,110.00,,,,Rust,Double,,5060914873621,Homepage,Home & Garden,Bedding,Bed Sheets & Valances,,,,https://media.johnlewiscontent.com/i/JohnLewis/006598742,https://media.johnlewiscontent.com/i/JohnLewis/006598742alt1,https://media.johnlewiscontent.com/i/JohnLewis/006598742alt2,,,"Bedfolk's linen sheets are the kind of soft you look forward to coming home to all day. Woven from the highest quality Belgian and French flax, it feels like someone whipped up the clouds and spun them into bedding. But don't let its meringue-peaked softness fool you - these sheets are long-lasting and durable and get even softer as you sleep in them. At Bedfolk, we’re on a mission to help people wind down well. We’re taking a stand against the culture of busyness and championing rest with our curated collection of the highest quality and most comfortable wind-down essentials. Think super-soft bedding, ridiculously comfy robes, and the most luxurious towels imaginable. All crafted ethically and sustainably by the best mills and makers in the world. Sheeting sizes To fit mattress size (cm) Single, L190 x W90cm Double, L190 x W135cm King, L200 x W150cm Super king, L200 x W180cm",,5,4.8,,,,,,£110.00,110.00,specification,Fits mattress depth,Up to 31cm,specification,Brand,Bedfolk,specification,Country of Origin,Portugal,specification,Drying Instructions,Tumble dry at low temperature,specification,Care instructions,Machine wash on a normal cycle (we'd recommend 40 degrees). Linen is at its cloud-like best after a gentle tumble.,,,,,,,,,,,,,,,,,,,,,,,,,,,,,,,,,,,,,,,,,,,,,
JohnLewis,2025-09-16,https://api.johnlewis.com/catalogue/graphql?6361096,https://www.johnlewis.com/bedfolk-100-linen-standard-fitted-sheets/rust/p6361096?size=king,110547265,"Bedfolk Linen King Standard Fitted Sheet, Rust",Bedfolk,130.00,,,,Rust,King,,5060914873638,Homepage,Home & Garden,Bedding,Bed Sheets & Valances,,,,https://media.johnlewiscontent.com/i/JohnLewis/006598742,https://media.johnlewiscontent.com/i/JohnLewis/006598742alt1,https://media.johnlewiscontent.com/i/JohnLewis/006598742alt2,,,"Bedfolk's linen sheets are the kind of soft you look forward to coming home to all day. Woven from the highest quality Belgian and French flax, it feels like someone whipped up the clouds and spun them into bedding. But don't let its meringue-peaked softness fool you - these sheets are long-lasting and durable and get even softer as you sleep in them. At Bedfolk, we’re on a mission to help people wind down well. We’re taking a stand against the culture of busyness and championing rest with our curated collection of the highest quality and most comfortable wind-down essentials. Think super-soft bedding, ridiculously comfy robes, and the most luxurious towels imaginable. All crafted ethically and sustainably by the best mills and makers in the world. Sheeting sizes To fit mattress size (cm) Single, L190 x W90cm Double, L190 x W135cm King, L200 x W150cm Super king, L200 x W180cm",,5,4.8,,,,,,£130.00,130.00,specification,Fits mattress depth,Up to 31cm,specification,Brand,Bedfolk,specification,Country of Origin,Portugal,specification,Drying Instructions,Tumble dry at low temperature,specification,Care instructions,Machine wash on a normal cycle (we'd recommend 40 degrees). Linen is at its cloud-like best after a gentle tumble.,,,,,,,,,,,,,,,,,,,,,,,,,,,,,,,,,,,,,,,,,,,,,
JohnLewis,2025-09-16,https://api.johnlewis.com/catalogue/graphql?6361096,https://www.johnlewis.com/bedfolk-100-linen-standard-fitted-sheets/rust/p6361096?size=super-king,110547217,"Bedfolk Linen Super King Standard Fitted Sheet, Rust",Bedfolk,140.00,,,,Rust,Super King,,5060914873645,Homepage,Home & Garden,Bedding,Bed Sheets & Valances,,,,https://media.johnlewiscontent.com/i/JohnLewis/006598742,https://media.johnlewiscontent.com/i/JohnLewis/006598742alt1,https://media.johnlewiscontent.com/i/JohnLewis/006598742alt2,,,"Bedfolk's linen sheets are the kind of soft you look forward to coming home to all day. Woven from the highest quality Belgian and French flax, it feels like someone whipped up the clouds and spun them into bedding. But don't let its meringue-peaked softness fool you - these sheets are long-lasting and durable and get even softer as you sleep in them. At Bedfolk, we’re on a mission to help people wind down well. We’re taking a stand against the culture of busyness and championing rest with our curated collection of the highest quality and most comfortable wind-down essentials. Think super-soft bedding, ridiculously comfy robes, and the most luxurious towels imaginable. All crafted ethically and sustainably by the best mills and makers in the world. Sheeting sizes To fit mattress size (cm) Single, L190 x W90cm Double, L190 x W135cm King, L200 x W150cm Super king, L200 x W180cm",,5,4.8,,,,,,£140.00,140.00,specification,Fits mattress depth,Up to 31cm,specification,Brand,Bedfolk,specification,Country of Origin,Portugal,specification,Drying Instructions,Tumble dry at low temperature,specification,Care instructions,Machine wash on a normal cycle (we'd recommend 40 degrees). Linen is at its cloud-like best after a gentle tumble.,,,,,,,,,,,,,,,,,,,,,,,,,,,,,,,,,,,,,,,,,,,,,
JohnLewis,2025-09-16,https://api.johnlewis.com/catalogue/graphql?6361096,https://www.johnlewis.com/bedfolk-100-linen-standard-fitted-sheets/rose/p6361096?size=single,110547242,"Bedfolk Linen Single Standard Fitted Sheet, Rose",Bedfolk,90.00,,,,Rose,Single,,5060914871290,Homepage,Home & Garden,Bedding,Bed Sheets & Valances,,,,https://media.johnlewiscontent.com/i/JohnLewis/006598741,https://media.johnlewiscontent.com/i/JohnLewis/006598741alt1,https://media.johnlewiscontent.com/i/JohnLewis/006598741alt2,,,"Bedfolk's linen sheets are the kind of soft you look forward to coming home to all day. Woven from the highest quality Belgian and French flax, it feels like someone whipped up the clouds and spun them into bedding. But don't let its meringue-peaked softness fool you - these sheets are long-lasting and durable and get even softer as you sleep in them. At Bedfolk, we’re on a mission to help people wind down well. We’re taking a stand against the culture of busyness and championing rest with our curated collection of the highest quality and most comfortable wind-down essentials. Think super-soft bedding, ridiculously comfy robes, and the most luxurious towels imaginable. All crafted ethically and sustainably by the best mills and makers in the world. Sheeting sizes To fit mattress size (cm) Single, L190 x W90cm Double, L190 x W135cm King, L200 x W150cm Super king, L200 x W180cm",,5,4.8,,,,,,£90.00,90.00,specification,Fits mattress depth,Up to 31cm,specification,Brand,Bedfolk,specification,Country of Origin,Portugal,specification,Drying Instructions,Tumble dry at low temperature,specification,Care instructions,Machine wash on a normal cycle (we'd recommend 40 degrees). Linen is at its cloud-like best after a gentle tumble.,,,,,,,,,,,,,,,,,,,,,,,,,,,,,,,,,,,,,,,,,,,,,
JohnLewis,2025-09-16,https://api.johnlewis.com/catalogue/graphql?6361096,https://www.johnlewis.com/bedfolk-100-linen-standard-fitted-sheets/rose/p6361096?size=double,110547280,"Bedfolk Linen Double Standard Fitted Sheet, Rose",Bedfolk,110.00,,,,Rose,Double,,5060914871306,Homepage,Home & Garden,Bedding,Bed Sheets & Valances,,,,https://media.johnlewiscontent.com/i/JohnLewis/006598741,https://media.johnlewiscontent.com/i/JohnLewis/006598741alt1,https://media.johnlewiscontent.com/i/JohnLewis/006598741alt2,,,"Bedfolk's linen sheets are the kind of soft you look forward to coming home to all day. Woven from the highest quality Belgian and French flax, it feels like someone whipped up the clouds and spun them into bedding. But don't let its meringue-peaked softness fool you - these sheets are long-lasting and durable and get even softer as you sleep in them. At Bedfolk, we’re on a mission to help people wind down well. We’re taking a stand against the culture of busyness and championing rest with our curated collection of the highest quality and most comfortable wind-down essentials. Think super-soft bedding, ridiculously comfy robes, and the most luxurious towels imaginable. All crafted ethically and sustainably by the best mills and makers in the world. Sheeting sizes To fit mattress size (cm) Single, L190 x W90cm Double, L190 x W135cm King, L200 x W150cm Super king, L200 x W180cm",,5,4.8,,,,,,£110.00,110.00,specification,Fits mattress depth,Up to 31cm,specification,Brand,Bedfolk,specification,Country of Origin,Portugal,specification,Drying Instructions,Tumble dry at low temperature,specification,Care instructions,Machine wash on a normal cycle (we'd recommend 40 degrees). Linen is at its cloud-like best after a gentle tumble.,,,,,,,,,,,,,,,,,,,,,,,,,,,,,,,,,,,,,,,,,,,,,
JohnLewis,2025-09-16,https://api.johnlewis.com/catalogue/graphql?6361096,https://www.johnlewis.com/bedfolk-100-linen-standard-fitted-sheets/rose/p6361096?size=king,110547273,"Bedfolk Linen King Standard Fitted Sheet, Rose",Bedfolk,130.00,,,,Rose,King,,5060914871313,Homepage,Home & Garden,Bedding,Bed Sheets & Valances,,,,https://media.johnlewiscontent.com/i/JohnLewis/006598741,https://media.johnlewiscontent.com/i/JohnLewis/006598741alt1,https://media.johnlewiscontent.com/i/JohnLewis/006598741alt2,,,"Bedfolk's linen sheets are the kind of soft you look forward to coming home to all day. Woven from the highest quality Belgian and French flax, it feels like someone whipped up the clouds and spun them into bedding. But don't let its meringue-peaked softness fool you - these sheets are long-lasting and durable and get even softer as you sleep in them. At Bedfolk, we’re on a mission to help people wind down well. We’re taking a stand against the culture of busyness and championing rest with our curated collection of the highest quality and most comfortable wind-down essentials. Think super-soft bedding, ridiculously comfy robes, and the most luxurious towels imaginable. All crafted ethically and sustainably by the best mills and makers in the world. Sheeting sizes To fit mattress size (cm) Single, L190 x W90cm Double, L190 x W135cm King, L200 x W150cm Super king, L200 x W180cm",,5,4.8,,,,,,£130.00,130.00,specification,Fits mattress depth,Up to 31cm,specification,Brand,Bedfolk,specification,Country of Origin,Portugal,specification,Drying Instructions,Tumble dry at low temperature,specification,Care instructions,Machine wash on a normal cycle (we'd recommend 40 degrees). Linen is at its cloud-like best after a gentle tumble.,,,,,,,,,,,,,,,,,,,,,,,,,,,,,,,,,,,,,,,,,,,,,
JohnLewis,2025-09-16,https://api.johnlewis.com/catalogue/graphql?6361096,https://www.johnlewis.com/bedfolk-100-linen-standard-fitted-sheets/rose/p6361096?size=super-king,110547221,"Bedfolk Linen Super King Standard Fitted Sheet, Rose",Bedfolk,140.00,,,,Rose,Super King,,5060914871320,Homepage,Home & Garden,Bedding,Bed Sheets & Valances,,,,https://media.johnlewiscontent.com/i/JohnLewis/006598741,https://media.johnlewiscontent.com/i/JohnLewis/006598741alt1,https://media.johnlewiscontent.com/i/JohnLewis/006598741alt2,,,"Bedfolk's linen sheets are the kind of soft you look forward to coming home to all day. Woven from the highest quality Belgian and French flax, it feels like someone whipped up the clouds and spun them into bedding. But don't let its meringue-peaked softness fool you - these sheets are long-lasting and durable and get even softer as you sleep in them. At Bedfolk, we’re on a mission to help people wind down well. We’re taking a stand against the culture of busyness and championing rest with our curated collection of the highest quality and most comfortable wind-down essentials. Think super-soft bedding, ridiculously comfy robes, and the most luxurious towels imaginable. All crafted ethically and sustainably by the best mills and makers in the world. Sheeting sizes To fit mattress size (cm) Single, L190 x W90cm Double, L190 x W135cm King, L200 x W150cm Super king, L200 x W180cm",,5,4.8,,,,,,£140.00,140.00,specification,Fits mattress depth,Up to 31cm,specification,Brand,Bedfolk,specification,Country of Origin,Portugal,specification,Drying Instructions,Tumble dry at low temperature,specification,Care instructions,Machine wash on a normal cycle (we'd recommend 40 degrees). Linen is at its cloud-like best after a gentle tumble.,,,,,,,,,,,,,,,,,,,,,,,,,,,,,,,,,,,,,,,,,,,,,
JohnLewis,2025-09-16,https://api.johnlewis.com/catalogue/graphql?6361096,https://www.johnlewis.com/bedfolk-100-linen-standard-fitted-sheets/moss/p6361096?size=single,110547278,"Bedfolk Linen Single Standard Fitted Sheet, Moss",Bedfolk,90.00,,,,Moss,Single,,5060914871092,Homepage,Home & Garden,Bedding,Bed Sheets & Valances,,,,https://media.johnlewiscontent.com/i/JohnLewis/006598744,https://media.johnlewiscontent.com/i/JohnLewis/006598744alt1,https://media.johnlewiscontent.com/i/JohnLewis/006598744alt2,,,"Bedfolk's linen sheets are the kind of soft you look forward to coming home to all day. Woven from the highest quality Belgian and French flax, it feels like someone whipped up the clouds and spun them into bedding. But don't let its meringue-peaked softness fool you - these sheets are long-lasting and durable and get even softer as you sleep in them. At Bedfolk, we’re on a mission to help people wind down well. We’re taking a stand against the culture of busyness and championing rest with our curated collection of the highest quality and most comfortable wind-down essentials. Think super-soft bedding, ridiculously comfy robes, and the most luxurious towels imaginable. All crafted ethically and sustainably by the best mills and makers in the world. Sheeting sizes To fit mattress size (cm) Single, L190 x W90cm Double, L190 x W135cm King, L200 x W150cm Super king, L200 x W180cm",,5,4.8,,,,,,£90.00,90.00,specification,Fits mattress depth,Up to 31cm,specification,Brand,Bedfolk,specification,Country of Origin,Portugal,specification,Drying Instructions,Tumble dry at low temperature,specification,Care instructions,Machine wash on a normal cycle (we'd recommend 40 degrees). Linen is at its cloud-like best after a gentle tumble.,,,,,,,,,,,,,,,,,,,,,,,,,,,,,,,,,,,,,,,,,,,,,
JohnLewis,2025-09-16,https://api.johnlewis.com/catalogue/graphql?6361096,https://www.johnlewis.com/bedfolk-100-linen-standard-fitted-sheets/moss/p6361096?size=double,110547210,"Bedfolk Linen Double Standard Fitted Sheet, Moss",Bedfolk,110.00,,,,Moss,Double,,5060914871108,Homepage,Home & Garden,Bedding,Bed Sheets & Valances,,,,https://media.johnlewiscontent.com/i/JohnLewis/006598744,https://media.johnlewiscontent.com/i/JohnLewis/006598744alt1,https://media.johnlewiscontent.com/i/JohnLewis/006598744alt2,,,"Bedfolk's linen sheets are the kind of soft you look forward to coming home to all day. Woven from the highest quality Belgian and French flax, it feels like someone whipped up the clouds and spun them into bedding. But don't let its meringue-peaked softness fool you - these sheets are long-lasting and durable and get even softer as you sleep in them. At Bedfolk, we’re on a mission to help people wind down well. We’re taking a stand against the culture of busyness and championing rest with our curated collection of the highest quality and most comfortable wind-down essentials. Think super-soft bedding, ridiculously comfy robes, and the most luxurious towels imaginable. All crafted ethically and sustainably by the best mills and makers in the world. Sheeting sizes To fit mattress size (cm) Single, L190 x W90cm Double, L190 x W135cm King, L200 x W150cm Super king, L200 x W180cm",,5,4.8,,,,,,£110.00,110.00,specification,Fits mattress depth,Up to 31cm,specification,Brand,Bedfolk,specification,Country of Origin,Portugal,specification,Drying Instructions,Tumble dry at low temperature,specification,Care instructions,Machine wash on a normal cycle (we'd recommend 40 degrees). Linen is at its cloud-like best after a gentle tumble.,,,,,,,,,,,,,,,,,,,,,,,,,,,,,,,,,,,,,,,,,,,,,
JohnLewis,2025-09-16,https://api.johnlewis.com/catalogue/graphql?6361096,https://www.johnlewis.com/bedfolk-100-linen-standard-fitted-sheets/moss/p6361096?size=king,110547283,"Bedfolk Linen King Standard Fitted Sheet, Moss",Bedfolk,130.00,,,,Moss,King,,5060914871115,Homepage,Home & Garden,Bedding,Bed Sheets & Valances,,,,https://media.johnlewiscontent.com/i/JohnLewis/006598744,https://media.johnlewiscontent.com/i/JohnLewis/006598744alt1,https://media.johnlewiscontent.com/i/JohnLewis/006598744alt2,,,"Bedfolk's linen sheets are the kind of soft you look forward to coming home to all day. Woven from the highest quality Belgian and French flax, it feels like someone whipped up the clouds and spun them into bedding. But don't let its meringue-peaked softness fool you - these sheets are long-lasting and durable and get even softer as you sleep in them. At Bedfolk, we’re on a mission to help people wind down well. We’re taking a stand against the culture of busyness and championing rest with our curated collection of the highest quality and most comfortable wind-down essentials. Think super-soft bedding, ridiculously comfy robes, and the most luxurious towels imaginable. All crafted ethically and sustainably by the best mills and makers in the world. Sheeting sizes To fit mattress size (cm) Single, L190 x W90cm Double, L190 x W135cm King, L200 x W150cm Super king, L200 x W180cm",,5,4.8,,,,,,£130.00,130.00,specification,Fits mattress depth,Up to 31cm,specification,Brand,Bedfolk,specification,Country of Origin,Portugal,specification,Drying Instructions,Tumble dry at low temperature,specification,Care instructions,Machine wash on a normal cycle (we'd recommend 40 degrees). Linen is at its cloud-like best after a gentle tumble.,,,,,,,,,,,,,,,,,,,,,,,,,,,,,,,,,,,,,,,,,,,,,
JohnLewis,2025-09-16,https://api.johnlewis.com/catalogue/graphql?6361096,https://www.johnlewis.com/bedfolk-100-linen-standard-fitted-sheets/moss/p6361096?size=super-king,110547271,"Bedfolk Linen Super King Standard Fitted Sheet, Moss",Bedfolk,140.00,,,,Moss,Super King,,5060914871122,Homepage,Home & Garden,Bedding,Bed Sheets & Valances,,,,https://media.johnlewiscontent.com/i/JohnLewis/006598744,https://media.johnlewiscontent.com/i/JohnLewis/006598744alt1,https://media.johnlewiscontent.com/i/JohnLewis/006598744alt2,,,"Bedfolk's linen sheets are the kind of soft you look forward to coming home to all day. Woven from the highest quality Belgian and French flax, it feels like someone whipped up the clouds and spun them into bedding. But don't let its meringue-peaked softness fool you - these sheets are long-lasting and durable and get even softer as you sleep in them. At Bedfolk, we’re on a mission to help people wind down well. We’re taking a stand against the culture of busyness and championing rest with our curated collection of the highest quality and most comfortable wind-down essentials. Think super-soft bedding, ridiculously comfy robes, and the most luxurious towels imaginable. All crafted ethically and sustainably by the best mills and makers in the world. Sheeting sizes To fit mattress size (cm) Single, L190 x W90cm Double, L190 x W135cm King, L200 x W150cm Super king, L200 x W180cm",,5,4.8,,,,,,£140.00,140.00,specification,Fits mattress depth,Up to 31cm,specification,Brand,Bedfolk,specification,Country of Origin,Portugal,specification,Drying Instructions,Tumble dry at low temperature,specification,Care instructions,Machine wash on a normal cycle (we'd recommend 40 degrees). Linen is at its cloud-like best after a gentle tumble.,,,,,,,,,,,,,,,,,,,,,,,,,,,,,,,,,,,,,,,,,,,,,
JohnLewis,2025-09-16,https://api.johnlewis.com/catalogue/graphql?6361096,https://www.johnlewis.com/bedfolk-100-linen-standard-fitted-sheets/ochre/p6361096?size=single,110547241,"Bedfolk Linen Single Standard Fitted Sheet, Ochre",Bedfolk,90.00,,,,Ochre,Single,,5060914877377,Homepage,Home & Garden,Bedding,Bed Sheets & Valances,,,,https://media.johnlewiscontent.com/i/JohnLewis/006598743,https://media.johnlewiscontent.com/i/JohnLewis/006598743alt1,https://media.johnlewiscontent.com/i/JohnLewis/006598743alt2,,,"Bedfolk's linen sheets are the kind of soft you look forward to coming home to all day. Woven from the highest quality Belgian and French flax, it feels like someone whipped up the clouds and spun them into bedding. But don't let its meringue-peaked softness fool you - these sheets are long-lasting and durable and get even softer as you sleep in them. At Bedfolk, we’re on a mission to help people wind down well. We’re taking a stand against the culture of busyness and championing rest with our curated collection of the highest quality and most comfortable wind-down essentials. Think super-soft bedding, ridiculously comfy robes, and the most luxurious towels imaginable. All crafted ethically and sustainably by the best mills and makers in the world. Sheeting sizes To fit mattress size (cm) Single, L190 x W90cm Double, L190 x W135cm King, L200 x W150cm Super king, L200 x W180cm",,5,4.8,,,,,,£90.00,90.00,specification,Fits mattress depth,Up to 31cm,specification,Brand,Bedfolk,specification,Country of Origin,Portugal,specification,Drying Instructions,Tumble dry at low temperature,specification,Care instructions,Machine wash on a normal cycle (we'd recommend 40 degrees). Linen is at its cloud-like best after a gentle tumble.,,,,,,,,,,,,,,,,,,,,,,,,,,,,,,,,,,,,,,,,,,,,,
JohnLewis,2025-09-16,https://api.johnlewis.com/catalogue/graphql?6361096,https://www.johnlewis.com/bedfolk-100-linen-standard-fitted-sheets/snow/p6361096?size=single,113506492,"Bedfolk 100% Linen Standard Single Fitted Sheet, Snow",Bedfolk,90.00,,,,Snow,Single,,5065023683338,Homepage,Home & Garden,Bedding,Bed Sheets & Valances,,,,https://media.johnlewiscontent.com/i/JohnLewis/010007334,https://media.johnlewiscontent.com/i/JohnLewis/010007334alt1,,,,"Bedfolk's linen sheets are the kind of soft you look forward to coming home to all day. Woven from the highest quality Belgian and French flax, it feels like someone whipped up the clouds and spun them into bedding. But don't let its meringue-peaked softness fool you - these sheets are long-lasting and durable and get even softer as you sleep in them. At Bedfolk, we’re on a mission to help people wind down well. We’re taking a stand against the culture of busyness and championing rest with our curated collection of the highest quality and most comfortable wind-down essentials. Think super-soft bedding, ridiculously comfy robes, and the most luxurious towels imaginable. All crafted ethically and sustainably by the best mills and makers in the world. Sheeting sizes To fit mattress size (cm) Single, L190 x W90cm Double, L190 x W135cm King, L200 x W150cm Super king, L200 x W180cm",,5,4.8,,,,,,£90.00,90.00,specification,Fits mattress depth,Up to 31cm,specification,Brand,Bedfolk,specification,Country of Origin,Portugal,specification,Drying Instructions,Tumble dry at low temperature,specification,Care instructions,Machine wash on a normal cycle (we'd recommend 40 degrees). Linen is at its cloud-like best after a gentle tumble.,,,,,,,,,,,,,,,,,,,,,,,,,,,,,,,,,,,,,,,,,,,,,
JohnLewis,2025-09-16,https://api.johnlewis.com/catalogue/graphql?6361096,https://www.johnlewis.com/bedfolk-100-linen-standard-fitted-sheets/snow/p6361096?size=double,113506483,"Bedfolk 100% Linen Standard Double Fitted Sheet, Snow",Bedfolk,110.00,,,,Snow,Double,,5065023683345,Homepage,Home & Garden,Bedding,Bed Sheets & Valances,,,,https://media.johnlewiscontent.com/i/JohnLewis/010007334,https://media.johnlewiscontent.com/i/JohnLewis/010007334alt1,,,,"Bedfolk's linen sheets are the kind of soft you look forward to coming home to all day. Woven from the highest quality Belgian and French flax, it feels like someone whipped up the clouds and spun them into bedding. But don't let its meringue-peaked softness fool you - these sheets are long-lasting and durable and get even softer as you sleep in them. At Bedfolk, we’re on a mission to help people wind down well. We’re taking a stand against the culture of busyness and championing rest with our curated collection of the highest quality and most comfortable wind-down essentials. Think super-soft bedding, ridiculously comfy robes, and the most luxurious towels imaginable. All crafted ethically and sustainably by the best mills and makers in the world. Sheeting sizes To fit mattress size (cm) Single, L190 x W90cm Double, L190 x W135cm King, L200 x W150cm Super king, L200 x W180cm",,5,4.8,,,,,,£110.00,110.00,specification,Fits mattress depth,Up to 31cm,specification,Brand,Bedfolk,specification,Country of Origin,Portugal,specification,Drying Instructions,Tumble dry at low temperature,specification,Care instructions,Machine wash on a normal cycle (we'd recommend 40 degrees). Linen is at its cloud-like best after a gentle tumble.,,,,,,,,,,,,,,,,,,,,,,,,,,,,,,,,,,,,,,,,,,,,,
JohnLewis,2025-09-16,https://api.johnlewis.com/catalogue/graphql?6361096,https://www.johnlewis.com/bedfolk-100-linen-standard-fitted-sheets/snow/p6361096?size=king,113506485,"Bedfolk 100% Linen Standard King Fitted Sheet, Snow",Bedfolk,130.00,,,,Snow,King,,5065023683352,Homepage,Home & Garden,Bedding,Bed Sheets & Valances,,,,https://media.johnlewiscontent.com/i/JohnLewis/010007334,https://media.johnlewiscontent.com/i/JohnLewis/010007334alt1,,,,"Bedfolk's linen sheets are the kind of soft you look forward to coming home to all day. Woven from the highest quality Belgian and French flax, it feels like someone whipped up the clouds and spun them into bedding. But don't let its meringue-peaked softness fool you - these sheets are long-lasting and durable and get even softer as you sleep in them. At Bedfolk, we’re on a mission to help people wind down well. We’re taking a stand against the culture of busyness and championing rest with our curated collection of the highest quality and most comfortable wind-down essentials. Think super-soft bedding, ridiculously comfy robes, and the most luxurious towels imaginable. All crafted ethically and sustainably by the best mills and makers in the world. Sheeting sizes To fit mattress size (cm) Single, L190 x W90cm Double, L190 x W135cm King, L200 x W150cm Super king, L200 x W180cm",,5,4.8,,,,,,£130.00,130.00,specification,Fits mattress depth,Up to 31cm,specification,Brand,Bedfolk,specification,Country of Origin,Portugal,specification,Drying Instructions,Tumble dry at low temperature,specification,Care instructions,Machine wash on a normal cycle (we'd recommend 40 degrees). Linen is at its cloud-like best after a gentle tumble.,,,,,,,,,,,,,,,,,,,,,,,,,,,,,,,,,,,,,,,,,,,,,
JohnLewis,2025-09-16,https://api.johnlewis.com/catalogue/graphql?6361096,https://www.johnlewis.com/bedfolk-100-linen-standard-fitted-sheets/snow/p6361096?size=super-king,113506489,"Bedfolk 100% Linen Standard Super King Fitted Sheet, Snow",Bedfolk,140.00,,,,Snow,Super King,,5065023683369,Homepage,Home & Garden,Bedding,Bed Sheets & Valances,,,,https://media.johnlewiscontent.com/i/JohnLewis/010007334,https://media.johnlewiscontent.com/i/JohnLewis/010007334alt1,,,,"Bedfolk's linen sheets are the kind of soft you look forward to coming home to all day. Woven from the highest quality Belgian and French flax, it feels like someone whipped up the clouds and spun them into bedding. But don't let its meringue-peaked softness fool you - these sheets are long-lasting and durable and get even softer as you sleep in them. At Bedfolk, we’re on a mission to help people wind down well. We’re taking a stand against the culture of busyness and championing rest with our curated collection of the highest quality and most comfortable wind-down essentials. Think super-soft bedding, ridiculously comfy robes, and the most luxurious towels imaginable. All crafted ethically and sustainably by the best mills and makers in the world. Sheeting sizes To fit mattress size (cm) Single, L190 x W90cm Double, L190 x W135cm King, L200 x W150cm Super king, L200 x W180cm",,5,4.8,,,,,,£140.00,140.00,specification,Fits mattress depth,Up to 31cm,specification,Brand,Bedfolk,specification,Country of Origin,Portugal,specification,Drying Instructions,Tumble dry at low temperature,specification,Care instructions,Machine wash on a normal cycle (we'd recommend 40 degrees). Linen is at its cloud-like best after a gentle tumble.,,,,,,,,,,,,,,,,,,,,,,,,,,,,,,,,,,,,,,,,,,,,,
JohnLewis,2025-09-16,https://api.johnlewis.com/catalogue/graphql?6361096,https://www.johnlewis.com/bedfolk-100-linen-standard-fitted-sheets/clay/p6361096?size=single,110547215,"Bedfolk Linen Single Standard Fitted Sheet, Clay",Bedfolk,90.00,,,,Clay,Single,,5060914870699,Homepage,Home & Garden,Bedding,Bed Sheets & Valances,,,,https://media.johnlewiscontent.com/i/JohnLewis/006598739,https://media.johnlewiscontent.com/i/JohnLewis/006598739alt1,https://media.johnlewiscontent.com/i/JohnLewis/006598739alt2,,,"Bedfolk's linen sheets are the kind of soft you look forward to coming home to all day. Woven from the highest quality Belgian and French flax, it feels like someone whipped up the clouds and spun them into bedding. But don't let its meringue-peaked softness fool you - these sheets are long-lasting and durable and get even softer as you sleep in them. At Bedfolk, we’re on a mission to help people wind down well. We’re taking a stand against the culture of busyness and championing rest with our curated collection of the highest quality and most comfortable wind-down essentials. Think super-soft bedding, ridiculously comfy robes, and the most luxurious towels imaginable. All crafted ethically and sustainably by the best mills and makers in the world. Sheeting sizes To fit mattress size (cm) Single, L190 x W90cm Double, L190 x W135cm King, L200 x W150cm Super king, L200 x W180cm",,5,4.8,,,,,,£90.00,90.00,specification,Fits mattress depth,Up to 31cm,specification,Brand,Bedfolk,specification,Country of Origin,Portugal,specification,Drying Instructions,Tumble dry at low temperature,specification,Care instructions,Machine wash on a normal cycle (we'd recommend 40 degrees). Linen is at its cloud-like best after a gentle tumble.,,,,,,,,,,,,,,,,,,,,,,,,,,,,,,,,,,,,,,,,,,,,,
JohnLewis,2025-09-16,https://api.johnlewis.com/catalogue/graphql?6361096,https://www.johnlewis.com/bedfolk-100-linen-standard-fitted-sheets/clay/p6361096?size=double,110547225,"Bedfolk Linen Double Standard Fitted Sheet, Clay",Bedfolk,110.00,,,,Clay,Double,,5060914870705,Homepage,Home & Garden,Bedding,Bed Sheets & Valances,,,,https://media.johnlewiscontent.com/i/JohnLewis/006598739,https://media.johnlewiscontent.com/i/JohnLewis/006598739alt1,https://media.johnlewiscontent.com/i/JohnLewis/006598739alt2,,,"Bedfolk's linen sheets are the kind of soft you look forward to coming home to all day. Woven from the highest quality Belgian and French flax, it feels like someone whipped up the clouds and spun them into bedding. But don't let its meringue-peaked softness fool you - these sheets are long-lasting and durable and get even softer as you sleep in them. At Bedfolk, we’re on a mission to help people wind down well. We’re taking a stand against the culture of busyness and championing rest with our curated collection of the highest quality and most comfortable wind-down essentials. Think super-soft bedding, ridiculously comfy robes, and the most luxurious towels imaginable. All crafted ethically and sustainably by the best mills and makers in the world. Sheeting sizes To fit mattress size (cm) Single, L190 x W90cm Double, L190 x W135cm King, L200 x W150cm Super king, L200 x W180cm",,5,4.8,,,,,,£110.00,110.00,specification,Fits mattress depth,Up to 31cm,specification,Brand,Bedfolk,specification,Country of Origin,Portugal,specification,Drying Instructions,Tumble dry at low temperature,specification,Care instructions,Machine wash on a normal cycle (we'd recommend 40 degrees). Linen is at its cloud-like best after a gentle tumble.,,,,,,,,,,,,,,,,,,,,,,,,,,,,,,,,,,,,,,,,,,,,,
JohnLewis,2025-09-16,https://api.johnlewis.com/catalogue/graphql?6361096,https://www.johnlewis.com/bedfolk-100-linen-standard-fitted-sheets/clay/p6361096?size=king,110547220,"Bedfolk Linen King Standard Fitted Sheet, Clay",Bedfolk,130.00,,,,Clay,King,,5060914870712,Homepage,Home & Garden,Bedding,Bed Sheets & Valances,,,,https://media.johnlewiscontent.com/i/JohnLewis/006598739,https://media.johnlewiscontent.com/i/JohnLewis/006598739alt1,https://media.johnlewiscontent.com/i/JohnLewis/006598739alt2,,,"Bedfolk's linen sheets are the kind of soft you look forward to coming home to all day. Woven from the highest quality Belgian and French flax, it feels like someone whipped up the clouds and spun them into bedding. But don't let its meringue-peaked softness fool you - these sheets are long-lasting and durable and get even softer as you sleep in them. At Bedfolk, we’re on a mission to help people wind down well. We’re taking a stand against the culture of busyness and championing rest with our curated collection of the highest quality and most comfortable wind-down essentials. Think super-soft bedding, ridiculously comfy robes, and the most luxurious towels imaginable. All crafted ethically and sustainably by the best mills and makers in the world. Sheeting sizes To fit mattress size (cm) Single, L190 x W90cm Double, L190 x W135cm King, L200 x W150cm Super king, L200 x W180cm",,5,4.8,,,,,,£130.00,130.00,specification,Fits mattress depth,Up to 31cm,specification,Brand,Bedfolk,specification,Country of Origin,Portugal,specification,Drying Instructions,Tumble dry at low temperature,specification,Care instructions,Machine wash on a normal cycle (we'd recommend 40 degrees). Linen is at its cloud-like best after a gentle tumble.,,,,,,,,,,,,,,,,,,,,,,,,,,,,,,,,,,,,,,,,,,,,,
JohnLewis,2025-09-16,https://api.johnlewis.com/catalogue/graphql?6361096,https://www.johnlewis.com/bedfolk-100-linen-standard-fitted-sheets/clay/p6361096?size=super-king,110547262,"Bedfolk Linen Super King Standard Fitted Sheet, Clay",Bedfolk,140.00,,,,Clay,Super King,,5060914870729,Homepage,Home & Garden,Bedding,Bed Sheets & Valances,,,,https://media.johnlewiscontent.com/i/JohnLewis/006598739,https://media.johnlewiscontent.com/i/JohnLewis/006598739alt1,https://media.johnlewiscontent.com/i/JohnLewis/006598739alt2,,,"Bedfolk's linen sheets are the kind of soft you look forward to coming home to all day. Woven from the highest quality Belgian and French flax, it feels like someone whipped up the clouds and spun them into bedding. But don't let its meringue-peaked softness fool you - these sheets are long-lasting and durable and get even softer as you sleep in them. At Bedfolk, we’re on a mission to help people wind down well. We’re taking a stand against the culture of busyness and championing rest with our curated collection of the highest quality and most comfortable wind-down essentials. Think super-soft bedding, ridiculously comfy robes, and the most luxurious towels imaginable. All crafted ethically and sustainably by the best mills and makers in the world. Sheeting sizes To fit mattress size (cm) Single, L190 x W90cm Double, L190 x W135cm King, L200 x W150cm Super king, L200 x W180cm",,5,4.8,,,,,,£140.00,140.00,specification,Fits mattress depth,Up to 31cm,specification,Brand,Bedfolk,specification,Country of Origin,Portugal,specification,Drying Instructions,Tumble dry at low temperature,specification,Care instructions,Machine wash on a normal cycle (we'd recommend 40 degrees). Linen is at its cloud-like best after a gentle tumble.,,,,,,,,,,,,,,,,,,,,,,,,,,,,,,,,,,,,,,,,,,,,,
JohnLewis,2025-09-16,https://api.johnlewis.com/catalogue/graphql?6361096,https://www.johnlewis.com/bedfolk-100-linen-standard-fitted-sheets/ink/p6361096?size=single,110547261,"Bedfolk Linen Single Standard Fitted Sheet, Ink",Bedfolk,90.00,,,,Ink,Single,,5060914870897,Homepage,Home & Garden,Bedding,Bed Sheets & Valances,,,,https://media.johnlewiscontent.com/i/JohnLewis/006598740,https://media.johnlewiscontent.com/i/JohnLewis/006598740alt1,https://media.johnlewiscontent.com/i/JohnLewis/006598740alt2,,,"Bedfolk's linen sheets are the kind of soft you look forward to coming home to all day. Woven from the highest quality Belgian and French flax, it feels like someone whipped up the clouds and spun them into bedding. But don't let its meringue-peaked softness fool you - these sheets are long-lasting and durable and get even softer as you sleep in them. At Bedfolk, we’re on a mission to help people wind down well. We’re taking a stand against the culture of busyness and championing rest with our curated collection of the highest quality and most comfortable wind-down essentials. Think super-soft bedding, ridiculously comfy robes, and the most luxurious towels imaginable. All crafted ethically and sustainably by the best mills and makers in the world. Sheeting sizes To fit mattress size (cm) Single, L190 x W90cm Double, L190 x W135cm King, L200 x W150cm Super king, L200 x W180cm",,5,4.8,,,,,,£90.00,90.00,specification,Fits mattress depth,Up to 31cm,specification,Brand,Bedfolk,specification,Country of Origin,Portugal,specification,Drying Instructions,Tumble dry at low temperature,specification,Care instructions,Machine wash on a normal cycle (we'd recommend 40 degrees). Linen is at its cloud-like best after a gentle tumble.,,,,,,,,,,,,,,,,,,,,,,,,,,,,,,,,,,,,,,,,,,,,,
JohnLewis,2025-09-16,https://api.johnlewis.com/catalogue/graphql?6361096,https://www.johnlewis.com/bedfolk-100-linen-standard-fitted-sheets/ink/p6361096?size=double,110547216,"Bedfolk Linen Double Standard Fitted Sheet, Ink",Bedfolk,110.00,,,,Ink,Double,,5060914870903,Homepage,Home & Garden,Bedding,Bed Sheets & Valances,,,,https://media.johnlewiscontent.com/i/JohnLewis/006598740,https://media.johnlewiscontent.com/i/JohnLewis/006598740alt1,https://media.johnlewiscontent.com/i/JohnLewis/006598740alt2,,,"Bedfolk's linen sheets are the kind of soft you look forward to coming home to all day. Woven from the highest quality Belgian and French flax, it feels like someone whipped up the clouds and spun them into bedding. But don't let its meringue-peaked softness fool you - these sheets are long-lasting and durable and get even softer as you sleep in them. At Bedfolk, we’re on a mission to help people wind down well. We’re taking a stand against the culture of busyness and championing rest with our curated collection of the highest quality and most comfortable wind-down essentials. Think super-soft bedding, ridiculously comfy robes, and the most luxurious towels imaginable. All crafted ethically and sustainably by the best mills and makers in the world. Sheeting sizes To fit mattress size (cm) Single, L190 x W90cm Double, L190 x W135cm King, L200 x W150cm Super king, L200 x W180cm",,5,4.8,,,,,,£110.00,110.00,specification,Fits mattress depth,Up to 31cm,specification,Brand,Bedfolk,specification,Country of Origin,Portugal,specification,Drying Instructions,Tumble dry at low temperature,specification,Care instructions,Machine wash on a normal cycle (we'd recommend 40 degrees). Linen is at its cloud-like best after a gentle tumble.,,,,,,,,,,,,,,,,,,,,,,,,,,,,,,,,,,,,,,,,,,,,,
JohnLewis,2025-09-16,https://api.johnlewis.com/catalogue/graphql?6361096,https://www.johnlewis.com/bedfolk-100-linen-standard-fitted-sheets/ink/p6361096?size=king,110547213,"Bedfolk Linen King Standard Fitted Sheet, Ink",Bedfolk,130.00,,,,Ink,King,,5060914870910,Homepage,Home & Garden,Bedding,Bed Sheets & Valances,,,,https://media.johnlewiscontent.com/i/JohnLewis/006598740,https://media.johnlewiscontent.com/i/JohnLewis/006598740alt1,https://media.johnlewiscontent.com/i/JohnLewis/006598740alt2,,,"Bedfolk's linen sheets are the kind of soft you look forward to coming home to all day. Woven from the highest quality Belgian and French flax, it feels like someone whipped up the clouds and spun them into bedding. But don't let its meringue-peaked softness fool you - these sheets are long-lasting and durable and get even softer as you sleep in them. At Bedfolk, we’re on a mission to help people wind down well. We’re taking a stand against the culture of busyness and championing rest with our curated collection of the highest quality and most comfortable wind-down essentials. Think super-soft bedding, ridiculously comfy robes, and the most luxurious towels imaginable. All crafted ethically and sustainably by the best mills and makers in the world. Sheeting sizes To fit mattress size (cm) Single, L190 x W90cm Double, L190 x W135cm King, L200 x W150cm Super king, L200 x W180cm",,5,4.8,,,,,,£130.00,130.00,specification,Fits mattress depth,Up to 31cm,specification,Brand,Bedfolk,specification,Country of Origin,Portugal,specification,Drying Instructions,Tumble dry at low temperature,specification,Care instructions,Machine wash on a normal cycle (we'd recommend 40 degrees). Linen is at its cloud-like best after a gentle tumble.,,,,,,,,,,,,,,,,,,,,,,,,,,,,,,,,,,,,,,,,,,,,,
JohnLewis,2025-09-16,https://api.johnlewis.com/catalogue/graphql?6361096,https://www.johnlewis.com/bedfolk-100-linen-standard-fitted-sheets/ink/p6361096?size=super-king,110547255,"Bedfolk Linen Super King Standard Fitted Sheet, Ink",Bedfolk,140.00,,,,Ink,Super King,,5060914870927,Homepage,Home & Garden,Bedding,Bed Sheets & Valances,,,,https://media.johnlewiscontent.com/i/JohnLewis/006598740,https://media.johnlewiscontent.com/i/JohnLewis/006598740alt1,https://media.johnlewiscontent.com/i/JohnLewis/006598740alt2,,,"Bedfolk's linen sheets are the kind of soft you look forward to coming home to all day. Woven from the highest quality Belgian and French flax, it feels like someone whipped up the clouds and spun them into bedding. But don't let its meringue-peaked softness fool you - these sheets are long-lasting and durable and get even softer as you sleep in them. At Bedfolk, we’re on a mission to help people wind down well. We’re taking a stand against the culture of busyness and championing rest with our curated collection of the highest quality and most comfortable wind-down essentials. Think super-soft bedding, ridiculously comfy robes, and the most luxurious towels imaginable. All crafted ethically and sustainably by the best mills and makers in the world. Sheeting sizes To fit mattress size (cm) Single, L190 x W90cm Double, L190 x W135cm King, L200 x W150cm Super king, L200 x W180cm",,5,4.8,,,,,,£140.00,140.00,specification,Fits mattress depth,Up to 31cm,specification,Brand,Bedfolk,specification,Country of Origin,Portugal,specification,Drying Instructions,Tumble dry at low temperature,specification,Care instructions,Machine wash on a normal cycle (we'd recommend 40 degrees). Linen is at its cloud-like best after a gentle tumble.,,,,,,,,,,,,,,,,,,,,,,,,,,,,,,,,,,,,,,,,,,,,,
JohnLewis,2025-09-16,https://api.johnlewis.com/catalogue/graphql?110982982,https://www.johnlewis.com/little-dutch-little-farm-soft-cube-baby-activity-toy/p110982982,110846714,Little Dutch Little Farm Soft Cube Baby Activity Toy,Little Dutch,17.95,,,,Multi,,,8713291888098,Homepage,Baby & Child,Shop Toys,View all Baby Toys,,,,https://media.johnlewiscontent.com/i/JohnLewis/110846714,https://media.johnlewiscontent.com/i/JohnLewis/110846714alt1,https://media.johnlewiscontent.com/i/JohnLewis/110846714alt2,https://media.johnlewiscontent.com/i/JohnLewis/110846714alt3,https://media.johnlewiscontent.com/i/JohnLewis/110846714alt4,"Exploring on the farm. This super soft activity cube in soft tones will surely arouse the curiosity of your little one. Each side is equipped with a different activity with different textures and shapes that help develop the senses and, of course, provide endless entertainment. The cube can be gripped and twisted and has a mirror for self-discovery.",,1,4.0,,,,,,£17.95,17.95,specification,Country of Origin,China,specification,Batteries Included,No,specification,Experience Level,Beginner,specification,Brand,Little Dutch,specification,Development Claims,Encourages physical development,specification,Made in the UK,No,specification,Toy type,Baby Activity Toys,,,,,,,,,,,,,,,,,,,,,,,,,,,,,,,,,,,,,,,
JohnLewis,2025-09-16,https://api.johnlewis.com/catalogue/graphql?112928110,https://www.johnlewis.com/angel-rocket-baby-cotton-pansy-print-sleepsuit-headband/p112928110?size=0-3-months,112928073,"Angel & Rocket Baby Cotton Pansy Print Sleepsuit & Headband, Blue/Multi, 0-3 months",Angel & Rocket,18.20,26.00,Y,Reduced To Clear,Blue/Multi,0-3 months,,5059698196200,Homepage,Baby & Child,Baby & Toddlerwear (0-3 yrs),Baby & Toddler Sleepsuits,,,,https://media.johnlewiscontent.com/i/JohnLewis/009414292,https://media.johnlewiscontent.com/i/JohnLewis/009414292alt1,https://media.johnlewiscontent.com/i/JohnLewis/009414292alt2,https://media.johnlewiscontent.com/i/JohnLewis/009414292alt3,https://media.johnlewiscontent.com/i/JohnLewis/009414292alt4,"Made from super soft cotton, this sleepsuit features a pretty scallop trim collar and stunning floral print, complete with matching headband.",,,,,,,Y,,£18.20,18.20,specification,Brand,Angel & Rocket,specification,Country of Origin,India,specification,Fastening,Popper,specification,Sleepsuit Feature,Through-Front Poppers,specification,Drying Instructions,Do not tumble dry,specification,Sleeve Type,Long Sleeve,specification,Pattern Details,Floral,,,,,,,,,,,,,,,,,,,,,,,,,,,,,,,,,,,,,,,
JohnLewis,2025-09-16,https://api.johnlewis.com/catalogue/graphql?112928110,https://www.johnlewis.com/angel-rocket-baby-cotton-pansy-print-sleepsuit-headband/p112928110?size=3-6-months,112928074,"Angel & Rocket Baby Cotton Pansy Print Sleepsuit & Headband, Blue/Multi, 3-6 months",Angel & Rocket,18.20,26.00,Y,Reduced To Clear,Blue/Multi,3-6 months,,5059698196217,Homepage,Baby & Child,Baby & Toddlerwear (0-3 yrs),Baby & Toddler Sleepsuits,,,,https://media.johnlewiscontent.com/i/JohnLewis/009414292,https://media.johnlewiscontent.com/i/JohnLewis/009414292alt1,https://media.johnlewiscontent.com/i/JohnLewis/009414292alt2,https://media.johnlewiscontent.com/i/JohnLewis/009414292alt3,https://media.johnlewiscontent.com/i/JohnLewis/009414292alt4,"Made from super soft cotton, this sleepsuit features a pretty scallop trim collar and stunning floral print, complete with matching headband.",,,,,,,Y,,£18.20,18.20,specification,Brand,Angel & Rocket,specification,Country of Origin,India,specification,Fastening,Popper,specification,Sleepsuit Feature,Through-Front Poppers,specification,Drying Instructions,Do not tumble dry,specification,Sleeve Type,Long Sleeve,specification,Pattern Details,Floral,,,,,,,,,,,,,,,,,,,,,,,,,,,,,,,,,,,,,,,
JohnLewis,2025-09-16,https://api.johnlewis.com/catalogue/graphql?114150159,https://www.johnlewis.com/reiss-marcie-ankle-grazer-jeans-dark-blue/p114150159?size=25r,114149983,"Reiss Marcie Ankle Grazer Jeans, Dark Blue, 25R",Reiss,78.00,130.00,Y,Reduced To Clear,Dark Blue,25R,,5063458574177,Homepage,Women,Women's Jeans,,,,,https://media.johnlewiscontent.com/i/JohnLewis/010361116,https://media.johnlewiscontent.com/i/JohnLewis/010361116alt1,https://media.johnlewiscontent.com/i/JohnLewis/010361116alt3,https://media.johnlewiscontent.com/i/JohnLewis/010361116alt4,https://media.johnlewiscontent.com/i/JohnLewis/010361116alt5,"Made to be worn with absolutely everything - a pair of straight leg jeans Reiss. Sculpted from a stretchy cotton blend with a high rise and a classic button and zip fly , they are cropped at the ankle.",,,,,,,Y,,£78.00,78.00,specification,Garment Length,Ankle Grazer,specification,Trouser Type,Denim,specification,Brand,Reiss,specification,Rise,High,specification,Country of Origin,Turkey,specification,Fastening,"Zip, Button",specification,Fit or Cut,Straight,specification,Drying Instructions,Do not tumble dry,specification,Type & Number of Pockets,patch pockets,specification,Model Details,Womenswear Model is 5ft 10” and is wearing a size 8/S/26Height: 178 cm / 5’ 10”Bust: 81 cm / 32”Waist: 59 cm / 23”Hips: 88 cm / 34.5”,specification,Pattern Details,Plain,,,,,,,,,,,,,,,,,,,,,,,,,,,
JohnLewis,2025-09-16,https://api.johnlewis.com/catalogue/graphql?114150159,https://www.johnlewis.com/reiss-marcie-ankle-grazer-jeans-dark-blue/p114150159?size=26r,114149984,"Reiss Marcie Ankle Grazer Jeans, Dark Blue, 26R",Reiss,78.00,130.00,Y,Reduced To Clear,Dark Blue,26R,,5063458574184,Homepage,Women,Women's Jeans,,,,,https://media.johnlewiscontent.com/i/JohnLewis/010361116,https://media.johnlewiscontent.com/i/JohnLewis/010361116alt1,https://media.johnlewiscontent.com/i/JohnLewis/010361116alt3,https://media.johnlewiscontent.com/i/JohnLewis/010361116alt4,https://media.johnlewiscontent.com/i/JohnLewis/010361116alt5,"Made to be worn with absolutely everything - a pair of straight leg jeans Reiss. Sculpted from a stretchy cotton blend with a high rise and a classic button and zip fly , they are cropped at the ankle.",,,,,,,Y,,£78.00,78.00,specification,Garment Length,Ankle Grazer,specification,Trouser Type,Denim,specification,Brand,Reiss,specification,Rise,High,specification,Country of Origin,Turkey,specification,Fastening,"Zip, Button",specification,Fit or Cut,Straight,specification,Drying Instructions,Do not tumble dry,specification,Type & Number of Pockets,patch pockets,specification,Model Details,Womenswear Model is 5ft 10” and is wearing a size 8/S/26Height: 178 cm / 5’ 10”Bust: 81 cm / 32”Waist: 59 cm / 23”Hips: 88 cm / 34.5”,specification,Pattern Details,Plain,,,,,,,,,,,,,,,,,,,,,,,,,,,
JohnLewis,2025-09-16,https://api.johnlewis.com/catalogue/graphql?114150159,https://www.johnlewis.com/reiss-marcie-ankle-grazer-jeans-dark-blue/p114150159?size=27r,114149985,"Reiss Marcie Ankle Grazer Jeans, Dark Blue, 27R",Reiss,78.00,130.00,Y,Reduced To Clear,Dark Blue,27R,,5063458574191,Homepage,Women,Women's Jeans,,,,,https://media.johnlewiscontent.com/i/JohnLewis/010361116,https://media.johnlewiscontent.com/i/JohnLewis/010361116alt1,https://media.johnlewiscontent.com/i/JohnLewis/010361116alt3,https://media.johnlewiscontent.com/i/JohnLewis/010361116alt4,https://media.johnlewiscontent.com/i/JohnLewis/010361116alt5,"Made to be worn with absolutely everything - a pair of straight leg jeans Reiss. Sculpted from a stretchy cotton blend with a high rise and a classic button and zip fly , they are cropped at the ankle.",,,,,,,Y,,£78.00,78.00,specification,Garment Length,Ankle Grazer,specification,Trouser Type,Denim,specification,Brand,Reiss,specification,Rise,High,specification,Country of Origin,Turkey,specification,Fastening,"Zip, Button",specification,Fit or Cut,Straight,specification,Drying Instructions,Do not tumble dry,specification,Type & Number of Pockets,patch pockets,specification,Model Details,Womenswear Model is 5ft 10” and is wearing a size 8/S/26Height: 178 cm / 5’ 10”Bust: 81 cm / 32”Waist: 59 cm / 23”Hips: 88 cm / 34.5”,specification,Pattern Details,Plain,,,,,,,,,,,,,,,,,,,,,,,,,,,
JohnLewis,2025-09-16,https://api.johnlewis.com/catalogue/graphql?114150159,https://www.johnlewis.com/reiss-marcie-ankle-grazer-jeans-dark-blue/p114150159?size=28r,114149986,"Reiss Marcie Ankle Grazer Jeans, Dark Blue, 28R",Reiss,78.00,130.00,Y,Reduced To Clear,Dark Blue,28R,,5063458574207,Homepage,Women,Women's Jeans,,,,,https://media.johnlewiscontent.com/i/JohnLewis/010361116,https://media.johnlewiscontent.com/i/JohnLewis/010361116alt1,https://media.johnlewiscontent.com/i/JohnLewis/010361116alt3,https://media.johnlewiscontent.com/i/JohnLewis/010361116alt4,https://media.johnlewiscontent.com/i/JohnLewis/010361116alt5,"Made to be worn with absolutely everything - a pair of straight leg jeans Reiss. Sculpted from a stretchy cotton blend with a high rise and a classic button and zip fly , they are cropped at the ankle.",,,,,,,Y,,£78.00,78.00,specification,Garment Length,Ankle Grazer,specification,Trouser Type,Denim,specification,Brand,Reiss,specification,Rise,High,specification,Country of Origin,Turkey,specification,Fastening,"Zip, Button",specification,Fit or Cut,Straight,specification,Drying Instructions,Do not tumble dry,specification,Type & Number of Pockets,patch pockets,specification,Model Details,Womenswear Model is 5ft 10” and is wearing a size 8/S/26Height: 178 cm / 5’ 10”Bust: 81 cm / 32”Waist: 59 cm / 23”Hips: 88 cm / 34.5”,specification,Pattern Details,Plain,,,,,,,,,,,,,,,,,,,,,,,,,,,
JohnLewis,2025-09-16,https://api.johnlewis.com/catalogue/graphql?114150159,https://www.johnlewis.com/reiss-marcie-ankle-grazer-jeans-dark-blue/p114150159?size=29r,114149987,"Reiss Marcie Ankle Grazer Jeans, Dark Blue, 29R",Reiss,78.00,130.00,Y,Reduced To Clear,Dark Blue,29R,,5063458574214,Homepage,Women,Women's Jeans,,,,,https://media.johnlewiscontent.com/i/JohnLewis/010361116,https://media.johnlewiscontent.com/i/JohnLewis/010361116alt1,https://media.johnlewiscontent.com/i/JohnLewis/010361116alt3,https://media.johnlewiscontent.com/i/JohnLewis/010361116alt4,https://media.johnlewiscontent.com/i/JohnLewis/010361116alt5,"Made to be worn with absolutely everything - a pair of straight leg jeans Reiss. Sculpted from a stretchy cotton blend with a high rise and a classic button and zip fly , they are cropped at the ankle.",,,,,,,Y,,£78.00,78.00,specification,Garment Length,Ankle Grazer,specification,Trouser Type,Denim,specification,Brand,Reiss,specification,Rise,High,specification,Country of Origin,Turkey,specification,Fastening,"Zip, Button",specification,Fit or Cut,Straight,specification,Drying Instructions,Do not tumble dry,specification,Type & Number of Pockets,patch pockets,specification,Model Details,Womenswear Model is 5ft 10” and is wearing a size 8/S/26Height: 178 cm / 5’ 10”Bust: 81 cm / 32”Waist: 59 cm / 23”Hips: 88 cm / 34.5”,specification,Pattern Details,Plain,,,,,,,,,,,,,,,,,,,,,,,,,,,
JohnLewis,2025-09-16,https://api.johnlewis.com/catalogue/graphql?114150159,https://www.johnlewis.com/reiss-marcie-ankle-grazer-jeans-dark-blue/p114150159?size=30r,114149988,"Reiss Marcie Ankle Grazer Jeans, Dark Blue, 30R",Reiss,78.00,130.00,Y,Reduced To Clear,Dark Blue,30R,,5063458574221,Homepage,Women,Women's Jeans,,,,,https://media.johnlewiscontent.com/i/JohnLewis/010361116,https://media.johnlewiscontent.com/i/JohnLewis/010361116alt1,https://media.johnlewiscontent.com/i/JohnLewis/010361116alt3,https://media.johnlewiscontent.com/i/JohnLewis/010361116alt4,https://media.johnlewiscontent.com/i/JohnLewis/010361116alt5,"Made to be worn with absolutely everything - a pair of straight leg jeans Reiss. Sculpted from a stretchy cotton blend with a high rise and a classic button and zip fly , they are cropped at the ankle.",,,,,,,Y,,£78.00,78.00,specification,Garment Length,Ankle Grazer,specification,Trouser Type,Denim,specification,Brand,Reiss,specification,Rise,High,specification,Country of Origin,Turkey,specification,Fastening,"Zip, Button",specification,Fit or Cut,Straight,specification,Drying Instructions,Do not tumble dry,specification,Type & Number of Pockets,patch pockets,specification,Model Details,Womenswear Model is 5ft 10” and is wearing a size 8/S/26Height: 178 cm / 5’ 10”Bust: 81 cm / 32”Waist: 59 cm / 23”Hips: 88 cm / 34.5”,specification,Pattern Details,Plain,,,,,,,,,,,,,,,,,,,,,,,,,,,
JohnLewis,2025-09-16,https://api.johnlewis.com/catalogue/graphql?114150159,https://www.johnlewis.com/reiss-marcie-ankle-grazer-jeans-dark-blue/p114150159?size=32r,114149989,"Reiss Marcie Ankle Grazer Jeans, Dark Blue, 32R",Reiss,78.00,130.00,Y,Reduced To Clear,Dark Blue,32R,,5063458574238,Homepage,Women,Women's Jeans,,,,,https://media.johnlewiscontent.com/i/JohnLewis/010361116,https://media.johnlewiscontent.com/i/JohnLewis/010361116alt1,https://media.johnlewiscontent.com/i/JohnLewis/010361116alt3,https://media.johnlewiscontent.com/i/JohnLewis/010361116alt4,https://media.johnlewiscontent.com/i/JohnLewis/010361116alt5,"Made to be worn with absolutely everything - a pair of straight leg jeans Reiss. Sculpted from a stretchy cotton blend with a high rise and a classic button and zip fly , they are cropped at the ankle.",,,,,,,Y,,£78.00,78.00,specification,Garment Length,Ankle Grazer,specification,Trouser Type,Denim,specification,Brand,Reiss,specification,Rise,High,specification,Country of Origin,Turkey,specification,Fastening,"Zip, Button",specification,Fit or Cut,Straight,specification,Drying Instructions,Do not tumble dry,specification,Type & Number of Pockets,patch pockets,specification,Model Details,Womenswear Model is 5ft 10” and is wearing a size 8/S/26Height: 178 cm / 5’ 10”Bust: 81 cm / 32”Waist: 59 cm / 23”Hips: 88 cm / 34.5”,specification,Pattern Details,Plain,,,,,,,,,,,,,,,,,,,,,,,,,,,
JohnLewis,2025-09-16,https://api.johnlewis.com/catalogue/graphql?3755310,https://www.johnlewis.com/talking-tables-confetti-cannon/p3755310,237735993,Talking Tables Confetti Cannon,Talking Tables,8.50,,,,Multi,,,5052715089776,Homepage,Gifts,Party Decorations,,,,,https://media.johnlewiscontent.com/i/JohnLewis/237735993,https://media.johnlewiscontent.com/i/JohnLewis/237735993alt1,,,,"Perfect for any romantic celebration or event, this confetti cannon from Talking Tables is sure to create a spectacular, unforgettable impact!",,11,4.1,,,,,,£8.50,8.50,specification,Brand,Talking Tables,,,,,,,,,,,,,,,,,,,,,,,,,,,,,,,,,,,,,,,,,,,,,,,,,,,,,,,,,
JohnLewis,2025-09-16,https://api.johnlewis.com/catalogue/graphql?111061931,https://www.johnlewis.com/ghost-imogen-polka-dot-satin-palazzo-trousers-black-white/p111061931?size=s,111061892,"Ghost Imogen Polka Dot Satin Palazzo Trousers, Black/White, S",Ghost,39.50,79.00,Y,Reduced To Clear,Black/White,S,,5059814302461,Homepage,Women,Women's Trousers & Leggings,,,,,https://media.johnlewiscontent.com/i/JohnLewis/006822557,https://media.johnlewiscontent.com/i/JohnLewis/006822557alt1,,,,"Tailored to perfection to compliment your profile, this pair of trousers by Ghost sit naturally on the hips and are cut with an ample wide leg. In a light fabric, they make for a dynamic choice with their polka dot print.",,,,,,,Y,,£39.50,39.50,specification,Trouser Type,Tailored,specification,Rise,Mid,specification,Type & Number of Pockets,2 Side Pockets,specification,Waistband Type,Stretch Waistband,specification,Garment Length,Regular,specification,Brand,Ghost,specification,Occasion Type,Casual,specification,Fastening,Drawstring,specification,Fit or Cut,Wide Leg,specification,Drying Instructions,Line Dry,specification,Pattern Details,Polka Dot,,,,,,,,,,,,,,,,,,,,,,,,,,,
JohnLewis,2025-09-16,https://api.johnlewis.com/catalogue/graphql?111061931,https://www.johnlewis.com/ghost-imogen-polka-dot-satin-palazzo-trousers-black-white/p111061931?size=xl,111061895,"Ghost Imogen Polka Dot Satin Palazzo Trousers, Black/White, XL",Ghost,39.50,79.00,Y,Reduced To Clear,Black/White,XL,,5059814302430,Homepage,Women,Women's Trousers & Leggings,,,,,https://media.johnlewiscontent.com/i/JohnLewis/006822557,https://media.johnlewiscontent.com/i/JohnLewis/006822557alt1,,,,"Tailored to perfection to compliment your profile, this pair of trousers by Ghost sit naturally on the hips and are cut with an ample wide leg. In a light fabric, they make for a dynamic choice with their polka dot print.",,,,,,,Y,,£39.50,39.50,specification,Trouser Type,Tailored,specification,Rise,Mid,specification,Type & Number of Pockets,2 Side Pockets,specification,Waistband Type,Stretch Waistband,specification,Garment Length,Regular,specification,Brand,Ghost,specification,Occasion Type,Casual,specification,Fastening,Drawstring,specification,Fit or Cut,Wide Leg,specification,Drying Instructions,Line Dry,specification,Pattern Details,Polka Dot,,,,,,,,,,,,,,,,,,,,,,,,,,,
JohnLewis,2025-09-16,https://api.johnlewis.com/catalogue/graphql?111061931,https://www.johnlewis.com/ghost-imogen-polka-dot-satin-palazzo-trousers-black-white/p111061931?size=xxl,111061896,"Ghost Imogen Polka Dot Satin Palazzo Trousers, Black/White, XXL",Ghost,39.50,79.00,Y,Reduced To Clear,Black/White,XXL,,5059814302409,Homepage,Women,Women's Trousers & Leggings,,,,,https://media.johnlewiscontent.com/i/JohnLewis/006822557,https://media.johnlewiscontent.com/i/JohnLewis/006822557alt1,,,,"Tailored to perfection to compliment your profile, this pair of trousers by Ghost sit naturally on the hips and are cut with an ample wide leg. In a light fabric, they make for a dynamic choice with their polka dot print.",,,,,,,Y,,£39.50,39.50,specification,Trouser Type,Tailored,specification,Rise,Mid,specification,Type & Number of Pockets,2 Side Pockets,specification,Waistband Type,Stretch Waistband,specification,Garment Length,Regular,specification,Brand,Ghost,specification,Occasion Type,Casual,specification,Fastening,Drawstring,specification,Fit or Cut,Wide Leg,specification,Drying Instructions,Line Dry,specification,Pattern Details,Polka Dot,,,,,,,,,,,,,,,,,,,,,,,,,,,
JohnLewis,2025-09-16,https://api.johnlewis.com/catalogue/graphql?112391269,https://www.johnlewis.com/east-end-prints-coit-collective-ski-slope-framed-print/white-frame/p112391269?size=33-4-x-28-4cm,112210221,"EAST END PRINTS Coit Collective Ski Slope Framed Print, White Frame, 33.4 x 28.4cm",EAST END PRINTS,50.00,,,,White Frame,33.4 x 28.4cm,,5063490099799,Homepage,Home & Garden,Pictures,,,,,https://media.johnlewiscontent.com/i/JohnLewis/008946544,,,,,"This engaging minimalist skiing print from Coit Collective will add the calmness of the slopes to any wall space. The giclée art printing process and 210gsm acid-free archival paper create an exhibition-quality art print with long-lasting colours that more closely resemble the artist's materials and tones. A digital form of the original work is stored and then printed using a commercial printer and pigment-based inks. The print is presented with an acrylic glaze that's optically the same as glass yet lighter in weight, making it easier and safer to hang. Ready to hang on your wall, it's made in the UK and framed in obeche wood in a choice of finishes. Coit Creative was founded by Ali Hooten, an illustrator, surface designer and educator who can be found cosy at home drawing or climbing, skiing and playing in the mountains. Many of her illustrations are inspired by the wild places she spends so much time in and advocating for around the Rocky Mountain West of America. Drawing from a past career as an architect and university instructor, Ali brings a level of conceptual thinking and technical abilities to every project. She loves creating new work and seeing her art come to life on products. She is especially drawn to minimal and vector-based artwork, simplifying larger scenes into hand-drawn shapes and forms. Have you thought about wall hooks and fittings ? EAST END PRINTS picture frames are usually one of two frame widths: medium frame (2.2cm) and wide frame (3.5cm). The frame width varies across the range. The medium frame measures 2.2cm across and comes in the following four sizes: 33.4 x 28.4cm 43.4 x 33.4cm 53.4 x 43.4cm 83.4 x 63.4cm The wide frame measures 3.5cm across and comes in the following four sizes: 36 x 31cm 46 x 36cm 56 x 46cm 86 x 66cm",,,,,,,,,£50.00,50.00,specification,Country of Origin,United Kingdom,specification,Orientation,Portrait,specification,Brand,EAST END PRINTS,specification,Subject,"Decorative Art, Floral & Still Life, Landscapes",specification,Made in the UK,Yes,specification,Care instructions,"Wipe clean with a soft, dry cloth. Display away from direct sunlight and heat sources.",specification,Glazing Type,Acrylic,,,,,,,,,,,,,,,,,,,,,,,,,,,,,,,,,,,,,,,
JohnLewis,2025-09-16,https://api.johnlewis.com/catalogue/graphql?112391269,https://www.johnlewis.com/east-end-prints-coit-collective-ski-slope-framed-print/white-frame/p112391269?size=43-4-x-33-4cm,112210224,"EAST END PRINTS Coit Collective Ski Slope Framed Print, White Frame, 43.4 x 33.4cm",EAST END PRINTS,60.00,,,,White Frame,43.4 x 33.4cm,,5063490099232,Homepage,Home & Garden,Pictures,,,,,https://media.johnlewiscontent.com/i/JohnLewis/008946544,,,,,"This engaging minimalist skiing print from Coit Collective will add the calmness of the slopes to any wall space. The giclée art printing process and 210gsm acid-free archival paper create an exhibition-quality art print with long-lasting colours that more closely resemble the artist's materials and tones. A digital form of the original work is stored and then printed using a commercial printer and pigment-based inks. The print is presented with an acrylic glaze that's optically the same as glass yet lighter in weight, making it easier and safer to hang. Ready to hang on your wall, it's made in the UK and framed in obeche wood in a choice of finishes. Coit Creative was founded by Ali Hooten, an illustrator, surface designer and educator who can be found cosy at home drawing or climbing, skiing and playing in the mountains. Many of her illustrations are inspired by the wild places she spends so much time in and advocating for around the Rocky Mountain West of America. Drawing from a past career as an architect and university instructor, Ali brings a level of conceptual thinking and technical abilities to every project. She loves creating new work and seeing her art come to life on products. She is especially drawn to minimal and vector-based artwork, simplifying larger scenes into hand-drawn shapes and forms. Have you thought about wall hooks and fittings ? EAST END PRINTS picture frames are usually one of two frame widths: medium frame (2.2cm) and wide frame (3.5cm). The frame width varies across the range. The medium frame measures 2.2cm across and comes in the following four sizes: 33.4 x 28.4cm 43.4 x 33.4cm 53.4 x 43.4cm 83.4 x 63.4cm The wide frame measures 3.5cm across and comes in the following four sizes: 36 x 31cm 46 x 36cm 56 x 46cm 86 x 66cm",,,,,,,,,£60.00,60.00,specification,Country of Origin,United Kingdom,specification,Orientation,Portrait,specification,Brand,EAST END PRINTS,specification,Subject,"Decorative Art, Floral & Still Life, Landscapes",specification,Made in the UK,Yes,specification,Care instructions,"Wipe clean with a soft, dry cloth. Display away from direct sunlight and heat sources.",specification,Glazing Type,Acrylic,,,,,,,,,,,,,,,,,,,,,,,,,,,,,,,,,,,,,,,
JohnLewis,2025-09-16,https://api.johnlewis.com/catalogue/graphql?112391269,https://www.johnlewis.com/east-end-prints-coit-collective-ski-slope-framed-print/white-frame/p112391269?size=53-4-x-43-4cm,112210227,"EAST END PRINTS Coit Collective Ski Slope Framed Print, White Frame, 53.4 x 43.4cm",EAST END PRINTS,85.00,,,,White Frame,53.4 x 43.4cm,,5063490099683,Homepage,Home & Garden,Pictures,,,,,https://media.johnlewiscontent.com/i/JohnLewis/008946544,,,,,"This engaging minimalist skiing print from Coit Collective will add the calmness of the slopes to any wall space. The giclée art printing process and 210gsm acid-free archival paper create an exhibition-quality art print with long-lasting colours that more closely resemble the artist's materials and tones. A digital form of the original work is stored and then printed using a commercial printer and pigment-based inks. The print is presented with an acrylic glaze that's optically the same as glass yet lighter in weight, making it easier and safer to hang. Ready to hang on your wall, it's made in the UK and framed in obeche wood in a choice of finishes. Coit Creative was founded by Ali Hooten, an illustrator, surface designer and educator who can be found cosy at home drawing or climbing, skiing and playing in the mountains. Many of her illustrations are inspired by the wild places she spends so much time in and advocating for around the Rocky Mountain West of America. Drawing from a past career as an architect and university instructor, Ali brings a level of conceptual thinking and technical abilities to every project. She loves creating new work and seeing her art come to life on products. She is especially drawn to minimal and vector-based artwork, simplifying larger scenes into hand-drawn shapes and forms. Have you thought about wall hooks and fittings ? EAST END PRINTS picture frames are usually one of two frame widths: medium frame (2.2cm) and wide frame (3.5cm). The frame width varies across the range. The medium frame measures 2.2cm across and comes in the following four sizes: 33.4 x 28.4cm 43.4 x 33.4cm 53.4 x 43.4cm 83.4 x 63.4cm The wide frame measures 3.5cm across and comes in the following four sizes: 36 x 31cm 46 x 36cm 56 x 46cm 86 x 66cm",,,,,,,,,£85.00,85.00,specification,Country of Origin,United Kingdom,specification,Orientation,Portrait,specification,Brand,EAST END PRINTS,specification,Subject,"Decorative Art, Floral & Still Life, Landscapes",specification,Made in the UK,Yes,specification,Care instructions,"Wipe clean with a soft, dry cloth. Display away from direct sunlight and heat sources.",specification,Glazing Type,Acrylic,,,,,,,,,,,,,,,,,,,,,,,,,,,,,,,,,,,,,,,
JohnLewis,2025-09-16,https://api.johnlewis.com/catalogue/graphql?112391269,https://www.johnlewis.com/east-end-prints-coit-collective-ski-slope-framed-print/white-frame/p112391269?size=83-4-x-63-4cm,112210233,"EAST END PRINTS Coit Collective Ski Slope Framed Print, White Frame, 83.4 x 63.4cm",EAST END PRINTS,160.00,,,,White Frame,83.4 x 63.4cm,,5063490099409,Homepage,Home & Garden,Pictures,,,,,https://media.johnlewiscontent.com/i/JohnLewis/008946544,,,,,"This engaging minimalist skiing print from Coit Collective will add the calmness of the slopes to any wall space. The giclée art printing process and 210gsm acid-free archival paper create an exhibition-quality art print with long-lasting colours that more closely resemble the artist's materials and tones. A digital form of the original work is stored and then printed using a commercial printer and pigment-based inks. The print is presented with an acrylic glaze that's optically the same as glass yet lighter in weight, making it easier and safer to hang. Ready to hang on your wall, it's made in the UK and framed in obeche wood in a choice of finishes. Coit Creative was founded by Ali Hooten, an illustrator, surface designer and educator who can be found cosy at home drawing or climbing, skiing and playing in the mountains. Many of her illustrations are inspired by the wild places she spends so much time in and advocating for around the Rocky Mountain West of America. Drawing from a past career as an architect and university instructor, Ali brings a level of conceptual thinking and technical abilities to every project. She loves creating new work and seeing her art come to life on products. She is especially drawn to minimal and vector-based artwork, simplifying larger scenes into hand-drawn shapes and forms. Have you thought about wall hooks and fittings ? EAST END PRINTS picture frames are usually one of two frame widths: medium frame (2.2cm) and wide frame (3.5cm). The frame width varies across the range. The medium frame measures 2.2cm across and comes in the following four sizes: 33.4 x 28.4cm 43.4 x 33.4cm 53.4 x 43.4cm 83.4 x 63.4cm The wide frame measures 3.5cm across and comes in the following four sizes: 36 x 31cm 46 x 36cm 56 x 46cm 86 x 66cm",,,,,,,,,£160.00,160.00,specification,Country of Origin,United Kingdom,specification,Orientation,Portrait,specification,Brand,EAST END PRINTS,specification,Subject,"Decorative Art, Floral & Still Life, Landscapes",specification,Made in the UK,Yes,specification,Care instructions,"Wipe clean with a soft, dry cloth. Display away from direct sunlight and heat sources.",specification,Glazing Type,Acrylic,,,,,,,,,,,,,,,,,,,,,,,,,,,,,,,,,,,,,,,
JohnLewis,2025-09-16,https://api.johnlewis.com/catalogue/graphql?112391269,https://www.johnlewis.com/east-end-prints-coit-collective-ski-slope-framed-print/black-frame/p112391269?size=33-4-x-28-4cm,112210219,"EAST END PRINTS Coit Collective Ski Slope Framed Print, Black Frame, 33.4 x 28.4cm",EAST END PRINTS,50.00,,,,Black Frame,33.4 x 28.4cm,,5063490099522,Homepage,Home & Garden,Pictures,,,,,https://media.johnlewiscontent.com/i/JohnLewis/008946545,https://media.johnlewiscontent.com/i/JohnLewis/008946545alt1,,,,"This engaging minimalist skiing print from Coit Collective will add the calmness of the slopes to any wall space. The giclée art printing process and 210gsm acid-free archival paper create an exhibition-quality art print with long-lasting colours that more closely resemble the artist's materials and tones. A digital form of the original work is stored and then printed using a commercial printer and pigment-based inks. The print is presented with an acrylic glaze that's optically the same as glass yet lighter in weight, making it easier and safer to hang. Ready to hang on your wall, it's made in the UK and framed in obeche wood in a choice of finishes. Coit Creative was founded by Ali Hooten, an illustrator, surface designer and educator who can be found cosy at home drawing or climbing, skiing and playing in the mountains. Many of her illustrations are inspired by the wild places she spends so much time in and advocating for around the Rocky Mountain West of America. Drawing from a past career as an architect and university instructor, Ali brings a level of conceptual thinking and technical abilities to every project. She loves creating new work and seeing her art come to life on products. She is especially drawn to minimal and vector-based artwork, simplifying larger scenes into hand-drawn shapes and forms. Have you thought about wall hooks and fittings ? EAST END PRINTS picture frames are usually one of two frame widths: medium frame (2.2cm) and wide frame (3.5cm). The frame width varies across the range. The medium frame measures 2.2cm across and comes in the following four sizes: 33.4 x 28.4cm 43.4 x 33.4cm 53.4 x 43.4cm 83.4 x 63.4cm The wide frame measures 3.5cm across and comes in the following four sizes: 36 x 31cm 46 x 36cm 56 x 46cm 86 x 66cm",,,,,,,,,£50.00,50.00,specification,Country of Origin,United Kingdom,specification,Orientation,Portrait,specification,Brand,EAST END PRINTS,specification,Subject,"Decorative Art, Floral & Still Life, Landscapes",specification,Made in the UK,Yes,specification,Care instructions,"Wipe clean with a soft, dry cloth. Display away from direct sunlight and heat sources.",specification,Glazing Type,Acrylic,,,,,,,,,,,,,,,,,,,,,,,,,,,,,,,,,,,,,,,
JohnLewis,2025-09-16,https://api.johnlewis.com/catalogue/graphql?112391269,https://www.johnlewis.com/east-end-prints-coit-collective-ski-slope-framed-print/black-frame/p112391269?size=43-4-x-33-4cm,112210222,"EAST END PRINTS Coit Collective Ski Slope Framed Print, Black Frame, 43.4 x 33.4cm",EAST END PRINTS,60.00,,,,Black Frame,43.4 x 33.4cm,,5063490099928,Homepage,Home & Garden,Pictures,,,,,https://media.johnlewiscontent.com/i/JohnLewis/008946545,https://media.johnlewiscontent.com/i/JohnLewis/008946545alt1,,,,"This engaging minimalist skiing print from Coit Collective will add the calmness of the slopes to any wall space. The giclée art printing process and 210gsm acid-free archival paper create an exhibition-quality art print with long-lasting colours that more closely resemble the artist's materials and tones. A digital form of the original work is stored and then printed using a commercial printer and pigment-based inks. The print is presented with an acrylic glaze that's optically the same as glass yet lighter in weight, making it easier and safer to hang. Ready to hang on your wall, it's made in the UK and framed in obeche wood in a choice of finishes. Coit Creative was founded by Ali Hooten, an illustrator, surface designer and educator who can be found cosy at home drawing or climbing, skiing and playing in the mountains. Many of her illustrations are inspired by the wild places she spends so much time in and advocating for around the Rocky Mountain West of America. Drawing from a past career as an architect and university instructor, Ali brings a level of conceptual thinking and technical abilities to every project. She loves creating new work and seeing her art come to life on products. She is especially drawn to minimal and vector-based artwork, simplifying larger scenes into hand-drawn shapes and forms. Have you thought about wall hooks and fittings ? EAST END PRINTS picture frames are usually one of two frame widths: medium frame (2.2cm) and wide frame (3.5cm). The frame width varies across the range. The medium frame measures 2.2cm across and comes in the following four sizes: 33.4 x 28.4cm 43.4 x 33.4cm 53.4 x 43.4cm 83.4 x 63.4cm The wide frame measures 3.5cm across and comes in the following four sizes: 36 x 31cm 46 x 36cm 56 x 46cm 86 x 66cm",,,,,,,,,£60.00,60.00,specification,Country of Origin,United Kingdom,specification,Orientation,Portrait,specification,Brand,EAST END PRINTS,specification,Subject,"Decorative Art, Floral & Still Life, Landscapes",specification,Made in the UK,Yes,specification,Care instructions,"Wipe clean with a soft, dry cloth. Display away from direct sunlight and heat sources.",specification,Glazing Type,Acrylic,,,,,,,,,,,,,,,,,,,,,,,,,,,,,,,,,,,,,,,
JohnLewis,2025-09-16,https://api.johnlewis.com/catalogue/graphql?112391269,https://www.johnlewis.com/east-end-prints-coit-collective-ski-slope-framed-print/black-frame/p112391269?size=53-4-x-43-4cm,112210225,"EAST END PRINTS Coit Collective Ski Slope Framed Print, Black Frame, 53.4 x 43.4cm",EAST END PRINTS,85.00,,,,Black Frame,53.4 x 43.4cm,,5063490099324,Homepage,Home & Garden,Pictures,,,,,https://media.johnlewiscontent.com/i/JohnLewis/008946545,https://media.johnlewiscontent.com/i/JohnLewis/008946545alt1,,,,"This engaging minimalist skiing print from Coit Collective will add the calmness of the slopes to any wall space. The giclée art printing process and 210gsm acid-free archival paper create an exhibition-quality art print with long-lasting colours that more closely resemble the artist's materials and tones. A digital form of the original work is stored and then printed using a commercial printer and pigment-based inks. The print is presented with an acrylic glaze that's optically the same as glass yet lighter in weight, making it easier and safer to hang. Ready to hang on your wall, it's made in the UK and framed in obeche wood in a choice of finishes. Coit Creative was founded by Ali Hooten, an illustrator, surface designer and educator who can be found cosy at home drawing or climbing, skiing and playing in the mountains. Many of her illustrations are inspired by the wild places she spends so much time in and advocating for around the Rocky Mountain West of America. Drawing from a past career as an architect and university instructor, Ali brings a level of conceptual thinking and technical abilities to every project. She loves creating new work and seeing her art come to life on products. She is especially drawn to minimal and vector-based artwork, simplifying larger scenes into hand-drawn shapes and forms. Have you thought about wall hooks and fittings ? EAST END PRINTS picture frames are usually one of two frame widths: medium frame (2.2cm) and wide frame (3.5cm). The frame width varies across the range. The medium frame measures 2.2cm across and comes in the following four sizes: 33.4 x 28.4cm 43.4 x 33.4cm 53.4 x 43.4cm 83.4 x 63.4cm The wide frame measures 3.5cm across and comes in the following four sizes: 36 x 31cm 46 x 36cm 56 x 46cm 86 x 66cm",,,,,,,,,£85.00,85.00,specification,Country of Origin,United Kingdom,specification,Orientation,Portrait,specification,Brand,EAST END PRINTS,specification,Subject,"Decorative Art, Floral & Still Life, Landscapes",specification,Made in the UK,Yes,specification,Care instructions,"Wipe clean with a soft, dry cloth. Display away from direct sunlight and heat sources.",specification,Glazing Type,Acrylic,,,,,,,,,,,,,,,,,,,,,,,,,,,,,,,,,,,,,,,
JohnLewis,2025-09-16,https://api.johnlewis.com/catalogue/graphql?112391269,https://www.johnlewis.com/east-end-prints-coit-collective-ski-slope-framed-print/black-frame/p112391269?size=83-4-x-63-4cm,112210229,"EAST END PRINTS Coit Collective Ski Slope Framed Print, Black Frame, 83.4 x 63.4cm",EAST END PRINTS,160.00,,,,Black Frame,83.4 x 63.4cm,,5063490099881,Homepage,Home & Garden,Pictures,,,,,https://media.johnlewiscontent.com/i/JohnLewis/008946545,https://media.johnlewiscontent.com/i/JohnLewis/008946545alt1,,,,"This engaging minimalist skiing print from Coit Collective will add the calmness of the slopes to any wall space. The giclée art printing process and 210gsm acid-free archival paper create an exhibition-quality art print with long-lasting colours that more closely resemble the artist's materials and tones. A digital form of the original work is stored and then printed using a commercial printer and pigment-based inks. The print is presented with an acrylic glaze that's optically the same as glass yet lighter in weight, making it easier and safer to hang. Ready to hang on your wall, it's made in the UK and framed in obeche wood in a choice of finishes. Coit Creative was founded by Ali Hooten, an illustrator, surface designer and educator who can be found cosy at home drawing or climbing, skiing and playing in the mountains. Many of her illustrations are inspired by the wild places she spends so much time in and advocating for around the Rocky Mountain West of America. Drawing from a past career as an architect and university instructor, Ali brings a level of conceptual thinking and technical abilities to every project. She loves creating new work and seeing her art come to life on products. She is especially drawn to minimal and vector-based artwork, simplifying larger scenes into hand-drawn shapes and forms. Have you thought about wall hooks and fittings ? EAST END PRINTS picture frames are usually one of two frame widths: medium frame (2.2cm) and wide frame (3.5cm). The frame width varies across the range. The medium frame measures 2.2cm across and comes in the following four sizes: 33.4 x 28.4cm 43.4 x 33.4cm 53.4 x 43.4cm 83.4 x 63.4cm The wide frame measures 3.5cm across and comes in the following four sizes: 36 x 31cm 46 x 36cm 56 x 46cm 86 x 66cm",,,,,,,,,£160.00,160.00,specification,Country of Origin,United Kingdom,specification,Orientation,Portrait,specification,Brand,EAST END PRINTS,specification,Subject,"Decorative Art, Floral & Still Life, Landscapes",specification,Made in the UK,Yes,specification,Care instructions,"Wipe clean with a soft, dry cloth. Display away from direct sunlight and heat sources.",specification,Glazing Type,Acrylic,,,,,,,,,,,,,,,,,,,,,,,,,,,,,,,,,,,,,,,
JohnLewis,2025-09-16,https://api.johnlewis.com/catalogue/graphql?112391269,https://www.johnlewis.com/east-end-prints-coit-collective-ski-slope-framed-print/oak-frame/p112391269?size=33-4-x-28-4cm,112210220,"EAST END PRINTS Coit Collective Ski Slope Framed Print, Oak Frame, 33.4 x 28.4cm",EAST END PRINTS,50.00,,,,Oak Frame,33.4 x 28.4cm,,5063490099669,Homepage,Home & Garden,Pictures,,,,,https://media.johnlewiscontent.com/i/JohnLewis/008946546,,,,,"This engaging minimalist skiing print from Coit Collective will add the calmness of the slopes to any wall space. The giclée art printing process and 210gsm acid-free archival paper create an exhibition-quality art print with long-lasting colours that more closely resemble the artist's materials and tones. A digital form of the original work is stored and then printed using a commercial printer and pigment-based inks. The print is presented with an acrylic glaze that's optically the same as glass yet lighter in weight, making it easier and safer to hang. Ready to hang on your wall, it's made in the UK and framed in obeche wood in a choice of finishes. Coit Creative was founded by Ali Hooten, an illustrator, surface designer and educator who can be found cosy at home drawing or climbing, skiing and playing in the mountains. Many of her illustrations are inspired by the wild places she spends so much time in and advocating for around the Rocky Mountain West of America. Drawing from a past career as an architect and university instructor, Ali brings a level of conceptual thinking and technical abilities to every project. She loves creating new work and seeing her art come to life on products. She is especially drawn to minimal and vector-based artwork, simplifying larger scenes into hand-drawn shapes and forms. Have you thought about wall hooks and fittings ? EAST END PRINTS picture frames are usually one of two frame widths: medium frame (2.2cm) and wide frame (3.5cm). The frame width varies across the range. The medium frame measures 2.2cm across and comes in the following four sizes: 33.4 x 28.4cm 43.4 x 33.4cm 53.4 x 43.4cm 83.4 x 63.4cm The wide frame measures 3.5cm across and comes in the following four sizes: 36 x 31cm 46 x 36cm 56 x 46cm 86 x 66cm",,,,,,,,,£50.00,50.00,specification,Country of Origin,United Kingdom,specification,Orientation,Portrait,specification,Brand,EAST END PRINTS,specification,Subject,"Decorative Art, Floral & Still Life, Landscapes",specification,Made in the UK,Yes,specification,Care instructions,"Wipe clean with a soft, dry cloth. Display away from direct sunlight and heat sources.",specification,Glazing Type,Acrylic,,,,,,,,,,,,,,,,,,,,,,,,,,,,,,,,,,,,,,,
JohnLewis,2025-09-16,https://api.johnlewis.com/catalogue/graphql?112391269,https://www.johnlewis.com/east-end-prints-coit-collective-ski-slope-framed-print/oak-frame/p112391269?size=43-4-x-33-4cm,112210223,"EAST END PRINTS Coit Collective Ski Slope Framed Print, Oak Frame, 43.4 x 33.4cm",EAST END PRINTS,60.00,,,,Oak Frame,43.4 x 33.4cm,,5063490099096,Homepage,Home & Garden,Pictures,,,,,https://media.johnlewiscontent.com/i/JohnLewis/008946546,,,,,"This engaging minimalist skiing print from Coit Collective will add the calmness of the slopes to any wall space. The giclée art printing process and 210gsm acid-free archival paper create an exhibition-quality art print with long-lasting colours that more closely resemble the artist's materials and tones. A digital form of the original work is stored and then printed using a commercial printer and pigment-based inks. The print is presented with an acrylic glaze that's optically the same as glass yet lighter in weight, making it easier and safer to hang. Ready to hang on your wall, it's made in the UK and framed in obeche wood in a choice of finishes. Coit Creative was founded by Ali Hooten, an illustrator, surface designer and educator who can be found cosy at home drawing or climbing, skiing and playing in the mountains. Many of her illustrations are inspired by the wild places she spends so much time in and advocating for around the Rocky Mountain West of America. Drawing from a past career as an architect and university instructor, Ali brings a level of conceptual thinking and technical abilities to every project. She loves creating new work and seeing her art come to life on products. She is especially drawn to minimal and vector-based artwork, simplifying larger scenes into hand-drawn shapes and forms. Have you thought about wall hooks and fittings ? EAST END PRINTS picture frames are usually one of two frame widths: medium frame (2.2cm) and wide frame (3.5cm). The frame width varies across the range. The medium frame measures 2.2cm across and comes in the following four sizes: 33.4 x 28.4cm 43.4 x 33.4cm 53.4 x 43.4cm 83.4 x 63.4cm The wide frame measures 3.5cm across and comes in the following four sizes: 36 x 31cm 46 x 36cm 56 x 46cm 86 x 66cm",,,,,,,,,£60.00,60.00,specification,Country of Origin,United Kingdom,specification,Orientation,Portrait,specification,Brand,EAST END PRINTS,specification,Subject,"Decorative Art, Floral & Still Life, Landscapes",specification,Made in the UK,Yes,specification,Care instructions,"Wipe clean with a soft, dry cloth. Display away from direct sunlight and heat sources.",specification,Glazing Type,Acrylic,,,,,,,,,,,,,,,,,,,,,,,,,,,,,,,,,,,,,,,
JohnLewis,2025-09-16,https://api.johnlewis.com/catalogue/graphql?112391269,https://www.johnlewis.com/east-end-prints-coit-collective-ski-slope-framed-print/oak-frame/p112391269?size=53-4-x-43-4cm,112210226,"EAST END PRINTS Coit Collective Ski Slope Framed Print, Oak Frame, 53.4 x 43.4cm",EAST END PRINTS,85.00,,,,Oak Frame,53.4 x 43.4cm,,5063490099515,Homepage,Home & Garden,Pictures,,,,,https://media.johnlewiscontent.com/i/JohnLewis/008946546,,,,,"This engaging minimalist skiing print from Coit Collective will add the calmness of the slopes to any wall space. The giclée art printing process and 210gsm acid-free archival paper create an exhibition-quality art print with long-lasting colours that more closely resemble the artist's materials and tones. A digital form of the original work is stored and then printed using a commercial printer and pigment-based inks. The print is presented with an acrylic glaze that's optically the same as glass yet lighter in weight, making it easier and safer to hang. Ready to hang on your wall, it's made in the UK and framed in obeche wood in a choice of finishes. Coit Creative was founded by Ali Hooten, an illustrator, surface designer and educator who can be found cosy at home drawing or climbing, skiing and playing in the mountains. Many of her illustrations are inspired by the wild places she spends so much time in and advocating for around the Rocky Mountain West of America. Drawing from a past career as an architect and university instructor, Ali brings a level of conceptual thinking and technical abilities to every project. She loves creating new work and seeing her art come to life on products. She is especially drawn to minimal and vector-based artwork, simplifying larger scenes into hand-drawn shapes and forms. Have you thought about wall hooks and fittings ? EAST END PRINTS picture frames are usually one of two frame widths: medium frame (2.2cm) and wide frame (3.5cm). The frame width varies across the range. The medium frame measures 2.2cm across and comes in the following four sizes: 33.4 x 28.4cm 43.4 x 33.4cm 53.4 x 43.4cm 83.4 x 63.4cm The wide frame measures 3.5cm across and comes in the following four sizes: 36 x 31cm 46 x 36cm 56 x 46cm 86 x 66cm",,,,,,,,,£85.00,85.00,specification,Country of Origin,United Kingdom,specification,Orientation,Portrait,specification,Brand,EAST END PRINTS,specification,Subject,"Decorative Art, Floral & Still Life, Landscapes",specification,Made in the UK,Yes,specification,Care instructions,"Wipe clean with a soft, dry cloth. Display away from direct sunlight and heat sources.",specification,Glazing Type,Acrylic,,,,,,,,,,,,,,,,,,,,,,,,,,,,,,,,,,,,,,,
JohnLewis,2025-09-16,https://api.johnlewis.com/catalogue/graphql?112391269,https://www.johnlewis.com/east-end-prints-coit-collective-ski-slope-framed-print/oak-frame/p112391269?size=83-4-x-63-4cm,112210231,"EAST END PRINTS Coit Collective Ski Slope Framed Print, Oak Frame, 83.4 x 63.4cm",EAST END PRINTS,160.00,,,,Oak Frame,83.4 x 63.4cm,,5063490099157,Homepage,Home & Garden,Pictures,,,,,https://media.johnlewiscontent.com/i/JohnLewis/008946546,,,,,"This engaging minimalist skiing print from Coit Collective will add the calmness of the slopes to any wall space. The giclée art printing process and 210gsm acid-free archival paper create an exhibition-quality art print with long-lasting colours that more closely resemble the artist's materials and tones. A digital form of the original work is stored and then printed using a commercial printer and pigment-based inks. The print is presented with an acrylic glaze that's optically the same as glass yet lighter in weight, making it easier and safer to hang. Ready to hang on your wall, it's made in the UK and framed in obeche wood in a choice of finishes. Coit Creative was founded by Ali Hooten, an illustrator, surface designer and educator who can be found cosy at home drawing or climbing, skiing and playing in the mountains. Many of her illustrations are inspired by the wild places she spends so much time in and advocating for around the Rocky Mountain West of America. Drawing from a past career as an architect and university instructor, Ali brings a level of conceptual thinking and technical abilities to every project. She loves creating new work and seeing her art come to life on products. She is especially drawn to minimal and vector-based artwork, simplifying larger scenes into hand-drawn shapes and forms. Have you thought about wall hooks and fittings ? EAST END PRINTS picture frames are usually one of two frame widths: medium frame (2.2cm) and wide frame (3.5cm). The frame width varies across the range. The medium frame measures 2.2cm across and comes in the following four sizes: 33.4 x 28.4cm 43.4 x 33.4cm 53.4 x 43.4cm 83.4 x 63.4cm The wide frame measures 3.5cm across and comes in the following four sizes: 36 x 31cm 46 x 36cm 56 x 46cm 86 x 66cm",,,,,,,,,£160.00,160.00,specification,Country of Origin,United Kingdom,specification,Orientation,Portrait,specification,Brand,EAST END PRINTS,specification,Subject,"Decorative Art, Floral & Still Life, Landscapes",specification,Made in the UK,Yes,specification,Care instructions,"Wipe clean with a soft, dry cloth. Display away from direct sunlight and heat sources.",specification,Glazing Type,Acrylic,,,,,,,,,,,,,,,,,,,,,,,,,,,,,,,,,,,,,,,
JohnLewis,2025-09-16,https://api.johnlewis.com/catalogue/graphql?5345958,https://www.johnlewis.com/john-lewis-fougere-furnishing-fabric/gold/p5345958,239804670,"John Lewis Fougere Furnishing Fabric, Gold",John Lewis,35.00,,,,Gold,,,5059516317565,Homepage,Home & Garden,Fabrics,Furnishing Fabrics,,,,https://media.johnlewiscontent.com/i/JohnLewis/239804670,https://media.johnlewiscontent.com/i/JohnLewis/239804670alt1,https://media.johnlewiscontent.com/i/JohnLewis/239804670alt2,,,"Our in-house design team drew inspiration from our rich archive of over 25,000 prints when they lovingly reinterpreted this design, giving it a contemporary twist. Thinking about a curtain or blind? We can use this fabric to make a curtain or roman blind to your specifications. See our whole range of fabrics and find inspiration here: Made to measure curtains Made to measure roman blinds",,1,5.0,,,,,,£35.00,35.00,specification,Pattern Match,Straight Match,specification,Country of Origin,India,specification,Brand,John Lewis,specification,Fabric Pattern Repeat,66.50cm,specification,Made in the UK,No,specification,Fabric Width,146cm,specification,Drying Instructions,Line Dry,specification,Care instructions,"ONLY DRY CLEAN, IRON 2 DOTS, DON'T BLEACH, DON'T TUMBLE, HANG DRY",specification,Reversible,Non Reversible,specification,Pattern Details,Jacquard,,,,,,,,,,,,,,,,,,,,,,,,,,,,,,
JohnLewis,2025-09-16,https://api.johnlewis.com/catalogue/graphql?5662346,https://www.johnlewis.com/sanderson-summer-harvest-made-to-measure-curtains-or-roman-blind-silver-corn/p5662346,240090846,"Sanderson Summer Harvest Made to Measure Curtains or Roman Blind, Silver/Corn",Sanderson,82.00,,,,Silver/Corn,,,5059516660258,Homepage,Home & Garden,Curtains & Blinds,Made to Measure Curtains,,,,https://media.johnlewiscontent.com/i/JohnLewis/240090846,https://media.johnlewiscontent.com/i/JohnLewis/240090846WSPP,https://media.johnlewiscontent.com/i/JohnLewis/240090846CUPP,https://media.johnlewiscontent.com/i/JohnLewis/240090846WSDP,https://media.johnlewiscontent.com/i/JohnLewis/240090846CUDP,"Replicating the profusion of hedgerow flora and fauna this gentle trailing fabric design depicts painterly Chinese lanterns, seedpods, wild flowers and is available in multiple colourways. Because it’s made just for you... As this product is made to order according to your requirements the image above is there as a guide and may not be representative of the finished item. We've reproduced the product as best we can but pattern placement and texture of the fabric will vary depending on your measurements. If the width of your window is greater than the specified width of this fabric we'll join pieces together and pattern match the seams. Made by us at our textile factory in Lancashire Since 1953, our expert Partners have designed and manufactured a range of high-quality textiles at our UK factory, Herbert Parkinson. This includes our naturally filled bedding and our Made to Measure service for curtains, blinds and cushions. Combining traditional handmade processes with state-of-the-art technology, our skilled Partners see each product through the entire creation process, ensuring it meets the design and quality standards we’re known for. It takes up to 17 Partners to make a pair of curtains or a roman blind as each is experienced in a particular part of the process, including everything from cutting and joining, to pinning and hemming, to inspecting and packing. You can be assured that your curtains or blind are being made by true experts. We want you to be as proud of it as we are.",,,,,,,,,£82.00,82.00,specification,Made to Measure or Ready Made,Made to Measure,specification,Country of Origin,United Kingdom,specification,Brand,Sanderson,specification,Fabric Pattern Repeat,61cm,specification,Fabric Width,140cm,specification,Drying Instructions,Do not tumble dry,specification,Care instructions,Dry Clean,specification,Fabric Abrasion,"35,000-49,999",specification,Reversible,Non Reversible,specification,Pattern Details,Floral,,,,,,,,,,,,,,,,,,,,,,,,,,,,,,
JohnLewis,2025-09-16,https://api.johnlewis.com/catalogue/graphql?113812970,https://www.johnlewis.com/allsaints-haven-airpod-case-black/p113812970,113812967,"AllSaints Haven AirPod Case, Black",AllSaints,39.00,,,,Black,,,5063320610835,Homepage,Electricals,Mobile Phones & Accessories,Mobile Phone Chargers & Accessories,,,,https://media.johnlewiscontent.com/i/JohnLewis/010121794,https://media.johnlewiscontent.com/i/JohnLewis/010121794alt2,https://media.johnlewiscontent.com/i/JohnLewis/010121794alt3,https://media.johnlewiscontent.com/i/JohnLewis/010121794alt4,https://media.johnlewiscontent.com/i/JohnLewis/010121794alt5,This leather AirPod case features an embossed Haven print and clips easily onto your belt loops or bag. Fits 3rd generation Apple AirPods.,,,,,,,,,£39.00,39.00,specification,Country of Origin,India,specification,Brand,AllSaints,,,,,,,,,,,,,,,,,,,,,,,,,,,,,,,,,,,,,,,,,,,,,,,,,,,,,,
JohnLewis,2025-09-16,https://api.johnlewis.com/catalogue/graphql?113594537,https://www.johnlewis.com/mango-kids-bosco-cotton-drawstring-shorts-green/p113594537?size=6-years,113652738,"Mango Kids' Bosco Cotton Drawstring Shorts, Green, 6 years",Mango,19.99,,,,Green,6 years,,8447274808239,Homepage,Baby & Child,Boys' Clothes (2+ yrs),Boys' Shorts,,,,https://media.johnlewiscontent.com/i/JohnLewis/009972078,https://media.johnlewiscontent.com/i/JohnLewis/009972078alt1,https://media.johnlewiscontent.com/i/JohnLewis/009972078alt2,https://media.johnlewiscontent.com/i/JohnLewis/009972078alt3,https://media.johnlewiscontent.com/i/JohnLewis/009972078alt4,"Made from 100% cotton, this pair of shorts from Mango features an elasticated drawstring waist and two side pockets.",,,,,,,,,£19.99,19.99,specification,Waistband Type,Stretch Waistband,specification,Garment Length,Knee Length,specification,Trouser Type,Chinos,specification,Brand,Mango,specification,Occasion Type,Casual,specification,Country of Origin,Bangladesh,specification,Type & Number of Pockets,2 Side Pockets,specification,Drying Instructions,Do not tumble dry,specification,Pattern Details,Plain,,,,,,,,,,,,,,,,,,,,,,,,,,,,,,,,,
JohnLewis,2025-09-16,https://api.johnlewis.com/catalogue/graphql?113594537,https://www.johnlewis.com/mango-kids-bosco-cotton-drawstring-shorts-green/p113594537?size=7-years,113594351,"Mango Kids' Bosco Cotton Drawstring Shorts, Green, 7 years",Mango,19.99,,,,Green,7 years,,8447274808246,Homepage,Baby & Child,Boys' Clothes (2+ yrs),Boys' Shorts,,,,https://media.johnlewiscontent.com/i/JohnLewis/009972078,https://media.johnlewiscontent.com/i/JohnLewis/009972078alt1,https://media.johnlewiscontent.com/i/JohnLewis/009972078alt2,https://media.johnlewiscontent.com/i/JohnLewis/009972078alt3,https://media.johnlewiscontent.com/i/JohnLewis/009972078alt4,"Made from 100% cotton, this pair of shorts from Mango features an elasticated drawstring waist and two side pockets.",,,,,,,,,£19.99,19.99,specification,Waistband Type,Stretch Waistband,specification,Garment Length,Knee Length,specification,Trouser Type,Chinos,specification,Brand,Mango,specification,Occasion Type,Casual,specification,Country of Origin,Bangladesh,specification,Type & Number of Pockets,2 Side Pockets,specification,Drying Instructions,Do not tumble dry,specification,Pattern Details,Plain,,,,,,,,,,,,,,,,,,,,,,,,,,,,,,,,,
JohnLewis,2025-09-16,https://api.johnlewis.com/catalogue/graphql?113594537,https://www.johnlewis.com/mango-kids-bosco-cotton-drawstring-shorts-green/p113594537?size=8-years,113652739,"Mango Kids' Bosco Cotton Drawstring Shorts, Green, 8 years",Mango,19.99,,,,Green,8 years,,8447274808253,Homepage,Baby & Child,Boys' Clothes (2+ yrs),Boys' Shorts,,,,https://media.johnlewiscontent.com/i/JohnLewis/009972078,https://media.johnlewiscontent.com/i/JohnLewis/009972078alt1,https://media.johnlewiscontent.com/i/JohnLewis/009972078alt2,https://media.johnlewiscontent.com/i/JohnLewis/009972078alt3,https://media.johnlewiscontent.com/i/JohnLewis/009972078alt4,"Made from 100% cotton, this pair of shorts from Mango features an elasticated drawstring waist and two side pockets.",,,,,,,,,£19.99,19.99,specification,Waistband Type,Stretch Waistband,specification,Garment Length,Knee Length,specification,Trouser Type,Chinos,specification,Brand,Mango,specification,Occasion Type,Casual,specification,Country of Origin,Bangladesh,specification,Type & Number of Pockets,2 Side Pockets,specification,Drying Instructions,Do not tumble dry,specification,Pattern Details,Plain,,,,,,,,,,,,,,,,,,,,,,,,,,,,,,,,,
JohnLewis,2025-09-16,https://api.johnlewis.com/catalogue/graphql?113594537,https://www.johnlewis.com/mango-kids-bosco-cotton-drawstring-shorts-green/p113594537?size=9-years,113594353,"Mango Kids' Bosco Cotton Drawstring Shorts, Green, 9 years",Mango,19.99,,,,Green,9 years,,8447274808260,Homepage,Baby & Child,Boys' Clothes (2+ yrs),Boys' Shorts,,,,https://media.johnlewiscontent.com/i/JohnLewis/009972078,https://media.johnlewiscontent.com/i/JohnLewis/009972078alt1,https://media.johnlewiscontent.com/i/JohnLewis/009972078alt2,https://media.johnlewiscontent.com/i/JohnLewis/009972078alt3,https://media.johnlewiscontent.com/i/JohnLewis/009972078alt4,"Made from 100% cotton, this pair of shorts from Mango features an elasticated drawstring waist and two side pockets.",,,,,,,,,£19.99,19.99,specification,Waistband Type,Stretch Waistband,specification,Garment Length,Knee Length,specification,Trouser Type,Chinos,specification,Brand,Mango,specification,Occasion Type,Casual,specification,Country of Origin,Bangladesh,specification,Type & Number of Pockets,2 Side Pockets,specification,Drying Instructions,Do not tumble dry,specification,Pattern Details,Plain,,,,,,,,,,,,,,,,,,,,,,,,,,,,,,,,,
JohnLewis,2025-09-16,https://api.johnlewis.com/catalogue/graphql?113594537,https://www.johnlewis.com/mango-kids-bosco-cotton-drawstring-shorts-green/p113594537?size=10-years,113652736,"Mango Kids' Bosco Cotton Drawstring Shorts, Green, 10 years",Mango,19.99,,,,Green,10 years,,8447274808277,Homepage,Baby & Child,Boys' Clothes (2+ yrs),Boys' Shorts,,,,https://media.johnlewiscontent.com/i/JohnLewis/009972078,https://media.johnlewiscontent.com/i/JohnLewis/009972078alt1,https://media.johnlewiscontent.com/i/JohnLewis/009972078alt2,https://media.johnlewiscontent.com/i/JohnLewis/009972078alt3,https://media.johnlewiscontent.com/i/JohnLewis/009972078alt4,"Made from 100% cotton, this pair of shorts from Mango features an elasticated drawstring waist and two side pockets.",,,,,,,,,£19.99,19.99,specification,Waistband Type,Stretch Waistband,specification,Garment Length,Knee Length,specification,Trouser Type,Chinos,specification,Brand,Mango,specification,Occasion Type,Casual,specification,Country of Origin,Bangladesh,specification,Type & Number of Pockets,2 Side Pockets,specification,Drying Instructions,Do not tumble dry,specification,Pattern Details,Plain,,,,,,,,,,,,,,,,,,,,,,,,,,,,,,,,,
JohnLewis,2025-09-16,https://api.johnlewis.com/catalogue/graphql?113594537,https://www.johnlewis.com/mango-kids-bosco-cotton-drawstring-shorts-green/p113594537?size=11-years,113655816,"Mango Kids' Bosco Cotton Drawstring Shorts, Green, 11 years",Mango,19.99,,,,Green,11 years,,8447274808284,Homepage,Baby & Child,Boys' Clothes (2+ yrs),Boys' Shorts,,,,https://media.johnlewiscontent.com/i/JohnLewis/009972078,https://media.johnlewiscontent.com/i/JohnLewis/009972078alt1,https://media.johnlewiscontent.com/i/JohnLewis/009972078alt2,https://media.johnlewiscontent.com/i/JohnLewis/009972078alt3,https://media.johnlewiscontent.com/i/JohnLewis/009972078alt4,"Made from 100% cotton, this pair of shorts from Mango features an elasticated drawstring waist and two side pockets.",,,,,,,,,£19.99,19.99,specification,Waistband Type,Stretch Waistband,specification,Garment Length,Knee Length,specification,Trouser Type,Chinos,specification,Brand,Mango,specification,Occasion Type,Casual,specification,Country of Origin,Bangladesh,specification,Type & Number of Pockets,2 Side Pockets,specification,Drying Instructions,Do not tumble dry,specification,Pattern Details,Plain,,,,,,,,,,,,,,,,,,,,,,,,,,,,,,,,,
JohnLewis,2025-09-16,https://api.johnlewis.com/catalogue/graphql?113594537,https://www.johnlewis.com/mango-kids-bosco-cotton-drawstring-shorts-green/p113594537?size=12-years,113652737,"Mango Kids' Bosco Cotton Drawstring Shorts, Green, 12 years",Mango,19.99,,,,Green,12 years,,8447274808291,Homepage,Baby & Child,Boys' Clothes (2+ yrs),Boys' Shorts,,,,https://media.johnlewiscontent.com/i/JohnLewis/009972078,https://media.johnlewiscontent.com/i/JohnLewis/009972078alt1,https://media.johnlewiscontent.com/i/JohnLewis/009972078alt2,https://media.johnlewiscontent.com/i/JohnLewis/009972078alt3,https://media.johnlewiscontent.com/i/JohnLewis/009972078alt4,"Made from 100% cotton, this pair of shorts from Mango features an elasticated drawstring waist and two side pockets.",,,,,,,,,£19.99,19.99,specification,Waistband Type,Stretch Waistband,specification,Garment Length,Knee Length,specification,Trouser Type,Chinos,specification,Brand,Mango,specification,Occasion Type,Casual,specification,Country of Origin,Bangladesh,specification,Type & Number of Pockets,2 Side Pockets,specification,Drying Instructions,Do not tumble dry,specification,Pattern Details,Plain,,,,,,,,,,,,,,,,,,,,,,,,,,,,,,,,,
JohnLewis,2025-09-16,https://api.johnlewis.com/catalogue/graphql?113594537,https://www.johnlewis.com/mango-kids-bosco-cotton-drawstring-shorts-green/p113594537?size=13-14-years,113594349,"Mango Kids' Bosco Cotton Drawstring Shorts, Green, 13-14 years",Mango,19.99,,,,Green,13-14 years,,8447274808307,Homepage,Baby & Child,Boys' Clothes (2+ yrs),Boys' Shorts,,,,https://media.johnlewiscontent.com/i/JohnLewis/009972078,https://media.johnlewiscontent.com/i/JohnLewis/009972078alt1,https://media.johnlewiscontent.com/i/JohnLewis/009972078alt2,https://media.johnlewiscontent.com/i/JohnLewis/009972078alt3,https://media.johnlewiscontent.com/i/JohnLewis/009972078alt4,"Made from 100% cotton, this pair of shorts from Mango features an elasticated drawstring waist and two side pockets.",,,,,,,,,£19.99,19.99,specification,Waistband Type,Stretch Waistband,specification,Garment Length,Knee Length,specification,Trouser Type,Chinos,specification,Brand,Mango,specification,Occasion Type,Casual,specification,Country of Origin,Bangladesh,specification,Type & Number of Pockets,2 Side Pockets,specification,Drying Instructions,Do not tumble dry,specification,Pattern Details,Plain,,,,,,,,,,,,,,,,,,,,,,,,,,,,,,,,,
JohnLewis,2025-09-16,https://api.johnlewis.com/catalogue/graphql?112804536,https://www.johnlewis.com/ray-ban-rb4840s-mega-wayfarer-sunglasses-sand-grey-blue-gradient/p112804536,112804263,"Ray-Ban RB4840S Mega Wayfarer Sunglasses, Sand Grey/Blue Gradient",Ray-Ban,193.00,,,,Sand Grey/Blue Gradient,,,8056262282496,Homepage,Women,Women's Sunglasses,,,,,https://media.johnlewiscontent.com/i/JohnLewis/112804263,https://media.johnlewiscontent.com/i/JohnLewis/112804263alt1,https://media.johnlewiscontent.com/i/JohnLewis/112804263alt2,https://media.johnlewiscontent.com/i/JohnLewis/112804263alt3,https://media.johnlewiscontent.com/i/JohnLewis/112804263alt4,"Classic and simple, with a D-frame shape these mega wayfarer sunglasses are designed by Ray-Ban. With a lightweight polycarbonate makeup for an impact-resistant piece, they come with gradient-tinted lenses.",,,,,,,,,£193.00,193.00,specification,Filter category,2N,specification,Sunglasses Style,D-Frame,specification,Brand,Ray-Ban,specification,Frame Colour,Grey,specification,Case,Hard,specification,Bridge Measurement,21mm,specification,Lens material,Polycarbonate,specification,Lens Type,Gradient,specification,Country of Origin,Italy,specification,Lens width,50mm,specification,Temple Measurement,145mm,,,,,,,,,,,,,,,,,,,,,,,,,,,
JohnLewis,2025-09-16,https://api.johnlewis.com/catalogue/graphql?114016649,https://www.johnlewis.com/mint-velvet-curved-hoop-earrings-gold/p114016649,114015767,"Mint Velvet Curved Hoop Earrings, Gold",Mint Velvet,22.00,,,,Gold,,,5054654700385,Homepage,Women,Women's Jewellery,Women's Earrings,,,,https://media.johnlewiscontent.com/i/JohnLewis/010269968,https://media.johnlewiscontent.com/i/JohnLewis/010269968alt1,https://media.johnlewiscontent.com/i/JohnLewis/010269968alt2,https://media.johnlewiscontent.com/i/JohnLewis/010269968alt3,https://media.johnlewiscontent.com/i/JohnLewis/010269968alt4,Bold gold-toned hoops from Mint Velvet with a striking curved design to sharpen your everyday style. Lightweight for comfort through your busiest days. Suitable for pierced ears only.,,,,,,,,,£22.00,22.00,specification,Can be personalised?,Cannot be Personalised,specification,Earring Type,"Hoop, Post",specification,Brand,Mint Velvet,specification,Country of Origin,China,,,,,,,,,,,,,,,,,,,,,,,,,,,,,,,,,,,,,,,,,,,,,,,,
JohnLewis,2025-09-16,https://api.johnlewis.com/catalogue/graphql?112546297,https://www.johnlewis.com/john-lewis-hem-stitch-gots-organic-cotton-tablecloth-blue/p112546297?size=l320-x-w160cm,112480240,"John Lewis Hem Stitch GOTS Organic Cotton Tablecloth, Blue, L320 x W160cm",John Lewis,40.00,,,,Blue,L320 x W160cm,,5063490265064,Homepage,Home & Garden,Tableware,Table Linen,,,,https://media.johnlewiscontent.com/i/JohnLewis/009143738,https://media.johnlewiscontent.com/i/JohnLewis/009143738alt2,https://media.johnlewiscontent.com/i/JohnLewis/009143738alt3,,,"Neatly stitched hems create a traditional decorative touch on this rectangular tablecloth. Made of pure GOTS organic cotton, it's machine washable for everyday use. Coordinate with our Hem Stitch napkins for a matching set of table linens. This product is made from certified GOTS (Global Organic Textile Standard) organic cotton and responsibly produced to strict environmental and social standards. The farming practices prohibit the use of toxic and persistent fertilisers, pesticides and genetic modification. Our tablecloths are often available in different sizes so we've created this size guide to help you find the best fit for your table. table.cq-sizeguidetable {width:100%; border-collapse: collapse; text-align:left; font-family: Arial; font-size:12px; border-bottom:1px solid #f4f2ec; margin-top:10px;padding-bottom:1px;}table.cq-sizeguidetable th {border-width: 0px;padding: 8px;background-color: #dedbd2;}table.cq-sizeguidetable td {border-width: 0px;padding: 8px;border-style: none;}table.cq-sizeguidetable td:first-child {font-weight:bold;}.cq-sizeguidetable tr:nth-child(odd){background-color: #f4f2ec;} Tablecloth to fit table (cm) Table sits L180 x W140 4 - 6 L230 x W140 6 L250 x W160 6 - 8 L280 x W160 8 L320 x W180 8 - 10 Diameter 180 4 - 6",,9,4.8,,,,,,£40.00,40.00,specification,Brand,John Lewis,specification,Country of Origin,India,specification,Drying Instructions,Do not tumble dry,specification,Shape,Rectangular,,,,,,,,,,,,,,,,,,,,,,,,,,,,,,,,,,,,,,,,,,,,,,,,
JohnLewis,2025-09-16,https://api.johnlewis.com/catalogue/graphql?112546297,https://www.johnlewis.com/john-lewis-hem-stitch-gots-organic-cotton-tablecloth-blue/p112546297?size=l180-x-w140cm,112480237,"John Lewis Hem Stitch GOTS Organic Cotton Tablecloth, Blue, L180 x W140cm",John Lewis,25.00,,,,Blue,L180 x W140cm,,5063490265057,Homepage,Home & Garden,Tableware,Table Linen,,,,https://media.johnlewiscontent.com/i/JohnLewis/009143738,https://media.johnlewiscontent.com/i/JohnLewis/009143738alt2,https://media.johnlewiscontent.com/i/JohnLewis/009143738alt3,,,"Neatly stitched hems create a traditional decorative touch on this rectangular tablecloth. Made of pure GOTS organic cotton, it's machine washable for everyday use. Coordinate with our Hem Stitch napkins for a matching set of table linens. This product is made from certified GOTS (Global Organic Textile Standard) organic cotton and responsibly produced to strict environmental and social standards. The farming practices prohibit the use of toxic and persistent fertilisers, pesticides and genetic modification. Our tablecloths are often available in different sizes so we've created this size guide to help you find the best fit for your table. table.cq-sizeguidetable {width:100%; border-collapse: collapse; text-align:left; font-family: Arial; font-size:12px; border-bottom:1px solid #f4f2ec; margin-top:10px;padding-bottom:1px;}table.cq-sizeguidetable th {border-width: 0px;padding: 8px;background-color: #dedbd2;}table.cq-sizeguidetable td {border-width: 0px;padding: 8px;border-style: none;}table.cq-sizeguidetable td:first-child {font-weight:bold;}.cq-sizeguidetable tr:nth-child(odd){background-color: #f4f2ec;} Tablecloth to fit table (cm) Table sits L180 x W140 4 - 6 L230 x W140 6 L250 x W160 6 - 8 L280 x W160 8 L320 x W180 8 - 10 Diameter 180 4 - 6",,9,4.8,,,,,,£25.00,25.00,specification,Brand,John Lewis,specification,Country of Origin,India,specification,Drying Instructions,Do not tumble dry,specification,Shape,Rectangular,,,,,,,,,,,,,,,,,,,,,,,,,,,,,,,,,,,,,,,,,,,,,,,,
JohnLewis,2025-09-16,https://api.johnlewis.com/catalogue/graphql?109572586,https://www.johnlewis.com/jools-by-jenny-brown-bee-cubic-zirconia-stud-earrings/silver/p109572586,109572307,"Jools by Jenny Brown Bee Cubic Zirconia Stud Earrings, Silver",Jools by Jenny Brown,85.00,,,,Silver,,,28509875,Homepage,Women,Women's Jewellery,Women's Earrings,,,,https://media.johnlewiscontent.com/i/JohnLewis/109572307,https://media.johnlewiscontent.com/i/JohnLewis/109572307alt1,https://media.johnlewiscontent.com/i/JohnLewis/109572307alt2,,,"Made with the finest AAA grade cubic zirconia stones for the ultimate sparkle, these cute stud earrings take the shape of a bee making them great for the queen bee in your life. Secured with post fittings, these earrings are for pierced ears only. This style comes packed in a gift package for perfect presentation.",,1,5.0,,,,,,£85.00,85.00,specification,Can be personalised?,Cannot be Personalised,specification,Earring Type,Stud,specification,Brand,Jools by Jenny Brown,specification,Stone Cut,Brilliant,specification,Country of Origin,Hong Kong,,,,,,,,,,,,,,,,,,,,,,,,,,,,,,,,,,,,,,,,,,,,,
JohnLewis,2025-09-16,https://api.johnlewis.com/catalogue/graphql?109572586,https://www.johnlewis.com/jools-by-jenny-brown-bee-cubic-zirconia-stud-earrings/yellow-gold/p109572586,109572292,"Jools by Jenny Brown Bee Cubic Zirconia Stud Earrings, Gold/Black",Jools by Jenny Brown,89.00,,,,Yellow Gold,,,27922378,Homepage,Women,Women's Jewellery,Women's Earrings,,,,https://media.johnlewiscontent.com/i/JohnLewis/109572292,https://media.johnlewiscontent.com/i/JohnLewis/109572292alt1,https://media.johnlewiscontent.com/i/JohnLewis/109572292alt2,,,"Made with the finest AAA grade cubic zirconia stones for the ultimate sparkle, these cute stud earrings take the shape of a bee making them great for the queen bee in your life. Secured with post fittings, these earrings are for pierced ears only. This style comes packed in a gift package for perfect presentation.",,1,5.0,,,,,,£89.00,89.00,specification,Can be personalised?,Cannot be Personalised,specification,Earring Type,Stud,specification,Brand,Jools by Jenny Brown,specification,Stone Cut,Brilliant,specification,Country of Origin,Hong Kong,,,,,,,,,,,,,,,,,,,,,,,,,,,,,,,,,,,,,,,,,,,,,
