source,date,apiURL,url,sku,name,brand,price,previousPrice,onSale,saleText,colour,size,UPC,EAN,cat,subcat1,subcat2,subcat3,subcat4,subcat5,warranty,image1,image2,image3,image4,image5,desc,shortDesc,reviewCount,reviewRating,videoURL,isSellingFast,isRestockingSoon,isPromotion,isOutletPrice,lowestPriceText,lowestPriceValue,attributeType1,attributeTitle1,attributeValue1,attributeType2,attributeTitle2,attributeValue2,attributeType3,attributeTitle3,attributeValue3,attributeType4,attributeTitle4,attributeValue4,attributeType5,attributeTitle5,attributeValue5,attributeType6,attributeTitle6,attributeValue6,attributeType7,attributeTitle7,attributeValue7,attributeType8,attributeTitle8,attributeValue8,attributeType9,attributeTitle9,attributeValue9,attributeType10,attributeTitle10,attributeValue10,attributeType11,attributeTitle11,attributeValue11,attributeType12,attributeTitle12,attributeValue12,attributeType13,attributeTitle13,attributeValue13,attributeType14,attributeTitle14,attributeValue14,attributeType15,attributeTitle15,attributeValue15,attributeType16,attributeTitle16,attributeValue16,attributeType17,attributeTitle17,attributeValue17,attributeType18,attributeTitle18,attributeValue18,attributeType19,attributeTitle19,attributeValue19,attributeType20,attributeTitle20,attributeValue20
oneplus.com,2025-09-21,https://mallapi-eu.oneplus.com/v2/api/rest/mall/product/detail/fetch?productCode=P1120081&bindSource=https://www.oneplus.com/uk/product/product/oneplus-pad-lite-folio-case,https://www.oneplus.com/uk/product/product/oneplus-pad-lite-folio-case,5511100699,OnePlus Pad Lite Folio Case Blue,OnePlus,34.99,,,,Blue,,,,Home,Tablet,OnePlus Pad Lite Folio Case,Buy,,,,https://image01-eu.oneplus.net/media/202506/26/b772045595546c1628435d64d950b0ec.png,https://image01-eu.oneplus.net/media/202506/26/8adb6538f242b5a03af174e8458a76d4.png,https://image01-eu.oneplus.net/media/202506/26/d91fcac3ff1e290118c6aa10eee85223.png,,,Buy OnePlus Pad Lite Folio Case,,,,,,,,,£34.99,34.99,,,,,,,,,,,,,,,,,,,,,,,,,,,,,,,,,,,,,,,,,,,,,,,,,,,,,,,,,,,,
oneplus.com,2025-09-21,https://mallapi-eu.oneplus.com/v2/api/rest/mall/product/detail/fetch?productCode=P1120089&bindSource=https://www.oneplus.com/uk/product/product/oneplus-watch-strap-18mm,https://www.oneplus.com/uk/product/product/oneplus-watch-strap-18mm,5491100456,OnePlus Watch Strap 18mm Light Grey,OnePlus,29.99,,,,Light Grey,,,,Home,Wearables,OnePlus Watch Strap 18mm,Buy,,,,https://image01-eu.oneplus.net/media/202506/26/b6e57faf8ae2642738de04d037b8d14f.png,https://image01-eu.oneplus.net/media/202506/26/1d8ccff8d3020ea1f38920e02db64ca0.png,,,,Buy OnePlus Watch Strap 18mm,,,,,,,,,£29.99,29.99,,,,,,,,,,,,,,,,,,,,,,,,,,,,,,,,,,,,,,,,,,,,,,,,,,,,,,,,,,,,
oneplus.com,2025-09-21,https://mallapi-eu.oneplus.com/v2/api/rest/mall/product/detail/fetch?productCode=P1120089&bindSource=https://www.oneplus.com/uk/product/product/oneplus-watch-strap-18mm,https://www.oneplus.com/uk/product/product/oneplus-watch-strap-18mm,5491100457,OnePlus Watch Strap 18mm Black,OnePlus,29.99,,,,Black,,,,Home,Wearables,OnePlus Watch Strap 18mm,Buy,,,,https://image01-eu.oneplus.net/media/202506/26/828bcd6761ecfe957ccc480c22fcbdbb.png,https://image01-eu.oneplus.net/media/202506/26/11570afedd0c04aa2b786d30ba506006.png,,,,Buy OnePlus Watch Strap 18mm,,,,,,,,,£29.99,29.99,,,,,,,,,,,,,,,,,,,,,,,,,,,,,,,,,,,,,,,,,,,,,,,,,,,,,,,,,,,,
oneplus.com,2025-09-21,https://mallapi-eu.oneplus.com/v2/api/rest/mall/product/detail/fetch?productCode=P1120091&bindSource=https://www.oneplus.com/uk/product/product/oneplus-everyday-sling-bag,https://www.oneplus.com/uk/product/product/oneplus-everyday-sling-bag,5431101937,OnePlus Everyday Sling Bag Black,OnePlus,69.99,,,,Black,,,,Home,Lifestyle,OnePlus Everyday Sling Bag,Buy,,,,https://image01-eu.oneplus.net/media/202507/18/d32e014e686a96d1390616c6bf2f9242.png,https://image01-eu.oneplus.net/media/202507/18/b7467b293b5d48373bbfb8f5870c9c05.png,,,,Buy OnePlus Everyday Sling Bag,,,,,,,,,£69.99,69.99,,,,,,,,,,,,,,,,,,,,,,,,,,,,,,,,,,,,,,,,,,,,,,,,,,,,,,,,,,,,
oneplus.com,2025-09-21,https://mallapi-eu.oneplus.com/v2/api/rest/mall/product/detail/fetch?productCode=P1120090&bindSource=https://www.oneplus.com/uk/product/product/oneplus-supervooc-150w-power-bank,https://www.oneplus.com/uk/product/product/oneplus-supervooc-150w-power-bank,5411100017,OnePlus SUPERVOOC 150W Power Bank Silver 20000mAh,OnePlus,99.99,,,,Silver,,,,Home,Power & Cables,OnePlus SUPERVOOC 150W Power Bank,Buy,,,,https://image01-eu.oneplus.net/media/202506/26/f39b8007a9a16504d006d88d6370099f.png,https://image01-eu.oneplus.net/media/202506/26/766ba8d5b27fc8678f47e71828f3231f.png,https://image01-eu.oneplus.net/media/202506/26/57bbbdade95a0422dd141f3b9a845a45.png,https://image01-eu.oneplus.net/media/202506/26/8a5f02ec2b3aaf024af4afeee28b7a4b.png,,Buy OnePlus SUPERVOOC 150W Power Bank 2000mAh,,,,,,,,,£99.99,99.99,,,,,,,,,,,,,,,,,,,,,,,,,,,,,,,,,,,,,,,,,,,,,,,,,,,,,,,,,,,,
oneplus.com,2025-09-21,https://mallapi-eu.oneplus.com/v2/api/rest/mall/product/detail/fetch?productCode=P1120082&bindSource=https://www.oneplus.com/uk/buy-oneplus-watch-3-43mm,https://www.oneplus.com/uk/buy-oneplus-watch-3-43mm,5491100421,OnePlus Watch 3 43mm Bluetooth/WiFi 43mm Black Steel,OnePlus,249.00,269.00,Y,7% off,Black Steel,,,,Home,Wearables,OnePlus Watch 3 43mm,Buy,,,,https://image01-eu.oneplus.net/media/202507/01/aa1eaa369d23d6a9ea01b67c50b7f642.png,https://image01-eu.oneplus.net/media/202507/01/0916f3d80c0a0ebd1aa539f3c74c1044.png,https://image01-eu.oneplus.net/media/202507/01/615fcf23e5f385442bda40f2551bd668.png,,,"Buy the OnePlus Watch 3 43mm online at the official OnePlus UK Store, this elegant and intelligent wearable offers smart performance and unmatched endurance.",,,,,,,,,£249.00,249.00,specification,Case,Stainless steel,specification,Strap,Fluoroelastomer Strap,specification,Wrist Size,130mm-210mm,specification,Size,Approximately  43.2mm x 43.2mm x 11mm?excluding PPG?,specification,Weight,Approximately  37.8g (excluding strap),specification,Screen Size,1.32 inches,specification,Panel type,AMOLED,specification,Resolution,466 x 466 pixels,specification,Pixel Density,352PPI,specification,Cover Glasses,2.5D Glass,specification,Processor,"Processor?Snapdragon® W5 Gen 1 Wearable Platform, MCU?BES2800BP",specification,Storage,2GB RAM+32GB ROM,specification,Battery,354mAh (typical)  ?345mAh (rated),specification,Battery life for standard use in smart mode,Up to 60h,specification,Battery life for heavy use in smart mode,Up to 36h,specification,Battery life in power saver mode,Up to 7 days,specification,Fast Charging,"10 minutes charge for up to 24 hours of normal use, Up to 100% charge in about an hour",specification,Health and Wellness,"Mind and Body, Breathing, Cycle Tracker, All-day SpO2 tracking, Low SpO2 alerts, All-day Heart rate tracking, High and low heart rate notifications, All-day sleep recording (deep sleep, light sleep, REM, awake), Sleep Quality Score, Respiratory rate, Sleep Snoring Risk Assessment, Sleep Blood Oxygen, Sleep Daily Report, Smart enter sleep mode, Daily activity and Get-up reminders, Fall Detection, Emergency SOS, Health Insights?Analysis vital signs of staying up late, Sleep benchmark heart rate monitoring?Europe and North America regions have limited functionality?, OHealth?Supports integration with Google Health Connect service and Strava",specification,Workouts,"100+ sports modes, Professional sports mode:, 1. Skiing (speed, drop, slope, number of trips, full and single trip distance, etc.), 2. Running (cadence, stride length, ground contact time, vertical amplitude, vertical stride ratio, left and right ground contact balance, running power? Professional indicator analysis: aerobic training effect, cardiorespiratory capacity, recovery time, heart rate recovery rate, running posture, playground running mode?Fat burning mode, Fat Burning Evaluation), 3. Tennis (swing speed, total strokes, serve, forehand, backhand), 4. Badminton (swing speed, number of swings, longest continuous shot, forehand, backhand, overhand, underhand), 5. Swimming (100-meter pace, number of laps, distance, number of strokes, swolf), 6. Rope skipping (number of times, speed), 7. Mountain climbing (distance, altitude, cumulative climb, cumulative descent), 8. Walking (distance, number of steps, cadence), 9. Cycling (distance, speed, altitude, cumulative climb), 10. Elliptical machine (cadence, number of steps), 11. Rowing machine (paddle frequency, number of strokes), 6 types of automatic recognition (running, walking, cycling, swimming, rowing machine, elliptical machine)",specification,Call Performance,Bluetooth® calling
oneplus.com,2025-09-21,https://mallapi-eu.oneplus.com/v2/api/rest/mall/product/detail/fetch?productCode=P1120082&bindSource=https://www.oneplus.com/uk/buy-oneplus-watch-3-43mm,https://www.oneplus.com/uk/buy-oneplus-watch-3-43mm,5491100422,OnePlus Watch 3 43mm Silver Steel Bluetooth/WiFi 43mm,OnePlus,249.00,269.00,Y,7% off,Silver Steel,,,,Home,Wearables,OnePlus Watch 3 43mm,Buy,,,,https://image01-eu.oneplus.net/media/202506/20/9f78123f1ca0b6db86ab76ace5832592.png,https://image01-eu.oneplus.net/media/202506/20/cdc9cc5258f93be33cf259e83ef8859a.png,https://image01-eu.oneplus.net/media/202506/20/a70e7bd5766f7b4ccd86cf7d26946c8a.png,,,"Buy the OnePlus Watch 3 43mm online at the official OnePlus UK Store, this elegant and intelligent wearable offers smart performance and unmatched endurance.",,,,,,,,,£249.00,249.00,specification,Case,Stainless steel,specification,Strap,Fluoroelastomer Strap,specification,Wrist Size,130mm-210mm,specification,Size,Approximately  43.2mm x 43.2mm x 11mm?excluding PPG?,specification,Weight,Approximately  37.8g (excluding strap),specification,Screen Size,1.32 inches,specification,Panel type,AMOLED,specification,Resolution,466 x 466 pixels,specification,Pixel Density,352PPI,specification,Cover Glasses,2.5D Glass,specification,Processor,"Processor?Snapdragon® W5 Gen 1 Wearable Platform, MCU?BES2800BP",specification,Storage,2GB RAM+32GB ROM,specification,Battery,354mAh (typical)  ?345mAh (rated),specification,Battery life for standard use in smart mode,Up to 60h,specification,Battery life for heavy use in smart mode,Up to 36h,specification,Battery life in power saver mode,Up to 7 days,specification,Fast Charging,"10 minutes charge for up to 24 hours of normal use, Up to 100% charge in about an hour",specification,Health and Wellness,"Mind and Body, Breathing, Cycle Tracker, All-day SpO2 tracking, Low SpO2 alerts, All-day Heart rate tracking, High and low heart rate notifications, All-day sleep recording (deep sleep, light sleep, REM, awake), Sleep Quality Score, Respiratory rate, Sleep Snoring Risk Assessment, Sleep Blood Oxygen, Sleep Daily Report, Smart enter sleep mode, Daily activity and Get-up reminders, Fall Detection, Emergency SOS, Health Insights?Analysis vital signs of staying up late, Sleep benchmark heart rate monitoring?Europe and North America regions have limited functionality?, OHealth?Supports integration with Google Health Connect service and Strava",specification,Workouts,"100+ sports modes, Professional sports mode:, 1. Skiing (speed, drop, slope, number of trips, full and single trip distance, etc.), 2. Running (cadence, stride length, ground contact time, vertical amplitude, vertical stride ratio, left and right ground contact balance, running power? Professional indicator analysis: aerobic training effect, cardiorespiratory capacity, recovery time, heart rate recovery rate, running posture, playground running mode?Fat burning mode, Fat Burning Evaluation), 3. Tennis (swing speed, total strokes, serve, forehand, backhand), 4. Badminton (swing speed, number of swings, longest continuous shot, forehand, backhand, overhand, underhand), 5. Swimming (100-meter pace, number of laps, distance, number of strokes, swolf), 6. Rope skipping (number of times, speed), 7. Mountain climbing (distance, altitude, cumulative climb, cumulative descent), 8. Walking (distance, number of steps, cadence), 9. Cycling (distance, speed, altitude, cumulative climb), 10. Elliptical machine (cadence, number of steps), 11. Rowing machine (paddle frequency, number of strokes), 6 types of automatic recognition (running, walking, cycling, swimming, rowing machine, elliptical machine)",specification,Call Performance,Bluetooth® calling
oneplus.com,2025-09-21,https://mallapi-eu.oneplus.com/v2/api/rest/mall/product/detail/fetch?productCode=P1120077&bindSource=https://www.oneplus.com/uk/product/product/oneplus-buds-4,https://www.oneplus.com/uk/product/product/oneplus-buds-4,5481158909,OnePlus Buds 4 Storm Gray,OnePlus,99.00,119.00,Y,16% off,Storm Gray,,,,Home,Audio,OnePlus Buds 4,Buy,,,,https://image01-eu.oneplus.net/media/202506/20/585080e6513801a2d7441dec8b48b151.png,https://image01-eu.oneplus.net/media/202506/20/7a775b4c3341b1aa7b05cea913c49deb.png,https://image01-eu.oneplus.net/media/202506/20/0c78b2d0bd7767ed91213d62286b4b5f.png,https://image01-eu.oneplus.net/media/202506/20/45e03cde835234b3d8550d218432a17f.png,,The all new OnePlus Buds 4 availabe now with the best price and exclusive discounts at OnePlus Online Store. Enjoy your time with the newest audio now!,,,,,,,,,£99.00,99.00,specification,Colorways,"Zen Green, Storm Gray",specification,Dimensions,"Earbuds: 31*20.6*24.2mm, Charging case: 65.4*52.4*25.3mm",specification,Weight,"Earbuds: 4.73 ± 0.2 g, Charging case: 39.57 ± 1 g, Total: 49.02 ± 1 g",specification,Drivers,11mm woofer + 6mm tweeter,specification,Frequency Response,15Hz~40KHz,specification,Driver Sensitivity,118±1.3dB @1mW,specification,Microphone Sensitivity,-38±1dB,specification,Microphones,3 mics per side,specification,Impedance,"18? ± 15%, 10? ± 15%",specification,Sound Pressure,96.5dB,specification,Rated Power,10mW,specification,Noise Cancellation Type,Real-Time Adaptive Active Noise Cancellation,specification,Noise Reduction Depth,Up to 55dB,specification,Noise Reduction Frequency Range,"Up to 5,500Hz",specification,Noise Control Modes,ANC on / Adaptive Mode / Transparency Mode / ANC off,specification,Noise Cancellation,3-mic AI Call Noise Cancellation,specification,Bluetooth® Codec,LHDC 5.0 / AAC / SBC,specification,Bluetooth® Version,Bluetooth® 5.4 with Steady Connect,specification,Bluetooth® Effective Distance,10m,specification,Bluetooth® Transmission Protocol,HFP/A2DP/AVRCP
oneplus.com,2025-09-21,https://mallapi-eu.oneplus.com/v2/api/rest/mall/product/detail/fetch?productCode=P1120077&bindSource=https://www.oneplus.com/uk/product/product/oneplus-buds-4,https://www.oneplus.com/uk/product/product/oneplus-buds-4,5481158910,OnePlus Buds 4 Zen Green,OnePlus,99.00,119.00,Y,16% off,Zen Green,,,,Home,Audio,OnePlus Buds 4,Buy,,,,https://image01-eu.oneplus.net/media/202506/20/d796a256d9bc6744b23c3d10fe7c205f.png,https://image01-eu.oneplus.net/media/202506/20/a2d453059dd16ff21447446240c5bfb1.png,https://image01-eu.oneplus.net/media/202506/20/213aa160481eba862ef0dde90c53a177.png,https://image01-eu.oneplus.net/media/202506/20/ef155cc5f2266080176aac3b8f8242e1.png,,The all new OnePlus Buds 4 availabe now with the best price and exclusive discounts at OnePlus Online Store. Enjoy your time with the newest audio now!,,,,,,,,,£99.00,99.00,specification,Colorways,"Zen Green, Storm Gray",specification,Dimensions,"Earbuds: 31*20.6*24.2mm, Charging case: 65.4*52.4*25.3mm",specification,Weight,"Earbuds: 4.73 ± 0.2 g, Charging case: 39.57 ± 1 g, Total: 49.02 ± 1 g",specification,Drivers,11mm woofer + 6mm tweeter,specification,Frequency Response,15Hz~40KHz,specification,Driver Sensitivity,118±1.3dB @1mW,specification,Microphone Sensitivity,-38±1dB,specification,Microphones,3 mics per side,specification,Impedance,"18? ± 15%, 10? ± 15%",specification,Sound Pressure,96.5dB,specification,Rated Power,10mW,specification,Noise Cancellation Type,Real-Time Adaptive Active Noise Cancellation,specification,Noise Reduction Depth,Up to 55dB,specification,Noise Reduction Frequency Range,"Up to 5,500Hz",specification,Noise Control Modes,ANC on / Adaptive Mode / Transparency Mode / ANC off,specification,Noise Cancellation,3-mic AI Call Noise Cancellation,specification,Bluetooth® Codec,LHDC 5.0 / AAC / SBC,specification,Bluetooth® Version,Bluetooth® 5.4 with Steady Connect,specification,Bluetooth® Effective Distance,10m,specification,Bluetooth® Transmission Protocol,HFP/A2DP/AVRCP
oneplus.com,2025-09-21,https://mallapi-eu.oneplus.com/v2/api/rest/mall/product/detail/fetch?productCode=P1120083&bindSource=https://www.oneplus.com/uk/oneplus-nord-5,https://www.oneplus.com/uk/oneplus-nord-5,5011113304,OnePlus Nord 5 Dry Ice 12 GB RAM + 512 GB ROM,OnePlus,499.00,,,,Dry Ice,12 GB RAM + 512 GB ROM,,,Home,Phone,OnePlus Nord 5,Buy,,,,https://image01-eu.oneplus.net/media/202506/20/945fd968fb4dcd344b90aa90c8a7f1bd.png,https://image01-eu.oneplus.net/media/202506/20/0b338fa66d77fa49aba4cbfea96adb65.png,https://image01-eu.oneplus.net/media/202506/20/a81d7f4c5dd1da17d7adeb6988a421c8.png,,,Buy the OnePlus Nord 5 with Qualcomm Snapdragon 8s Gen 3 chip in the official OnePlus UK Online Store and enjoy smooth performance and all-day reliability.,,,,,,,,,£499.00,499.00,specification,Height,163.41 mm,specification,Width,77.04 mm,specification,Thickness,8.1 mm,specification,Weight,211g,specification,Parameters,"Aspect Ratio: 19.8:9, Size: 6.83"" (measured diagonally from corner to corner), Resolution: 1.5K (FHD+), 2800 x 1272, Pixel density: 450 ppi, Screen-to-body Ratio: 93.6%, Refresh Rate: Up to 144Hz (60/90/120/144Hz), Panel Type: Swift AMOLED with Ultra HDR support, Adjustible / Full-screen (HBM) / Peak Brightness: 800 / 1400 / 1800 nits, Color: 10-bit (1.07 billion colors), Support sRGB, DCI-P3, 100% DCI-P3, Touch Response (Instantaneous): Up to 3000 Hz, Eye-care Pulse-Width Modulation: 3840 Hz, Sun-amp technology: Yes, Protective Material: Corning Gorilla Glass 7i (exclusively co-developed material)",specification,Features,"Multi-brightness color calibration, Screen color temperature, Manual Brightness, Auto Brightness, Color vision enhancement, Color personalization, Screen color mode, Eye comfort, Nature tone display, Bed time mode, Night Mode",specification,Performance,"Operating System: OxygenOS 15.0 based on Android? 15, CPU: Qualcomm® Snapdragon? 8s Gen 3 Mobile Platform, GPU: Qualcomm® Adreno? 735, RAM: 8 / 12GB LPDDR5X with OnePlus RAM-Vitalization, RAM Expansion: 4/6/8GB (8GB RAM), 4/8/12GB (12GB RAM), Storage: 256/512GB UFS 3.1, Available configurations: 8GB + 256GB / 12GB + 512GB, Heat dissipation area: 32207mm², Battery: 5,200 mAh (Single-cell non-removable), 80W SUPERVOOC Charging / 18W PD?55W PPS?, Reverse Charging: 5W (Wired only), Bypass Charging: Yes, Haptics: X-axis motor, Certification: TÜV SÜD 72-month Fluency Rating A",specification,Main Camera,"Autofocus: Yes, Sensor Size: 1/1.56"", Megapixels: 50, Pixel Size: 1.0 µm, Lens Quantity: 6P, Aperture: ?/1.8, Field of View: 84°, Sensor: Sony LYT-700 CMOS (aka IMX906), Tri-axis Optical Image Stabilization: Yes, Tri-axis Electronic Image Stabilization: Yes, Focal Length: 24 mm equivalent",specification,Ultra-Wide,"Pixel Size: 1.12 µm, Megapixels: 8, Macro: 3.5 cm, Autofocus: Yes, Sensor: OV08D10, Sensor Size: 1/4"", Lens Quantity: 5P, Tri-axis Electronic Image Stabilization: Yes, Focal Length: 15 mm equivalent, Field of View: 116°",specification,Flash,LED,specification,Zoom,0.6-20x digital zoom,specification,Video,"Video Editor, Dual-view video at 1080p, 30 fps, 4K video at 60/30 fps, 1080p video at 60/30 fps, 720p video at 30 fps, EIS/OIS video: 4K video at 60/30 fps, 1080p video at 60/30 fps (default), 720p video at 30 fps, Slo-mo video at 1080p at 120 fps, 720p at 240 fps, Time-lapse at 4K video at 30 fps, 1080p video at 30 fps, Digital zoom: Up to 18x, Video zoom: 4K video at 60/30 fps, 1080p video at 60/30 fps, 720p video at 30 fps, Cinematic: 3840x1644 at 30 fps",specification,Features,"Photo, Video, Portrait, Nightscape, Pro Mode, Panorama, Cinematic, Slo-mo, Long Exposure, Dual-view Video, Time-lapse, Text-scanner, Hi-Res Mode, Tilt-shift, Google Lens.",specification,Front Camera,"Field of View: 90°, Focal Length: 21 mm equivalent, Lens Quantity: 5P, Sensor: SAMSUNG ISOCELL JN5, Sensor Size: 1/2.75"", Megapixels: 50, Pixel Size: 0.64 µm, Tri-axis Electronic Image Stabilization: Yes, Autofocus: Yes, Aperture: ?/2.0",specification,Front Camera Video,"4K video at 60/30 fps, 1080p video at 60/30 fps, 720p video at 30 fps (beautification on 1080p 30 fps or 720p 30 fps only), Steady Mode: 1080p video at 60 fps",specification,Front Camera Features,"Face Unlock, Photo, Video, Portrait, Nightscape Selfie, Panorama Selfie, Dual-view Video, Time-lapse. Slo-Mo, Retouch, Screen Flash",specification,eSIM,No,specification,Dual SIM,Yes (with Dual SIM Dual Active support),specification,LTE/LTE-A,"4×4 MIMO, Supports up to DL Cat 19/UL Cat 18 (1600Mbps/200Mbps), depending on carrier support",specification,LTE,"GSM: 850/900/1800/1900MHz, *Network connectivity may vary depending on carrier?s network and related service deployment., LTE-FDD: Bands 1/2/3/4/5/7/8/12/17/18/19/20/26/28/32/66, LTE-TDD: Bands 38/39/40/41/42, 5G NR: n1/n2/n3/n5/n7/n8/n12/n20/n28/n38/n40/n41/n66/n75/n77/n78"
oneplus.com,2025-09-21,https://mallapi-eu.oneplus.com/v2/api/rest/mall/product/detail/fetch?productCode=P1120083&bindSource=https://www.oneplus.com/uk/oneplus-nord-5,https://www.oneplus.com/uk/oneplus-nord-5,5011113305,OnePlus Nord 5 8 GB RAM + 256 GB ROM Phantom Grey,OnePlus,399.00,,,,Phantom Grey,8 GB RAM + 256 GB ROM,,,Home,Phone,OnePlus Nord 5,Buy,,,,https://image01-eu.oneplus.net/media/202506/30/cd96b8c5d2b7d10034ef5fa5d9beafb5.png,https://image01-eu.oneplus.net/media/202506/30/c2ba495e830e702fe09d76b697fd9dff.png,https://image01-eu.oneplus.net/media/202506/30/d0c525214fa07df6199e1494a5d8db5d.png,,,Buy the OnePlus Nord 5 with Qualcomm Snapdragon 8s Gen 3 chip in the official OnePlus UK Online Store and enjoy smooth performance and all-day reliability.,,,,,,,,,£399.00,399.00,specification,Height,163.41 mm,specification,Width,77.04 mm,specification,Thickness,8.1 mm,specification,Weight,211g,specification,Parameters,"Aspect Ratio: 19.8:9, Size: 6.83"" (measured diagonally from corner to corner), Resolution: 1.5K (FHD+), 2800 x 1272, Pixel density: 450 ppi, Screen-to-body Ratio: 93.6%, Refresh Rate: Up to 144Hz (60/90/120/144Hz), Panel Type: Swift AMOLED with Ultra HDR support, Adjustible / Full-screen (HBM) / Peak Brightness: 800 / 1400 / 1800 nits, Color: 10-bit (1.07 billion colors), Support sRGB, DCI-P3, 100% DCI-P3, Touch Response (Instantaneous): Up to 3000 Hz, Eye-care Pulse-Width Modulation: 3840 Hz, Sun-amp technology: Yes, Protective Material: Corning Gorilla Glass 7i (exclusively co-developed material)",specification,Features,"Multi-brightness color calibration, Screen color temperature, Manual Brightness, Auto Brightness, Color vision enhancement, Color personalization, Screen color mode, Eye comfort, Nature tone display, Bed time mode, Night Mode",specification,Performance,"Operating System: OxygenOS 15.0 based on Android? 15, CPU: Qualcomm® Snapdragon? 8s Gen 3 Mobile Platform, GPU: Qualcomm® Adreno? 735, RAM: 8 / 12GB LPDDR5X with OnePlus RAM-Vitalization, RAM Expansion: 4/6/8GB (8GB RAM), 4/8/12GB (12GB RAM), Storage: 256/512GB UFS 3.1, Available configurations: 8GB + 256GB / 12GB + 512GB, Heat dissipation area: 32207mm², Battery: 5,200 mAh (Single-cell non-removable), 80W SUPERVOOC Charging / 18W PD?55W PPS?, Reverse Charging: 5W (Wired only), Bypass Charging: Yes, Haptics: X-axis motor, Certification: TÜV SÜD 72-month Fluency Rating A",specification,Main Camera,"Autofocus: Yes, Sensor Size: 1/1.56"", Megapixels: 50, Pixel Size: 1.0 µm, Lens Quantity: 6P, Aperture: ?/1.8, Field of View: 84°, Sensor: Sony LYT-700 CMOS (aka IMX906), Tri-axis Optical Image Stabilization: Yes, Tri-axis Electronic Image Stabilization: Yes, Focal Length: 24 mm equivalent",specification,Ultra-Wide,"Pixel Size: 1.12 µm, Megapixels: 8, Macro: 3.5 cm, Autofocus: Yes, Sensor: OV08D10, Sensor Size: 1/4"", Lens Quantity: 5P, Tri-axis Electronic Image Stabilization: Yes, Focal Length: 15 mm equivalent, Field of View: 116°",specification,Flash,LED,specification,Zoom,0.6-20x digital zoom,specification,Video,"Video Editor, Dual-view video at 1080p, 30 fps, 4K video at 60/30 fps, 1080p video at 60/30 fps, 720p video at 30 fps, EIS/OIS video: 4K video at 60/30 fps, 1080p video at 60/30 fps (default), 720p video at 30 fps, Slo-mo video at 1080p at 120 fps, 720p at 240 fps, Time-lapse at 4K video at 30 fps, 1080p video at 30 fps, Digital zoom: Up to 18x, Video zoom: 4K video at 60/30 fps, 1080p video at 60/30 fps, 720p video at 30 fps, Cinematic: 3840x1644 at 30 fps",specification,Features,"Photo, Video, Portrait, Nightscape, Pro Mode, Panorama, Cinematic, Slo-mo, Long Exposure, Dual-view Video, Time-lapse, Text-scanner, Hi-Res Mode, Tilt-shift, Google Lens.",specification,Front Camera,"Field of View: 90°, Focal Length: 21 mm equivalent, Lens Quantity: 5P, Sensor: SAMSUNG ISOCELL JN5, Sensor Size: 1/2.75"", Megapixels: 50, Pixel Size: 0.64 µm, Tri-axis Electronic Image Stabilization: Yes, Autofocus: Yes, Aperture: ?/2.0",specification,Front Camera Video,"4K video at 60/30 fps, 1080p video at 60/30 fps, 720p video at 30 fps (beautification on 1080p 30 fps or 720p 30 fps only), Steady Mode: 1080p video at 60 fps",specification,Front Camera Features,"Face Unlock, Photo, Video, Portrait, Nightscape Selfie, Panorama Selfie, Dual-view Video, Time-lapse. Slo-Mo, Retouch, Screen Flash",specification,eSIM,No,specification,Dual SIM,Yes (with Dual SIM Dual Active support),specification,LTE/LTE-A,"4×4 MIMO, Supports up to DL Cat 19/UL Cat 18 (1600Mbps/200Mbps), depending on carrier support",specification,LTE,"GSM: 850/900/1800/1900MHz, *Network connectivity may vary depending on carrier?s network and related service deployment., LTE-FDD: Bands 1/2/3/4/5/7/8/12/17/18/19/20/26/28/32/66, LTE-TDD: Bands 38/39/40/41/42, 5G NR: n1/n2/n3/n5/n7/n8/n12/n20/n28/n38/n40/n41/n66/n75/n77/n78"
oneplus.com,2025-09-21,https://mallapi-eu.oneplus.com/v2/api/rest/mall/product/detail/fetch?productCode=P1120083&bindSource=https://www.oneplus.com/uk/oneplus-nord-5,https://www.oneplus.com/uk/oneplus-nord-5,5011113306,OnePlus Nord 5 Marble Sands 8 GB RAM + 256 GB ROM,OnePlus,399.00,,,,Marble Sands,8 GB RAM + 256 GB ROM,,,Home,Phone,OnePlus Nord 5,Buy,,,,https://image01-eu.oneplus.net/media/202506/20/c90b7e8798916adaac336ce9279f4741.png,https://image01-eu.oneplus.net/media/202506/20/08457a0583cec478374d3bcfa84ab210.png,https://image01-eu.oneplus.net/media/202506/20/728911c2bc0b1e1fb8ceaf8b192911b9.png,,,Buy the OnePlus Nord 5 with Qualcomm Snapdragon 8s Gen 3 chip in the official OnePlus UK Online Store and enjoy smooth performance and all-day reliability.,,,,,,,,,£399.00,399.00,specification,Height,163.41 mm,specification,Width,77.04 mm,specification,Thickness,8.1 mm,specification,Weight,211g,specification,Parameters,"Aspect Ratio: 19.8:9, Size: 6.83"" (measured diagonally from corner to corner), Resolution: 1.5K (FHD+), 2800 x 1272, Pixel density: 450 ppi, Screen-to-body Ratio: 93.6%, Refresh Rate: Up to 144Hz (60/90/120/144Hz), Panel Type: Swift AMOLED with Ultra HDR support, Adjustible / Full-screen (HBM) / Peak Brightness: 800 / 1400 / 1800 nits, Color: 10-bit (1.07 billion colors), Support sRGB, DCI-P3, 100% DCI-P3, Touch Response (Instantaneous): Up to 3000 Hz, Eye-care Pulse-Width Modulation: 3840 Hz, Sun-amp technology: Yes, Protective Material: Corning Gorilla Glass 7i (exclusively co-developed material)",specification,Features,"Multi-brightness color calibration, Screen color temperature, Manual Brightness, Auto Brightness, Color vision enhancement, Color personalization, Screen color mode, Eye comfort, Nature tone display, Bed time mode, Night Mode",specification,Performance,"Operating System: OxygenOS 15.0 based on Android? 15, CPU: Qualcomm® Snapdragon? 8s Gen 3 Mobile Platform, GPU: Qualcomm® Adreno? 735, RAM: 8 / 12GB LPDDR5X with OnePlus RAM-Vitalization, RAM Expansion: 4/6/8GB (8GB RAM), 4/8/12GB (12GB RAM), Storage: 256/512GB UFS 3.1, Available configurations: 8GB + 256GB / 12GB + 512GB, Heat dissipation area: 32207mm², Battery: 5,200 mAh (Single-cell non-removable), 80W SUPERVOOC Charging / 18W PD?55W PPS?, Reverse Charging: 5W (Wired only), Bypass Charging: Yes, Haptics: X-axis motor, Certification: TÜV SÜD 72-month Fluency Rating A",specification,Main Camera,"Autofocus: Yes, Sensor Size: 1/1.56"", Megapixels: 50, Pixel Size: 1.0 µm, Lens Quantity: 6P, Aperture: ?/1.8, Field of View: 84°, Sensor: Sony LYT-700 CMOS (aka IMX906), Tri-axis Optical Image Stabilization: Yes, Tri-axis Electronic Image Stabilization: Yes, Focal Length: 24 mm equivalent",specification,Ultra-Wide,"Pixel Size: 1.12 µm, Megapixels: 8, Macro: 3.5 cm, Autofocus: Yes, Sensor: OV08D10, Sensor Size: 1/4"", Lens Quantity: 5P, Tri-axis Electronic Image Stabilization: Yes, Focal Length: 15 mm equivalent, Field of View: 116°",specification,Flash,LED,specification,Zoom,0.6-20x digital zoom,specification,Video,"Video Editor, Dual-view video at 1080p, 30 fps, 4K video at 60/30 fps, 1080p video at 60/30 fps, 720p video at 30 fps, EIS/OIS video: 4K video at 60/30 fps, 1080p video at 60/30 fps (default), 720p video at 30 fps, Slo-mo video at 1080p at 120 fps, 720p at 240 fps, Time-lapse at 4K video at 30 fps, 1080p video at 30 fps, Digital zoom: Up to 18x, Video zoom: 4K video at 60/30 fps, 1080p video at 60/30 fps, 720p video at 30 fps, Cinematic: 3840x1644 at 30 fps",specification,Features,"Photo, Video, Portrait, Nightscape, Pro Mode, Panorama, Cinematic, Slo-mo, Long Exposure, Dual-view Video, Time-lapse, Text-scanner, Hi-Res Mode, Tilt-shift, Google Lens.",specification,Front Camera,"Field of View: 90°, Focal Length: 21 mm equivalent, Lens Quantity: 5P, Sensor: SAMSUNG ISOCELL JN5, Sensor Size: 1/2.75"", Megapixels: 50, Pixel Size: 0.64 µm, Tri-axis Electronic Image Stabilization: Yes, Autofocus: Yes, Aperture: ?/2.0",specification,Front Camera Video,"4K video at 60/30 fps, 1080p video at 60/30 fps, 720p video at 30 fps (beautification on 1080p 30 fps or 720p 30 fps only), Steady Mode: 1080p video at 60 fps",specification,Front Camera Features,"Face Unlock, Photo, Video, Portrait, Nightscape Selfie, Panorama Selfie, Dual-view Video, Time-lapse. Slo-Mo, Retouch, Screen Flash",specification,eSIM,No,specification,Dual SIM,Yes (with Dual SIM Dual Active support),specification,LTE/LTE-A,"4×4 MIMO, Supports up to DL Cat 19/UL Cat 18 (1600Mbps/200Mbps), depending on carrier support",specification,LTE,"GSM: 850/900/1800/1900MHz, *Network connectivity may vary depending on carrier?s network and related service deployment., LTE-FDD: Bands 1/2/3/4/5/7/8/12/17/18/19/20/26/28/32/66, LTE-TDD: Bands 38/39/40/41/42, 5G NR: n1/n2/n3/n5/n7/n8/n12/n20/n28/n38/n40/n41/n66/n75/n77/n78"
oneplus.com,2025-09-21,https://mallapi-eu.oneplus.com/v2/api/rest/mall/product/detail/fetch?productCode=P1120083&bindSource=https://www.oneplus.com/uk/oneplus-nord-5,https://www.oneplus.com/uk/oneplus-nord-5,5011113307,OnePlus Nord 5 Phantom Grey 12 GB RAM + 512 GB ROM,OnePlus,499.00,,,,Phantom Grey,12 GB RAM + 512 GB ROM,,,Home,Phone,OnePlus Nord 5,Buy,,,,https://image01-eu.oneplus.net/media/202506/30/cd96b8c5d2b7d10034ef5fa5d9beafb5.png,https://image01-eu.oneplus.net/media/202506/30/c2ba495e830e702fe09d76b697fd9dff.png,https://image01-eu.oneplus.net/media/202506/30/d0c525214fa07df6199e1494a5d8db5d.png,,,Buy the OnePlus Nord 5 with Qualcomm Snapdragon 8s Gen 3 chip in the official OnePlus UK Online Store and enjoy smooth performance and all-day reliability.,,,,,,,,,£499.00,499.00,specification,Height,163.41 mm,specification,Width,77.04 mm,specification,Thickness,8.1 mm,specification,Weight,211g,specification,Parameters,"Aspect Ratio: 19.8:9, Size: 6.83"" (measured diagonally from corner to corner), Resolution: 1.5K (FHD+), 2800 x 1272, Pixel density: 450 ppi, Screen-to-body Ratio: 93.6%, Refresh Rate: Up to 144Hz (60/90/120/144Hz), Panel Type: Swift AMOLED with Ultra HDR support, Adjustible / Full-screen (HBM) / Peak Brightness: 800 / 1400 / 1800 nits, Color: 10-bit (1.07 billion colors), Support sRGB, DCI-P3, 100% DCI-P3, Touch Response (Instantaneous): Up to 3000 Hz, Eye-care Pulse-Width Modulation: 3840 Hz, Sun-amp technology: Yes, Protective Material: Corning Gorilla Glass 7i (exclusively co-developed material)",specification,Features,"Multi-brightness color calibration, Screen color temperature, Manual Brightness, Auto Brightness, Color vision enhancement, Color personalization, Screen color mode, Eye comfort, Nature tone display, Bed time mode, Night Mode",specification,Performance,"Operating System: OxygenOS 15.0 based on Android? 15, CPU: Qualcomm® Snapdragon? 8s Gen 3 Mobile Platform, GPU: Qualcomm® Adreno? 735, RAM: 8 / 12GB LPDDR5X with OnePlus RAM-Vitalization, RAM Expansion: 4/6/8GB (8GB RAM), 4/8/12GB (12GB RAM), Storage: 256/512GB UFS 3.1, Available configurations: 8GB + 256GB / 12GB + 512GB, Heat dissipation area: 32207mm², Battery: 5,200 mAh (Single-cell non-removable), 80W SUPERVOOC Charging / 18W PD?55W PPS?, Reverse Charging: 5W (Wired only), Bypass Charging: Yes, Haptics: X-axis motor, Certification: TÜV SÜD 72-month Fluency Rating A",specification,Main Camera,"Autofocus: Yes, Sensor Size: 1/1.56"", Megapixels: 50, Pixel Size: 1.0 µm, Lens Quantity: 6P, Aperture: ?/1.8, Field of View: 84°, Sensor: Sony LYT-700 CMOS (aka IMX906), Tri-axis Optical Image Stabilization: Yes, Tri-axis Electronic Image Stabilization: Yes, Focal Length: 24 mm equivalent",specification,Ultra-Wide,"Pixel Size: 1.12 µm, Megapixels: 8, Macro: 3.5 cm, Autofocus: Yes, Sensor: OV08D10, Sensor Size: 1/4"", Lens Quantity: 5P, Tri-axis Electronic Image Stabilization: Yes, Focal Length: 15 mm equivalent, Field of View: 116°",specification,Flash,LED,specification,Zoom,0.6-20x digital zoom,specification,Video,"Video Editor, Dual-view video at 1080p, 30 fps, 4K video at 60/30 fps, 1080p video at 60/30 fps, 720p video at 30 fps, EIS/OIS video: 4K video at 60/30 fps, 1080p video at 60/30 fps (default), 720p video at 30 fps, Slo-mo video at 1080p at 120 fps, 720p at 240 fps, Time-lapse at 4K video at 30 fps, 1080p video at 30 fps, Digital zoom: Up to 18x, Video zoom: 4K video at 60/30 fps, 1080p video at 60/30 fps, 720p video at 30 fps, Cinematic: 3840x1644 at 30 fps",specification,Features,"Photo, Video, Portrait, Nightscape, Pro Mode, Panorama, Cinematic, Slo-mo, Long Exposure, Dual-view Video, Time-lapse, Text-scanner, Hi-Res Mode, Tilt-shift, Google Lens.",specification,Front Camera,"Field of View: 90°, Focal Length: 21 mm equivalent, Lens Quantity: 5P, Sensor: SAMSUNG ISOCELL JN5, Sensor Size: 1/2.75"", Megapixels: 50, Pixel Size: 0.64 µm, Tri-axis Electronic Image Stabilization: Yes, Autofocus: Yes, Aperture: ?/2.0",specification,Front Camera Video,"4K video at 60/30 fps, 1080p video at 60/30 fps, 720p video at 30 fps (beautification on 1080p 30 fps or 720p 30 fps only), Steady Mode: 1080p video at 60 fps",specification,Front Camera Features,"Face Unlock, Photo, Video, Portrait, Nightscape Selfie, Panorama Selfie, Dual-view Video, Time-lapse. Slo-Mo, Retouch, Screen Flash",specification,eSIM,No,specification,Dual SIM,Yes (with Dual SIM Dual Active support),specification,LTE/LTE-A,"4×4 MIMO, Supports up to DL Cat 19/UL Cat 18 (1600Mbps/200Mbps), depending on carrier support",specification,LTE,"GSM: 850/900/1800/1900MHz, *Network connectivity may vary depending on carrier?s network and related service deployment., LTE-FDD: Bands 1/2/3/4/5/7/8/12/17/18/19/20/26/28/32/66, LTE-TDD: Bands 38/39/40/41/42, 5G NR: n1/n2/n3/n5/n7/n8/n12/n20/n28/n38/n40/n41/n66/n75/n77/n78"
oneplus.com,2025-09-21,https://mallapi-eu.oneplus.com/v2/api/rest/mall/product/detail/fetch?productCode=P1120088&bindSource=https://www.oneplus.com/uk/product/product/oneplus-nord-ce5-smooth-tempered-glass-screen-protector,https://www.oneplus.com/uk/product/product/oneplus-nord-ce5-smooth-tempered-glass-screen-protector,5431101996,OnePlus Nord CE5 Smooth Tempered Glass Screen Protector Clear,OnePlus,24.99,,,,Clear,,,,Home,Cases & Protection,OnePlus Nord CE5 Smooth Tempered Glass Screen Protector,Buy,,,,https://image01-eu.oneplus.net/media/202506/26/7d4a0818f716ee60320606d4fe3de74b.png,https://image01-eu.oneplus.net/media/202506/26/b65f8a277c1b68765faef32ae849b6aa.png,https://image01-eu.oneplus.net/media/202506/26/1925b9ff67c118e8d1a38e15030d368c.png,https://image01-eu.oneplus.net/media/202506/26/55b73161f03e1d4ea4511a0744496831.png,,Buy OnePlus Nord CE5 Smooth Tempered Glass Screen Protector,,,,,,,,,£24.99,24.99,,,,,,,,,,,,,,,,,,,,,,,,,,,,,,,,,,,,,,,,,,,,,,,,,,,,,,,,,,,,
oneplus.com,2025-09-21,https://mallapi-eu.oneplus.com/v2/api/rest/mall/product/detail/fetch?productCode=P1120086&bindSource=https://www.oneplus.com/uk/product/product/oneplus-nord-5-smooth-tempered-glass-screen-protector,https://www.oneplus.com/uk/product/product/oneplus-nord-5-smooth-tempered-glass-screen-protector,5431101997,OnePlus Nord 5 Smooth Tempered Glass Screen Protector Clear,OnePlus,24.99,,,,Clear,,,,Home,Cases & Protection,OnePlus Nord 5 Smooth Tempered Glass Screen Protector,Buy,,,,https://image01-eu.oneplus.net/media/202506/26/c421efd2deaf99b30e2e014a9e939bb2.png,https://image01-eu.oneplus.net/media/202506/26/015cf249f11bf8398f9537e985f03032.png,https://image01-eu.oneplus.net/media/202506/26/a01ae9c5cc0b75e7848c28464238d911.png,https://image01-eu.oneplus.net/media/202506/26/1453843e1d2f70dde749923bdc0dc8af.png,,Buy OnePlus Nord 5 Smooth Tempered Glass Screen Protector,,,,,,,,,£24.99,24.99,,,,,,,,,,,,,,,,,,,,,,,,,,,,,,,,,,,,,,,,,,,,,,,,,,,,,,,,,,,,
oneplus.com,2025-09-21,https://mallapi-eu.oneplus.com/v2/api/rest/mall/product/detail/fetch?productCode=P1120093&bindSource=https://www.oneplus.com/uk/product/product/oneplus-2-in-1-supervooc-cable,https://www.oneplus.com/uk/product/product/oneplus-2-in-1-supervooc-cable,5461100665,OnePlus 2-in-1 Supervooc Cable Red 120 cm,OnePlus,34.99,,,,Red,,,,Home,Power & Cables,OnePlus 2-in-1 Supervooc Cable,Buy,,,,https://image01-eu.oneplus.net/media/202506/26/85abc2f62704833d20d513eb2922387e.png,https://image01-eu.oneplus.net/media/202506/26/017cb8da7c91cf130966984cb3b113bf.png,,,,Buy OnePlus 2-in-1 Supervooc Cable,,,,,,,,,£34.99,34.99,,,,,,,,,,,,,,,,,,,,,,,,,,,,,,,,,,,,,,,,,,,,,,,,,,,,,,,,,,,,
oneplus.com,2025-09-21,https://mallapi-eu.oneplus.com/v2/api/rest/mall/product/detail/fetch?productCode=P1120085&bindSource=https://www.oneplus.com/uk/product/product/oneplus-nord-5-sandstone-magnetic-case,https://www.oneplus.com/uk/product/product/oneplus-nord-5-sandstone-magnetic-case,5431101932,OnePlus Nord 5 Sandstone Magnetic Case Black,OnePlus,24.99,,,,Black,,,,Home,Cases & Protection,OnePlus Nord 5 Sandstone Magnetic Case,Buy,,,,https://image01-eu.oneplus.net/media/202506/26/1a06c908cc14b874cd7783c1898b4c80.png,https://image01-eu.oneplus.net/media/202506/26/b10d25e9310f0281700ce012e430a847.png,https://image01-eu.oneplus.net/media/202506/26/777bca63fe6a1e26ae27110ff6bdb2db.png,,,Buy OnePlus Nord 5 Sandstone Magnetic Case,,,,,,,,,£24.99,24.99,,,,,,,,,,,,,,,,,,,,,,,,,,,,,,,,,,,,,,,,,,,,,,,,,,,,,,,,,,,,
oneplus.com,2025-09-21,https://mallapi-eu.oneplus.com/v2/api/rest/mall/product/detail/fetch?productCode=P1120087&bindSource=https://www.oneplus.com/uk/product/product/oneplus-nord-ce5-sandstone-magnetic-case,https://www.oneplus.com/uk/product/product/oneplus-nord-ce5-sandstone-magnetic-case,5431101935,OnePlus Nord CE5 Sandstone Magnetic Case Black,OnePlus,24.99,,,,Black,,,,Home,Cases & Protection,OnePlus Nord CE5 Sandstone Magnetic Case,Buy,,,,https://image01-eu.oneplus.net/media/202506/26/4338e41c588f7440dc85e1b80a3c0cf4.png,https://image01-eu.oneplus.net/media/202506/26/79542959e34ba9e07888bb11c08bd635.png,https://image01-eu.oneplus.net/media/202506/26/30e78def758d6e62fd2e5db91da984c4.png,,,Buy OnePlus Nord CE5 Sandstone Magnetic Case,,,,,,,,,£24.99,24.99,,,,,,,,,,,,,,,,,,,,,,,,,,,,,,,,,,,,,,,,,,,,,,,,,,,,,,,,,,,,
oneplus.com,2025-09-21,https://mallapi-eu.oneplus.com/v2/api/rest/mall/product/detail/fetch?productCode=P1120092&bindSource=https://www.oneplus.com/uk/product/product/oneplus-magnetic-cable-type-c-to-type-c,https://www.oneplus.com/uk/product/product/oneplus-magnetic-cable-type-c-to-type-c,5461100660,OnePlus Magnetic Cable Type-C to Type-C Red 120 cm,OnePlus,29.99,,,,Red,,,,Home,Power & Cables,OnePlus Magnetic Cable Type-C to Type-C,Buy,,,,https://image01-eu.oneplus.net/media/202506/26/905c0ac2b2264f0dd5f2f3020d93e1bd.png,https://image01-eu.oneplus.net/media/202506/26/a59276889e0f153051eddf7349344a78.png,,,,Buy OnePlus Magnetic Cable Type-C to Type-C,,,,,,,,,£29.99,29.99,,,,,,,,,,,,,,,,,,,,,,,,,,,,,,,,,,,,,,,,,,,,,,,,,,,,,,,,,,,,
oneplus.com,2025-09-21,https://mallapi-eu.oneplus.com/v2/api/rest/mall/product/detail/fetch?productCode=P1120079&bindSource=https://www.oneplus.com/uk/oneplus-nord-ce5,https://www.oneplus.com/uk/oneplus-nord-ce5,5011113506,OnePlus Nord CE5 Black Infinity 8 GB RAM + 128 GB ROM,OnePlus,249.00,299.00,Y,16% off,Black Infinity,8 GB RAM + 128 GB ROM,,,Home,Phone,OnePlus Nord CE5,Buy,,,,https://image01-eu.oneplus.net/media/202506/20/b29e9b622e56aac76719aa26dfff1e12.png,https://image01-eu.oneplus.net/media/202506/26/f22ae210cecf17765bf31afbfd1dbcf6.png,https://image01-eu.oneplus.net/media/202506/26/5e893998368f25136e5c1b3a4996fc43.png,,,"The OnePlus Nord CE5 budget-friendly smartphone has a 120Hz AMOLED Display with Ultra HDR and Aqua Touch, buy now at the official OnePlus UK Online Store.",,,,,,,,,£249.00,249.00,specification,Height,163.58 mm,specification,Width,76.02 mm,specification,Thickness,"8.27 mm (Marble Mist), 8.17 mm (Black Infinity)",specification,Weight,Approx. 199g,specification,Size,"Marble Mist: 163.58×76.02×8.27 mm, Black Infinity: 163.58×76.02×8.17 mm",specification,Screen Size,"6.77"" (measured diagonally from corner to corner)",specification,Resolution,"2392×1080, 387 PPI",specification,Screen-to-body Ratio,94.10%,specification,Aspect Ratio,19.9:9,specification,HBM,1300 nits,specification,Peak Brightness,1430 nits,specification,Typical brightness,800 nits,specification,Refresh Rate,120Hz,specification,Touch Response Rate,"Up to 300Hz (OTA support), default 120Hz",specification,Others,"Support sRGB, Display P3, 10-bit Color Depth, HDR10+, Netflix HD&HDR Certified, Amazon Prime Video HD&HDR Certified",specification,Features,"Dark Mode, Manual Brightness, Auto Brightness, Bed time mode, Eye Comfort / Night Mode, Screen Colour Mode, Screen Colour Temperature",specification,Operating System,OxygenOS 15.0 based on Android? 15,specification,Processing Platform,MediaTek Dimensity 8350 Apex,specification,CPU,"Arm® cortex 1xA715@3.35GHZ, Arm® cortex 3xA715@3.2GHZ, Arm® cortex 4xA510@2.2GHZ",specification,GPU,Arm® G615 MC6
oneplus.com,2025-09-21,https://mallapi-eu.oneplus.com/v2/api/rest/mall/product/detail/fetch?productCode=P1120079&bindSource=https://www.oneplus.com/uk/oneplus-nord-ce5,https://www.oneplus.com/uk/oneplus-nord-ce5,5011113507,OnePlus Nord CE5 Black Infinity 8 GB RAM + 256 GB ROM,OnePlus,279.00,349.00,Y,20% off,Black Infinity,8 GB RAM + 256 GB ROM,,,Home,Phone,OnePlus Nord CE5,Buy,,,,https://image01-eu.oneplus.net/media/202506/20/b29e9b622e56aac76719aa26dfff1e12.png,https://image01-eu.oneplus.net/media/202506/26/f22ae210cecf17765bf31afbfd1dbcf6.png,https://image01-eu.oneplus.net/media/202506/26/5e893998368f25136e5c1b3a4996fc43.png,,,"The OnePlus Nord CE5 budget-friendly smartphone has a 120Hz AMOLED Display with Ultra HDR and Aqua Touch, buy now at the official OnePlus UK Online Store.",,,,,,,,,£279.00,279.00,specification,Height,163.58 mm,specification,Width,76.02 mm,specification,Thickness,"8.27 mm (Marble Mist), 8.17 mm (Black Infinity)",specification,Weight,Approx. 199g,specification,Size,"Marble Mist: 163.58×76.02×8.27 mm, Black Infinity: 163.58×76.02×8.17 mm",specification,Screen Size,"6.77"" (measured diagonally from corner to corner)",specification,Resolution,"2392×1080, 387 PPI",specification,Screen-to-body Ratio,94.10%,specification,Aspect Ratio,19.9:9,specification,HBM,1300 nits,specification,Peak Brightness,1430 nits,specification,Typical brightness,800 nits,specification,Refresh Rate,120Hz,specification,Touch Response Rate,"Up to 300Hz (OTA support), default 120Hz",specification,Others,"Support sRGB, Display P3, 10-bit Color Depth, HDR10+, Netflix HD&HDR Certified, Amazon Prime Video HD&HDR Certified",specification,Features,"Dark Mode, Manual Brightness, Auto Brightness, Bed time mode, Eye Comfort / Night Mode, Screen Colour Mode, Screen Colour Temperature",specification,Operating System,OxygenOS 15.0 based on Android? 15,specification,Processing Platform,MediaTek Dimensity 8350 Apex,specification,CPU,"Arm® cortex 1xA715@3.35GHZ, Arm® cortex 3xA715@3.2GHZ, Arm® cortex 4xA510@2.2GHZ",specification,GPU,Arm® G615 MC6
oneplus.com,2025-09-21,https://mallapi-eu.oneplus.com/v2/api/rest/mall/product/detail/fetch?productCode=P1120079&bindSource=https://www.oneplus.com/uk/oneplus-nord-ce5,https://www.oneplus.com/uk/oneplus-nord-ce5,5011113508,OnePlus Nord CE5 Marble Mist 8 GB RAM + 128 GB ROM,OnePlus,249.00,299.00,Y,16% off,Marble Mist,8 GB RAM + 128 GB ROM,,,Home,Phone,OnePlus Nord CE5,Buy,,,,https://image01-eu.oneplus.net/media/202506/20/0dc5e3a3ff4bd6d124d040d8927ecc1a.png,https://image01-eu.oneplus.net/media/202506/20/850edd6489df8f7cbedd683dd98dd9b5.png,https://image01-eu.oneplus.net/media/202506/20/a38e04e617073f8a7a9bda237405b1d8.png,,,"The OnePlus Nord CE5 budget-friendly smartphone has a 120Hz AMOLED Display with Ultra HDR and Aqua Touch, buy now at the official OnePlus UK Online Store.",,,,,,,,,£249.00,249.00,specification,Height,163.58 mm,specification,Width,76.02 mm,specification,Thickness,"8.27 mm (Marble Mist), 8.17 mm (Black Infinity)",specification,Weight,Approx. 199g,specification,Size,"Marble Mist: 163.58×76.02×8.27 mm, Black Infinity: 163.58×76.02×8.17 mm",specification,Screen Size,"6.77"" (measured diagonally from corner to corner)",specification,Resolution,"2392×1080, 387 PPI",specification,Screen-to-body Ratio,94.10%,specification,Aspect Ratio,19.9:9,specification,HBM,1300 nits,specification,Peak Brightness,1430 nits,specification,Typical brightness,800 nits,specification,Refresh Rate,120Hz,specification,Touch Response Rate,"Up to 300Hz (OTA support), default 120Hz",specification,Others,"Support sRGB, Display P3, 10-bit Color Depth, HDR10+, Netflix HD&HDR Certified, Amazon Prime Video HD&HDR Certified",specification,Features,"Dark Mode, Manual Brightness, Auto Brightness, Bed time mode, Eye Comfort / Night Mode, Screen Colour Mode, Screen Colour Temperature",specification,Operating System,OxygenOS 15.0 based on Android? 15,specification,Processing Platform,MediaTek Dimensity 8350 Apex,specification,CPU,"Arm® cortex 1xA715@3.35GHZ, Arm® cortex 3xA715@3.2GHZ, Arm® cortex 4xA510@2.2GHZ",specification,GPU,Arm® G615 MC6
oneplus.com,2025-09-21,https://mallapi-eu.oneplus.com/v2/api/rest/mall/product/detail/fetch?productCode=P1120080&bindSource=https://www.oneplus.com/uk/buy-oneplus-pad-lite,https://www.oneplus.com/uk/buy-oneplus-pad-lite,5511100590,OnePlus Pad Lite Aero Blue 6 GB RAM + 128 GB ROM WIFI,OnePlus,169.00,199.00,Y,15% off,Aero Blue,6 GB RAM + 128 GB ROM,,,Home,Tablet,OnePlus Pad Lite,Buy,,,,https://image01-eu.oneplus.net/media/202506/20/5b466423349ab1322830cbf74511cec5.png,https://image01-eu.oneplus.net/media/202506/20/055007d4f1ecb0f19d2412d64e6ee603.png,https://image01-eu.oneplus.net/media/202506/20/dad87313b93c93d4495c240cd0888a48.png,https://image01-eu.oneplus.net/media/202506/20/a86737401ac6d3406585b5098f1b3bca.png,,Buy your OnePlus Pad Lite at the best price with exclusive discounts at OnePlus Online Store. Grad the newest tablet now!,,,,,,,,,£169.00,169.00,specification,CMF,Aero Blue,specification,Height,about 166.46mm,specification,Width,about 254.91mm,specification,Thickness,about 7.39mm,specification,Weight,about 530g,specification,Size,27.94cm (11''),specification,Screen-to-body Ratio,85.3%,specification,Screen Ratio,16:10,specification,Brightness,500 nits,specification,Color Depth,10 bit (8+2 bit),specification,Colour Gamut,70.8% NTSC,specification,Resolution,1920 x 1200,specification,Pixel Density,207 PPI,specification,Refresh Rate,Max 90Hz,specification,Touch Sampling Rate,180Hz,specification,Type, LCD,specification,Speakers,Hi-Res Audio-certified Quad Speakers,specification,Bluetooth® Codec,"SBC, AAC, aptX, aptX HD, LDAC",specification,Battery Capacity,9340 mAh (Typical) / 9098 mAh (Rated),specification,Fast Charging,Supports 33W SUPERVOOC
oneplus.com,2025-09-21,https://mallapi-eu.oneplus.com/v2/api/rest/mall/product/detail/fetch?productCode=P1120080&bindSource=https://www.oneplus.com/uk/buy-oneplus-pad-lite,https://www.oneplus.com/uk/buy-oneplus-pad-lite,5511100591,OnePlus Pad Lite 8 GB RAM + 128 GB ROM LTE Aero Blue,OnePlus,199.00,229.00,Y,13% off,Aero Blue,8 GB RAM + 128 GB ROM,,,Home,Tablet,OnePlus Pad Lite,Buy,,,,https://image01-eu.oneplus.net/media/202506/20/5b466423349ab1322830cbf74511cec5.png,https://image01-eu.oneplus.net/media/202506/20/055007d4f1ecb0f19d2412d64e6ee603.png,https://image01-eu.oneplus.net/media/202506/20/dad87313b93c93d4495c240cd0888a48.png,https://image01-eu.oneplus.net/media/202506/20/a86737401ac6d3406585b5098f1b3bca.png,,Buy your OnePlus Pad Lite at the best price with exclusive discounts at OnePlus Online Store. Grad the newest tablet now!,,,,,,,,,£199.00,199.00,specification,CMF,Aero Blue,specification,Height,about 166.46mm,specification,Width,about 254.91mm,specification,Thickness,about 7.39mm,specification,Weight,about 530g,specification,Size,27.94cm (11''),specification,Screen-to-body Ratio,85.3%,specification,Screen Ratio,16:10,specification,Brightness,500 nits,specification,Color Depth,10 bit (8+2 bit),specification,Colour Gamut,70.8% NTSC,specification,Resolution,1920 x 1200,specification,Pixel Density,207 PPI,specification,Refresh Rate,Max 90Hz,specification,Touch Sampling Rate,180Hz,specification,Type, LCD,specification,Speakers,Hi-Res Audio-certified Quad Speakers,specification,Bluetooth® Codec,"SBC, AAC, aptX, aptX HD, LDAC",specification,Battery Capacity,9340 mAh (Typical) / 9098 mAh (Rated),specification,Fast Charging,Supports 33W SUPERVOOC
oneplus.com,2025-09-21,https://mallapi-eu.oneplus.com/v2/api/rest/mall/product/detail/fetch?productCode=P1120075&bindSource=https://www.oneplus.com/uk/product/product/oneplus-pad-3-folio-case,https://www.oneplus.com/uk/product/product/oneplus-pad-3-folio-case,5511100390,OnePlus Pad 3 Folio Case Blue,OnePlus,59.00,,,,Blue,,,,Home,Tablet,OnePlus Pad 3 Folio Case,Buy,,,,https://image01-eu.oneplus.net/media/202505/22/5cf8520e66491a47dfd016bb95a562b2.png,https://image01-eu.oneplus.net/media/202505/22/7d49dfe83c6af98d509747e7f2a92ef4.png,https://image01-eu.oneplus.net/media/202505/22/fe7f5b2478bcf0e748cbd66edde2df06.png,https://image01-eu.oneplus.net/media/202505/22/11c08771763d2eb846c33d2d63a0b072.png,https://image01-eu.oneplus.net/media/202505/22/134c97b5a03e4fcd1eacbaed8453da4c.png,Buy OnePlus Pad 3 Folio Case,,,,,,,,,£59.00,59.00,,,,,,,,,,,,,,,,,,,,,,,,,,,,,,,,,,,,,,,,,,,,,,,,,,,,,,,,,,,,
oneplus.com,2025-09-21,https://mallapi-eu.oneplus.com/v2/api/rest/mall/product/detail/fetch?productCode=P1120074&bindSource=https://www.oneplus.com/uk/product/product/oneplus-pad-3-smart-keyboard,https://www.oneplus.com/uk/product/product/oneplus-pad-3-smart-keyboard,5511100377,OnePlus Pad 3 QWERTY Smart Keyboard Blue,OnePlus,169.00,,,,Blue,,,,Home,Tablet,OnePlus Pad 3 QWERTY Smart Keyboard,Buy,,,,https://image01-eu.oneplus.net/media/202505/22/980e6434cee831072c0cf27d24dfd67e.png,https://image01-eu.oneplus.net/media/202505/23/c4401c640edd9c298bfffc649a8f3c1a.png,https://image01-eu.oneplus.net/media/202505/23/bc350c27d04dc9b9d2dd523c9a763409.png,https://image01-eu.oneplus.net/media/202505/23/882a95780459434606b93dd02ed113e1.png,,Buy OnePlus Pad 3 Smart Keyboard,,,,,,,,,£169.00,169.00,,,,,,,,,,,,,,,,,,,,,,,,,,,,,,,,,,,,,,,,,,,,,,,,,,,,,,,,,,,,
oneplus.com,2025-09-21,https://mallapi-eu.oneplus.com/v2/api/rest/mall/product/detail/fetch?productCode=P1120067&bindSource=https://www.oneplus.com/uk/product/product/oneplus-watch-charging-base,https://www.oneplus.com/uk/product/product/oneplus-watch-charging-base,5491100377,OnePlus Watch Charging Base White,OnePlus,29.99,,,,White,,,,Home,Wearables,OnePlus Watch Charging Base,Buy,,,,https://image01-eu.oneplus.net/media/202502/12/830c15bb0c0e60639e4d4b03b8588bfe.png,https://image01-eu.oneplus.net/media/202502/12/db1e459008fdd8da1e6a72429187a433.png,https://image01-eu.oneplus.net/media/202502/12/af766d3c53f19c569a83963c9f7bb76b.png,,,Buy OnePlus Watch Charging Base,,,,,,,,,£29.99,29.99,,,,,,,,,,,,,,,,,,,,,,,,,,,,,,,,,,,,,,,,,,,,,,,,,,,,,,,,,,,,
oneplus.com,2025-09-21,https://mallapi-eu.oneplus.com/v2/api/rest/mall/product/detail/fetch?productCode=P1120066&bindSource=https://www.oneplus.com/uk/product/oneplus-watch-strap,https://www.oneplus.com/uk/product/oneplus-watch-strap,5491100379,OnePlus Watch Strap Emerald Green,OnePlus,34.99,,,,Emerald Green,,,,Home,Wearables,OnePlus Watch Strap,Buy,,,,https://image01-eu.oneplus.net/media/202502/12/bcb89b9cf8f1197ef289d17cc2ff22df.png,,,,,Buy OnePlus Watch Strap,,,,,,,,,£34.99,34.99,,,,,,,,,,,,,,,,,,,,,,,,,,,,,,,,,,,,,,,,,,,,,,,,,,,,,,,,,,,,
oneplus.com,2025-09-21,https://mallapi-eu.oneplus.com/v2/api/rest/mall/product/detail/fetch?productCode=P1120066&bindSource=https://www.oneplus.com/uk/product/oneplus-watch-strap,https://www.oneplus.com/uk/product/oneplus-watch-strap,5491100380,OnePlus Watch Strap Nordic Blue,OnePlus,34.99,,,,Nordic Blue,,,,Home,Wearables,OnePlus Watch Strap,Buy,,,,https://image01-eu.oneplus.net/media/202502/12/e33c85a8d31ccda33e86f86f43525204.png,,,,,Buy OnePlus Watch Strap,,,,,,,,,£34.99,34.99,,,,,,,,,,,,,,,,,,,,,,,,,,,,,,,,,,,,,,,,,,,,,,,,,,,,,,,,,,,,
oneplus.com,2025-09-21,https://mallapi-eu.oneplus.com/v2/api/rest/mall/product/detail/fetch?productCode=P1120063&bindSource=https://www.oneplus.com/uk/buy-oneplus-watch-3,https://www.oneplus.com/uk/buy-oneplus-watch-3,5491100340,OnePlus Watch 3 Obsidian Titanium Bluetooth/WiFi 46mm,OnePlus,269.00,319.00,Y,15% off,Obsidian Titanium,,,,Home,Wearables,OnePlus Watch 3,Buy,,,,https://image01-eu.oneplus.net/media/202507/28/531a87c8b6b23e79c3c3a008c562b25c.png,https://image01-eu.oneplus.net/media/202507/28/c6b21ad346058ef48bd08c33eb62a1a8.png,https://image01-eu.oneplus.net/media/202507/28/34381d404211972a293112699ee2b067.png,,,"Buy your OnePlus Watch 3 with titanium bezel, sapphire crystal face and unstoppable battery at the best price in the OnePlus Online Store, choose a color.",,,,,,,,,£269.00,269.00,specification,Bezel,"Black titanium, Silver titanium",specification,Case,"Black stainless steel, Silver stainless steel",specification,Cover glass,Sapphire crystal,specification,Size and Weight,"46.6mm(excluding lugs)*47.6mm*11.75mm(excluding sensor area), Fits 140-210 mm wrists, 49.7g (excluding wrist strap), 81g (including the wrist strap)",specification,Power saver mode,Up to 16 days,specification,Smart mode,Up to 5 days,specification,Heavy use in smart mode,Up to 3 days,specification,Display,"1.50 inches, 466*466, LTPO AMOLED, Up to 2200 nits Peak brightness",specification,Processor,Snapdragon W5,specification,MCU,BES2800BP,specification,Memory,32GB,specification,Operating System,Wear OS by Google + RTOS,specification,Sensor,"Gyroscope sensor, Acceleration sensor, Barometer, Light sensor, Geomagnetic sensor, Optical pulse oximeter sensor, Optical heart rate sensor, Wrist temperature sensor, ECG",specification,Health,"ECG Analyzer, 60S Health Check-In, Mind and Body, Vascular Health?Arterial stiffness?, Sleep monitoring including sleep quality score and sleep Snoring Risk Assessment, Wrist temperature, Heart rate monitoring, high/low heart rate notification, SpO2 tracking- spot checks, all day, OHealth application with Health Insights, Support Google Health Connect service; Strava;, Health journey;",specification,Workouts,"100+ sports modes, 11 Professional sports modes, 1. Skiing (speed, drop, slope, number of trips, full and single trip distance, etc.), 2. Running (cadence, stride length, ground contact time, vertical amplitude, vertical stride ratio, left and right ground contact balance, running power), 3. Tennis (swing speed, total strokes, serve, forehand, backhand), 4. Badminton (swing speed, number of swings, longest continuous shot, forehand, backhand, overhand, underhand), 5. Swimming (100-meter pace, number of laps, distance, number of strokes, swolf), 6. Rope skipping (number of times, speed), 7. Mountain climbing (distance, altitude, cumulative climb, cumulative descent), 8. Walking (distance, number of steps, cadence), 9. Cycling (distance, speed), 10. Elliptical machine (cadence, number of steps), 11. Rowing machine (paddle frequency, number of strokes)",specification,Connectivity,"WiFi 5G/2.4G, Bluetooth 5.2, Dual band L1+L5, Beidou, GPS, Galileo, GLONASS,QZSS, Support NFC, Bluetooth calling",specification,Durability,"MIL-STD-810H, 1. Low pressure (altitude), 2. High temperature 70°C/158°F, 3. Low temperature -40°C/-104°F, 4. Temperature shock, 5. Solar radiation, 6. Rain, 7. Humidity and heat test, 8. 96-hour Salt spray, 9. Sand and dust, 10. Immersion, 11. Vibration, 12. Impact, 13. Temperature-humidity-altitude, 14. Fluid contamination, 15. Acidic atmosphere, 16. Ice accumulation and freezing rain, 5ATM, IP68",specification,Mobile payment,Google wallet,specification,In the Box,"Watch body × 1, USB-C charging cable × 1, Quick Start Guide × 1, Safety Guide × 1, Strap × 1, Charging base × 1",,,
oneplus.com,2025-09-21,https://mallapi-eu.oneplus.com/v2/api/rest/mall/product/detail/fetch?productCode=P1120063&bindSource=https://www.oneplus.com/uk/buy-oneplus-watch-3,https://www.oneplus.com/uk/buy-oneplus-watch-3,5491100341,OnePlus Watch 3 Emerald Titanium Bluetooth/WiFi 46mm,OnePlus,269.00,319.00,Y,15% off,Emerald Titanium,,,,Home,Wearables,OnePlus Watch 3,Buy,,,,https://image01-eu.oneplus.net/media/202507/28/886f701266a4b2c639b3ea63c1a147ef.png,https://image01-eu.oneplus.net/media/202507/28/4f9db4da3c3661ea84da415512d24040.png,https://image01-eu.oneplus.net/media/202507/28/868e37b3de9ef591e25e318cd736a110.png,,,"Buy your OnePlus Watch 3 with titanium bezel, sapphire crystal face and unstoppable battery at the best price in the OnePlus Online Store, choose a color.",,,,,,,,,£269.00,269.00,specification,Bezel,"Black titanium, Silver titanium",specification,Case,"Black stainless steel, Silver stainless steel",specification,Cover glass,Sapphire crystal,specification,Size and Weight,"46.6mm(excluding lugs)*47.6mm*11.75mm(excluding sensor area), Fits 140-210 mm wrists, 49.7g (excluding wrist strap), 81g (including the wrist strap)",specification,Power saver mode,Up to 16 days,specification,Smart mode,Up to 5 days,specification,Heavy use in smart mode,Up to 3 days,specification,Display,"1.50 inches, 466*466, LTPO AMOLED, Up to 2200 nits Peak brightness",specification,Processor,Snapdragon W5,specification,MCU,BES2800BP,specification,Memory,32GB,specification,Operating System,Wear OS by Google + RTOS,specification,Sensor,"Gyroscope sensor, Acceleration sensor, Barometer, Light sensor, Geomagnetic sensor, Optical pulse oximeter sensor, Optical heart rate sensor, Wrist temperature sensor, ECG",specification,Health,"ECG Analyzer, 60S Health Check-In, Mind and Body, Vascular Health?Arterial stiffness?, Sleep monitoring including sleep quality score and sleep Snoring Risk Assessment, Wrist temperature, Heart rate monitoring, high/low heart rate notification, SpO2 tracking- spot checks, all day, OHealth application with Health Insights, Support Google Health Connect service; Strava;, Health journey;",specification,Workouts,"100+ sports modes, 11 Professional sports modes, 1. Skiing (speed, drop, slope, number of trips, full and single trip distance, etc.), 2. Running (cadence, stride length, ground contact time, vertical amplitude, vertical stride ratio, left and right ground contact balance, running power), 3. Tennis (swing speed, total strokes, serve, forehand, backhand), 4. Badminton (swing speed, number of swings, longest continuous shot, forehand, backhand, overhand, underhand), 5. Swimming (100-meter pace, number of laps, distance, number of strokes, swolf), 6. Rope skipping (number of times, speed), 7. Mountain climbing (distance, altitude, cumulative climb, cumulative descent), 8. Walking (distance, number of steps, cadence), 9. Cycling (distance, speed), 10. Elliptical machine (cadence, number of steps), 11. Rowing machine (paddle frequency, number of strokes)",specification,Connectivity,"WiFi 5G/2.4G, Bluetooth 5.2, Dual band L1+L5, Beidou, GPS, Galileo, GLONASS,QZSS, Support NFC, Bluetooth calling",specification,Durability,"MIL-STD-810H, 1. Low pressure (altitude), 2. High temperature 70°C/158°F, 3. Low temperature -40°C/-104°F, 4. Temperature shock, 5. Solar radiation, 6. Rain, 7. Humidity and heat test, 8. 96-hour Salt spray, 9. Sand and dust, 10. Immersion, 11. Vibration, 12. Impact, 13. Temperature-humidity-altitude, 14. Fluid contamination, 15. Acidic atmosphere, 16. Ice accumulation and freezing rain, 5ATM, IP68",specification,Mobile payment,Google wallet,specification,In the Box,"Watch body × 1, USB-C charging cable × 1, Quick Start Guide × 1, Safety Guide × 1, Strap × 1, Charging base × 1",,,
oneplus.com,2025-09-21,https://mallapi-eu.oneplus.com/v2/api/rest/mall/product/detail/fetch?productCode=P1120062&bindSource=https://www.oneplus.com/uk/product/product/oneplus-magnetic-card-holder-with-stand,https://www.oneplus.com/uk/product/product/oneplus-magnetic-card-holder-with-stand,5441100453,OnePlus Magnetic Card Holder with Stand Black,OnePlus,29.99,,,,Black,,,,Home,Lifestyle,OnePlus Magnetic Card Holder with Stand,Buy,,,,https://image01-eu.oneplus.net/media/202507/18/1a0f528b8551e71a9b80ac44ba3121c4.png,https://image01-eu.oneplus.net/media/202507/18/e502bff393a8e3d68224f3d029558937.png,https://image01-eu.oneplus.net/media/202507/18/7b19558ab9e1757f5a58e889c347beda.png,,,Buy OnePlus Magnetic Card Holder with Stand,,,,,,,,,£29.99,29.99,,,,,,,,,,,,,,,,,,,,,,,,,,,,,,,,,,,,,,,,,,,,,,,,,,,,,,,,,,,,
oneplus.com,2025-09-21,https://mallapi-eu.oneplus.com/v2/api/rest/mall/product/detail/fetch?productCode=P1120056&bindSource=https://www.oneplus.com/uk/product/product/oneplus-airvooc-50w-magnetic-charger,https://www.oneplus.com/uk/product/product/oneplus-airvooc-50w-magnetic-charger,5451100089,OnePlus AIRVOOC 50W Magnetic Charger White,OnePlus,69.99,,,,White,,,,Home,Power & Cables,OnePlus AIRVOOC 50W Magnetic Charger,Buy,,,,https://image01-eu.oneplus.net/media/202412/19/72bc313b07d7ce73a0d2fe16a3ee1ced.png,https://image01-eu.oneplus.net/media/202412/19/647fdbb089c42813cdd076024e843b16.png,https://image01-eu.oneplus.net/media/202412/19/54ecdc94af7f5eca10d8785901164f9d.png,https://image01-eu.oneplus.net/media/202412/19/c4149b72a13552a62989c0d4bef339b3.png,,Buy OnePlus AIRVOOC 50W Magnetic Charger,,,,,,,,,£69.99,69.99,,,,,,,,,,,,,,,,,,,,,,,,,,,,,,,,,,,,,,,,,,,,,,,,,,,,,,,,,,,,
oneplus.com,2025-09-21,https://mallapi-eu.oneplus.com/v2/api/rest/mall/product/detail/fetch?productCode=P1120055&bindSource=https://www.oneplus.com/uk/product/product/oneplus-13r-tempered-glass-screen-protector,https://www.oneplus.com/uk/product/product/oneplus-13r-tempered-glass-screen-protector,5431101879,OnePlus 13R Tempered Glass Screen Protector Clear,OnePlus,24.99,,,,Clear,,,,Home,Cases & Protection,OnePlus 13R Tempered Glass Screen Protector,Buy,,,,https://image01-eu.oneplus.net/media/202412/16/927b05d185336f2c0b6e9fe2815a58ac.png,https://image01-eu.oneplus.net/media/202412/19/a6a0eeda8bc4ab83fac3d93ab682ce61.png,https://image01-eu.oneplus.net/media/202412/19/d2fe68033a6624a048716976cb9b541e.png,,,Buy OnePlus 13R Tempered Glass Screen Protector,,,,,,,,,£24.99,24.99,,,,,,,,,,,,,,,,,,,,,,,,,,,,,,,,,,,,,,,,,,,,,,,,,,,,,,,,,,,,
oneplus.com,2025-09-21,https://mallapi-eu.oneplus.com/v2/api/rest/mall/product/detail/fetch?productCode=P1120060&bindSource=https://www.oneplus.com/uk/product/product/oneplus-airvooc-50w-magnetic-charger-stand,https://www.oneplus.com/uk/product/product/oneplus-airvooc-50w-magnetic-charger-stand,5451100094,OnePlus AIRVOOC 50W Magnetic Charger Stand Silver,OnePlus,19.99,,,,Silver,,,,Home,Power & Cables,OnePlus AIRVOOC 50W Magnetic Charger Stand,Buy,,,,https://image01-eu.oneplus.net/media/202501/03/16d127a0e1acd1117420fd38f895cfc2.png,https://image01-eu.oneplus.net/media/202501/09/c50e46fe6775a9c1a1e91b63121500be.png,https://image01-eu.oneplus.net/media/202501/09/80b09847b2dc228e49c41245f1f2b763.png,,,Buy OnePlus AIRVOOC 50W Magnetic Charger Stand,,,,,,,,,£19.99,19.99,,,,,,,,,,,,,,,,,,,,,,,,,,,,,,,,,,,,,,,,,,,,,,,,,,,,,,,,,,,,
oneplus.com,2025-09-21,https://mallapi-eu.oneplus.com/v2/api/rest/mall/product/detail/fetch?productCode=P1178830&bindSource=https://www.oneplus.com/uk/product/product/oneplus-usb-a-to-type-c-cable,https://www.oneplus.com/uk/product/product/oneplus-usb-a-to-type-c-cable,5461100648,OnePlus USB-A to Type-C Cable 150 cm Red,OnePlus,24.99,,,,Red,,,,Home,Store,OnePlus USB-A to Type-C Cable,Buy,,,,https://image01-eu.oneplus.net/media/202412/24/116de304375872700a3c6339c30ed020.png,https://image01-eu.oneplus.net/media/202412/24/68251863ebd9fa44a853a8986b0be98d.png,https://image01-eu.oneplus.net/media/202412/24/7d3f1e61f65f28a3351648a212342785.png,,,Buy OnePlus USB-A to Type-C Cable,,,,,,,,,£24.99,24.99,,,,,,,,,,,,,,,,,,,,,,,,,,,,,,,,,,,,,,,,,,,,,,,,,,,,,,,,,,,,
oneplus.com,2025-09-21,https://mallapi-eu.oneplus.com/v2/api/rest/mall/product/detail/fetch?productCode=P1120049&bindSource=https://www.oneplus.com/uk/oneplus-13r,https://www.oneplus.com/uk/oneplus-13r,5011111048,OnePlus 13R 12 GB RAM + 256 GB ROM Astral Trail,OnePlus,529.00,679.00,Y,22% off,Astral Trail,12 GB RAM + 256 GB ROM,,,Home,Phone,OnePlus 13R,Buy,,,,https://image01-eu.oneplus.net/media/202412/19/d4bf9ab6f3183d716f74b56f48e480ee.png,https://image01-eu.oneplus.net/media/202412/19/b124fab5fa2775a967d6362d4892edbe.png,https://image01-eu.oneplus.net/media/202412/19/86986b2f012ba6bcb58c3a9958fe57e5.png,,,Buy your OnePlus 13R 5G Smartphone Online from the official OnePlus Store to get the best price. Bag a FREE Gift OnePlus 13R case.,Buy your OnePlus 13R 5G Mobile Phone Online from the official OnePlus Store,,,,,,,,£529.00,529.00,specification,Height,161.72 mm,specification,Width,75.77 mm,specification,Thickness,8.02 mm,specification,Weight,206g,specification,Parameters,"Refresh Rate: 1-120 Hz dynamic, Support 100% Display P3, 10-bit Color Depth, Aspect Ratio: 19.8:9, Type: 120Hz ProXDR Display with LTPO 4.1, Size: 172.2 mm (6.78 inches, measured diagonally from corner to corner), Resolution: 2780*1264 pixels, 450 ppi, HBM / Peak Brightness: 1600 nits / 4500 nits, Cover Glass: Corning® Gorilla® Glass GG7i",specification,Performance,"Operating System: OxygenOS 15.0 based on Android? 15, Vibration: Haptic motor, Platform: Snapdragon® 8 Gen 3 Mobile Platform, CPU: Qualcomm® Kryo? 980 CPU @3.3GHz, GPU: Adreno? 750 @903MHz, RAM: 12GB LPDDR5X, Storage: 256GB UFS 4.0, Battery: 6,000 mAh (single-cell 6,000 mAh, non-removable), Available configurations: 12GB+256GB",specification,Charge,80W SUPERVOOC?,specification,Wide Camera,"Aperture: ?/1.8, Pixel Size: 1.0 µm, Lens Quantity: 6P, Megapixels: 50, Sensor Size: 1/1.56"", Autofocus: Yes, Electronic Image Stabilization: Yes, Optical Image Stabilization: Yes, Sensor: Sony LYT-700, Focal Length: 24 mm equivalent, Field of View: 84°",specification,Telephoto Camera,"Megapixels: 50, Electronic Image Stabilization: Yes, Autofocus: Yes, Sensor: S5KJN5 with 2X optical zoom, Sensor Size: 1/2.75"", Pixel Size: 0.64 µm, Lens Quantity: 5P, Focal Length: 47 mm equivalent, Aperture: ?/2.0",specification,Ultra-Wide Camera,"Electronic Image Stabilization: Yes, Pixel Size: 1.12 µm, Aperture: ?/2.2, Megapixels: 8, Field of View: 112°, Sensor Size: 1/4"", Lens Quantity: 5P, Focal Length: 16 mm equivalent",specification,Flash,LED,specification,Video (Rear Cameras),"Rear cameras: 4K@60fps/30fps, 1080P@60fps/30fps, 720P/30fps, EIS/OIS video: 1080P@60fps, Video zoom: 4K@60fps/30fps, 1080P@60fps/30fps, 720P/30fps, SLO-MO: 1080P@240fps, 720P@480fps/240fps, Movie: 3840x1644@30fps, TIME-LAPSE: 4K@30fps, 1080P@30fps, Dual-view video: 1080P@30fps",specification,Features (Rear Cameras),"Frame Watermark, Auto HDR, Interval Shooting, Nightscape, Hi-Res Mode, Pro Mode, Movie Mode, Ultra Steady Mode, Dual-view Video, Portrait Mode, Video Portrait, Pano, Macro, Slo-mo, Time-lapse, Long Exposure, Text-scanner, Retouching, Filters, Tilt-Shift",specification,Front Camera,"Megapixels: 16, Electronic Image Stabilization: Yes, Lens Quantity: 5P, Pixel Size: 1.0µm, Aperture: f/2.4, Sensor Size: 1/3.09"", Fixed Focus, Field of View: 82°",specification,Video (Front Camera),"Video: 1080P@30fps, 720P@30fps, Steady Mode: 1080P@30fps, 720P@30fps",specification,Features (Front Camera),"Face Unlock, Screen Flash, HDR, Nightscape, Portrait mode, Pano, Steady mode, Time-lapse, Retouching, Filters",specification,LTE/LTE-A,4×4 MIMO,specification,Band,"5G NR: n1/n2/n3/n5/n7/n8/n12/n20/n25/n26/n28/n30/n38/n40/n41/n48/n66/n71/n77/n78, 3G WCDMA: Bands 1/2/4/5/6/8/19, 4G LTE TDD: Bands 38/39/40/41/48, 4G LTE FDD: Bands 1/2/3/4/5/7/8/12/13/17/18/19/20/25/26/28/30/32/66/71, 2G GSM: 850/900/1800/1900MHz",specification,Wi-Fi,"Wi-Fi 7, Wi-Fi 6, Wi-Fi 6E, Wi-Fi 5, WLAN Display, WLAN tethering, 2×2 MIMO, 8 Spatial-stream sounding MU-MIMO",specification,Bluetooth,"SBC, AAC, aptX, aptX-HD, LDAC, LHDC 5.0, Bluetooth® 5.4"
oneplus.com,2025-09-21,https://mallapi-eu.oneplus.com/v2/api/rest/mall/product/detail/fetch?productCode=P1120049&bindSource=https://www.oneplus.com/uk/oneplus-13r,https://www.oneplus.com/uk/oneplus-13r,5011111049,OnePlus 13R 12 GB RAM + 256 GB ROM Nebula Noir,OnePlus,529.00,679.00,Y,22% off,Nebula Noir,12 GB RAM + 256 GB ROM,,,Home,Phone,OnePlus 13R,Buy,,,,https://image01-eu.oneplus.net/media/202412/19/7fb081891135d725db46ad9f2fd7d208.png,https://image01-eu.oneplus.net/media/202412/19/cf29c4085c2de54b277ccddbc3742b7a.png,https://image01-eu.oneplus.net/media/202412/19/ff2fe43f6b1faba0e31cf1a48b26d533.png,,,Buy your OnePlus 13R 5G Smartphone Online from the official OnePlus Store to get the best price. Bag a FREE Gift OnePlus 13R case.,Buy your OnePlus 13R 5G Mobile Phone Online from the official OnePlus Store,,,,,,,,£529.00,529.00,specification,Height,161.72 mm,specification,Width,75.77 mm,specification,Thickness,8.02 mm,specification,Weight,206g,specification,Parameters,"Refresh Rate: 1-120 Hz dynamic, Support 100% Display P3, 10-bit Color Depth, Aspect Ratio: 19.8:9, Type: 120Hz ProXDR Display with LTPO 4.1, Size: 172.2 mm (6.78 inches, measured diagonally from corner to corner), Resolution: 2780*1264 pixels, 450 ppi, HBM / Peak Brightness: 1600 nits / 4500 nits, Cover Glass: Corning® Gorilla® Glass GG7i",specification,Performance,"Operating System: OxygenOS 15.0 based on Android? 15, Vibration: Haptic motor, Platform: Snapdragon® 8 Gen 3 Mobile Platform, CPU: Qualcomm® Kryo? 980 CPU @3.3GHz, GPU: Adreno? 750 @903MHz, RAM: 12GB LPDDR5X, Storage: 256GB UFS 4.0, Battery: 6,000 mAh (single-cell 6,000 mAh, non-removable), Available configurations: 12GB+256GB",specification,Charge,80W SUPERVOOC?,specification,Wide Camera,"Aperture: ?/1.8, Pixel Size: 1.0 µm, Lens Quantity: 6P, Megapixels: 50, Sensor Size: 1/1.56"", Autofocus: Yes, Electronic Image Stabilization: Yes, Optical Image Stabilization: Yes, Sensor: Sony LYT-700, Focal Length: 24 mm equivalent, Field of View: 84°",specification,Telephoto Camera,"Megapixels: 50, Electronic Image Stabilization: Yes, Autofocus: Yes, Sensor: S5KJN5 with 2X optical zoom, Sensor Size: 1/2.75"", Pixel Size: 0.64 µm, Lens Quantity: 5P, Focal Length: 47 mm equivalent, Aperture: ?/2.0",specification,Ultra-Wide Camera,"Electronic Image Stabilization: Yes, Pixel Size: 1.12 µm, Aperture: ?/2.2, Megapixels: 8, Field of View: 112°, Sensor Size: 1/4"", Lens Quantity: 5P, Focal Length: 16 mm equivalent",specification,Flash,LED,specification,Video (Rear Cameras),"Rear cameras: 4K@60fps/30fps, 1080P@60fps/30fps, 720P/30fps, EIS/OIS video: 1080P@60fps, Video zoom: 4K@60fps/30fps, 1080P@60fps/30fps, 720P/30fps, SLO-MO: 1080P@240fps, 720P@480fps/240fps, Movie: 3840x1644@30fps, TIME-LAPSE: 4K@30fps, 1080P@30fps, Dual-view video: 1080P@30fps",specification,Features (Rear Cameras),"Frame Watermark, Auto HDR, Interval Shooting, Nightscape, Hi-Res Mode, Pro Mode, Movie Mode, Ultra Steady Mode, Dual-view Video, Portrait Mode, Video Portrait, Pano, Macro, Slo-mo, Time-lapse, Long Exposure, Text-scanner, Retouching, Filters, Tilt-Shift",specification,Front Camera,"Megapixels: 16, Electronic Image Stabilization: Yes, Lens Quantity: 5P, Pixel Size: 1.0µm, Aperture: f/2.4, Sensor Size: 1/3.09"", Fixed Focus, Field of View: 82°",specification,Video (Front Camera),"Video: 1080P@30fps, 720P@30fps, Steady Mode: 1080P@30fps, 720P@30fps",specification,Features (Front Camera),"Face Unlock, Screen Flash, HDR, Nightscape, Portrait mode, Pano, Steady mode, Time-lapse, Retouching, Filters",specification,LTE/LTE-A,4×4 MIMO,specification,Band,"5G NR: n1/n2/n3/n5/n7/n8/n12/n20/n25/n26/n28/n30/n38/n40/n41/n48/n66/n71/n77/n78, 3G WCDMA: Bands 1/2/4/5/6/8/19, 4G LTE TDD: Bands 38/39/40/41/48, 4G LTE FDD: Bands 1/2/3/4/5/7/8/12/13/17/18/19/20/25/26/28/30/32/66/71, 2G GSM: 850/900/1800/1900MHz",specification,Wi-Fi,"Wi-Fi 7, Wi-Fi 6, Wi-Fi 6E, Wi-Fi 5, WLAN Display, WLAN tethering, 2×2 MIMO, 8 Spatial-stream sounding MU-MIMO",specification,Bluetooth,"SBC, AAC, aptX, aptX-HD, LDAC, LHDC 5.0, Bluetooth® 5.4"
oneplus.com,2025-09-21,https://mallapi-eu.oneplus.com/v2/api/rest/mall/product/detail/fetch?productCode=P1120054&bindSource=https://www.oneplus.com/uk/product/product/oneplus-13r-sandstone-magnetic-case,https://www.oneplus.com/uk/product/product/oneplus-13r-sandstone-magnetic-case,5431101841,OnePlus 13R Sandstone Magnetic Case Black,OnePlus,24.99,,,,Black,,,,Home,Cases & Protection,OnePlus 13R Sandstone Magnetic Case,Buy,,,,https://image01-eu.oneplus.net/media/202503/19/c5ac3b104a6b009635eeda06423ffd26.png,https://image01-eu.oneplus.net/media/202503/19/ec44ba6161e8b8ef97ca8178d743c282.png,https://image01-eu.oneplus.net/media/202503/19/55119a55cfcb39fdf8018f77d69d53b1.png,,,Buy OnePlus 13R Sandstone Magnetic Case,,,,,,,,,£24.99,24.99,,,,,,,,,,,,,,,,,,,,,,,,,,,,,,,,,,,,,,,,,,,,,,,,,,,,,,,,,,,,
oneplus.com,2025-09-21,https://mallapi-eu.oneplus.com/v2/api/rest/mall/product/detail/fetch?productCode=P1120058&bindSource=https://www.oneplus.com/uk/product/product/oneplus-half-in-ear-wired-digital-type-c-earphones,https://www.oneplus.com/uk/product/product/oneplus-half-in-ear-wired-digital-type-c-earphones,5451100091,OnePlus Half In-Ear Wired Digital Type-C Earphones White,OnePlus,19.99,,,,White,,,,Home,Audio,OnePlus Half In-Ear Wired Digital Type-C Earphones,Buy,,,,https://image01-eu.oneplus.net/media/202412/19/d1e072f26653fc9c7537c4fdb7d5012d.png,,,,,Buy OnePlus Half In-Ear Wired Digital Type-C Earphones,,,,,,,,,£19.99,19.99,,,,,,,,,,,,,,,,,,,,,,,,,,,,,,,,,,,,,,,,,,,,,,,,,,,,,,,,,,,,
oneplus.com,2025-09-21,https://mallapi-eu.oneplus.com/v2/api/rest/mall/product/detail/fetch?productCode=P1120048&bindSource=https://www.oneplus.com/uk/oneplus-13,https://www.oneplus.com/uk/oneplus-13,5011110312,OnePlus 13 16 GB RAM + 512 GB ROM Arctic Dawn No Charger,OnePlus,899.00,999.00,Y,10% off,Arctic Dawn,16 GB RAM + 512 GB ROM,,,Home,Phone,OnePlus 13,Buy,,,,https://image01-eu.oneplus.net/media/202412/16/19774146b6cba4bdcbe55de31e3ae621.png,https://image01-eu.oneplus.net/media/202412/16/f89f33e25b3e0e34a20eec1a504d17d9.png,https://image01-eu.oneplus.net/media/202412/16/32d9b5d38ed4e3f7d8504de86214230e.png,,,"OnePlus 13 delivers a faster and more intelligent experience thanks to a better chip and new AI features, buy the OnePlus 13 online and get the best price.","The OnePlus 13 with the Snapdragon 8 Elite Chip has ultra performance and a display that is A++. Combined with the super-efficient lithium-silicon battery, this flagship phone is faster, more stable and thanks to its AI engine, more intelligent than most other OnePlus smartphones.",,,,,,,,£899.00,899.00,specification,Height,162.9mm,specification,Width,76.5 mm,specification,Thickness,"8.5 mm (Arctic Dawn/Black Eclipse), 8.9 mm (Midnight Ocean)",specification,Weight,"213g (Arctic Dawn/Black Eclipse), 210g (Midnight Ocean)",specification,Parameters,"Refresh Rate: 1-120 Hz dynamic, Support 100% Display P3, 10-bit Color Depth, HBM / Peak Brightness: 1600 / 4500 nits, Aspect Ratio: 19.8:9, Resolution: 3168*1440 (QHD+), 510 ppi, Size: 17.32 cm (6.82 inches, measured diagonally from corner to corner), Type: 120Hz ProXDR Display with LTPO 4.1, Cover Glass: Ceramic Guard",specification,Features,"Multi-brightness color calibration, Night mode, Bright HDR video mode, Screen color temperature, Manual Brightness, Auto Brightness, Color vision enhancement, Screen color mode, Video color enhancer, Image sharpener, Bedtime mode, Eye comfort, Nature tone display",specification,Performance,"Operating System: OxygenOS 15.0 based on Android? 15, Platform: Snapdragon® 8 Elite Mobile Platform, CPU: Qualcomm® Oryon? CPU @4.32GHz, GPU: Adreno? 830, RAM: 12GB/16GB LPDDR5X, Storage: 256GB/512GB UFS 4.0, Battery: 6,000 mAh (Dual-cell 3,000 mAh, non-removable), Vibration: Haptic motor, Available configurations: 12GB+256GB / 16GB+512GB",specification,Charge,"50W AIRVOOC, 100W SUPERVOOC?",specification,Main Camera,"Autofocus: Yes, Field of View: 85°, Electronic Image Stabilization: Yes, Optical Image Stabilization: Yes, Lens Quantity: 7P, Pixel Size: 1.12 µm, Megapixels: 50, Sensor: Sony LYT-808, Sensor Size: 1/1.4"", ALC lens coating, Focal Length: 23 mm equivalent, Aperture: ?/1.6",specification,Telephoto Camera,"Sensor: Sony LYT-600 with 3X optical zoom, Sensor Size: 1/1.95"", Megapixels: 50, Pixel Size: 0.8 µm, Lens Quantity: 1G3P, ALC lens coating, Optical Image Stabilization: Yes, Electronic Image Stabilization: Yes, Focal Length: 73 mm equivalent, Aperture: ?/2.6, Field of View: 32.8°, Autofocus: Yes, Ultra Res (digital) Zoom: Up to 120X",specification,Ultra-Wide Camera,"Autofocus: Yes, Electronic Image Stabilization: Yes, Megapixels: 50, Lens Quantity: 6P, Sensor: S5KJN5, Sensor Size: 1/2.75"", Pixel Size: 0.64 µm, Focal Length: 15 mm equivalent, Aperture: ?/2.0, Field of View: 120°",specification,Flash,LED,specification,Autofocus,Multi Autofocus(All pixel omni-directional PDAF+CAF+LDAF),specification,Video,"The rear supports 8K at 30 fps, 4K at 60 fps/30fps, 1080p at 60 fps/30fps and 720p at 30 fps, Steady video: 4K at 60 fps/30fps and 1080p at 60fps/30fps, Video zoom shooting support: 4K at 60 fps/30 fps, 1080p at 60fps/30fps, 720p at 30fps, Dolby Vision: 4K at 60 fps/30 fps, 1080p at 60 fps/30 fps, Movie mode:4K at 30 fps, Time lapse: 4K at 30 fps and 1080p at 30 fps, Multi-scene video recording supports 1080p at 30 fps, Slo-mo video: 1080p at 240 fps, 720p at 480 fps/240 fps",specification,Features (Rear Cameras),"Photo, Video, Portrait, Nightscape, Master, High Pixel, Panorama, Movie, Slow Motion, Timelapse, Long Exposure, Multi-Scene Video, Document, Axis Shift, XPAN",specification,Front Camera,"Autofocus: Fixed Focus, Aperture: ?/2.4, Field of View: 90°, Focal Length: 21 mm equivalent, Electronic Image Stabilization: Yes, Pixel Size: 0.8 µm, Lens Quantity: 5P, Sensor Size: 1/2.74"", Megapixels: 32, Sensor: Sony IMX615",specification,Video (Front Camera),"Video: 4K at 60 fps/30fps, 1080p at 60 fps/30 fps, 720p at 30 fps, Steady video 1080p at 30 fps, 720p at 30 fps, Dolby Vision: 4K at 60 fps/30 fps, 1080p at 60 fps/30 fps",specification,Features (Front Camera),"Photo, video, portrait, night scene, panorama, time-lapse photography, multi-scene video recording",specification,LTE/LTE-A,"4×4 MIMO, Supports up to DL Cat 20/UL Cat 18 (2000Mbps /200Mbps), depending on carrier support",specification,Band,"5G SA: n1/n2/n3/n5/n7/n8/n12/n20/n25/n28/n30/n38/n40/n41/n48/n66/n71/n75/n77/n78, 4G LTE TDD: Bands 38/39/40/41/48, 4G LTE FDD: Bands 1/2/3/4/5/7/8/12/13/17/18/19/20/25/26/28/30/32/66/71, 3G WCDMA:Bands 1/2/4/5/6/8/19, 2G GSM: 850/900/1800/1900MHz"
oneplus.com,2025-09-21,https://mallapi-eu.oneplus.com/v2/api/rest/mall/product/detail/fetch?productCode=P1120048&bindSource=https://www.oneplus.com/uk/oneplus-13,https://www.oneplus.com/uk/oneplus-13,5011110317,OnePlus 13 16 GB RAM + 512 GB ROM No Charger Midnight Ocean,OnePlus,899.00,999.00,Y,10% off,Midnight Ocean,16 GB RAM + 512 GB ROM,,,Home,Phone,OnePlus 13,Buy,,,,https://image01-eu.oneplus.net/media/202412/16/399955a954e20157d61b72b9ae955d44.png,https://image01-eu.oneplus.net/media/202412/16/80ec5b8049b7aef353dda5000303c1af.png,https://image01-eu.oneplus.net/media/202412/16/bcefe83d24ca193cb05bd09da8143183.png,,,"OnePlus 13 delivers a faster and more intelligent experience thanks to a better chip and new AI features, buy the OnePlus 13 online and get the best price.","The OnePlus 13 with the Snapdragon 8 Elite Chip has ultra performance and a display that is A++. Combined with the super-efficient lithium-silicon battery, this flagship phone is faster, more stable and thanks to its AI engine, more intelligent than most other OnePlus smartphones.",,,,,,,,£899.00,899.00,specification,Height,162.9mm,specification,Width,76.5 mm,specification,Thickness,"8.5 mm (Arctic Dawn/Black Eclipse), 8.9 mm (Midnight Ocean)",specification,Weight,"213g (Arctic Dawn/Black Eclipse), 210g (Midnight Ocean)",specification,Parameters,"Refresh Rate: 1-120 Hz dynamic, Support 100% Display P3, 10-bit Color Depth, HBM / Peak Brightness: 1600 / 4500 nits, Aspect Ratio: 19.8:9, Resolution: 3168*1440 (QHD+), 510 ppi, Size: 17.32 cm (6.82 inches, measured diagonally from corner to corner), Type: 120Hz ProXDR Display with LTPO 4.1, Cover Glass: Ceramic Guard",specification,Features,"Multi-brightness color calibration, Night mode, Bright HDR video mode, Screen color temperature, Manual Brightness, Auto Brightness, Color vision enhancement, Screen color mode, Video color enhancer, Image sharpener, Bedtime mode, Eye comfort, Nature tone display",specification,Performance,"Operating System: OxygenOS 15.0 based on Android? 15, Platform: Snapdragon® 8 Elite Mobile Platform, CPU: Qualcomm® Oryon? CPU @4.32GHz, GPU: Adreno? 830, RAM: 12GB/16GB LPDDR5X, Storage: 256GB/512GB UFS 4.0, Battery: 6,000 mAh (Dual-cell 3,000 mAh, non-removable), Vibration: Haptic motor, Available configurations: 12GB+256GB / 16GB+512GB",specification,Charge,"50W AIRVOOC, 100W SUPERVOOC?",specification,Main Camera,"Autofocus: Yes, Field of View: 85°, Electronic Image Stabilization: Yes, Optical Image Stabilization: Yes, Lens Quantity: 7P, Pixel Size: 1.12 µm, Megapixels: 50, Sensor: Sony LYT-808, Sensor Size: 1/1.4"", ALC lens coating, Focal Length: 23 mm equivalent, Aperture: ?/1.6",specification,Telephoto Camera,"Sensor: Sony LYT-600 with 3X optical zoom, Sensor Size: 1/1.95"", Megapixels: 50, Pixel Size: 0.8 µm, Lens Quantity: 1G3P, ALC lens coating, Optical Image Stabilization: Yes, Electronic Image Stabilization: Yes, Focal Length: 73 mm equivalent, Aperture: ?/2.6, Field of View: 32.8°, Autofocus: Yes, Ultra Res (digital) Zoom: Up to 120X",specification,Ultra-Wide Camera,"Autofocus: Yes, Electronic Image Stabilization: Yes, Megapixels: 50, Lens Quantity: 6P, Sensor: S5KJN5, Sensor Size: 1/2.75"", Pixel Size: 0.64 µm, Focal Length: 15 mm equivalent, Aperture: ?/2.0, Field of View: 120°",specification,Flash,LED,specification,Autofocus,Multi Autofocus(All pixel omni-directional PDAF+CAF+LDAF),specification,Video,"The rear supports 8K at 30 fps, 4K at 60 fps/30fps, 1080p at 60 fps/30fps and 720p at 30 fps, Steady video: 4K at 60 fps/30fps and 1080p at 60fps/30fps, Video zoom shooting support: 4K at 60 fps/30 fps, 1080p at 60fps/30fps, 720p at 30fps, Dolby Vision: 4K at 60 fps/30 fps, 1080p at 60 fps/30 fps, Movie mode:4K at 30 fps, Time lapse: 4K at 30 fps and 1080p at 30 fps, Multi-scene video recording supports 1080p at 30 fps, Slo-mo video: 1080p at 240 fps, 720p at 480 fps/240 fps",specification,Features (Rear Cameras),"Photo, Video, Portrait, Nightscape, Master, High Pixel, Panorama, Movie, Slow Motion, Timelapse, Long Exposure, Multi-Scene Video, Document, Axis Shift, XPAN",specification,Front Camera,"Autofocus: Fixed Focus, Aperture: ?/2.4, Field of View: 90°, Focal Length: 21 mm equivalent, Electronic Image Stabilization: Yes, Pixel Size: 0.8 µm, Lens Quantity: 5P, Sensor Size: 1/2.74"", Megapixels: 32, Sensor: Sony IMX615",specification,Video (Front Camera),"Video: 4K at 60 fps/30fps, 1080p at 60 fps/30 fps, 720p at 30 fps, Steady video 1080p at 30 fps, 720p at 30 fps, Dolby Vision: 4K at 60 fps/30 fps, 1080p at 60 fps/30 fps",specification,Features (Front Camera),"Photo, video, portrait, night scene, panorama, time-lapse photography, multi-scene video recording",specification,LTE/LTE-A,"4×4 MIMO, Supports up to DL Cat 20/UL Cat 18 (2000Mbps /200Mbps), depending on carrier support",specification,Band,"5G SA: n1/n2/n3/n5/n7/n8/n12/n20/n25/n28/n30/n38/n40/n41/n48/n66/n71/n75/n77/n78, 4G LTE TDD: Bands 38/39/40/41/48, 4G LTE FDD: Bands 1/2/3/4/5/7/8/12/13/17/18/19/20/25/26/28/30/32/66/71, 3G WCDMA:Bands 1/2/4/5/6/8/19, 2G GSM: 850/900/1800/1900MHz"
oneplus.com,2025-09-21,https://mallapi-eu.oneplus.com/v2/api/rest/mall/product/detail/fetch?productCode=P1120048&bindSource=https://www.oneplus.com/uk/oneplus-13,https://www.oneplus.com/uk/oneplus-13,5011111074,OnePlus 13 12 GB RAM + 256 GB ROM Black Eclipse No Charger,OnePlus,799.00,899.00,Y,11% off,Black Eclipse,12 GB RAM + 256 GB ROM,,,Home,Phone,OnePlus 13,Buy,,,,https://image01-eu.oneplus.net/media/202412/16/75ceee266b930894f5072ba627569c2d.png,https://image01-eu.oneplus.net/media/202412/16/7a86354ca5112e208e1f54d6e4602f91.png,https://image01-eu.oneplus.net/media/202412/16/eff935979d2cc4dc72d0a666af7ac5ce.png,,,"OnePlus 13 delivers a faster and more intelligent experience thanks to a better chip and new AI features, buy the OnePlus 13 online and get the best price.","The OnePlus 13 with the Snapdragon 8 Elite Chip has ultra performance and a display that is A++. Combined with the super-efficient lithium-silicon battery, this flagship phone is faster, more stable and thanks to its AI engine, more intelligent than most other OnePlus smartphones.",,,,,,,,£799.00,799.00,specification,Height,162.9mm,specification,Width,76.5 mm,specification,Thickness,"8.5 mm (Arctic Dawn/Black Eclipse), 8.9 mm (Midnight Ocean)",specification,Weight,"213g (Arctic Dawn/Black Eclipse), 210g (Midnight Ocean)",specification,Parameters,"Refresh Rate: 1-120 Hz dynamic, Support 100% Display P3, 10-bit Color Depth, HBM / Peak Brightness: 1600 / 4500 nits, Aspect Ratio: 19.8:9, Resolution: 3168*1440 (QHD+), 510 ppi, Size: 17.32 cm (6.82 inches, measured diagonally from corner to corner), Type: 120Hz ProXDR Display with LTPO 4.1, Cover Glass: Ceramic Guard",specification,Features,"Multi-brightness color calibration, Night mode, Bright HDR video mode, Screen color temperature, Manual Brightness, Auto Brightness, Color vision enhancement, Screen color mode, Video color enhancer, Image sharpener, Bedtime mode, Eye comfort, Nature tone display",specification,Performance,"Operating System: OxygenOS 15.0 based on Android? 15, Platform: Snapdragon® 8 Elite Mobile Platform, CPU: Qualcomm® Oryon? CPU @4.32GHz, GPU: Adreno? 830, RAM: 12GB/16GB LPDDR5X, Storage: 256GB/512GB UFS 4.0, Battery: 6,000 mAh (Dual-cell 3,000 mAh, non-removable), Vibration: Haptic motor, Available configurations: 12GB+256GB / 16GB+512GB",specification,Charge,"50W AIRVOOC, 100W SUPERVOOC?",specification,Main Camera,"Autofocus: Yes, Field of View: 85°, Electronic Image Stabilization: Yes, Optical Image Stabilization: Yes, Lens Quantity: 7P, Pixel Size: 1.12 µm, Megapixels: 50, Sensor: Sony LYT-808, Sensor Size: 1/1.4"", ALC lens coating, Focal Length: 23 mm equivalent, Aperture: ?/1.6",specification,Telephoto Camera,"Sensor: Sony LYT-600 with 3X optical zoom, Sensor Size: 1/1.95"", Megapixels: 50, Pixel Size: 0.8 µm, Lens Quantity: 1G3P, ALC lens coating, Optical Image Stabilization: Yes, Electronic Image Stabilization: Yes, Focal Length: 73 mm equivalent, Aperture: ?/2.6, Field of View: 32.8°, Autofocus: Yes, Ultra Res (digital) Zoom: Up to 120X",specification,Ultra-Wide Camera,"Autofocus: Yes, Electronic Image Stabilization: Yes, Megapixels: 50, Lens Quantity: 6P, Sensor: S5KJN5, Sensor Size: 1/2.75"", Pixel Size: 0.64 µm, Focal Length: 15 mm equivalent, Aperture: ?/2.0, Field of View: 120°",specification,Flash,LED,specification,Autofocus,Multi Autofocus(All pixel omni-directional PDAF+CAF+LDAF),specification,Video,"The rear supports 8K at 30 fps, 4K at 60 fps/30fps, 1080p at 60 fps/30fps and 720p at 30 fps, Steady video: 4K at 60 fps/30fps and 1080p at 60fps/30fps, Video zoom shooting support: 4K at 60 fps/30 fps, 1080p at 60fps/30fps, 720p at 30fps, Dolby Vision: 4K at 60 fps/30 fps, 1080p at 60 fps/30 fps, Movie mode:4K at 30 fps, Time lapse: 4K at 30 fps and 1080p at 30 fps, Multi-scene video recording supports 1080p at 30 fps, Slo-mo video: 1080p at 240 fps, 720p at 480 fps/240 fps",specification,Features (Rear Cameras),"Photo, Video, Portrait, Nightscape, Master, High Pixel, Panorama, Movie, Slow Motion, Timelapse, Long Exposure, Multi-Scene Video, Document, Axis Shift, XPAN",specification,Front Camera,"Autofocus: Fixed Focus, Aperture: ?/2.4, Field of View: 90°, Focal Length: 21 mm equivalent, Electronic Image Stabilization: Yes, Pixel Size: 0.8 µm, Lens Quantity: 5P, Sensor Size: 1/2.74"", Megapixels: 32, Sensor: Sony IMX615",specification,Video (Front Camera),"Video: 4K at 60 fps/30fps, 1080p at 60 fps/30 fps, 720p at 30 fps, Steady video 1080p at 30 fps, 720p at 30 fps, Dolby Vision: 4K at 60 fps/30 fps, 1080p at 60 fps/30 fps",specification,Features (Front Camera),"Photo, video, portrait, night scene, panorama, time-lapse photography, multi-scene video recording",specification,LTE/LTE-A,"4×4 MIMO, Supports up to DL Cat 20/UL Cat 18 (2000Mbps /200Mbps), depending on carrier support",specification,Band,"5G SA: n1/n2/n3/n5/n7/n8/n12/n20/n25/n28/n30/n38/n40/n41/n48/n66/n71/n75/n77/n78, 4G LTE TDD: Bands 38/39/40/41/48, 4G LTE FDD: Bands 1/2/3/4/5/7/8/12/13/17/18/19/20/25/26/28/30/32/66/71, 3G WCDMA:Bands 1/2/4/5/6/8/19, 2G GSM: 850/900/1800/1900MHz"
oneplus.com,2025-09-21,https://mallapi-eu.oneplus.com/v2/api/rest/mall/product/detail/fetch?productCode=P1120048&bindSource=https://www.oneplus.com/uk/oneplus-13,https://www.oneplus.com/uk/oneplus-13,5011111075,OnePlus 13 16 GB RAM + 512 GB ROM Black Eclipse No Charger,OnePlus,899.00,999.00,Y,10% off,Black Eclipse,16 GB RAM + 512 GB ROM,,,Home,Phone,OnePlus 13,Buy,,,,https://image01-eu.oneplus.net/media/202412/16/75ceee266b930894f5072ba627569c2d.png,https://image01-eu.oneplus.net/media/202412/16/7a86354ca5112e208e1f54d6e4602f91.png,https://image01-eu.oneplus.net/media/202412/16/eff935979d2cc4dc72d0a666af7ac5ce.png,,,"OnePlus 13 delivers a faster and more intelligent experience thanks to a better chip and new AI features, buy the OnePlus 13 online and get the best price.","The OnePlus 13 with the Snapdragon 8 Elite Chip has ultra performance and a display that is A++. Combined with the super-efficient lithium-silicon battery, this flagship phone is faster, more stable and thanks to its AI engine, more intelligent than most other OnePlus smartphones.",,,,,,,,£899.00,899.00,specification,Height,162.9mm,specification,Width,76.5 mm,specification,Thickness,"8.5 mm (Arctic Dawn/Black Eclipse), 8.9 mm (Midnight Ocean)",specification,Weight,"213g (Arctic Dawn/Black Eclipse), 210g (Midnight Ocean)",specification,Parameters,"Refresh Rate: 1-120 Hz dynamic, Support 100% Display P3, 10-bit Color Depth, HBM / Peak Brightness: 1600 / 4500 nits, Aspect Ratio: 19.8:9, Resolution: 3168*1440 (QHD+), 510 ppi, Size: 17.32 cm (6.82 inches, measured diagonally from corner to corner), Type: 120Hz ProXDR Display with LTPO 4.1, Cover Glass: Ceramic Guard",specification,Features,"Multi-brightness color calibration, Night mode, Bright HDR video mode, Screen color temperature, Manual Brightness, Auto Brightness, Color vision enhancement, Screen color mode, Video color enhancer, Image sharpener, Bedtime mode, Eye comfort, Nature tone display",specification,Performance,"Operating System: OxygenOS 15.0 based on Android? 15, Platform: Snapdragon® 8 Elite Mobile Platform, CPU: Qualcomm® Oryon? CPU @4.32GHz, GPU: Adreno? 830, RAM: 12GB/16GB LPDDR5X, Storage: 256GB/512GB UFS 4.0, Battery: 6,000 mAh (Dual-cell 3,000 mAh, non-removable), Vibration: Haptic motor, Available configurations: 12GB+256GB / 16GB+512GB",specification,Charge,"50W AIRVOOC, 100W SUPERVOOC?",specification,Main Camera,"Autofocus: Yes, Field of View: 85°, Electronic Image Stabilization: Yes, Optical Image Stabilization: Yes, Lens Quantity: 7P, Pixel Size: 1.12 µm, Megapixels: 50, Sensor: Sony LYT-808, Sensor Size: 1/1.4"", ALC lens coating, Focal Length: 23 mm equivalent, Aperture: ?/1.6",specification,Telephoto Camera,"Sensor: Sony LYT-600 with 3X optical zoom, Sensor Size: 1/1.95"", Megapixels: 50, Pixel Size: 0.8 µm, Lens Quantity: 1G3P, ALC lens coating, Optical Image Stabilization: Yes, Electronic Image Stabilization: Yes, Focal Length: 73 mm equivalent, Aperture: ?/2.6, Field of View: 32.8°, Autofocus: Yes, Ultra Res (digital) Zoom: Up to 120X",specification,Ultra-Wide Camera,"Autofocus: Yes, Electronic Image Stabilization: Yes, Megapixels: 50, Lens Quantity: 6P, Sensor: S5KJN5, Sensor Size: 1/2.75"", Pixel Size: 0.64 µm, Focal Length: 15 mm equivalent, Aperture: ?/2.0, Field of View: 120°",specification,Flash,LED,specification,Autofocus,Multi Autofocus(All pixel omni-directional PDAF+CAF+LDAF),specification,Video,"The rear supports 8K at 30 fps, 4K at 60 fps/30fps, 1080p at 60 fps/30fps and 720p at 30 fps, Steady video: 4K at 60 fps/30fps and 1080p at 60fps/30fps, Video zoom shooting support: 4K at 60 fps/30 fps, 1080p at 60fps/30fps, 720p at 30fps, Dolby Vision: 4K at 60 fps/30 fps, 1080p at 60 fps/30 fps, Movie mode:4K at 30 fps, Time lapse: 4K at 30 fps and 1080p at 30 fps, Multi-scene video recording supports 1080p at 30 fps, Slo-mo video: 1080p at 240 fps, 720p at 480 fps/240 fps",specification,Features (Rear Cameras),"Photo, Video, Portrait, Nightscape, Master, High Pixel, Panorama, Movie, Slow Motion, Timelapse, Long Exposure, Multi-Scene Video, Document, Axis Shift, XPAN",specification,Front Camera,"Autofocus: Fixed Focus, Aperture: ?/2.4, Field of View: 90°, Focal Length: 21 mm equivalent, Electronic Image Stabilization: Yes, Pixel Size: 0.8 µm, Lens Quantity: 5P, Sensor Size: 1/2.74"", Megapixels: 32, Sensor: Sony IMX615",specification,Video (Front Camera),"Video: 4K at 60 fps/30fps, 1080p at 60 fps/30 fps, 720p at 30 fps, Steady video 1080p at 30 fps, 720p at 30 fps, Dolby Vision: 4K at 60 fps/30 fps, 1080p at 60 fps/30 fps",specification,Features (Front Camera),"Photo, video, portrait, night scene, panorama, time-lapse photography, multi-scene video recording",specification,LTE/LTE-A,"4×4 MIMO, Supports up to DL Cat 20/UL Cat 18 (2000Mbps /200Mbps), depending on carrier support",specification,Band,"5G SA: n1/n2/n3/n5/n7/n8/n12/n20/n25/n28/n30/n38/n40/n41/n48/n66/n71/n75/n77/n78, 4G LTE TDD: Bands 38/39/40/41/48, 4G LTE FDD: Bands 1/2/3/4/5/7/8/12/13/17/18/19/20/25/26/28/30/32/66/71, 3G WCDMA:Bands 1/2/4/5/6/8/19, 2G GSM: 850/900/1800/1900MHz"
oneplus.com,2025-09-21,https://mallapi-eu.oneplus.com/v2/api/rest/mall/product/detail/fetch?productCode=P1120050&bindSource=https://www.oneplus.com/uk/product/product/oneplus-13-sandstone-magnetic-case,https://www.oneplus.com/uk/product/product/oneplus-13-sandstone-magnetic-case,5431101845,OnePlus 13 Sandstone Magnetic Case Black,OnePlus,24.99,,,,Black,,,,Home,Cases & Protection,OnePlus 13 Sandstone Magnetic Case,Buy,,,,https://image01-eu.oneplus.net/media/202503/19/00ddff1971fe1060bf224ecf238886a1.png,https://image01-eu.oneplus.net/media/202503/19/368b38a34792d6911a69d99cfb1fe372.png,https://image01-eu.oneplus.net/media/202503/19/4bb2d1cc3d79064088b850f8e5f1db86.png,,,Buy OnePlus 13 Sandstone Magnetic Case,,,,,,,,,£24.99,24.99,,,,,,,,,,,,,,,,,,,,,,,,,,,,,,,,,,,,,,,,,,,,,,,,,,,,,,,,,,,,
oneplus.com,2025-09-21,https://mallapi-eu.oneplus.com/v2/api/rest/mall/product/detail/fetch?productCode=P1120052&bindSource=https://www.oneplus.com/uk/product/product/oneplus-13-wood-grain-magnetic-half-pack-case,https://www.oneplus.com/uk/product/product/oneplus-13-wood-grain-magnetic-half-pack-case,5431101863,OnePlus 13 Wood Grain Magnetic Half-pack Case Wood Black,OnePlus,34.99,,,,Wood Black,,,,Home,Cases & Protection,OnePlus 13 Wood Grain Magnetic Half-pack Case,Buy,,,,https://image01-eu.oneplus.net/media/202503/19/71d994e0f59b881164b569c5639cb48f.png,https://image01-eu.oneplus.net/media/202503/19/01bb7798b085f3b6f9533df37de987c6.png,https://image01-eu.oneplus.net/media/202503/19/284d631663aa027b17196a645e97a2e3.png,https://image01-eu.oneplus.net/media/202503/19/69537bddc6753ee4bc614df442696f3a.png,,Buy OnePlus 13 Wood Grain Magnetic Half-pack Case,,,,,,,,,£34.99,34.99,,,,,,,,,,,,,,,,,,,,,,,,,,,,,,,,,,,,,,,,,,,,,,,,,,,,,,,,,,,,
oneplus.com,2025-09-21,https://mallapi-eu.oneplus.com/v2/api/rest/mall/product/detail/fetch?productCode=P1120044&bindSource=https://www.oneplus.com/uk/product/product/oneplus-supervooc-120w-dual-ports-gan-power-adapter-kit,https://www.oneplus.com/uk/product/product/oneplus-supervooc-120w-dual-ports-gan-power-adapter-kit,5461100632,OnePlus SUPERVOOC 120W Dual Ports GaN Power Adapter Kit White,OnePlus,69.99,,,,White,,,,Home,Power & Cables,OnePlus SUPERVOOC 120W Dual Ports GaN Power Adapter Kit,Buy,,,,https://image01-eu.oneplus.net/media/202411/11/46ed3a27823be43462fa26c0ad2b93a8.png,https://image01-eu.oneplus.net/media/202411/06/7ace43e8ad8d566d2ebecc4795f41b20.png,https://image01-eu.oneplus.net/media/202411/06/816546a929c214d1f67741f9880ec6a9.png,https://image01-eu.oneplus.net/media/202411/06/5db46b3e973563cd57be94cf836f7741.png,,Buy OnePlus SUPERVOOC 120W Dual Ports GaN Power Adapter Kit,,,,,,,,,£69.99,69.99,specification,Color,White,specification,Input or Output,"INPUT: 100-130V ~ 50/60Hz 2.5A, Single-port output :, Type-C: 5.0V = 3.0A 15.0W or 9.0V = 3.0A 27.0W or 12.0V = 3.0A 36.0W or 15.0V = 3.0A 45.0W or 20.0V = 3.0A 60.0W,             or 11.0V = 7.3A Max 80.0W Max or PPS: 5.0-21.0V = 3.0A Max 60.0W Max, USB-A:  5.0V = 3.0A 15.0W or 9.0V = 3.0A 27.0W or 12.0V = 3.0A 36.0W or 11.0V = 7.3A Max 80.0W Max, Dual-port output: 55.0W Max + 33.0W Max or 45.0W Max + 18.0W, INPUT: 200-240V ~ 50/60Hz 2.5A, Single-port output :, Type-C: 5.0V = 3.0A 15.0W or 9.0V = 3.0A 27.0W or 12.0V = 3.0A 36.0W or 15.0V = 3.0A 45.0W or 20.0V = 3.25A 65.0W,             or 11.0V = 11.0A Max 120.0W Max or PPS: 5.0-21.0V = 3.25A Max 65.0W Max, USB-A:  5.0V = 3.0A 15.0W or 9.0V = 3.0A 27.0W or 12.0V = 3.0A 36.0W or 11.0V = 11.0A Max 120.0W Max, Dual-port output: 80.0W Max + 45.0W Max or 45.0W + 18.0W",specification,Dimensions,55*30.5*93.14mm(with pins) * 55mm*30.5*62.31mm,specification,In The Box,"OnePlus SUPERVOOC 120W Dual Ports GaN Power Adapter×1, Type-C to Type-C Cable×1, User Manual×1",,,,,,,,,,,,,,,,,,,,,,,,,,,,,,,,,,,,,,,,,,,,,,,,
oneplus.com,2025-09-21,https://mallapi-eu.oneplus.com/v2/api/rest/mall/product/detail/fetch?productCode=P1120046&bindSource=https://www.oneplus.com/uk/product/product/oneplus-insulated-coffee-travel-tumbler,https://www.oneplus.com/uk/product/product/oneplus-insulated-coffee-travel-tumbler,5441100451,OnePlus Insulated Coffee Travel Tumbler Silver Brown,OnePlus,49.99,,,,Silver Brown,,,,Home,Lifestyle,OnePlus Insulated Coffee Travel Tumbler,Buy,,,,https://image01-eu.oneplus.net/media/202411/25/7ab97bc5e0fb7a1833267a1e533f46c0.png,,,,,Buy OnePlus Insulated Coffee Travel Tumbler,,,,,,,,,£49.99,49.99,,,,,,,,,,,,,,,,,,,,,,,,,,,,,,,,,,,,,,,,,,,,,,,,,,,,,,,,,,,,
oneplus.com,2025-09-21,https://mallapi-eu.oneplus.com/v2/api/rest/mall/product/detail/fetch?productCode=P1120012&bindSource=https://www.oneplus.com/uk/product/product/oneplus-supervooc-80w-dual-ports-gan-power-adapter,https://www.oneplus.com/uk/product/product/oneplus-supervooc-80w-dual-ports-gan-power-adapter,5461100598,OnePlus SUPERVOOC 80W Dual Ports GaN Power Adapter Kit White,OnePlus,49.99,,,,White,,,,Home,Store,OnePlus SUPERVOOC 80W Dual Ports GaN Power Adapter Kit,Buy,,,,https://image01-eu.oneplus.net/media/202503/03/4feb5923d1dfed07c14dfe30329681d8.png,https://image01-eu.oneplus.net/media/202406/19/6038abc3b5a3eeb75c64ce322642b9e7.png,https://image01-eu.oneplus.net/media/202406/19/37d93fcf644a76f695fb4f09bd9a3f14.png,https://image01-eu.oneplus.net/media/202411/06/5db46b3e973563cd57be94cf836f7741.png,,Buy OnePlus SUPERVOOC 80W Dual Ports GaN Power Adapter,,,,,,,,,£49.99,49.99,specification,Color,White,specification,Input or Output,"INPUT: 100-130V ~ 50/60Hz 2.5A, Single port output :, Type-C:5.0V?3.0A 15.0W or 9.0V ? 3.0A 27.0W or 12.0V?3.0A 36.0W or 15.0V?3.0A 45.0W or 20.0V?2.75A Max 55.0W Max, or 11.0V?6.1A Max 67.0W Max or PPS: 5.0-11.0V?5.0A Max 55.0W Max, USB-A: 5.0V?3.0A 15.0W or 9.0V?3.0A 27.0W or 12.0V?2.5A 30.0W or 11.0V?6.1A Max 67.0W Max, Dual-port output: 12.0W+30.0W or 12.0W+55.0W Max, INPUT: 200-240V ~ 50/60Hz 2.5A, Single port output :, Type-C: 5.0V?3.0A 15.0W or 9.0V?3.0A 27.0W or 12.0V?3.0A 36.0W or 15.0V?3.0A 45.0W or 20.0V?2.75A Max 55.0W Max, or 11.0V?7.3A Max 80.0W Max or PPS: 5.0-11.0V?5.0A Max 55.0W Max, USB-A: 5.0V?3.0A 15.0W or 9.0V?3.0A 27.0W or 12.0V?2.5A 30.0W or 11.0V?7.3A Max 80.0W Max, Dual-port outout: 15.0W+30.0W or 15.0W+67.0W Max",specification,Dimensions,63.69*55*28mm,specification,Weight,126g,specification,In The Box,"OnePlus SUPERVOOC 80W Dual Ports GaN Power Adapter×1, Type-C to Type-C Cable×1, User Manual×1",,,,,,,,,,,,,,,,,,,,,,,,,,,,,,,,,,,,,,,,,,,,,
oneplus.com,2025-09-21,https://mallapi-eu.oneplus.com/v2/api/rest/mall/product/detail/fetch?productCode=P1120018&bindSource=https://www.oneplus.com/uk/product/product/oneplus-nord-4-tempered-glass-screen-protector,https://www.oneplus.com/uk/product/product/oneplus-nord-4-tempered-glass-screen-protector,5431101834,OnePlus Nord 4 Tempered Glass Screen Protector Clear,OnePlus,22.99,,,,Clear,,,,Home,Cases & Protection,OnePlus Nord 4 Tempered Glass Screen Protector,Buy,,,,https://image01-eu.oneplus.net/media/202407/09/f3ca18193f20f6b6dcb9274a59f5c4da.png,https://image01-eu.oneplus.net/media/202407/09/e1c926699d29f6fe52dff1c2cbe10e10.png,https://image01-eu.oneplus.net/media/202407/09/22f188bc561384ebc8edd8ce2a6c2188.png,,,Buy OnePlus Nord 4 Tempered Glass Screen Protector,,,,,,,,,£22.99,22.99,specification,Color,Clear,specification,Function,Anti-wear,specification,Type,2D,specification,Material,Glass,specification,Dimensions,15.80cm*7.10cm*0.05cm,specification,Weight,About 15g,specification,In The Box,Tempered Glass Screen Protector*1,specification,Compatibility,OnePlus Nord 4,,,,,,,,,,,,,,,,,,,,,,,,,,,,,,,,,,,,
oneplus.com,2025-09-21,https://mallapi-eu.oneplus.com/v2/api/rest/mall/product/detail/fetch?productCode=P1120022&bindSource=https://www.oneplus.com/uk/product/product/oneplus-stylo-2,https://www.oneplus.com/uk/product/product/oneplus-stylo-2,5511100086,OnePlus Stylo 2 Black,OnePlus,99.00,,,,Black,,,,Home,Tablet,OnePlus Stylo 2,Buy,,,,https://image01-eu.oneplus.net/media/202407/09/d0440033b258d0653c2c5153f2679577.png,https://image01-eu.oneplus.net/media/202407/09/47e86e8cf7914800c4b0a02311763bb0.png,,,,OnePlus Stylo 2,,,,,,,,,£99.00,99.00,specification,Compatibility,"If your OnePlus tablet is upgraded to version 14.0, both OnePlus Stylo 2 and OnePlus Stylo will be compatible. (OnePlus Pad 2/Pad)",,,,,,,,,,,,,,,,,,,,,,,,,,,,,,,,,,,,,,,,,,,,,,,,,,,,,,,,,
oneplus.com,2025-09-21,https://mallapi-eu.oneplus.com/v2/api/rest/mall/product/detail/fetch?productCode=P1120021&bindSource=https://www.oneplus.com/uk/product/product/oneplus-pad-smart-keyboard,https://www.oneplus.com/uk/product/product/oneplus-pad-smart-keyboard,5511100089,OnePlus Pad QWERTY Smart Keyboard Grey,OnePlus,29.80,149.00,Y,80% off,Grey,,,,Home,Tablet,OnePlus Pad QWERTY Smart Keyboard,Buy,,,,https://image01-eu.oneplus.net/media/202407/09/44f082284568108600e8474dab4453df.png,https://image01-eu.oneplus.net/media/202407/09/d96508f63855db7f5479695a63a53df5.png,https://image01-eu.oneplus.net/media/202407/09/83f1bf9739293b0835ca224c11713e29.png,,,OnePlus Pad 2 Smart Keyboard,,,,,,,,,£29.80,29.80,,,,,,,,,,,,,,,,,,,,,,,,,,,,,,,,,,,,,,,,,,,,,,,,,,,,,,,,,,,,
oneplus.com,2025-09-21,https://mallapi-eu.oneplus.com/v2/api/rest/mall/product/detail/fetch?productCode=P1120016&bindSource=https://www.oneplus.com/uk/product/product/oneplus-nord-4-sandstone-bumper-case,https://www.oneplus.com/uk/product/product/oneplus-nord-4-sandstone-bumper-case,5431101831,OnePlus Nord 4 Sandstone Bumper Case Black,OnePlus,22.99,,,,Black,,,,Home,Cases & Protection,OnePlus Nord 4 Sandstone Bumper Case,Buy,,,,https://image01-eu.oneplus.net/media/202407/09/d709ce98f598048e0ed716006a25ff72.png,https://image01-eu.oneplus.net/media/202407/09/1a4e17e1893550e55f9ae5664333ed7f.png,,,,Buy OnePlus Nord 4 Sandstone Bumper Case,,,,,,,,,£22.99,22.99,specification,Color,Black,specification,Function,Anti-fingerprint,specification,Type,all inclusive,specification,Material,PC+TPU,specification,Dimensions,16.56*7.85*1.17cm,specification,Weight,About 25g,specification,In The Box,Protective case*1,specification,Compatibility,OnePlus Nord 4,,,,,,,,,,,,,,,,,,,,,,,,,,,,,,,,,,,,
oneplus.com,2025-09-21,https://mallapi-eu.oneplus.com/v2/api/rest/mall/product/detail/fetch?productCode=P1120023&bindSource=https://www.oneplus.com/uk/product/product/oneplus-folio-case-2,https://www.oneplus.com/uk/product/product/oneplus-folio-case-2,5511100091,OnePlus Folio Case 2 Grey,OnePlus,11.80,59.00,Y,80% off,Grey,,,,Home,Tablet,OnePlus Folio Case 2,Buy,,,,https://image01-eu.oneplus.net/media/202407/09/2d58450e1b52bc4c0a943530d0bffc91.png,https://image01-eu.oneplus.net/media/202407/09/90525d56531ba4e242b82cdd2a496a5a.png,https://image01-eu.oneplus.net/media/202407/09/6fdcf2805478ec6a6d1c9fe25f815519.png,,,OnePlus Folio Case 2,,,,,,,,,£11.80,11.80,,,,,,,,,,,,,,,,,,,,,,,,,,,,,,,,,,,,,,,,,,,,,,,,,,,,,,,,,,,,
oneplus.com,2025-09-21,https://mallapi-eu.oneplus.com/v2/api/rest/mall/product/detail/fetch?productCode=P1120025&bindSource=https://www.oneplus.com/uk/buy-oneplus-watch-2r,https://www.oneplus.com/uk/buy-oneplus-watch-2r,5491100168,OnePlus Watch 2R 46mm Forest Green Bluetooth/WiFi,OnePlus,169.00,249.00,Y,32% off,Forest Green,,,,Home,Wearables,OnePlus Watch 2R,Buy,,,,https://image01-eu.oneplus.net/media/202503/25/d29d3b906584b7a568af2c700d4785ff.png,https://image01-eu.oneplus.net/media/202503/25/7d98f40f2879c7478838815d55432b9e.png,https://image01-eu.oneplus.net/media/202503/25/6568ff094a6482cc4ce3bc5506cb3976.png,,,"Guranteed 30 € off and get 10% off with student discount when buy OnePlus Watch 2R, plus 2 Free gifts worth up to 98 €!",,,,,,,,,£169.00,169.00,specification,Chassis,Aluminum Alloy,specification,Strap,Silicone strap + stainless steel buckle,specification,Wrist Circumference,140-210 mm,specification,Bottom case,Plastic,specification,Dimensions,"47.6*46.6*12.1mm, (Including PPG sensor 13.65mm)",specification,Weight,"About 37g (excluding wrist strap), About 59g (including the wrist strap)",specification,Screen,AMOLED,specification,Screen Size,1.43'' (3.63cm),specification,Screen Brightness,"Default maximum brightness 600nits, high brightness mode 1000nits",specification,Screen Resolution,466*466,specification,Screen PPI,326PPI,specification,Cover Plate,2D Glass,specification,Battery,500mAh,specification,Smart mode,Up to 100h,specification,Smart Mode Usage Model,"When using an official supported watch face, Dual-Engine Architecture will be in effect,, Always On Display Turned Off,, Default Health monitoring;, Bluetooth connection to mobile phone - 14.2 hours/day;, Wi-Fi connection standby - 1 hour/day;, Sleep Monitoring - 6.5 hours/day;, Raise wrist to wake screen - 220 times/day;, Message Notifications - 130 times/day;, Screen Use (various applications) - 20 minutes/day;, Call reminder - 5 seconds/6 times/day;, Bluetooth call 5 minutes/day;, Mobile + Watch data sync 500 seconds/day;, Bluetooth headset connection to listen to music ( Spotify) 15 minutes/day;, Outdoor running - 30 minutes/day; alarm clock 3 times/day",specification,Heavy use in smart mode,Up to 48h,specification,Heavy Use Usage Model,"When using a third-party watch face, Dual-Engine Architecture will be de-activated and the watch will only run on the Snapdragon W5 performance chipset,, Always On Display Activated, Default health monitoring;, Bluetooth connected - 12.2 hours/day;, WiFi connected - 2 hours/day;, Sleep monitoring - 6.5 hours/day;, Raise the wrist to wake screen - 300 times/day;, Receive 180 messages/day;, Screen operation (using various applications) 30 minutes/day;, Call reminder - 5 seconds/ 6 times/day;, Bluetooth call - 5 minutes/day;, Google Maps navigation - 15 minutes/day;, Phone + watch data sync - 500 seconds/day;, Bluetooth + earphones music listening - 30 minutes/day;, Outdoor running w/GPS - 30 minutes/day;, Alarm clock - 3 times/day",specification,Power saver mode,Up to 12 days,specification,Power Saver Mode Usage Model,"All day bluetooth connection;, 90 minutes of outdoor exercise/week;, Raise wrist to wake screen - 180 times/day;, 180 messages/day;, 5 incoming calls/day;, 5 minutes/day of Bluetooth calls;, 3 alarms/day;, Sleep detection - 6h/day",specification,Fast Charging Time,60 minutes for 100% charge
oneplus.com,2025-09-21,https://mallapi-eu.oneplus.com/v2/api/rest/mall/product/detail/fetch?productCode=P1120025&bindSource=https://www.oneplus.com/uk/buy-oneplus-watch-2r,https://www.oneplus.com/uk/buy-oneplus-watch-2r,5491100169,OnePlus Watch 2R Bluetooth/WiFi Gunmetal Gray 46mm,OnePlus,169.00,249.00,Y,32% off,Gunmetal Gray,,,,Home,Wearables,OnePlus Watch 2R,Buy,,,,https://image01-eu.oneplus.net/media/202503/25/6ce5c581a9dca0a3dfdf66dd6674e00c.png,https://image01-eu.oneplus.net/media/202503/25/6ca08c600058a4e986db39fd9fb02cdd.png,https://image01-eu.oneplus.net/media/202503/25/e17022b4feb467c9435fd1bf2f65f4c6.png,,,"Guranteed 30 € off and get 10% off with student discount when buy OnePlus Watch 2R, plus 2 Free gifts worth up to 98 €!",,,,,,,,,£169.00,169.00,specification,Chassis,Aluminum Alloy,specification,Strap,Silicone strap + stainless steel buckle,specification,Wrist Circumference,140-210 mm,specification,Bottom case,Plastic,specification,Dimensions,"47.6*46.6*12.1mm, (Including PPG sensor 13.65mm)",specification,Weight,"About 37g (excluding wrist strap), About 59g (including the wrist strap)",specification,Screen,AMOLED,specification,Screen Size,1.43'' (3.63cm),specification,Screen Brightness,"Default maximum brightness 600nits, high brightness mode 1000nits",specification,Screen Resolution,466*466,specification,Screen PPI,326PPI,specification,Cover Plate,2D Glass,specification,Battery,500mAh,specification,Smart mode,Up to 100h,specification,Smart Mode Usage Model,"When using an official supported watch face, Dual-Engine Architecture will be in effect,, Always On Display Turned Off,, Default Health monitoring;, Bluetooth connection to mobile phone - 14.2 hours/day;, Wi-Fi connection standby - 1 hour/day;, Sleep Monitoring - 6.5 hours/day;, Raise wrist to wake screen - 220 times/day;, Message Notifications - 130 times/day;, Screen Use (various applications) - 20 minutes/day;, Call reminder - 5 seconds/6 times/day;, Bluetooth call 5 minutes/day;, Mobile + Watch data sync 500 seconds/day;, Bluetooth headset connection to listen to music ( Spotify) 15 minutes/day;, Outdoor running - 30 minutes/day; alarm clock 3 times/day",specification,Heavy use in smart mode,Up to 48h,specification,Heavy Use Usage Model,"When using a third-party watch face, Dual-Engine Architecture will be de-activated and the watch will only run on the Snapdragon W5 performance chipset,, Always On Display Activated, Default health monitoring;, Bluetooth connected - 12.2 hours/day;, WiFi connected - 2 hours/day;, Sleep monitoring - 6.5 hours/day;, Raise the wrist to wake screen - 300 times/day;, Receive 180 messages/day;, Screen operation (using various applications) 30 minutes/day;, Call reminder - 5 seconds/ 6 times/day;, Bluetooth call - 5 minutes/day;, Google Maps navigation - 15 minutes/day;, Phone + watch data sync - 500 seconds/day;, Bluetooth + earphones music listening - 30 minutes/day;, Outdoor running w/GPS - 30 minutes/day;, Alarm clock - 3 times/day",specification,Power saver mode,Up to 12 days,specification,Power Saver Mode Usage Model,"All day bluetooth connection;, 90 minutes of outdoor exercise/week;, Raise wrist to wake screen - 180 times/day;, 180 messages/day;, 5 incoming calls/day;, 5 minutes/day of Bluetooth calls;, 3 alarms/day;, Sleep detection - 6h/day",specification,Fast Charging Time,60 minutes for 100% charge
oneplus.com,2025-09-21,https://mallapi-eu.oneplus.com/v2/api/rest/mall/product/detail/fetch?productCode=P1120013&bindSource=https://www.oneplus.com/uk/product/product/oneplus-nord-ce4-lite-5g-sandstone-bumper-case,https://www.oneplus.com/uk/product/product/oneplus-nord-ce4-lite-5g-sandstone-bumper-case,5431101827,OnePlus Nord CE4 Lite 5G Sandstone Bumper Case Black,OnePlus,19.99,,,,Black,,,,Home,Store,OnePlus Nord CE4 Lite 5G Sandstone Bumper Case,Buy,,,,https://image01-eu.oneplus.net/media/202406/19/49a90b8f3e92b5ed73d73136aeec5ee4.png,https://image01-eu.oneplus.net/media/202406/19/5d20c097718feaafac7794440a81af1d.png,,,,Buy OnePlus Nord CE4 Lite 5G Sandstone Bumper Case,,,,,,,,,£19.99,19.99,specification,Color,Black,specification,Function,Anti-fingerprint,specification,Type,all inclusive,specification,Material,PC+TPU,specification,Dimensions,16.64cm*7.95cm*1.18cm,specification,Weight,About 30g,specification,In The Box,Protective case*1,specification,Compatibility,OnePlus Nord CE4 Lite 5G,,,,,,,,,,,,,,,,,,,,,,,,,,,,,,,,,,,,
oneplus.com,2025-09-21,https://mallapi-eu.oneplus.com/v2/api/rest/mall/product/detail/fetch?productCode=P1120010&bindSource=https://www.oneplus.com/uk/oneplus-nord-ce4-lite-5g,https://www.oneplus.com/uk/oneplus-nord-ce4-lite-5g,5011110198,OnePlus Nord CE4 Lite 5G Mega Blue 8 GB RAM + 256 GB ROM No Charger,OnePlus,179.00,299.00,Y,40% off,Mega Blue,8 GB RAM + 256 GB ROM,,,Home,Phone,OnePlus Nord CE4 Lite 5G,Buy,,,,https://image01-eu.oneplus.net/media/202406/19/ec64eb41a8e787a798be1b71c13a51bb.png,https://image01-eu.oneplus.net/media/202406/19/ffd079788410d85ca85c085876890c6f.png,https://image01-eu.oneplus.net/media/202406/19/4f918752aec975d48e2314d011d4b356.png,,,Get the price of OnePlus Nord CE4 Lite 5G. Instant 50 € early bird discount with pre-order. Save up to 130 € on your OnePlus Nord CE4 Lite 5G when you buy from OnePlus.com,,,,,,,,,£179.00,179.00,specification,Height,162.9mm,specification,Width,75.6mm,specification,Thickness,8.1mm,specification,Weight,191g,specification,Parameters,"Size: 16.94 centimeters - 6.67"" (measured diagonally from corner to corner), Resolution: 1080 × 2400 pixels, 394 ppi, Screen-to-body Ratio: 92.2%, Aspect Ratio:20:09, Refresh Rate: 120 Hz, Panel Type: AMOLED, HBM / Peak Brightness: 1200 / 2100 nits, Pulse-Width Modulation: 480 Hz, Support 100% sRGB, 100% Display P3, Amazon Prime Video HD, Netflix HD",specification,Features,"Dark Mode, Screen Color Temperature, Manual brightness, Auto brightness, Screen color mode, Eye comfort",specification,Operating System,OxygenOS 14 based on Android? 14,specification,CPU, Qualcomm® Snapdragon? 695 5G,specification,GPU,Adreno? 619,specification,RAM,8GB LPDDR4X,specification,Storage,256GB UFS2.2,specification,Available configurations,8GB+256GB (Subject to actual sales),specification,Battery,"5,110 mAh (non-removable), 80W SUPERVOOC",specification,Other Features,Battery Health Engine,specification,Battery&Charge,"*The device supports 80W SUPERVOOC, but might only achieve 55W in 110V low-voltage areas. Please refer to the actual experience.",specification,Wide Camera,"OIS support, EIS support, Aperture: ?/1.8, Autofocus: PDAF, Sensor: Sony LYT600, Sensor Size: 1/1.95"", Focal Length: 25mm equivalent, Lens Quantity: 5P, Pixel Size: 0.8 µm",specification,Depth-assist Camera,"Megapixels: 2, Aperture: ?/2.4",specification,Flash,Two rear LED lights with a single color temperature,specification,Zoom,1-10x,specification,Autofocus,Multi Autofocus (CAF+PDAF)
oneplus.com,2025-09-21,https://mallapi-eu.oneplus.com/v2/api/rest/mall/product/detail/fetch?productCode=P1120010&bindSource=https://www.oneplus.com/uk/oneplus-nord-ce4-lite-5g,https://www.oneplus.com/uk/oneplus-nord-ce4-lite-5g,5011110199,OnePlus Nord CE4 Lite 5G Super Silver No Charger 8 GB RAM + 256 GB ROM,OnePlus,179.00,299.00,Y,40% off,Super Silver,8 GB RAM + 256 GB ROM,,,Home,Phone,OnePlus Nord CE4 Lite 5G,Buy,,,,https://image01-eu.oneplus.net/media/202406/21/ad3a7ab482ea9ba7fa0975c775769e7c.png,https://image01-eu.oneplus.net/media/202406/21/33e39ed7ecb3dd244f8332555389630d.png,https://image01-eu.oneplus.net/media/202406/21/98b5b9fb823f3feb7295a8464e8ee761.png,,,Get the price of OnePlus Nord CE4 Lite 5G. Instant 50 € early bird discount with pre-order. Save up to 130 € on your OnePlus Nord CE4 Lite 5G when you buy from OnePlus.com,,,,,,,,,£179.00,179.00,specification,Height,162.9mm,specification,Width,75.6mm,specification,Thickness,8.1mm,specification,Weight,191g,specification,Parameters,"Size: 16.94 centimeters - 6.67"" (measured diagonally from corner to corner), Resolution: 1080 × 2400 pixels, 394 ppi, Screen-to-body Ratio: 92.2%, Aspect Ratio:20:09, Refresh Rate: 120 Hz, Panel Type: AMOLED, HBM / Peak Brightness: 1200 / 2100 nits, Pulse-Width Modulation: 480 Hz, Support 100% sRGB, 100% Display P3, Amazon Prime Video HD, Netflix HD",specification,Features,"Dark Mode, Screen Color Temperature, Manual brightness, Auto brightness, Screen color mode, Eye comfort",specification,Operating System,OxygenOS 14 based on Android? 14,specification,CPU, Qualcomm® Snapdragon? 695 5G,specification,GPU,Adreno? 619,specification,RAM,8GB LPDDR4X,specification,Storage,256GB UFS2.2,specification,Available configurations,8GB+256GB (Subject to actual sales),specification,Battery,"5,110 mAh (non-removable), 80W SUPERVOOC",specification,Other Features,Battery Health Engine,specification,Battery&Charge,"*The device supports 80W SUPERVOOC, but might only achieve 55W in 110V low-voltage areas. Please refer to the actual experience.",specification,Wide Camera,"OIS support, EIS support, Aperture: ?/1.8, Autofocus: PDAF, Sensor: Sony LYT600, Sensor Size: 1/1.95"", Focal Length: 25mm equivalent, Lens Quantity: 5P, Pixel Size: 0.8 µm",specification,Depth-assist Camera,"Megapixels: 2, Aperture: ?/2.4",specification,Flash,Two rear LED lights with a single color temperature,specification,Zoom,1-10x,specification,Autofocus,Multi Autofocus (CAF+PDAF)
oneplus.com,2025-09-21,https://mallapi-eu.oneplus.com/v2/api/rest/mall/product/detail/fetch?productCode=P0520009&bindSource=https://www.oneplus.com/uk/product/product/oneplus-go-folio-case,https://www.oneplus.com/uk/product/product/oneplus-go-folio-case,5431101810,OnePlus Go Folio Case Green,OnePlus,39.99,,,,Green,,,,Home,Tablet,OnePlus Go Folio Case,Buy,,,,https://image01-eu.oneplus.net/ebp/202404/11/1-M00-17-95-CgSWG2YXhY2AMTr2AALSY5N-gMI363.png,https://image01-eu.oneplus.net/ebp/202404/11/1-M00-3E-7C-CgSP5GYXhZmAJl6uAARgOoaJaiI917.png,,,,Buy OnePlus Go Folio Case for OnePlus Pad Go.,,,,,,,,,£39.99,39.99,,,,,,,,,,,,,,,,,,,,,,,,,,,,,,,,,,,,,,,,,,,,,,,,,,,,,,,,,,,,
oneplus.com,2025-09-21,https://mallapi-eu.oneplus.com/v2/api/rest/mall/product/detail/fetch?productCode=P0520006&bindSource=https://www.oneplus.com/uk/buy-oneplus-pad-go,https://www.oneplus.com/uk/buy-oneplus-pad-go,5511100018,OnePlus Pad Go Twin Mint LTE 8 GB RAM + 128 GB ROM,OnePlus,219.00,299.00,Y,26% off,Twin Mint,8 GB RAM + 128 GB ROM,,,Home,Tablet,OnePlus Pad Go,Buy,,,,https://image01-eu.oneplus.net/ebp/202404/08/1-M00-3E-7B-CgSP5GYTyfaAHhfwAAOl9-VxzM4488.png,https://image01-eu.oneplus.net/ebp/202404/08/1-M00-17-95-CgSWG2YTyfaAdAxkAAS2w8VDkEs634.png,https://image01-eu.oneplus.net/ebp/202404/08/1-M00-3E-7B-CgSP5GYTyfaATz8JAANIRXXvJZw351.png,https://image01-eu.oneplus.net/ebp/202404/08/1-M00-3E-7B-CgSP5GYTyfaAIe81AACIlUY6FVw060.png,https://image01-eu.oneplus.net/ebp/202404/08/1-M00-3E-7B-CgSP5GYTyfaAX-YzAABeB-0dSVA399.png,"Guaranteed 80 € off, plus a free adapter worth 79 €!",,,,,,,,,£219.00,219.00,specification,Key Features,"2.4K 28.85cm Eye-care Display, Omnibearing Sound Field, Dolby Atmos Quad Speakers, LTE / Data Sharing to 5G, Up to 8GB + 128GB + 1TB, 514 hours Standby Life",specification,Height,25.512 cm,specification,Width,18.804 cm,specification,Thickness,0.689 cm,specification,Weight,532g,specification,Size,28.85cm (11.35''),specification,Resolution,2408 x 1720,specification,Pixel Density,260PPI,specification,Refresh Rate,90Hz,specification,Touch Sampling Rate,180Hz,specification,Colour Gamut,96% NTSC,specification,Screen-to-body Ratio,86.40%,specification,Contrast,1500:1 (Typical),specification,Brightness,400 nits (Typical),specification,Type,LCD (LTPS),specification,Audio,Dolby Atmos Quad Speakers,specification,RAM,8GB LPDDR4X,specification,Storage,Up to 128GB UFS 2.2,specification,Operating System,OxygenOS 13.2,specification,Platform,MediaTek Helio G99
oneplus.com,2025-09-21,https://mallapi-eu.oneplus.com/v2/api/rest/mall/product/detail/fetch?productCode=P1189322&bindSource=https://www.oneplus.com/uk/buy-oneplus-watch-2,https://www.oneplus.com/uk/buy-oneplus-watch-2,5491100076,OnePlus Watch 2 46mm Nordic Blue Edition Bluetooth/WiFi,OnePlus,189.00,329.00,Y,42% off,Nordic Blue Edition,,,,Home,Wearables,OnePlus Watch 2,Buy,,,,https://image01-eu.oneplus.net/ebp/202404/16/1-M00-3E-7D-CgSP5GYeH7yAXKGhAAMzvQyLgJw912.png,https://image01-eu.oneplus.net/ebp/202404/16/1-M00-3E-7D-CgSP5GYeH76ACu9XAAPjYDHbdxk782.png,https://image01-eu.oneplus.net/ebp/202404/16/1-M00-3E-7D-CgSP5GYeH72AYpf8AAPZ4qbj3ZI988.png,https://image01-eu.oneplus.net/ebp/202404/16/1-M00-3E-7D-CgSP5GYeH76AOumcAAO0itvtFVw801.png,https://image01-eu.oneplus.net/ebp/202404/16/1-M00-17-96-CgSWG2YeH76AJMJ9AAcDS1nxeaE437.png,OnePlus latest flagship watch. new color OnePlus Watch 2 Nordic Blue Edition.,,,,,,,,,£189.00,189.00,specification,Chassis,Stainless steel,specification,Strap,"Fluororubber, stainless steel buckle",specification,Wrist Circumference,140-210 mm,specification,Bottom case,Plastic (PC/PC+glass fiber) with two-color injection molding,specification,Dimensions,"Length 47.0 Width 46.6*12.1mm, (Including PPG sensor 13.65mm)",specification,Screen,AMOLED,specification,Screen Size,1.43'' (3.63cm),specification,Screen Brightness,Default Maximum Brightness 600 nits,specification,Screen Resolution,466*466,specification,Screen PPI,326PPI,specification,Cover Plate,2.5D Sapphire Crystal,specification,Battery,500mAh,specification,Smart mode,Up to 100h,specification,Smart Mode Usage Model,"Call reminder - 5 seconds/6 times/day;, When using an official supported watch face, Dual-Engine Architecture will be in effect,, Always On Display Turned Off,, Default Health monitoring;, Bluetooth connection to mobile phone - 14.2 hours/day;, Wi-Fi connection standby - 1 hour/day;, Sleep Monitoring - 6.5 hours/day;, Raise the wrist to wake screen - 220 times/day;, Message Notifications - 130 items/day;, Screen Use (various applications) - 20 minutes/day;, Bluetooth call 5 minutes/day;, Mobile + Watch data sync 500 seconds/day;, Bluetooth headset connection to listen to music ( Spotify) 15 minutes/day;, Outdoor running - 30 minutes/day; alarm clock 3 times/day",specification,Heavy use in smart mode,Up to 48h,specification,Heavy Use Usage Model,"Sleep monitoring - 6.5 hours/day;, Raise the wrist to wake screen - 300 times/day;, Receive 180 messages/day;, Screen operation (using various applications) 30 minutes/day;, Call reminder - 5 seconds/ 6 times/day;, Bluetooth call - 5 minutes/day;, Google Maps navigation - 15 minutes/day;, Phone + watch data sync - 500 seconds/day;, Bluetooth + earphones music listening - 30 minutes/day;, Outdoor running w/GPS - 30 minutes/day;, Alarm clock - 3 times/day, WiFi connected - 2 hours/day;, When using a third-party watch face, Dual-Engine Architecture will be de-activated and the watch will only run on the Snapdragon W5 performance chipset,, Always On Display Activated, Default health monitoring;, Bluetooth connected - 12.2 hours/day;",specification,Power saver mode,Up to 12 days,specification,Power Saver Mode Usage Model,"All day bluetooth connection;, 90 minutes of outdoor exercise/week;, Raise wrist to wake screen - 180 times/day;, 180 messages/day;, 5 incoming calls/day;, 5 minutes/day of Bluetooth calls;, 3 alarms/day;, Sleep detection - 6h/day",specification,Fast Charging Time,60 minutes for 100% charge,specification,Fast Charging Time (1 Day's Power),10 minutes of charging for 24 hours of power
oneplus.com,2025-09-21,https://mallapi-eu.oneplus.com/v2/api/rest/mall/product/detail/fetch?productCode=P1177966&bindSource=https://www.oneplus.com/uk/product/oneplus-type-c-to-type-c-cable,https://www.oneplus.com/uk/product/oneplus-type-c-to-type-c-cable,5461100529,OnePlus Type-C to Type-C Cable Red 100 cm,OnePlus,24.99,,,,Red,,,,,,,,,,,,,,,,,,,,,,Y,,,£24.99,24.99,,,,,,,,,,,,,,,,,,,,,,,,,,,,,,,,,,,,,,,,,,,,,,,,,,,,,,,,,,,,
oneplus.com,2025-09-21,https://mallapi-eu.oneplus.com/v2/api/rest/mall/product/detail/fetch?productCode=P1140455&bindSource=https://www.oneplus.com/uk/product/keyboard-81-pro,https://www.oneplus.com/uk/product/keyboard-81-pro,5441100296,Keyboard 81 Pro Winter Bonfire,OnePlus,129.00,249.00,Y,48% off,,,,,Home,Lifestyle,Keyboard 81 Pro,Buy,,,,https://image01-eu.oneplus.net/ebp/202307/07/1-M00-3E-1A-CgSP5GSnvqmAYQGLAAKltK319ec347.png,https://image01-eu.oneplus.net/ebp/202307/07/1-M00-17-76-CgSWG2SnvqmAdI4OAAHx-HFi3dw862.png,https://image01-eu.oneplus.net/ebp/202307/07/1-M00-3E-1A-CgSP5GSnvqmAEkLsAAJDaDHRAyw723.png,,,Buy OnePlus Keyboard 81 Pro,,,,,,,,,£129.00,129.00,,,,,,,,,,,,,,,,,,,,,,,,,,,,,,,,,,,,,,,,,,,,,,,,,,,,,,,,,,,,
oneplus.com,2025-09-21,https://mallapi-eu.oneplus.com/v2/api/rest/mall/product/detail/fetch?productCode=P1121356&bindSource=https://www.oneplus.com/uk/product/product/oneplus-supervooc-80w-power-adapter,https://www.oneplus.com/uk/product/product/oneplus-supervooc-80w-power-adapter,5461100065,OnePlus SUPERVOOC 80W Type-A Adapter White,OnePlus,39.99,,,,White,,,,Home,Store,OnePlus SUPERVOOC 80W Type-A Adapter,Buy,,,,https://image01-eu.oneplus.net/media/202505/20/1edec68fa419606c8400f962bc2236e6.png,https://image01-eu.oneplus.net/media/202505/20/be9dd1c4aaec3dd45e282f0f42768765.png,,,,Buy OnePlus SUPERVOOC 80W Type-A Power Adapter,,,,,,,,,£39.99,39.99,,,,,,,,,,,,,,,,,,,,,,,,,,,,,,,,,,,,,,,,,,,,,,,,,,,,,,,,,,,,
oneplus.com,2025-09-21,https://mallapi-eu.oneplus.com/v2/api/rest/mall/product/detail/fetch?productCode=P1103712&bindSource=https://www.oneplus.com/uk/product/oneplus-type-c-adapter01,https://www.oneplus.com/uk/product/oneplus-type-c-adapter01,5461100024,OnePlus Type-C to 3.5mm Cable Red,OnePlus,7.99,,,,Red,,,,,,,,,,,,,,,,,,,,,,Y,,,£7.99,7.99,,,,,,,,,,,,,,,,,,,,,,,,,,,,,,,,,,,,,,,,,,,,,,,,,,,,,,,,,,,,
oneplus.com,2025-09-21,https://mallapi-eu.oneplus.com/v2/api/rest/mall/product/detail/fetch?productCode=P1120061&bindSource=https://www.oneplus.com/uk/product/product/oneplus-slim-magnetic-power-bank-5000mah,https://www.oneplus.com/uk/product/product/oneplus-slim-magnetic-power-bank-5000mah,5411100015,OnePlus Slim Magnetic Power Bank 5000mAh Silver Grey,OnePlus,79.99,,,,Silver Grey,,,,Home,Power & Cables,OnePlus Slim Magnetic Power Bank 5000mAh,Buy,,,,https://image01-eu.oneplus.net/media/202501/03/4ac96e8fdaaaecdb6c4ea67681f39d34.png,https://image01-eu.oneplus.net/media/202501/09/3f318c20fd19f18342c67b7841558fa1.png,https://image01-eu.oneplus.net/media/202501/09/0cc85941bef95ed5c21402164b343608.png,https://image01-eu.oneplus.net/media/202501/09/ac0fe7e4ec94c59414378059ad578b22.png,,Buy OnePlus Slim Magnetic Power Bank 5000mAh,,,,,,,,,£79.99,79.99,,,,,,,,,,,,,,,,,,,,,,,,,,,,,,,,,,,,,,,,,,,,,,,,,,,,,,,,,,,,
oneplus.com,2025-09-21,https://mallapi-eu.oneplus.com/v2/api/rest/mall/product/detail/fetch?productCode=P1120051&bindSource=https://www.oneplus.com/uk/product/product/oneplus-13-aramid-fiber-magnetic-case,https://www.oneplus.com/uk/product/product/oneplus-13-aramid-fiber-magnetic-case,5431101849,OnePlus 13 Aramid Fiber Magnetic Case Midnight Blue,OnePlus,39.99,,,,Midnight Blue,,,,Home,Cases & Protection,OnePlus 13 Aramid Fiber Magnetic Case,Buy,,,,https://image01-eu.oneplus.net/media/202503/19/3b159ce3d979904b0aa52d9fd2744b8f.png,https://image01-eu.oneplus.net/media/202503/19/2cc865b5e6160629b1375ae5ae173e48.png,https://image01-eu.oneplus.net/media/202503/19/fab780d265fbaba7887cfb5167a88d95.png,,,Buy OnePlus 13 Aramid Fiber Magnetic Case,,,,,,,,,£39.99,39.99,,,,,,,,,,,,,,,,,,,,,,,,,,,,,,,,,,,,,,,,,,,,,,,,,,,,,,,,,,,,
oneplus.com,2025-09-21,https://mallapi-eu.oneplus.com/v2/api/rest/mall/product/detail/fetch?productCode=P1161560&bindSource=https://www.oneplus.com/uk/oneplus-open,https://www.oneplus.com/uk/oneplus-open,5011106160,OnePlus Open Voyager Black 16 GB RAM + 512 GB ROM,OnePlus,1199.00,1599.00,Y,25% off,Voyager Black,16 GB RAM + 512 GB ROM,,,Home,Phone,OnePlus Open,Buy,,,,https://image01-eu.oneplus.net/media/202506/17/da2ac6f21389ef8eb5141c699668196f.png,https://image01-eu.oneplus.net/media/202406/12/c589b5374411cad31f5010bed1d2266d.png,https://image01-eu.oneplus.net/media/202406/12/fa5c81f52a23faaf5545f0c80e6b3e99.png,,,Buy your OnePlus Open fold mobile phone at the official OnePlus UK virtual store at the most competitive price and the best deals and trade-in offers online.,,,,,,,,,£1199.00,1199.00,specification,When opened,"Thickness: 5.8 mm, Width: 143.1 mm, Height: 153.4 mm",specification,When closed,"Thickness: 11.7 mm, Width: 73.3 mm, Height: 153.4 mm",specification,Main display,"Certification: TÜV Rheinland Intelligent Eye Care, Protective Material: Ultra Thin Glass, Pulse-Width Modulation: 1440 Hz, Touch response: Up to 240 Hz, 97% NTSC / 100% DCI-P3, Support sRGB, DCI-P3, 10-bit Color Depth, Typical (HBM) / Peak Brightness: 1400 / 2800 nits, Panel Type: Flexi-fluid AMOLED with LTPO 3.0, Refresh Rate: 1-120 Hz dynamic, Screen-to-body ratio: 89.6%, Aspect Ratio: 1.0758:1, Resolution: 2440*2268 (2K), 426 ppi, Size: 7.82"", measured diagonally from corner to corner",specification,Cover screen,"Certification: TÜV Rheinland Intelligent Eye Care, Protective Material: Ultra Thin Glass, Touch response: Up to 240 Hz, 97% NTSC / 100% DCI-P3, Support sRGB, DCI-P3, 10-bit Color Depth, Typical (HBM) / Peak Brightness: 1400 / 2800 nits, Panel Type: Super Fluid AMOLED with LTPO 3.0, Refresh Rate: 10-120 Hz dynamic, Screen-to-body ratio: 91.8%, Aspect Ratio: 20:09, Resolution: 2484*1116 (2K), 431 ppi, Size: 6.31"", measured diagonally from corner to corner",specification,Features,"Multi-brightness color calibration, Night mode, Bright HDR video mode, Screen color temperature, Manual Brightness, Auto Brightness, Color vision enhancement, Color personalization, Screen color mode, Video color enhancer, Image sharpener, Eye comfort, Nature tone display",specification,Operating System,OxygenOS 13.2 based on Android? 13,specification,CPU,Qualcomm® Snapdragon? 8 Gen 2 Mobile Platform,specification,5G Chipset,X70,specification,GPU,Adreno? 740,specification,RAM,16GB LPDDR5X with RAM-Vita,specification,RAM Expansion,4/8/12GB,specification,Storage,512GB UFS 4.0,specification,Battery,"4,805 mAh (Dual-cell, 3295+1510 mAh, non-removable)",specification,default,67W SUPERVOOC Charging,specification,Haptics,X-axis motor,specification,Certification,TÜV SÜD 48-month Fluency Rating A,specification,Main Camera,"Autofocus: Yes, Field of View: 85°, Aperture: ?/1.7, Focal Length: 24 mm equivalent (1X), 47 mm equivalent (2X), Electronic Image Stabilization: Yes, Optical Image Stabilization: Yes, Lens Quantity: 7P, Pixel Size: 1.12 µm, Megapixels: 48, Sensor Size: 1/1.43"", Sensor: Sony LYT-T808 ""Pixel Stacked"" CMOS",specification,Telephoto,"Autofocus: Yes, Field of View: 33.4°, Aperture: ?/2.6, Focal Length: 70 mm equivalent (3X), 145 mm equivalent (6X), Electronic Image Stabilization: Yes, Optical Image Stabilization: Yes, Lens Quantity: 4P, Pixel Size: 0.7 µm, Megapixels: 64, Sensor Size: 1/2"", Sensor: OmniVision OV64B with 3X optical zoom, 6X in-sensor zoom",specification,Ultra-Wide,"Macro: 3.5 cm, Autofocus: Yes, Field of View: 114°, Aperture: ?/2.2, Focal Length: 14 mm equivalent, Electronic Image Stabilization: Yes, Lens Quantity: 6P, Pixel Size: 0.8 µm, Megapixels: 48, Sensor Size: 1/2"", Sensor: Sony IMX581",specification,Other sensor(s),Multi-channel color temperature sensor
oneplus.com,2025-09-21,https://mallapi-eu.oneplus.com/v2/api/rest/mall/product/detail/fetch?productCode=P1120015&bindSource=https://www.oneplus.com/uk/oneplus-nord-4,https://www.oneplus.com/uk/oneplus-nord-4,5011110268,OnePlus Nord 4 No Charger 12 GB RAM + 256 GB ROM Obsidian Midnight,OnePlus,429.00,,,,Obsidian Midnight,12 GB RAM + 256 GB ROM,,,Home,Phone,OnePlus Nord 4,Buy,,,,https://image01-eu.oneplus.net/media/202407/09/6b6634bcf2e80dc8d5f01fe0a9cc5349.png,https://image01-eu.oneplus.net/media/202407/09/903f640eac0d4ff4e982bdeab884f847.png,https://image01-eu.oneplus.net/media/202407/09/74285628003dead0f1e672e3c0a934c0.png,,,"Get the price of OnePlus Nord 4 and the latest discount information, check the official price of OnePlus Nord 4 in different storage and colors, and buy phones online.",,,,,,,,,£429.00,429.00,specification,Colorways,"Mercurial Silver, Oasis Green, Obsidian Midnight",specification,Height,162.6mm,specification,Width,75.0mm,specification,Thickness,7.99mm,specification,Weight,199.5g,specification,Parameters,"Panel Type: AMOLED, Size: 171.2mm - 6.74"" (measured diagonally from corner to corner), Resolution: 2772 × 1240 pixels, 450 ppi, Screen-to-body Ratio: 93.5%, Aspect Ratio:20.1:9, Refresh Rate: Up to 120 Hz, HBM / Peak Brightness: 1100 / 2150 nits, Pulse-Width Modulation: Up to 2160 Hz, Support 100% sRGB, 100% Display P3, 10-bit Color Depth, HDR10+",specification,Features,"Screen color temperature, Manual Brightness, Auto Brightness, Screen color mode, Bedtime mode, Eye comfort, Dark mode, Aqua Touch, Ultra HDR support, ProXDR support",specification,Operating System,OxygenOS 14.1 based on Android? 14,specification,CPU,Qualcomm® Snapdragon? 7 Plus Gen 3 Mobile Platform,specification,GPU,Qualcomm® Adreno? 732,specification,RAM,12GB/16GB LPDDR5X with OnePlus RAM-Vitalization,specification,Storage,256GB / 512GB UFS4.0,specification,Available configurations,12GB+256GB / 16GB+512GB (Subject to actual sales),specification,Battery,"5,500 mAh (non-removable)",specification,Charge,100W SUPERVOOC,specification,Other Features,Battery Health Engine,specification,Supported fast charging standards,PPS 55W,specification,Wide Camera,"OIS support, EIS support, Aperture: ?/1.8, Autofocus: PDAF, Megapixels: 50, Sensor Size: 1/1.95"", Focal Length: 25mm equivalent, Lens Quantity: 5P, Pixel Size: 0.8 µm, Sensor: Sony LYTIA",specification,Ultra-Wide Camera,"Aperture: ?/2.2, Sensor: Sony, Megapixels: 8, Field of View: 112°",specification,Flash,Dual LED
oneplus.com,2025-09-21,https://mallapi-eu.oneplus.com/v2/api/rest/mall/product/detail/fetch?productCode=P1120015&bindSource=https://www.oneplus.com/uk/oneplus-nord-4,https://www.oneplus.com/uk/oneplus-nord-4,5011110270,OnePlus Nord 4 Oasis Green No Charger 12 GB RAM + 256 GB ROM,OnePlus,429.00,,,,Oasis Green,12 GB RAM + 256 GB ROM,,,Home,Phone,OnePlus Nord 4,Buy,,,,https://image01-eu.oneplus.net/media/202407/12/88a5d58ec62e1ad07ca2a9ec6a7a9fdd.png,https://image01-eu.oneplus.net/media/202407/12/9d1a365597d6f9077a76acc5a5c0c68b.png,https://image01-eu.oneplus.net/media/202407/12/bea80322917dbcea0c5075459a1bd7b9.png,,,"Get the price of OnePlus Nord 4 and the latest discount information, check the official price of OnePlus Nord 4 in different storage and colors, and buy phones online.",,,,,,,,,£429.00,429.00,specification,Colorways,"Mercurial Silver, Oasis Green, Obsidian Midnight",specification,Height,162.6mm,specification,Width,75.0mm,specification,Thickness,7.99mm,specification,Weight,199.5g,specification,Parameters,"Panel Type: AMOLED, Size: 171.2mm - 6.74"" (measured diagonally from corner to corner), Resolution: 2772 × 1240 pixels, 450 ppi, Screen-to-body Ratio: 93.5%, Aspect Ratio:20.1:9, Refresh Rate: Up to 120 Hz, HBM / Peak Brightness: 1100 / 2150 nits, Pulse-Width Modulation: Up to 2160 Hz, Support 100% sRGB, 100% Display P3, 10-bit Color Depth, HDR10+",specification,Features,"Screen color temperature, Manual Brightness, Auto Brightness, Screen color mode, Bedtime mode, Eye comfort, Dark mode, Aqua Touch, Ultra HDR support, ProXDR support",specification,Operating System,OxygenOS 14.1 based on Android? 14,specification,CPU,Qualcomm® Snapdragon? 7 Plus Gen 3 Mobile Platform,specification,GPU,Qualcomm® Adreno? 732,specification,RAM,12GB/16GB LPDDR5X with OnePlus RAM-Vitalization,specification,Storage,256GB / 512GB UFS4.0,specification,Available configurations,12GB+256GB / 16GB+512GB (Subject to actual sales),specification,Battery,"5,500 mAh (non-removable)",specification,Charge,100W SUPERVOOC,specification,Other Features,Battery Health Engine,specification,Supported fast charging standards,PPS 55W,specification,Wide Camera,"OIS support, EIS support, Aperture: ?/1.8, Autofocus: PDAF, Megapixels: 50, Sensor Size: 1/1.95"", Focal Length: 25mm equivalent, Lens Quantity: 5P, Pixel Size: 0.8 µm, Sensor: Sony LYTIA",specification,Ultra-Wide Camera,"Aperture: ?/2.2, Sensor: Sony, Megapixels: 8, Field of View: 112°",specification,Flash,Dual LED
oneplus.com,2025-09-21,https://mallapi-eu.oneplus.com/v2/api/rest/mall/product/detail/fetch?productCode=P1120020&bindSource=https://www.oneplus.com/uk/buy-oneplus-pad-2,https://www.oneplus.com/uk/buy-oneplus-pad-2,5511100080,OnePlus Pad 2 12 GB RAM + 256 GB ROM Nimbus Gray,OnePlus,499.00,,,,Nimbus Gray,12 GB RAM + 256 GB ROM,,,Home,Tablet,OnePlus Pad 2,Buy,,,,https://image01-eu.oneplus.net/media/202407/10/bd5fde103c3cf60d5562b62039ad358c.png,https://image01-eu.oneplus.net/media/202407/10/9cf3a31679a28325d17a66466c150709.png,https://image01-eu.oneplus.net/media/202407/10/fba6399523cbd6126ddcedb6920c9046.png,https://image01-eu.oneplus.net/media/202407/10/320936c90df30e476b6ff2a664285f55.png,,Buy Oneplus Pad 2 now to Save 200 € and get a FREE Gift worth 149 €.,,,,,,,,,£499.00,499.00,specification,Key Features,"SD 8 Gen 3 Platform, 3K 12.1 Inch Display, Open Canvas, AI Toolbox",specification,Length,268.66mm,specification,Width,195.06mm,specification,Thickness,6.49mm,specification,Weight,584g,specification,Performance,8 Gen 3 Platform,specification,GPU,Adreno? 750 @ 903MHz,specification,CPU,"Qualcomm® Kryo? up to 3.3GHz, 8 Cores, 64-bit Architecture",specification,RAM,LPDDR5x @3686.4MHz(12GB),specification,ROM,256GB,specification,System,OxygenOS 14.1,specification,Battery and Charge,"9510mAh/36.99Wh (Typical), 67W SUPERVOOC",specification,Display,"12.1"" (measured diagonally from corner to corner)",specification,Type,"LCD 7:5 ReadFit, Delta: E?0.7",specification,Resolution,3000 x 2120 pixels,specification,PPI,303,specification,Refresh Rate,144/120/90/60/50/48/30 Hz,specification,Brightness,600nit (HBM 900nit),specification,Wi-Fi,"Wi-Fi 7 (802.11a/b/g/n/ac/ax/be), Wi-Fi 6E, WLAN 2.4G/WLAN 5.1G/WLAN 5.8G/WLAN 6G, Theoretical Throughput Rate: 5.765Gbps",specification,Bluetooth,"SBC, AAC, aptx, aptX HD, LDAC, Blutooth v5.4, BLE, suppotrs TWS devices"
oneplus.com,2025-09-21,https://mallapi-eu.oneplus.com/v2/api/rest/mall/product/detail/fetch?productCode=P1179179&bindSource=https://www.oneplus.com/uk/product/oneplus-12r-sandstone-bumper-case,https://www.oneplus.com/uk/product/oneplus-12r-sandstone-bumper-case,5431101515,OnePlus 12R Sandstone Bumper Case Black,OnePlus,7.99,19.99,Y,60% off,Black,,,,,,,,,,,,,,,,,,,,,,Y,,,£7.99,7.99,,,,,,,,,,,,,,,,,,,,,,,,,,,,,,,,,,,,,,,,,,,,,,,,,,,,,,,,,,,,
oneplus.com,2025-09-21,https://mallapi-eu.oneplus.com/v2/api/rest/mall/product/detail/fetch?productCode=P1115306&bindSource=https://www.oneplus.com/uk/product/oneplus-supervooc-80w-car-charger,https://www.oneplus.com/uk/product/oneplus-supervooc-80w-car-charger,5411100003,OnePlus SUPERVOOC 80W Car Charger Black,OnePlus,29.99,59.99,Y,50% off,Black,,,,,,,,,,,,,,,,,,,,,,Y,,,£29.99,29.99,,,,,,,,,,,,,,,,,,,,,,,,,,,,,,,,,,,,,,,,,,,,,,,,,,,,,,,,,,,,
